-- Generated by Craft v2.6.3005 on 15 Feb 2018, 5:44:20 p.m..

--
-- Disable foreign key checks and autocommit.
--

SET FOREIGN_KEY_CHECKS = 0;
SET SQL_MODE = "NO_AUTO_VALUE_ON_ZERO";
SET AUTOCOMMIT = 0;
SET NAMES utf8;


DROP TABLE IF EXISTS `craft_assetfiles`;


--
-- Schema for table `craft_assetfiles`
--
CREATE TABLE `craft_assetfiles` (
  `id` int(11) NOT NULL,
  `sourceId` int(11) DEFAULT NULL,
  `folderId` int(11) NOT NULL,
  `filename` varchar(255) COLLATE utf8_unicode_ci NOT NULL,
  `kind` varchar(50) COLLATE utf8_unicode_ci NOT NULL DEFAULT 'unknown',
  `width` int(11) unsigned DEFAULT NULL,
  `height` int(11) unsigned DEFAULT NULL,
  `size` bigint(20) unsigned DEFAULT NULL,
  `dateModified` datetime DEFAULT NULL,
  `dateCreated` datetime NOT NULL,
  `dateUpdated` datetime NOT NULL,
  `uid` char(36) COLLATE utf8_unicode_ci NOT NULL DEFAULT '0',
  PRIMARY KEY (`id`),
  UNIQUE KEY `craft_assetfiles_filename_folderId_unq_idx` (`filename`,`folderId`),
  KEY `craft_assetfiles_sourceId_fk` (`sourceId`),
  KEY `craft_assetfiles_folderId_fk` (`folderId`)
) ENGINE=InnoDB DEFAULT CHARSET=utf8 COLLATE=utf8_unicode_ci;

--
-- Data for table `craft_assetfiles`
--

INSERT INTO `craft_assetfiles` (`id`, `sourceId`, `folderId`, `filename`, `kind`, `width`, `height`, `size`, `dateModified`, `dateCreated`, `dateUpdated`, `uid`) VALUES
 ('77', '4', '4', 'dw-about.jpg', 'image', '2892', '2826', '203604', '2017-12-07 13:43:45', '2017-12-07 13:26:17', '2018-01-26 09:35:21', 'a051c7ac-36c8-4c72-bf13-c85a463591dc'),
 ('78', '4', '4', 'dw-careers.jpg', 'image', '1433', '942', '56577', '2017-12-07 13:24:57', '2017-12-07 13:26:17', '2018-01-26 09:35:21', '2d8cb96e-dbc1-4a91-8d88-b96379229990'),
 ('79', '4', '4', 'dw-careers-alt.jpg', 'image', '2139', '2139', '216606', '2017-12-07 13:43:01', '2017-12-07 13:33:53', '2018-01-26 09:35:21', 'a545b80f-823e-41fb-92b8-4cc9c7f09a65'),
 ('80', '4', '4', 'home-bg.jpg', 'image', '6292', '3966', '883055', '2017-12-07 13:51:04', '2018-01-25 15:18:01', '2018-01-26 09:35:23', '715c0335-ac3c-47c2-b41a-317ffb1df35b'),
 ('81', '1', '1', 'photo.jpg', 'image', '2400', '1599', '206755', '2018-01-25 15:02:39', '2018-01-25 15:21:30', '2018-01-26 09:35:18', 'cc12a4bd-f252-4d84-a484-02a7758e9591'),
 ('82', '1', '1', 'photo1.jpg', 'image', '2400', '1599', '245964', '2018-01-25 15:21:00', '2018-01-25 15:21:30', '2018-01-26 09:35:19', '06b5b554-371a-47f2-b966-a8938d3d61b9'),
 ('86', '4', '4', 'dw-services-data.png', 'image', '100', '100', '4564', '2018-01-26 09:31:18', '2018-01-25 23:33:14', '2018-01-26 09:35:21', '4b3c369e-ca10-42d7-adb5-44655e6b86de'),
 ('87', '4', '4', 'dw-services-identity.png', 'image', '100', '100', '2979', '2018-01-26 09:31:18', '2018-01-25 23:33:14', '2018-01-26 09:35:22', '1a445539-9c41-4b44-9921-69a0ec8a00d5'),
 ('88', '4', '4', 'dw-services-leaderboards.png', 'image', '100', '100', '524', '2018-01-26 09:31:18', '2018-01-25 23:33:15', '2018-01-26 09:35:22', 'c40f2b75-293e-4f54-a316-0d52c1fe14c5'),
 ('89', '4', '4', 'dw-services-matchmaking.png', 'image', '100', '100', '4510', '2018-01-26 09:31:18', '2018-01-25 23:33:15', '2018-01-26 09:35:22', '506e0db3-f9ad-4fe4-83c5-e584852caab3'),
 ('90', '4', '4', 'dw-services-microtransactions.png', 'image', '100', '100', '5848', '2018-01-26 09:31:18', '2018-01-25 23:33:15', '2018-01-26 09:35:22', '49c8a7d9-36b4-40c9-af8d-0e2bcfab56d7'),
 ('91', '1', '1', 'dw-loc-01.jpg', 'image', '2000', '2000', '392192', '2018-01-26 09:31:18', '2018-01-25 23:50:37', '2018-01-26 09:35:18', '327ea6e2-9594-4eea-9462-52d88449b70d'),
 ('92', '1', '1', 'dw-loc-02.jpg', 'image', '2000', '1335', '339544', '2018-01-26 09:31:18', '2018-01-25 23:50:38', '2018-01-26 09:35:18', '0556742e-8ad3-44af-a607-c2fcd9f1ae30'),
 ('93', '1', '1', 'dw-loc-03.jpg', 'image', '957', '1431', '218494', '2018-01-26 09:31:18', '2018-01-25 23:50:38', '2018-01-26 09:35:19', 'f391de4d-7e27-4a48-8cb1-e1bb1f8b16f0'),
 ('94', '1', '1', 'team-brendan.jpg', 'image', '1232', '821', '73802', '2018-01-26 09:33:51', '2018-01-26 09:35:19', '2018-01-26 09:35:19', 'f997e9d5-aa5d-4081-b715-3bdb9e9f9426'),
 ('95', '1', '1', 'team-colin.jpg', 'image', '1232', '821', '79955', '2018-01-26 09:34:04', '2018-01-26 09:35:19', '2018-01-26 09:35:19', '22df99d8-67aa-4004-8532-965f2737ee31'),
 ('96', '1', '1', 'team-mike.jpg', 'image', '1232', '821', '102565', '2018-01-26 09:34:28', '2018-01-26 09:35:20', '2018-01-26 09:35:20', 'ca3d46e6-16bd-473f-89b6-470dcd1ad34e'),
 ('97', '1', '1', 'team-nadia.jpg', 'image', '1232', '821', '109248', '2018-01-26 09:34:19', '2018-01-26 09:35:20', '2018-01-26 09:35:20', 'a0ac3c6c-c76e-4a02-9515-5e2d6a6dfc54'),
 ('98', '1', '1', 'team-suzanne.jpg', 'image', '1232', '821', '128123', '2018-01-26 09:34:45', '2018-01-26 09:35:20', '2018-01-26 09:35:20', '7b18eb39-b259-48bb-b6b9-4b23b84a5e2f'),
 ('99', '1', '1', 'team-tendayi.jpg', 'image', '1232', '821', '66994', '2018-01-26 09:34:59', '2018-01-26 09:35:20', '2018-01-26 09:35:20', '4b0bbe30-d640-4d66-8036-a832572db4d5'),
 ('100', '1', '1', 'case.csv', 'unknown', NULL, NULL, '74951', '2018-02-15 17:39:55', '2018-02-15 17:39:55', '2018-02-15 17:39:55', 'eb3a85a7-b58c-4a9f-9a93-4f6597b1d8b4'),
 ('101', '5', '5', 'case.csv', 'unknown', NULL, NULL, '74951', '2018-02-15 17:44:10', '2018-02-15 17:44:10', '2018-02-15 17:44:10', '3edbe71a-ee6a-4cb9-88d3-a36d0f390dc4');



DROP TABLE IF EXISTS `craft_assetfolders`;


--
-- Schema for table `craft_assetfolders`
--
CREATE TABLE `craft_assetfolders` (
  `id` int(11) NOT NULL AUTO_INCREMENT,
  `parentId` int(11) DEFAULT NULL,
  `sourceId` int(11) DEFAULT NULL,
  `name` varchar(255) COLLATE utf8_unicode_ci NOT NULL,
  `path` varchar(255) COLLATE utf8_unicode_ci DEFAULT NULL,
  `dateCreated` datetime NOT NULL,
  `dateUpdated` datetime NOT NULL,
  `uid` char(36) COLLATE utf8_unicode_ci NOT NULL DEFAULT '0',
  PRIMARY KEY (`id`),
  UNIQUE KEY `craft_assetfolders_name_parentId_sourceId_unq_idx` (`name`,`parentId`,`sourceId`),
  KEY `craft_assetfolders_parentId_fk` (`parentId`),
  KEY `craft_assetfolders_sourceId_fk` (`sourceId`)
) ENGINE=InnoDB AUTO_INCREMENT=6 DEFAULT CHARSET=utf8 COLLATE=utf8_unicode_ci;

--
-- Data for table `craft_assetfolders`
--

INSERT INTO `craft_assetfolders` (`id`, `parentId`, `sourceId`, `name`, `path`, `dateCreated`, `dateUpdated`, `uid`) VALUES
 ('1', NULL, '1', 'Case Study Images', '', '2017-10-13 15:38:54', '2018-02-15 17:41:56', 'e86685ec-df57-485a-8fa6-c608e19c2e8b'),
 ('4', NULL, '4', 'Team Images', '', '2017-11-21 22:40:49', '2018-02-15 17:42:10', '2bae5e4b-b55b-414b-922d-19cac288956b'),
 ('5', NULL, '5', 'Imports', '', '2018-02-15 17:43:15', '2018-02-15 17:43:15', '83199999-af4a-4f60-a4ba-ed46f9b8309d');



DROP TABLE IF EXISTS `craft_assetindexdata`;


--
-- Schema for table `craft_assetindexdata`
--
CREATE TABLE `craft_assetindexdata` (
  `id` int(11) NOT NULL AUTO_INCREMENT,
  `sessionId` varchar(36) COLLATE utf8_unicode_ci NOT NULL DEFAULT '',
  `sourceId` int(10) NOT NULL,
  `offset` int(10) NOT NULL,
  `uri` varchar(255) COLLATE utf8_unicode_ci DEFAULT NULL,
  `size` varchar(255) COLLATE utf8_unicode_ci DEFAULT NULL,
  `recordId` int(10) DEFAULT NULL,
  `dateCreated` datetime NOT NULL,
  `dateUpdated` datetime NOT NULL,
  `uid` char(36) COLLATE utf8_unicode_ci NOT NULL DEFAULT '0',
  PRIMARY KEY (`id`),
  UNIQUE KEY `craft_assetindexdata_sessionId_sourceId_offset_unq_idx` (`sessionId`,`sourceId`,`offset`),
  KEY `craft_assetindexdata_sourceId_fk` (`sourceId`)
) ENGINE=InnoDB DEFAULT CHARSET=utf8 COLLATE=utf8_unicode_ci;

DROP TABLE IF EXISTS `craft_assetsources`;


--
-- Schema for table `craft_assetsources`
--
CREATE TABLE `craft_assetsources` (
  `id` int(11) NOT NULL AUTO_INCREMENT,
  `name` varchar(255) COLLATE utf8_unicode_ci NOT NULL,
  `handle` varchar(255) COLLATE utf8_unicode_ci NOT NULL,
  `type` varchar(150) COLLATE utf8_unicode_ci NOT NULL,
  `settings` text COLLATE utf8_unicode_ci,
  `sortOrder` smallint(6) unsigned DEFAULT NULL,
  `fieldLayoutId` int(10) DEFAULT NULL,
  `dateCreated` datetime NOT NULL,
  `dateUpdated` datetime NOT NULL,
  `uid` char(36) COLLATE utf8_unicode_ci NOT NULL DEFAULT '0',
  PRIMARY KEY (`id`),
  UNIQUE KEY `craft_assetsources_name_unq_idx` (`name`),
  UNIQUE KEY `craft_assetsources_handle_unq_idx` (`handle`),
  KEY `craft_assetsources_fieldLayoutId_fk` (`fieldLayoutId`)
) ENGINE=InnoDB AUTO_INCREMENT=6 DEFAULT CHARSET=utf8 COLLATE=utf8_unicode_ci;

--
-- Data for table `craft_assetsources`
--

INSERT INTO `craft_assetsources` (`id`, `name`, `handle`, `type`, `settings`, `sortOrder`, `fieldLayoutId`, `dateCreated`, `dateUpdated`, `uid`) VALUES
 ('1', 'Case Study Images', 'case', 'Local', '{\"path\":\"images\\/case\\/\",\"publicURLs\":\"1\",\"url\":\"http:\\/\\/localhost:8888\\/459001-Sonica\\/images\\/case\\/\"}', '1', '99', '2017-10-13 15:38:54', '2018-02-15 17:41:56', 'f88325b7-718b-4c26-8fe4-b7276e954cc2'),
 ('4', 'Team Images', 'team', 'Local', '{\"path\":\"images\\/team\\/\",\"publicURLs\":\"1\",\"url\":\"http:\\/\\/localhost:8888\\/459001-Sonica\\/images\\/team\\/\"}', '4', '100', '2017-11-21 22:40:49', '2018-02-15 17:42:10', 'e8231238-0960-41d2-b3f8-d42398e451e1'),
 ('5', 'Imports', 'imports', 'Local', '{\"path\":\"imports\\/\",\"publicURLs\":\"1\",\"url\":\"http:\\/\\/localhost:8888\\/459001-Sonica\\/imports\\/\"}', '5', '101', '2018-02-15 17:43:15', '2018-02-15 17:43:15', '15f4773a-2dfe-4e9e-a0ed-1eb282966dfa');



DROP TABLE IF EXISTS `craft_assettransformindex`;


--
-- Schema for table `craft_assettransformindex`
--
CREATE TABLE `craft_assettransformindex` (
  `id` int(11) NOT NULL AUTO_INCREMENT,
  `fileId` int(11) NOT NULL,
  `filename` varchar(255) COLLATE utf8_unicode_ci DEFAULT NULL,
  `format` varchar(255) COLLATE utf8_unicode_ci DEFAULT NULL,
  `location` varchar(255) COLLATE utf8_unicode_ci NOT NULL,
  `sourceId` int(11) DEFAULT NULL,
  `fileExists` tinyint(1) DEFAULT NULL,
  `inProgress` tinyint(1) DEFAULT NULL,
  `dateIndexed` datetime DEFAULT NULL,
  `dateCreated` datetime NOT NULL,
  `dateUpdated` datetime NOT NULL,
  `uid` char(36) COLLATE utf8_unicode_ci NOT NULL DEFAULT '0',
  PRIMARY KEY (`id`),
  KEY `craft_assettransformindex_sourceId_fileId_location_idx` (`sourceId`,`fileId`,`location`)
) ENGINE=InnoDB DEFAULT CHARSET=utf8 COLLATE=utf8_unicode_ci;

DROP TABLE IF EXISTS `craft_assettransforms`;


--
-- Schema for table `craft_assettransforms`
--
CREATE TABLE `craft_assettransforms` (
  `id` int(11) NOT NULL AUTO_INCREMENT,
  `name` varchar(255) COLLATE utf8_unicode_ci NOT NULL,
  `handle` varchar(255) COLLATE utf8_unicode_ci NOT NULL,
  `mode` enum('stretch','fit','crop') COLLATE utf8_unicode_ci NOT NULL DEFAULT 'crop',
  `position` enum('top-left','top-center','top-right','center-left','center-center','center-right','bottom-left','bottom-center','bottom-right') COLLATE utf8_unicode_ci NOT NULL DEFAULT 'center-center',
  `height` int(10) DEFAULT NULL,
  `width` int(10) DEFAULT NULL,
  `format` varchar(255) COLLATE utf8_unicode_ci DEFAULT NULL,
  `quality` int(10) DEFAULT NULL,
  `dimensionChangeTime` datetime DEFAULT NULL,
  `dateCreated` datetime NOT NULL,
  `dateUpdated` datetime NOT NULL,
  `uid` char(36) COLLATE utf8_unicode_ci NOT NULL DEFAULT '0',
  PRIMARY KEY (`id`),
  UNIQUE KEY `craft_assettransforms_name_unq_idx` (`name`),
  UNIQUE KEY `craft_assettransforms_handle_unq_idx` (`handle`)
) ENGINE=InnoDB DEFAULT CHARSET=utf8 COLLATE=utf8_unicode_ci;

DROP TABLE IF EXISTS `craft_categories`;


--
-- Schema for table `craft_categories`
--
CREATE TABLE `craft_categories` (
  `id` int(11) NOT NULL,
  `groupId` int(11) NOT NULL,
  `dateCreated` datetime NOT NULL,
  `dateUpdated` datetime NOT NULL,
  `uid` char(36) COLLATE utf8_unicode_ci NOT NULL DEFAULT '0',
  PRIMARY KEY (`id`),
  KEY `craft_categories_groupId_fk` (`groupId`)
) ENGINE=InnoDB DEFAULT CHARSET=utf8 COLLATE=utf8_unicode_ci;

DROP TABLE IF EXISTS `craft_categorygroups`;


--
-- Schema for table `craft_categorygroups`
--
CREATE TABLE `craft_categorygroups` (
  `id` int(11) NOT NULL AUTO_INCREMENT,
  `structureId` int(11) NOT NULL,
  `fieldLayoutId` int(11) DEFAULT NULL,
  `name` varchar(255) COLLATE utf8_unicode_ci NOT NULL,
  `handle` varchar(255) COLLATE utf8_unicode_ci NOT NULL,
  `hasUrls` tinyint(1) unsigned NOT NULL DEFAULT '1',
  `template` varchar(500) COLLATE utf8_unicode_ci DEFAULT NULL,
  `dateCreated` datetime NOT NULL,
  `dateUpdated` datetime NOT NULL,
  `uid` char(36) COLLATE utf8_unicode_ci NOT NULL DEFAULT '0',
  PRIMARY KEY (`id`),
  UNIQUE KEY `craft_categorygroups_name_unq_idx` (`name`),
  UNIQUE KEY `craft_categorygroups_handle_unq_idx` (`handle`),
  KEY `craft_categorygroups_structureId_fk` (`structureId`),
  KEY `craft_categorygroups_fieldLayoutId_fk` (`fieldLayoutId`)
) ENGINE=InnoDB DEFAULT CHARSET=utf8 COLLATE=utf8_unicode_ci;

DROP TABLE IF EXISTS `craft_categorygroups_i18n`;


--
-- Schema for table `craft_categorygroups_i18n`
--
CREATE TABLE `craft_categorygroups_i18n` (
  `id` int(11) NOT NULL AUTO_INCREMENT,
  `groupId` int(11) NOT NULL,
  `locale` char(12) COLLATE utf8_unicode_ci NOT NULL,
  `urlFormat` text COLLATE utf8_unicode_ci,
  `nestedUrlFormat` text COLLATE utf8_unicode_ci,
  `dateCreated` datetime NOT NULL,
  `dateUpdated` datetime NOT NULL,
  `uid` char(36) COLLATE utf8_unicode_ci NOT NULL DEFAULT '0',
  PRIMARY KEY (`id`),
  UNIQUE KEY `craft_categorygroups_i18n_groupId_locale_unq_idx` (`groupId`,`locale`),
  KEY `craft_categorygroups_i18n_locale_fk` (`locale`)
) ENGINE=InnoDB DEFAULT CHARSET=utf8 COLLATE=utf8_unicode_ci;

DROP TABLE IF EXISTS `craft_content`;


--
-- Schema for table `craft_content`
--
CREATE TABLE `craft_content` (
  `id` int(11) NOT NULL AUTO_INCREMENT,
  `elementId` int(11) NOT NULL,
  `locale` char(12) COLLATE utf8_unicode_ci NOT NULL,
  `title` varchar(255) COLLATE utf8_unicode_ci DEFAULT NULL,
  `field_meta` text COLLATE utf8_unicode_ci,
  `field_location` text COLLATE utf8_unicode_ci,
  `field_details` text COLLATE utf8_unicode_ci,
  `field_size` text COLLATE utf8_unicode_ci,
  `field_timescale` text COLLATE utf8_unicode_ci,
  `field_features` text COLLATE utf8_unicode_ci,
  `field_quote` text COLLATE utf8_unicode_ci,
  `field_quoteAttribution` text COLLATE utf8_unicode_ci,
  `field_role` text COLLATE utf8_unicode_ci,
  `field_myJob` text COLLATE utf8_unicode_ci,
  `field_whySonica` text COLLATE utf8_unicode_ci,
  `field_whatILoveDoing` text COLLATE utf8_unicode_ci,
  `field_email` text COLLATE utf8_unicode_ci,
  `dateCreated` datetime NOT NULL,
  `dateUpdated` datetime NOT NULL,
  `uid` char(36) COLLATE utf8_unicode_ci NOT NULL DEFAULT '0',
  PRIMARY KEY (`id`),
  UNIQUE KEY `craft_content_elementId_locale_unq_idx` (`elementId`,`locale`),
  KEY `craft_content_title_idx` (`title`),
  KEY `craft_content_locale_fk` (`locale`)
) ENGINE=InnoDB AUTO_INCREMENT=99 DEFAULT CHARSET=utf8 COLLATE=utf8_unicode_ci;

--
-- Data for table `craft_content`
--

INSERT INTO `craft_content` (`id`, `elementId`, `locale`, `title`, `field_meta`, `field_location`, `field_details`, `field_size`, `field_timescale`, `field_features`, `field_quote`, `field_quoteAttribution`, `field_role`, `field_myJob`, `field_whySonica`, `field_whatILoveDoing`, `field_email`, `dateCreated`, `dateUpdated`, `uid`) VALUES
 ('1', '1', 'en_ie', NULL, NULL, NULL, NULL, NULL, NULL, NULL, NULL, NULL, NULL, NULL, NULL, NULL, NULL, '2017-10-13 11:04:16', '2017-10-13 11:05:55', '3bd24037-549e-4ee3-9c59-483681b74106'),
 ('9', '9', 'en_ie', NULL, NULL, NULL, NULL, NULL, NULL, NULL, NULL, NULL, NULL, NULL, NULL, NULL, NULL, '2017-10-13 14:23:03', '2017-12-04 23:29:49', '23ceb2a8-db4f-45df-9dfb-1ce352e6d976'),
 ('77', '77', 'en_ie', 'Dw About', NULL, NULL, NULL, NULL, NULL, NULL, NULL, NULL, NULL, NULL, NULL, NULL, NULL, '2017-12-07 13:26:17', '2018-01-26 09:35:21', '84d039fc-d009-4ce3-8d78-9e77672bc7e3'),
 ('78', '78', 'en_ie', 'Dw Careers', NULL, NULL, NULL, NULL, NULL, NULL, NULL, NULL, NULL, NULL, NULL, NULL, NULL, '2017-12-07 13:26:17', '2018-01-26 09:35:21', '97d080ce-2465-4743-b5b8-12092f62db46'),
 ('79', '79', 'en_ie', 'Dw Careers Alt', NULL, NULL, NULL, NULL, NULL, NULL, NULL, NULL, NULL, NULL, NULL, NULL, NULL, '2017-12-07 13:33:53', '2018-01-26 09:35:21', '7b3d7a9f-229d-4b06-85ed-aea2687a382d'),
 ('80', '80', 'en_ie', 'Home Bg', NULL, NULL, NULL, NULL, NULL, NULL, NULL, NULL, NULL, NULL, NULL, NULL, NULL, '2018-01-25 15:18:00', '2018-01-26 09:35:23', 'ac4ee328-5907-4083-abe9-dc5dc6f2c086'),
 ('81', '81', 'en_ie', 'Photo', NULL, NULL, NULL, NULL, NULL, NULL, NULL, NULL, NULL, NULL, NULL, NULL, NULL, '2018-01-25 15:21:30', '2018-01-26 09:35:18', '16b95ace-8b19-441a-b20c-1998118c0f42'),
 ('82', '82', 'en_ie', 'Photo1', NULL, NULL, NULL, NULL, NULL, NULL, NULL, NULL, NULL, NULL, NULL, NULL, NULL, '2018-01-25 15:21:30', '2018-01-26 09:35:19', 'de1926f6-c041-42e3-ae59-96ea5ca88702'),
 ('83', '86', 'en_ie', 'Dw Services Data', NULL, NULL, NULL, NULL, NULL, NULL, NULL, NULL, NULL, NULL, NULL, NULL, NULL, '2018-01-25 23:33:14', '2018-01-26 09:35:21', '6a5b8a6d-ae15-464d-9475-e0cbbe973ed4'),
 ('84', '87', 'en_ie', 'Dw Services Identity', NULL, NULL, NULL, NULL, NULL, NULL, NULL, NULL, NULL, NULL, NULL, NULL, NULL, '2018-01-25 23:33:14', '2018-01-26 09:35:22', '487d776c-eef2-4ee8-9d12-446a64e65b3d'),
 ('85', '88', 'en_ie', 'Dw Services Leaderboards', NULL, NULL, NULL, NULL, NULL, NULL, NULL, NULL, NULL, NULL, NULL, NULL, NULL, '2018-01-25 23:33:15', '2018-01-26 09:35:22', '9ab8da33-4cff-41b4-973d-20b99f454b7c'),
 ('86', '89', 'en_ie', 'Dw Services Matchmaking', NULL, NULL, NULL, NULL, NULL, NULL, NULL, NULL, NULL, NULL, NULL, NULL, NULL, '2018-01-25 23:33:15', '2018-01-26 09:35:22', '7c1c2b67-357a-4be2-9bf3-845195bc77ea'),
 ('87', '90', 'en_ie', 'Dw Services Microtransactions', NULL, NULL, NULL, NULL, NULL, NULL, NULL, NULL, NULL, NULL, NULL, NULL, NULL, '2018-01-25 23:33:15', '2018-01-26 09:35:22', 'c6efa5fb-e114-42e7-8900-ca1ab12b77f1'),
 ('88', '91', 'en_ie', 'Dw Loc 01', NULL, NULL, NULL, NULL, NULL, NULL, NULL, NULL, NULL, NULL, NULL, NULL, NULL, '2018-01-25 23:50:37', '2018-01-26 09:35:18', '94103fbe-4ec4-45f0-aa3d-e9219f28d4fb'),
 ('89', '92', 'en_ie', 'Dw Loc 02', NULL, NULL, NULL, NULL, NULL, NULL, NULL, NULL, NULL, NULL, NULL, NULL, NULL, '2018-01-25 23:50:38', '2018-01-26 09:35:18', '16e8fa3c-38be-47dc-8c9c-15e4f6f5f6b6'),
 ('90', '93', 'en_ie', 'Dw Loc 03', NULL, NULL, NULL, NULL, NULL, NULL, NULL, NULL, NULL, NULL, NULL, NULL, NULL, '2018-01-25 23:50:38', '2018-01-26 09:35:19', '02a26803-dc37-44be-9d9b-754f119740fb'),
 ('91', '94', 'en_ie', 'Team Brendan', NULL, NULL, NULL, NULL, NULL, NULL, NULL, NULL, NULL, NULL, NULL, NULL, NULL, '2018-01-26 09:35:19', '2018-01-26 09:35:19', 'c5ba1912-4762-4da1-b496-65dc4b1d9a06'),
 ('92', '95', 'en_ie', 'Team Colin', NULL, NULL, NULL, NULL, NULL, NULL, NULL, NULL, NULL, NULL, NULL, NULL, NULL, '2018-01-26 09:35:19', '2018-01-26 09:35:19', 'c3f3c88d-0d4e-4a07-acf9-d6fd20b0dab5'),
 ('93', '96', 'en_ie', 'Team Mike', NULL, NULL, NULL, NULL, NULL, NULL, NULL, NULL, NULL, NULL, NULL, NULL, NULL, '2018-01-26 09:35:19', '2018-01-26 09:35:20', '4bde89a6-dd64-45f4-8a65-db6d5cc7825a'),
 ('94', '97', 'en_ie', 'Team Nadia', NULL, NULL, NULL, NULL, NULL, NULL, NULL, NULL, NULL, NULL, NULL, NULL, NULL, '2018-01-26 09:35:20', '2018-01-26 09:35:20', '2e442b25-7f9a-415a-8e3b-b019bc84baf2'),
 ('95', '98', 'en_ie', 'Team Suzanne', NULL, NULL, NULL, NULL, NULL, NULL, NULL, NULL, NULL, NULL, NULL, NULL, NULL, '2018-01-26 09:35:20', '2018-01-26 09:35:20', '6a4951be-c226-404f-a018-a2adc0cd9f54'),
 ('96', '99', 'en_ie', 'Team Tendayi', NULL, NULL, NULL, NULL, NULL, NULL, NULL, NULL, NULL, NULL, NULL, NULL, NULL, '2018-01-26 09:35:20', '2018-01-26 09:35:20', '514ac233-c828-40a2-a6ad-7f308f85df13'),
 ('97', '100', 'en_ie', 'Case', NULL, NULL, NULL, NULL, NULL, NULL, NULL, NULL, NULL, NULL, NULL, NULL, NULL, '2018-02-15 17:39:55', '2018-02-15 17:39:55', 'c55375a0-377a-4a52-bc5f-02773e58bb4c'),
 ('98', '101', 'en_ie', 'Case', NULL, NULL, NULL, NULL, NULL, NULL, NULL, NULL, NULL, NULL, NULL, NULL, NULL, '2018-02-15 17:44:10', '2018-02-15 17:44:10', 'f1bf98b0-85b9-48a7-899e-7b50ba83c325');



DROP TABLE IF EXISTS `craft_deprecationerrors`;


--
-- Schema for table `craft_deprecationerrors`
--
CREATE TABLE `craft_deprecationerrors` (
  `id` int(11) NOT NULL AUTO_INCREMENT,
  `key` varchar(255) COLLATE utf8_unicode_ci NOT NULL,
  `fingerprint` varchar(255) COLLATE utf8_unicode_ci NOT NULL,
  `lastOccurrence` datetime NOT NULL,
  `file` varchar(255) COLLATE utf8_unicode_ci NOT NULL,
  `line` smallint(6) unsigned NOT NULL,
  `class` varchar(255) COLLATE utf8_unicode_ci DEFAULT NULL,
  `method` varchar(255) COLLATE utf8_unicode_ci DEFAULT NULL,
  `template` varchar(255) COLLATE utf8_unicode_ci DEFAULT NULL,
  `templateLine` smallint(6) unsigned DEFAULT NULL,
  `message` varchar(255) COLLATE utf8_unicode_ci DEFAULT NULL,
  `traces` text COLLATE utf8_unicode_ci,
  `dateCreated` datetime NOT NULL,
  `dateUpdated` datetime NOT NULL,
  `uid` char(36) COLLATE utf8_unicode_ci NOT NULL DEFAULT '0',
  PRIMARY KEY (`id`),
  UNIQUE KEY `craft_deprecationerrors_key_fingerprint_unq_idx` (`key`,`fingerprint`)
) ENGINE=InnoDB AUTO_INCREMENT=2 DEFAULT CHARSET=utf8 COLLATE=utf8_unicode_ci;

--
-- Data for table `craft_deprecationerrors`
--

INSERT INTO `craft_deprecationerrors` (`id`, `key`, `fingerprint`, `lastOccurrence`, `file`, `line`, `class`, `method`, `template`, `templateLine`, `message`, `traces`, `dateCreated`, `dateUpdated`, `uid`) VALUES
 ('1', 'getBuild()', 'Craft\\AppBehavior:149', '2018-02-15 17:39:19', '/Applications/MAMP/htdocs/459001-Sonica/craft/app/etc/behaviors/AppBehavior.php', '149', 'Craft\\AppBehavior', 'getBuild', NULL, NULL, 'craft()->getBuild() has been deprecated. As of Craft 2.6.2951, craft()->getVersion() returns the complete version number (X.Y.Z).', '[{\"objectClass\":\"Craft\\\\DeprecatorService\",\"file\":\"\\/Applications\\/MAMP\\/htdocs\\/459001-Sonica\\/craft\\/app\\/etc\\/behaviors\\/AppBehavior.php\",\"line\":149,\"class\":\"Craft\\\\DeprecatorService\",\"method\":\"log\",\"args\":\"\\\"getBuild()\\\", \\\"craft()->getBuild() has been deprecated. As of Craft 2.6.2951, c...\\\"\"},{\"objectClass\":\"Craft\\\\AppBehavior\",\"file\":null,\"line\":null,\"class\":\"Craft\\\\AppBehavior\",\"method\":\"getBuild\",\"args\":null},{\"objectClass\":null,\"file\":\"\\/Applications\\/MAMP\\/htdocs\\/459001-Sonica\\/craft\\/app\\/framework\\/base\\/CComponent.php\",\"line\":261,\"class\":null,\"method\":\"call_user_func_array\",\"args\":\"array(Craft\\\\AppBehavior, \\\"getBuild\\\"), array()\"},{\"objectClass\":\"Craft\\\\WebApp\",\"file\":\"\\/Applications\\/MAMP\\/htdocs\\/459001-Sonica\\/craft\\/plugins\\/import\\/ImportPlugin.php\",\"line\":118,\"class\":\"CComponent\",\"method\":\"__call\",\"args\":\"\\\"getBuild\\\", array()\"},{\"objectClass\":\"Craft\\\\WebApp\",\"file\":\"\\/Applications\\/MAMP\\/htdocs\\/459001-Sonica\\/craft\\/plugins\\/import\\/ImportPlugin.php\",\"line\":118,\"class\":\"Craft\\\\WebApp\",\"method\":\"getBuild\",\"args\":null},{\"objectClass\":\"Craft\\\\ImportPlugin\",\"file\":\"\\/Applications\\/MAMP\\/htdocs\\/459001-Sonica\\/craft\\/app\\/services\\/PluginsService.php\",\"line\":425,\"class\":\"Craft\\\\ImportPlugin\",\"method\":\"onAfterInstall\",\"args\":null},{\"objectClass\":\"Craft\\\\PluginsService\",\"file\":\"\\/Applications\\/MAMP\\/htdocs\\/459001-Sonica\\/craft\\/app\\/controllers\\/PluginsController.php\",\"line\":44,\"class\":\"Craft\\\\PluginsService\",\"method\":\"installPlugin\",\"args\":\"\\\"Import\\\"\"},{\"objectClass\":\"Craft\\\\PluginsController\",\"file\":\"\\/Applications\\/MAMP\\/htdocs\\/459001-Sonica\\/craft\\/app\\/framework\\/web\\/actions\\/CInlineAction.php\",\"line\":49,\"class\":\"Craft\\\\PluginsController\",\"method\":\"actionInstallPlugin\",\"args\":null},{\"objectClass\":\"CInlineAction\",\"file\":\"\\/Applications\\/MAMP\\/htdocs\\/459001-Sonica\\/craft\\/app\\/framework\\/web\\/CController.php\",\"line\":308,\"class\":\"CInlineAction\",\"method\":\"runWithParams\",\"args\":\"array()\"},{\"objectClass\":\"Craft\\\\PluginsController\",\"file\":\"\\/Applications\\/MAMP\\/htdocs\\/459001-Sonica\\/craft\\/app\\/framework\\/web\\/CController.php\",\"line\":286,\"class\":\"CController\",\"method\":\"runAction\",\"args\":\"CInlineAction\"},{\"objectClass\":\"Craft\\\\PluginsController\",\"file\":\"\\/Applications\\/MAMP\\/htdocs\\/459001-Sonica\\/craft\\/app\\/framework\\/web\\/CController.php\",\"line\":265,\"class\":\"CController\",\"method\":\"runActionWithFilters\",\"args\":\"CInlineAction, array()\"},{\"objectClass\":\"Craft\\\\PluginsController\",\"file\":\"\\/Applications\\/MAMP\\/htdocs\\/459001-Sonica\\/craft\\/app\\/framework\\/web\\/CWebApplication.php\",\"line\":282,\"class\":\"CController\",\"method\":\"run\",\"args\":\"\\\"installPlugin\\\"\"},{\"objectClass\":\"Craft\\\\WebApp\",\"file\":\"\\/Applications\\/MAMP\\/htdocs\\/459001-Sonica\\/craft\\/app\\/etc\\/web\\/WebApp.php\",\"line\":823,\"class\":\"CWebApplication\",\"method\":\"runController\",\"args\":\"\\\"plugins\\/installPlugin\\\"\"},{\"objectClass\":\"Craft\\\\WebApp\",\"file\":\"\\/Applications\\/MAMP\\/htdocs\\/459001-Sonica\\/craft\\/app\\/etc\\/web\\/WebApp.php\",\"line\":287,\"class\":\"Craft\\\\WebApp\",\"method\":\"_processActionRequest\",\"args\":null},{\"objectClass\":\"Craft\\\\WebApp\",\"file\":\"\\/Applications\\/MAMP\\/htdocs\\/459001-Sonica\\/craft\\/app\\/framework\\/base\\/CApplication.php\",\"line\":185,\"class\":\"Craft\\\\WebApp\",\"method\":\"processRequest\",\"args\":null},{\"objectClass\":\"Craft\\\\WebApp\",\"file\":\"\\/Applications\\/MAMP\\/htdocs\\/459001-Sonica\\/craft\\/app\\/index.php\",\"line\":62,\"class\":\"CApplication\",\"method\":\"run\",\"args\":null},{\"objectClass\":null,\"file\":\"\\/Applications\\/MAMP\\/htdocs\\/459001-Sonica\\/index.php\",\"line\":19,\"class\":null,\"method\":\"require_once\",\"args\":\"\\\"\\/Applications\\/MAMP\\/htdocs\\/459001-Sonica\\/craft\\/app\\/index.php\\\"\"}]', '2018-02-15 17:39:19', '2018-02-15 17:39:19', 'c224c457-7d80-49ea-b472-6a9fbd8f5ed4');



DROP TABLE IF EXISTS `craft_elementindexsettings`;


--
-- Schema for table `craft_elementindexsettings`
--
CREATE TABLE `craft_elementindexsettings` (
  `id` int(11) NOT NULL AUTO_INCREMENT,
  `type` varchar(150) COLLATE utf8_unicode_ci NOT NULL,
  `settings` text COLLATE utf8_unicode_ci,
  `dateCreated` datetime NOT NULL,
  `dateUpdated` datetime NOT NULL,
  `uid` char(36) COLLATE utf8_unicode_ci NOT NULL DEFAULT '0',
  PRIMARY KEY (`id`),
  UNIQUE KEY `craft_elementindexsettings_type_unq_idx` (`type`)
) ENGINE=InnoDB AUTO_INCREMENT=2 DEFAULT CHARSET=utf8 COLLATE=utf8_unicode_ci;

--
-- Data for table `craft_elementindexsettings`
--

INSERT INTO `craft_elementindexsettings` (`id`, `type`, `settings`, `dateCreated`, `dateUpdated`, `uid`) VALUES
 ('1', 'Entry', '{\"sources\":{\"section:4\":{\"tableAttributes\":{\"1\":\"field:18\",\"2\":\"dateUpdated\"}},\"section:8\":{\"tableAttributes\":{\"1\":\"postDate\",\"2\":\"expiryDate\"}},\"singles\":{\"tableAttributes\":{\"1\":\"dateUpdated\",\"2\":\"link\"}},\"section:2\":{\"tableAttributes\":{\"1\":\"postDate\",\"2\":\"author\",\"3\":\"link\"}},\"section:6\":{\"tableAttributes\":{\"1\":\"field:20\",\"2\":\"link\"}}}}', '2017-10-13 15:09:00', '2017-10-23 14:26:18', '06297911-d4c3-4773-99fd-5c39466f4412');



DROP TABLE IF EXISTS `craft_elements`;


--
-- Schema for table `craft_elements`
--
CREATE TABLE `craft_elements` (
  `id` int(11) NOT NULL AUTO_INCREMENT,
  `type` varchar(150) COLLATE utf8_unicode_ci NOT NULL,
  `enabled` tinyint(1) unsigned NOT NULL DEFAULT '1',
  `archived` tinyint(1) unsigned NOT NULL DEFAULT '0',
  `dateCreated` datetime NOT NULL,
  `dateUpdated` datetime NOT NULL,
  `uid` char(36) COLLATE utf8_unicode_ci NOT NULL DEFAULT '0',
  PRIMARY KEY (`id`),
  KEY `craft_elements_type_idx` (`type`),
  KEY `craft_elements_enabled_idx` (`enabled`),
  KEY `craft_elements_archived_dateCreated_idx` (`archived`,`dateCreated`)
) ENGINE=InnoDB AUTO_INCREMENT=102 DEFAULT CHARSET=utf8 COLLATE=utf8_unicode_ci;

--
-- Data for table `craft_elements`
--

INSERT INTO `craft_elements` (`id`, `type`, `enabled`, `archived`, `dateCreated`, `dateUpdated`, `uid`) VALUES
 ('1', 'User', '1', '0', '2017-10-13 11:04:16', '2017-10-13 11:05:55', 'a34e6daf-4323-4b00-918f-e0c4fe677445'),
 ('9', 'GlobalSet', '1', '0', '2017-10-13 14:23:03', '2017-12-04 23:29:49', '5d26461d-1d6e-4f69-8809-937f9d73f2a1'),
 ('77', 'Asset', '1', '0', '2017-12-07 13:26:17', '2018-01-26 09:35:21', 'ea936dd8-8a1e-4f8d-b320-270013589606'),
 ('78', 'Asset', '1', '0', '2017-12-07 13:26:17', '2018-01-26 09:35:21', 'e6ff14f3-6e0f-4dc0-bb9c-7d4c7e964a90'),
 ('79', 'Asset', '1', '0', '2017-12-07 13:33:53', '2018-01-26 09:35:21', '4367cf1c-3e5f-4a21-b3c2-f26f65ee098b'),
 ('80', 'Asset', '1', '0', '2018-01-25 15:18:00', '2018-01-26 09:35:23', 'b4d08a2b-acb5-40a2-84ab-6da2c494b16b'),
 ('81', 'Asset', '1', '0', '2018-01-25 15:21:30', '2018-01-26 09:35:18', '9eaa6936-4c48-4694-bb51-546381cef19d'),
 ('82', 'Asset', '1', '0', '2018-01-25 15:21:30', '2018-01-26 09:35:19', 'fe9a0d31-4608-4e81-a2b1-fad99412c786'),
 ('86', 'Asset', '1', '0', '2018-01-25 23:33:14', '2018-01-26 09:35:21', 'aa824b51-ce34-4097-b8fe-088eacde8917'),
 ('87', 'Asset', '1', '0', '2018-01-25 23:33:14', '2018-01-26 09:35:22', 'f7fa2ddc-f566-48b2-a821-dbf5c6a9ae7d'),
 ('88', 'Asset', '1', '0', '2018-01-25 23:33:15', '2018-01-26 09:35:22', '1b36ce72-fcd3-415f-9221-e94970c1743c'),
 ('89', 'Asset', '1', '0', '2018-01-25 23:33:15', '2018-01-26 09:35:22', 'b4ce7864-3a69-467d-a2fa-213e2ccaaae1'),
 ('90', 'Asset', '1', '0', '2018-01-25 23:33:15', '2018-01-26 09:35:22', 'c172b12d-8555-40fe-80f2-0454056c4c0b'),
 ('91', 'Asset', '1', '0', '2018-01-25 23:50:37', '2018-01-26 09:35:18', 'f18c4c2e-77a8-49dc-8a1e-f155bbf45907'),
 ('92', 'Asset', '1', '0', '2018-01-25 23:50:38', '2018-01-26 09:35:18', '83326b75-fbb1-4834-9027-dca0e1cbde18'),
 ('93', 'Asset', '1', '0', '2018-01-25 23:50:38', '2018-01-26 09:35:19', 'ef8b7e66-d7b1-40e1-a021-0f74eff09534'),
 ('94', 'Asset', '1', '0', '2018-01-26 09:35:19', '2018-01-26 09:35:19', '206cd354-8280-44a0-9914-dc9b3255b2f7'),
 ('95', 'Asset', '1', '0', '2018-01-26 09:35:19', '2018-01-26 09:35:19', 'c01cf35f-b92e-4f3a-85bc-1a8335516a30'),
 ('96', 'Asset', '1', '0', '2018-01-26 09:35:19', '2018-01-26 09:35:20', 'b4e113af-a8bf-46b3-a62c-d9bc7a2c8daf'),
 ('97', 'Asset', '1', '0', '2018-01-26 09:35:20', '2018-01-26 09:35:20', 'a44c3416-275c-4d07-94cd-390c14f74614'),
 ('98', 'Asset', '1', '0', '2018-01-26 09:35:20', '2018-01-26 09:35:20', '60380298-f0b9-41e2-8a04-eabcb8e017ce'),
 ('99', 'Asset', '1', '0', '2018-01-26 09:35:20', '2018-01-26 09:35:20', '68cec0d1-9ac3-45ad-a6b7-aca2d70087c4'),
 ('100', 'Asset', '1', '0', '2018-02-15 17:39:55', '2018-02-15 17:39:55', '52cca89e-6300-4bd6-9824-652dae4be269'),
 ('101', 'Asset', '1', '0', '2018-02-15 17:44:10', '2018-02-15 17:44:10', '1b5275f8-77cf-4ae2-b38e-6b6d65dcae2f');



DROP TABLE IF EXISTS `craft_elements_i18n`;


--
-- Schema for table `craft_elements_i18n`
--
CREATE TABLE `craft_elements_i18n` (
  `id` int(11) NOT NULL AUTO_INCREMENT,
  `elementId` int(11) NOT NULL,
  `locale` char(12) COLLATE utf8_unicode_ci NOT NULL,
  `slug` varchar(255) COLLATE utf8_unicode_ci DEFAULT NULL,
  `uri` varchar(255) COLLATE utf8_unicode_ci DEFAULT NULL,
  `enabled` tinyint(1) unsigned NOT NULL DEFAULT '1',
  `dateCreated` datetime NOT NULL,
  `dateUpdated` datetime NOT NULL,
  `uid` char(36) COLLATE utf8_unicode_ci NOT NULL DEFAULT '0',
  PRIMARY KEY (`id`),
  UNIQUE KEY `craft_elements_i18n_elementId_locale_unq_idx` (`elementId`,`locale`),
  UNIQUE KEY `craft_elements_i18n_uri_locale_unq_idx` (`uri`,`locale`),
  KEY `craft_elements_i18n_slug_locale_idx` (`slug`,`locale`),
  KEY `craft_elements_i18n_enabled_idx` (`enabled`),
  KEY `craft_elements_i18n_locale_fk` (`locale`)
) ENGINE=InnoDB AUTO_INCREMENT=102 DEFAULT CHARSET=utf8 COLLATE=utf8_unicode_ci;

--
-- Data for table `craft_elements_i18n`
--

INSERT INTO `craft_elements_i18n` (`id`, `elementId`, `locale`, `slug`, `uri`, `enabled`, `dateCreated`, `dateUpdated`, `uid`) VALUES
 ('1', '1', 'en_ie', '', NULL, '1', '2017-10-13 11:04:16', '2017-10-13 11:05:55', 'b07a3f78-7f96-4636-8bd9-77946a527136'),
 ('9', '9', 'en_ie', '', NULL, '1', '2017-10-13 14:23:03', '2017-12-04 23:29:49', '605a0f0c-f420-4899-baf2-920599f0e1b3'),
 ('77', '77', 'en_ie', 'dw-about', NULL, '1', '2017-12-07 13:26:17', '2018-01-26 09:35:21', 'cdeaf26c-8746-4665-95e7-1f29b441e012'),
 ('78', '78', 'en_ie', 'dw-careers', NULL, '1', '2017-12-07 13:26:17', '2018-01-26 09:35:21', '6bd1aed9-10db-4d58-a39a-6752f3843d35'),
 ('79', '79', 'en_ie', 'dw-careers-alt', NULL, '1', '2017-12-07 13:33:53', '2018-01-26 09:35:21', '11aced2a-b6cd-4980-8069-2488c2a08df1'),
 ('80', '80', 'en_ie', 'home-bg', NULL, '1', '2018-01-25 15:18:01', '2018-01-26 09:35:23', '187e61e5-f017-4817-8981-650bc3f042e3'),
 ('81', '81', 'en_ie', 'photo', NULL, '1', '2018-01-25 15:21:30', '2018-01-26 09:35:18', '28f7c1c5-9960-4c53-a009-8a11d1113dc3'),
 ('82', '82', 'en_ie', 'photo1', NULL, '1', '2018-01-25 15:21:30', '2018-01-26 09:35:19', 'e22df718-9fd7-48f4-a757-f1f13f299f06'),
 ('86', '86', 'en_ie', 'dw-services-data', NULL, '1', '2018-01-25 23:33:14', '2018-01-26 09:35:21', 'a7ab12ae-9f50-4266-b422-7b056461051d'),
 ('87', '87', 'en_ie', 'dw-services-identity', NULL, '1', '2018-01-25 23:33:14', '2018-01-26 09:35:22', 'bc29b967-62ae-4520-908f-373a987e01e4'),
 ('88', '88', 'en_ie', 'dw-services-leaderboards', NULL, '1', '2018-01-25 23:33:15', '2018-01-26 09:35:22', 'bdb064c0-d292-42d9-a498-1bbbadfef44f'),
 ('89', '89', 'en_ie', 'dw-services-matchmaking', NULL, '1', '2018-01-25 23:33:15', '2018-01-26 09:35:22', '1e1e080c-bc0c-4a46-9970-13c96dae6e4a'),
 ('90', '90', 'en_ie', 'dw-services-microtransactions', NULL, '1', '2018-01-25 23:33:15', '2018-01-26 09:35:22', '091e336a-fef7-4bf1-ae3c-86496da096be'),
 ('91', '91', 'en_ie', 'dw-loc-01', NULL, '1', '2018-01-25 23:50:37', '2018-01-26 09:35:18', 'a9fe0f78-6f8c-422e-9edb-df09888fc297'),
 ('92', '92', 'en_ie', 'dw-loc-02', NULL, '1', '2018-01-25 23:50:38', '2018-01-26 09:35:18', '49c2e25d-fcaf-428a-90ba-142e4c315cbb'),
 ('93', '93', 'en_ie', 'dw-loc-03', NULL, '1', '2018-01-25 23:50:38', '2018-01-26 09:35:19', '01bde836-9f7d-4e42-9e93-6c020445763d'),
 ('94', '94', 'en_ie', 'team-brendan', NULL, '1', '2018-01-26 09:35:19', '2018-01-26 09:35:19', '79a7293b-1941-4a8c-90f3-413c9b618d22'),
 ('95', '95', 'en_ie', 'team-colin', NULL, '1', '2018-01-26 09:35:19', '2018-01-26 09:35:19', '1456eccd-bf10-47d2-a1ac-148d6459ad85'),
 ('96', '96', 'en_ie', 'team-mike', NULL, '1', '2018-01-26 09:35:20', '2018-01-26 09:35:20', 'd09371de-8289-43a9-8ed4-1ede6ab90e29'),
 ('97', '97', 'en_ie', 'team-nadia', NULL, '1', '2018-01-26 09:35:20', '2018-01-26 09:35:20', '36607b33-e7ac-47ef-a20f-c1f58e5e4fd8'),
 ('98', '98', 'en_ie', 'team-suzanne', NULL, '1', '2018-01-26 09:35:20', '2018-01-26 09:35:20', 'c5fc43e0-6944-4529-94ec-0ff34c6d16b1'),
 ('99', '99', 'en_ie', 'team-tendayi', NULL, '1', '2018-01-26 09:35:20', '2018-01-26 09:35:20', '29019c80-dc20-401b-bb80-9762e8a6de38'),
 ('100', '100', 'en_ie', 'case', NULL, '1', '2018-02-15 17:39:55', '2018-02-15 17:39:55', '532ca4f8-f4f2-4c07-998f-b547624cfc08'),
 ('101', '101', 'en_ie', 'case', NULL, '1', '2018-02-15 17:44:10', '2018-02-15 17:44:10', '7a4de1eb-a621-4e37-8895-30f25bb46807');



DROP TABLE IF EXISTS `craft_emailmessages`;


--
-- Schema for table `craft_emailmessages`
--
CREATE TABLE `craft_emailmessages` (
  `id` int(11) NOT NULL AUTO_INCREMENT,
  `key` char(150) COLLATE utf8_unicode_ci NOT NULL,
  `locale` char(12) COLLATE utf8_unicode_ci NOT NULL,
  `subject` varchar(1000) COLLATE utf8_unicode_ci NOT NULL,
  `body` text COLLATE utf8_unicode_ci NOT NULL,
  `dateCreated` datetime NOT NULL,
  `dateUpdated` datetime NOT NULL,
  `uid` char(36) COLLATE utf8_unicode_ci NOT NULL DEFAULT '0',
  PRIMARY KEY (`id`),
  UNIQUE KEY `craft_emailmessages_key_locale_unq_idx` (`key`,`locale`),
  KEY `craft_emailmessages_locale_fk` (`locale`)
) ENGINE=InnoDB DEFAULT CHARSET=utf8 COLLATE=utf8_unicode_ci;

DROP TABLE IF EXISTS `craft_entries`;


--
-- Schema for table `craft_entries`
--
CREATE TABLE `craft_entries` (
  `id` int(11) NOT NULL,
  `sectionId` int(11) NOT NULL,
  `typeId` int(11) DEFAULT NULL,
  `authorId` int(11) DEFAULT NULL,
  `postDate` datetime DEFAULT NULL,
  `expiryDate` datetime DEFAULT NULL,
  `dateCreated` datetime NOT NULL,
  `dateUpdated` datetime NOT NULL,
  `uid` char(36) COLLATE utf8_unicode_ci NOT NULL DEFAULT '0',
  PRIMARY KEY (`id`),
  KEY `craft_entries_sectionId_idx` (`sectionId`),
  KEY `craft_entries_typeId_idx` (`typeId`),
  KEY `craft_entries_postDate_idx` (`postDate`),
  KEY `craft_entries_expiryDate_idx` (`expiryDate`),
  KEY `craft_entries_authorId_fk` (`authorId`)
) ENGINE=InnoDB DEFAULT CHARSET=utf8 COLLATE=utf8_unicode_ci;

DROP TABLE IF EXISTS `craft_entrydrafts`;


--
-- Schema for table `craft_entrydrafts`
--
CREATE TABLE `craft_entrydrafts` (
  `id` int(11) NOT NULL AUTO_INCREMENT,
  `entryId` int(11) NOT NULL,
  `sectionId` int(11) NOT NULL,
  `creatorId` int(11) NOT NULL,
  `locale` char(12) COLLATE utf8_unicode_ci NOT NULL,
  `name` varchar(255) COLLATE utf8_unicode_ci NOT NULL,
  `notes` tinytext COLLATE utf8_unicode_ci,
  `data` mediumtext COLLATE utf8_unicode_ci NOT NULL,
  `dateCreated` datetime NOT NULL,
  `dateUpdated` datetime NOT NULL,
  `uid` char(36) COLLATE utf8_unicode_ci NOT NULL DEFAULT '0',
  PRIMARY KEY (`id`),
  KEY `craft_entrydrafts_entryId_locale_idx` (`entryId`,`locale`),
  KEY `craft_entrydrafts_sectionId_fk` (`sectionId`),
  KEY `craft_entrydrafts_creatorId_fk` (`creatorId`),
  KEY `craft_entrydrafts_locale_fk` (`locale`)
) ENGINE=InnoDB DEFAULT CHARSET=utf8 COLLATE=utf8_unicode_ci;

DROP TABLE IF EXISTS `craft_entrytypes`;


--
-- Schema for table `craft_entrytypes`
--
CREATE TABLE `craft_entrytypes` (
  `id` int(11) NOT NULL AUTO_INCREMENT,
  `sectionId` int(11) NOT NULL,
  `fieldLayoutId` int(11) DEFAULT NULL,
  `name` varchar(255) COLLATE utf8_unicode_ci NOT NULL,
  `handle` varchar(255) COLLATE utf8_unicode_ci NOT NULL,
  `hasTitleField` tinyint(1) unsigned NOT NULL DEFAULT '1',
  `titleLabel` varchar(255) COLLATE utf8_unicode_ci DEFAULT 'Title',
  `titleFormat` varchar(255) COLLATE utf8_unicode_ci DEFAULT NULL,
  `sortOrder` smallint(6) unsigned DEFAULT NULL,
  `dateCreated` datetime NOT NULL,
  `dateUpdated` datetime NOT NULL,
  `uid` char(36) COLLATE utf8_unicode_ci NOT NULL DEFAULT '0',
  PRIMARY KEY (`id`),
  UNIQUE KEY `craft_entrytypes_name_sectionId_unq_idx` (`name`,`sectionId`),
  UNIQUE KEY `craft_entrytypes_handle_sectionId_unq_idx` (`handle`,`sectionId`),
  KEY `craft_entrytypes_sectionId_fk` (`sectionId`),
  KEY `craft_entrytypes_fieldLayoutId_fk` (`fieldLayoutId`)
) ENGINE=InnoDB AUTO_INCREMENT=18 DEFAULT CHARSET=utf8 COLLATE=utf8_unicode_ci;

--
-- Data for table `craft_entrytypes`
--

INSERT INTO `craft_entrytypes` (`id`, `sectionId`, `fieldLayoutId`, `name`, `handle`, `hasTitleField`, `titleLabel`, `titleFormat`, `sortOrder`, `dateCreated`, `dateUpdated`, `uid`) VALUES
 ('16', '16', '97', 'Case Studies', 'caseStudies', '1', 'Title', NULL, '1', '2018-02-15 17:36:14', '2018-02-15 17:40:18', 'ac899786-28e0-4140-9db6-6ea0a6b6ddec'),
 ('17', '17', '98', 'Team', 'team', '1', 'Title', NULL, '1', '2018-02-15 17:36:26', '2018-02-15 17:40:34', '8fa768be-da57-4c52-95e6-333db6a7b403');



DROP TABLE IF EXISTS `craft_entryversions`;


--
-- Schema for table `craft_entryversions`
--
CREATE TABLE `craft_entryversions` (
  `id` int(11) NOT NULL AUTO_INCREMENT,
  `entryId` int(11) NOT NULL,
  `sectionId` int(11) NOT NULL,
  `creatorId` int(11) DEFAULT NULL,
  `locale` char(12) COLLATE utf8_unicode_ci NOT NULL,
  `num` smallint(6) unsigned NOT NULL,
  `notes` tinytext COLLATE utf8_unicode_ci,
  `data` mediumtext COLLATE utf8_unicode_ci NOT NULL,
  `dateCreated` datetime NOT NULL,
  `dateUpdated` datetime NOT NULL,
  `uid` char(36) COLLATE utf8_unicode_ci NOT NULL DEFAULT '0',
  PRIMARY KEY (`id`),
  KEY `craft_entryversions_entryId_locale_idx` (`entryId`,`locale`),
  KEY `craft_entryversions_sectionId_fk` (`sectionId`),
  KEY `craft_entryversions_creatorId_fk` (`creatorId`),
  KEY `craft_entryversions_locale_fk` (`locale`)
) ENGINE=InnoDB AUTO_INCREMENT=48 DEFAULT CHARSET=utf8 COLLATE=utf8_unicode_ci;

DROP TABLE IF EXISTS `craft_fieldgroups`;


--
-- Schema for table `craft_fieldgroups`
--
CREATE TABLE `craft_fieldgroups` (
  `id` int(11) NOT NULL AUTO_INCREMENT,
  `name` varchar(255) COLLATE utf8_unicode_ci NOT NULL,
  `dateCreated` datetime NOT NULL,
  `dateUpdated` datetime NOT NULL,
  `uid` char(36) COLLATE utf8_unicode_ci NOT NULL DEFAULT '0',
  PRIMARY KEY (`id`),
  UNIQUE KEY `craft_fieldgroups_name_unq_idx` (`name`)
) ENGINE=InnoDB AUTO_INCREMENT=13 DEFAULT CHARSET=utf8 COLLATE=utf8_unicode_ci;

--
-- Data for table `craft_fieldgroups`
--

INSERT INTO `craft_fieldgroups` (`id`, `name`, `dateCreated`, `dateUpdated`, `uid`) VALUES
 ('1', 'Default', '2017-10-13 11:04:19', '2017-10-13 11:04:19', '4deac12d-0e28-4b5f-a1ad-b0623260c08e'),
 ('4', 'Globals', '2017-10-13 14:23:15', '2017-10-13 14:23:15', '808ac226-a23a-425c-8387-9b97d78d2b70'),
 ('5', 'Homepage', '2017-11-21 22:49:13', '2017-11-21 22:49:13', '50842555-0705-462f-b737-0847c42481c1'),
 ('8', 'Meta', '2017-12-04 23:51:00', '2017-12-04 23:51:00', '0b5c5ae3-2270-4551-a06c-01dd25e6a3e9'),
 ('11', 'Case Study', '2018-02-15 17:30:32', '2018-02-15 17:33:40', '6da29bf1-cd2a-4848-ace7-9ed9f90862bb'),
 ('12', 'Team Member', '2018-02-15 17:33:33', '2018-02-15 17:33:33', '0db3451f-4b08-47eb-9114-55fe9f50fbe1');



DROP TABLE IF EXISTS `craft_fieldlayoutfields`;


--
-- Schema for table `craft_fieldlayoutfields`
--
CREATE TABLE `craft_fieldlayoutfields` (
  `id` int(11) NOT NULL AUTO_INCREMENT,
  `layoutId` int(11) NOT NULL,
  `tabId` int(11) NOT NULL,
  `fieldId` int(11) NOT NULL,
  `required` tinyint(1) unsigned NOT NULL DEFAULT '0',
  `sortOrder` smallint(6) unsigned DEFAULT NULL,
  `dateCreated` datetime NOT NULL,
  `dateUpdated` datetime NOT NULL,
  `uid` char(36) COLLATE utf8_unicode_ci NOT NULL DEFAULT '0',
  PRIMARY KEY (`id`),
  UNIQUE KEY `craft_fieldlayoutfields_layoutId_fieldId_unq_idx` (`layoutId`,`fieldId`),
  KEY `craft_fieldlayoutfields_sortOrder_idx` (`sortOrder`),
  KEY `craft_fieldlayoutfields_tabId_fk` (`tabId`),
  KEY `craft_fieldlayoutfields_fieldId_fk` (`fieldId`)
) ENGINE=InnoDB AUTO_INCREMENT=220 DEFAULT CHARSET=utf8 COLLATE=utf8_unicode_ci;

--
-- Data for table `craft_fieldlayoutfields`
--

INSERT INTO `craft_fieldlayoutfields` (`id`, `layoutId`, `tabId`, `fieldId`, `required`, `sortOrder`, `dateCreated`, `dateUpdated`, `uid`) VALUES
 ('204', '97', '95', '57', '0', '1', '2018-02-15 17:40:18', '2018-02-15 17:40:18', 'b3f6c52f-e197-4edc-a5e2-a9f166f89dbb'),
 ('205', '97', '95', '60', '0', '2', '2018-02-15 17:40:18', '2018-02-15 17:40:18', 'ea68d992-b90c-4779-8bd0-63bde8218e66'),
 ('206', '97', '95', '63', '0', '3', '2018-02-15 17:40:18', '2018-02-15 17:40:18', '57174f0c-9c57-41b4-8203-9fdc435b4919'),
 ('207', '97', '95', '56', '0', '4', '2018-02-15 17:40:18', '2018-02-15 17:40:18', '9e9f67d2-9d50-476f-b0c4-6aecb57f2d5d'),
 ('208', '97', '95', '64', '0', '5', '2018-02-15 17:40:18', '2018-02-15 17:40:18', 'fa49a4d0-c9ee-4b3e-acb6-eb4e32212b42'),
 ('209', '97', '95', '61', '0', '6', '2018-02-15 17:40:18', '2018-02-15 17:40:18', '1461913e-5293-406c-8e76-44d45efbcdce'),
 ('210', '97', '95', '62', '0', '7', '2018-02-15 17:40:18', '2018-02-15 17:40:18', 'ee770844-b332-4716-a2d8-adade20236d0'),
 ('211', '97', '95', '58', '0', '8', '2018-02-15 17:40:18', '2018-02-15 17:40:18', '11c25f00-b9f4-41c9-80d3-6a161c870619'),
 ('212', '97', '95', '59', '0', '9', '2018-02-15 17:40:18', '2018-02-15 17:40:18', '95fd98d7-fa1b-4c46-91fa-7d059acea513'),
 ('213', '98', '96', '69', '0', '1', '2018-02-15 17:40:34', '2018-02-15 17:40:34', '9a024fbd-c1b5-47af-a17a-b428f014e39d'),
 ('214', '98', '96', '71', '0', '2', '2018-02-15 17:40:34', '2018-02-15 17:40:34', '02275071-e0fe-4a81-bcaf-780a9950d884'),
 ('215', '98', '96', '66', '0', '3', '2018-02-15 17:40:34', '2018-02-15 17:40:34', '3dcfd701-d779-4a2a-8f83-cd7f7265795d'),
 ('216', '98', '96', '70', '0', '4', '2018-02-15 17:40:34', '2018-02-15 17:40:34', '92e120ff-b58d-4fea-a894-2db74df8dc74'),
 ('217', '98', '96', '65', '0', '5', '2018-02-15 17:40:34', '2018-02-15 17:40:34', '7bb63224-607e-4a04-adf5-1e1a5bba982a'),
 ('218', '98', '96', '68', '0', '6', '2018-02-15 17:40:34', '2018-02-15 17:40:34', '835ba52e-e28c-4346-a9be-7c08adc3df5a'),
 ('219', '98', '96', '67', '0', '7', '2018-02-15 17:40:34', '2018-02-15 17:40:34', '942986ec-cd7e-4431-9132-62915fb91774');



DROP TABLE IF EXISTS `craft_fieldlayouts`;


--
-- Schema for table `craft_fieldlayouts`
--
CREATE TABLE `craft_fieldlayouts` (
  `id` int(11) NOT NULL AUTO_INCREMENT,
  `type` varchar(150) COLLATE utf8_unicode_ci NOT NULL,
  `dateCreated` datetime NOT NULL,
  `dateUpdated` datetime NOT NULL,
  `uid` char(36) COLLATE utf8_unicode_ci NOT NULL DEFAULT '0',
  PRIMARY KEY (`id`),
  KEY `craft_fieldlayouts_type_idx` (`type`)
) ENGINE=InnoDB AUTO_INCREMENT=102 DEFAULT CHARSET=utf8 COLLATE=utf8_unicode_ci;

--
-- Data for table `craft_fieldlayouts`
--

INSERT INTO `craft_fieldlayouts` (`id`, `type`, `dateCreated`, `dateUpdated`, `uid`) VALUES
 ('1', 'Tag', '2017-10-13 11:04:19', '2017-10-13 11:04:19', 'e20fdef2-b394-4325-b57f-716746b9f18c'),
 ('19', 'GlobalSet', '2017-10-13 14:28:05', '2017-10-13 14:28:05', '24364809-6b95-4374-95c8-e93fe467011d'),
 ('56', 'Asset', '2017-11-28 17:27:41', '2017-11-28 17:27:41', 'd86823a4-adba-4ccf-a618-640f51d6ea73'),
 ('57', 'Asset', '2017-11-28 17:27:45', '2017-11-28 17:27:45', 'c62bdcae-b5ac-4f14-b6d1-a8aee2382c85'),
 ('97', 'Entry', '2018-02-15 17:40:18', '2018-02-15 17:40:18', 'd83cf933-7c10-45ae-8ad8-16d9f0e52705'),
 ('98', 'Entry', '2018-02-15 17:40:34', '2018-02-15 17:40:34', 'ff705e3c-9921-4da6-b40b-e9b88ca0dfc7'),
 ('99', 'Asset', '2018-02-15 17:41:56', '2018-02-15 17:41:56', '4fa2b376-08fa-4ba0-861a-7f7c352eeca0'),
 ('100', 'Asset', '2018-02-15 17:42:10', '2018-02-15 17:42:10', '151f44c1-07a4-4de0-899a-ef0ab63c20b4'),
 ('101', 'Asset', '2018-02-15 17:43:15', '2018-02-15 17:43:15', 'e431c6f0-1c40-47b5-803d-4f9c16eb7329');



DROP TABLE IF EXISTS `craft_fieldlayouttabs`;


--
-- Schema for table `craft_fieldlayouttabs`
--
CREATE TABLE `craft_fieldlayouttabs` (
  `id` int(11) NOT NULL AUTO_INCREMENT,
  `layoutId` int(11) NOT NULL,
  `name` varchar(255) COLLATE utf8_unicode_ci NOT NULL,
  `sortOrder` smallint(6) unsigned DEFAULT NULL,
  `dateCreated` datetime NOT NULL,
  `dateUpdated` datetime NOT NULL,
  `uid` char(36) COLLATE utf8_unicode_ci NOT NULL DEFAULT '0',
  PRIMARY KEY (`id`),
  KEY `craft_fieldlayouttabs_sortOrder_idx` (`sortOrder`),
  KEY `craft_fieldlayouttabs_layoutId_fk` (`layoutId`)
) ENGINE=InnoDB AUTO_INCREMENT=97 DEFAULT CHARSET=utf8 COLLATE=utf8_unicode_ci;

--
-- Data for table `craft_fieldlayouttabs`
--

INSERT INTO `craft_fieldlayouttabs` (`id`, `layoutId`, `name`, `sortOrder`, `dateCreated`, `dateUpdated`, `uid`) VALUES
 ('17', '19', 'Content', '1', '2017-10-13 14:28:05', '2017-10-13 14:28:05', 'cb882fb6-76e5-4cd4-bf64-8078995ea9cb'),
 ('95', '97', 'Case Study', '1', '2018-02-15 17:40:18', '2018-02-15 17:40:18', '65d81e54-471a-4692-a1d4-56d7f701cd90'),
 ('96', '98', 'Team Member', '1', '2018-02-15 17:40:34', '2018-02-15 17:40:34', 'e571aef1-f924-43ac-a1d1-e9cd66cf1be6');



DROP TABLE IF EXISTS `craft_fields`;


--
-- Schema for table `craft_fields`
--
CREATE TABLE `craft_fields` (
  `id` int(11) NOT NULL AUTO_INCREMENT,
  `groupId` int(11) DEFAULT NULL,
  `name` varchar(255) COLLATE utf8_unicode_ci NOT NULL,
  `handle` varchar(58) COLLATE utf8_unicode_ci NOT NULL,
  `context` varchar(255) COLLATE utf8_unicode_ci NOT NULL DEFAULT 'global',
  `instructions` text COLLATE utf8_unicode_ci,
  `translatable` tinyint(1) unsigned NOT NULL DEFAULT '0',
  `type` varchar(150) COLLATE utf8_unicode_ci NOT NULL,
  `settings` text COLLATE utf8_unicode_ci,
  `dateCreated` datetime NOT NULL,
  `dateUpdated` datetime NOT NULL,
  `uid` char(36) COLLATE utf8_unicode_ci NOT NULL DEFAULT '0',
  PRIMARY KEY (`id`),
  UNIQUE KEY `craft_fields_handle_context_unq_idx` (`handle`,`context`),
  KEY `craft_fields_context_idx` (`context`),
  KEY `craft_fields_groupId_fk` (`groupId`)
) ENGINE=InnoDB AUTO_INCREMENT=72 DEFAULT CHARSET=utf8 COLLATE=utf8_unicode_ci;

--
-- Data for table `craft_fields`
--

INSERT INTO `craft_fields` (`id`, `groupId`, `name`, `handle`, `context`, `instructions`, `translatable`, `type`, `settings`, `dateCreated`, `dateUpdated`, `uid`) VALUES
 ('55', '8', 'Meta', 'meta', 'global', '', '0', 'Seomatic_Meta', '{\"assetSources\":\"*\",\"seoMainEntityCategory\":\"CreativeWork\",\"seoMainEntityOfPage\":\"WebPage\",\"seoTitleSource\":\"field\",\"seoTitleSourceField\":\"title\",\"seoTitle\":\"\",\"seoTitleSourceChangeable\":\"1\",\"seoDescriptionSource\":\"custom\",\"seoDescriptionSourceField\":\"title\",\"seoDescription\":\"\",\"seoDescriptionSourceChangeable\":\"1\",\"seoKeywordsSource\":\"custom\",\"seoKeywordsSourceField\":\"title\",\"seoKeywords\":\"\",\"seoKeywordsSourceChangeable\":\"1\",\"seoImageIdSource\":\"custom\",\"seoImageIdSourceChangeable\":\"1\",\"seoImageTransform\":\"\",\"twitterCardType\":\"\",\"twitterCardTypeChangeable\":\"1\",\"seoTwitterImageIdSource\":\"custom\",\"seoTwitterImageIdSourceChangeable\":\"1\",\"seoTwitterImageTransform\":\"\",\"openGraphType\":\"\",\"openGraphTypeChangeable\":\"1\",\"seoFacebookImageIdSource\":\"custom\",\"seoFacebookImageIdSourceChangeable\":\"1\",\"seoFacebookImageTransform\":\"\",\"robots\":\"\",\"robotsChangeable\":\"1\"}', '2018-02-15 17:27:54', '2018-02-15 17:27:54', '342a0d64-17a0-4413-970e-9a0eebc4ca7f'),
 ('56', '11', 'Location', 'location', 'global', '', '0', 'PlainText', '{\"placeholder\":\"\",\"maxLength\":\"\",\"multiline\":\"1\",\"initialRows\":\"4\"}', '2018-02-15 17:30:48', '2018-02-15 17:31:31', '7b332ed4-7ba6-4330-a596-b4071fe61a0a'),
 ('57', '11', 'Details', 'details', 'global', '', '0', 'PlainText', '{\"placeholder\":\"\",\"maxLength\":\"\",\"multiline\":\"1\",\"initialRows\":\"4\"}', '2018-02-15 17:30:58', '2018-02-15 17:31:34', '90bdd192-bae4-4561-a4e6-c290d6ba55b2'),
 ('58', '11', 'Size', 'size', 'global', '', '0', 'PlainText', '{\"placeholder\":\"\",\"maxLength\":\"\",\"multiline\":\"1\",\"initialRows\":\"4\"}', '2018-02-15 17:31:03', '2018-02-15 17:31:28', '2989cc12-e4df-46ba-8b16-93b88ad4a089'),
 ('59', '11', 'Timescale', 'timescale', 'global', '', '0', 'PlainText', '{\"placeholder\":\"\",\"maxLength\":\"\",\"multiline\":\"1\",\"initialRows\":\"4\"}', '2018-02-15 17:31:17', '2018-02-15 17:31:17', '0e47c96d-391a-497b-bee7-23365082e9e3'),
 ('60', '11', 'Features', 'features', 'global', '', '0', 'PlainText', '{\"placeholder\":\"\",\"maxLength\":\"\",\"multiline\":\"1\",\"initialRows\":\"4\"}', '2018-02-15 17:31:46', '2018-02-15 17:31:46', '0d939a5e-9ed3-40d0-bd0c-97ee5eed1626'),
 ('61', '11', 'Quote', 'quote', 'global', '', '0', 'PlainText', '{\"placeholder\":\"\",\"maxLength\":\"\",\"multiline\":\"1\",\"initialRows\":\"4\"}', '2018-02-15 17:32:01', '2018-02-15 17:32:01', 'fc3a7c13-bba6-4f25-8cb5-e6af2e954bdb'),
 ('62', '11', 'Quote Attribution', 'quoteAttribution', 'global', '', '0', 'PlainText', '{\"placeholder\":\"\",\"maxLength\":\"\",\"multiline\":\"1\",\"initialRows\":\"4\"}', '2018-02-15 17:32:15', '2018-02-15 17:32:15', 'd82e6aac-7a5d-406f-bc5f-be76a89e498b'),
 ('63', '11', 'Lead Image', 'leadImage', 'global', '', '0', 'Assets', '{\"useSingleFolder\":\"\",\"sources\":[\"folder:1\"],\"defaultUploadLocationSource\":\"1\",\"defaultUploadLocationSubpath\":\"\",\"singleUploadLocationSource\":\"1\",\"singleUploadLocationSubpath\":\"\",\"restrictFiles\":\"\",\"limit\":\"1\",\"viewMode\":\"large\",\"selectionLabel\":\"\"}', '2018-02-15 17:32:44', '2018-02-15 17:32:44', '8cf9ff58-0380-409e-ac64-9ce35640dbca'),
 ('64', '11', 'Project Images', 'projectImages', 'global', '', '0', 'Assets', '{\"useSingleFolder\":\"\",\"sources\":[\"folder:1\"],\"defaultUploadLocationSource\":\"1\",\"defaultUploadLocationSubpath\":\"\",\"singleUploadLocationSource\":\"1\",\"singleUploadLocationSubpath\":\"\",\"restrictFiles\":\"\",\"limit\":\"\",\"viewMode\":\"large\",\"selectionLabel\":\"\"}', '2018-02-15 17:33:04', '2018-02-15 17:33:04', '142dbcd7-d846-4c18-ac28-5dc145971b92'),
 ('65', '12', 'Role', 'role', 'global', '', '0', 'PlainText', '{\"placeholder\":\"\",\"maxLength\":\"\",\"multiline\":\"1\",\"initialRows\":\"4\"}', '2018-02-15 17:34:03', '2018-02-15 17:34:03', '2b6db7ce-8142-4d88-beaf-6affd1bddda2'),
 ('66', '12', 'My Job', 'myJob', 'global', '', '0', 'PlainText', '{\"placeholder\":\"\",\"maxLength\":\"\",\"multiline\":\"1\",\"initialRows\":\"4\"}', '2018-02-15 17:34:11', '2018-02-15 17:34:11', '4792296d-bca4-433f-aa31-fdb87a526c41'),
 ('67', '12', 'Why Sonica', 'whySonica', 'global', '', '0', 'PlainText', '{\"placeholder\":\"\",\"maxLength\":\"\",\"multiline\":\"1\",\"initialRows\":\"4\"}', '2018-02-15 17:34:20', '2018-02-15 17:34:20', '55db44a5-e70b-426b-a9b1-d54abe55786a'),
 ('68', '12', 'What I Love Doing', 'whatILoveDoing', 'global', '', '0', 'PlainText', '{\"placeholder\":\"\",\"maxLength\":\"\",\"multiline\":\"1\",\"initialRows\":\"4\"}', '2018-02-15 17:34:29', '2018-02-15 17:34:29', '00cc441d-a27f-423f-ab5b-70ea03a9053f'),
 ('69', '12', 'Email', 'email', 'global', '', '0', 'PlainText', '{\"placeholder\":\"\",\"maxLength\":\"\",\"multiline\":\"1\",\"initialRows\":\"4\"}', '2018-02-15 17:34:37', '2018-02-15 17:34:37', '6b078c8f-a202-42bb-9db7-c8ba0f41b97e'),
 ('70', '12', 'Portrait Image', 'portraitImage', 'global', '', '0', 'Assets', '{\"useSingleFolder\":\"\",\"sources\":[\"folder:4\"],\"defaultUploadLocationSource\":\"4\",\"defaultUploadLocationSubpath\":\"\",\"singleUploadLocationSource\":\"1\",\"singleUploadLocationSubpath\":\"\",\"restrictFiles\":\"\",\"limit\":\"\",\"viewMode\":\"list\",\"selectionLabel\":\"\"}', '2018-02-15 17:34:56', '2018-02-15 17:35:36', 'ec24a24a-b3a8-434d-8619-e49a50583a63'),
 ('71', '12', 'Full Image', 'fullImage', 'global', '', '0', 'Assets', '{\"useSingleFolder\":\"\",\"sources\":[\"folder:4\"],\"defaultUploadLocationSource\":\"4\",\"defaultUploadLocationSubpath\":\"\",\"singleUploadLocationSource\":\"1\",\"singleUploadLocationSubpath\":\"\",\"restrictFiles\":\"\",\"limit\":\"\",\"viewMode\":\"large\",\"selectionLabel\":\"\"}', '2018-02-15 17:35:22', '2018-02-15 17:35:44', '40a614e6-1438-4887-96e9-8aae4165a6b8');



DROP TABLE IF EXISTS `craft_globalsets`;


--
-- Schema for table `craft_globalsets`
--
CREATE TABLE `craft_globalsets` (
  `id` int(11) NOT NULL,
  `name` varchar(255) COLLATE utf8_unicode_ci NOT NULL,
  `handle` varchar(255) COLLATE utf8_unicode_ci NOT NULL,
  `fieldLayoutId` int(10) DEFAULT NULL,
  `dateCreated` datetime NOT NULL,
  `dateUpdated` datetime NOT NULL,
  `uid` char(36) COLLATE utf8_unicode_ci NOT NULL DEFAULT '0',
  PRIMARY KEY (`id`),
  UNIQUE KEY `craft_globalsets_name_unq_idx` (`name`),
  UNIQUE KEY `craft_globalsets_handle_unq_idx` (`handle`),
  KEY `craft_globalsets_fieldLayoutId_fk` (`fieldLayoutId`)
) ENGINE=InnoDB DEFAULT CHARSET=utf8 COLLATE=utf8_unicode_ci;

--
-- Data for table `craft_globalsets`
--

INSERT INTO `craft_globalsets` (`id`, `name`, `handle`, `fieldLayoutId`, `dateCreated`, `dateUpdated`, `uid`) VALUES
 ('9', 'Contact Details', 'contactDetails', '19', '2017-10-13 14:23:03', '2017-10-13 14:28:05', 'd8d38d0a-4030-461c-bfef-fca7b7d58520');



DROP TABLE IF EXISTS `craft_import_entries`;


--
-- Schema for table `craft_import_entries`
--
CREATE TABLE `craft_import_entries` (
  `id` int(11) NOT NULL AUTO_INCREMENT,
  `historyId` int(11) DEFAULT NULL,
  `entryId` int(11) DEFAULT NULL,
  `versionId` int(11) DEFAULT NULL,
  `dateCreated` datetime NOT NULL,
  `dateUpdated` datetime NOT NULL,
  `uid` char(36) COLLATE utf8_unicode_ci NOT NULL DEFAULT '0',
  PRIMARY KEY (`id`),
  KEY `craft_import_entries_historyId_fk` (`historyId`),
  KEY `craft_import_entries_entryId_fk` (`entryId`),
  KEY `craft_import_entries_versionId_fk` (`versionId`)
) ENGINE=InnoDB DEFAULT CHARSET=utf8 COLLATE=utf8_unicode_ci;

DROP TABLE IF EXISTS `craft_import_history`;


--
-- Schema for table `craft_import_history`
--
CREATE TABLE `craft_import_history` (
  `id` int(11) NOT NULL AUTO_INCREMENT,
  `userId` int(11) DEFAULT NULL,
  `type` varchar(255) COLLATE utf8_unicode_ci DEFAULT NULL,
  `file` varchar(255) COLLATE utf8_unicode_ci DEFAULT NULL,
  `rows` int(10) DEFAULT NULL,
  `behavior` enum('append','replace','delete') COLLATE utf8_unicode_ci DEFAULT NULL,
  `status` enum('started','finished','reverted') COLLATE utf8_unicode_ci DEFAULT NULL,
  `dateCreated` datetime NOT NULL,
  `dateUpdated` datetime NOT NULL,
  `uid` char(36) COLLATE utf8_unicode_ci NOT NULL DEFAULT '0',
  PRIMARY KEY (`id`),
  KEY `craft_import_history_userId_fk` (`userId`)
) ENGINE=InnoDB AUTO_INCREMENT=2 DEFAULT CHARSET=utf8 COLLATE=utf8_unicode_ci;

--
-- Data for table `craft_import_history`
--

INSERT INTO `craft_import_history` (`id`, `userId`, `type`, `file`, `rows`, `behavior`, `status`, `dateCreated`, `dateUpdated`, `uid`) VALUES
 ('1', '1', 'Entry', '101', '40', 'append', 'started', '2018-02-15 17:44:19', '2018-02-15 17:44:19', '8e2844d7-1467-4ddf-ad82-8a70821b3f2a');



DROP TABLE IF EXISTS `craft_import_log`;


--
-- Schema for table `craft_import_log`
--
CREATE TABLE `craft_import_log` (
  `id` int(11) NOT NULL AUTO_INCREMENT,
  `historyId` int(11) DEFAULT NULL,
  `line` int(10) DEFAULT NULL,
  `errors` text COLLATE utf8_unicode_ci,
  `dateCreated` datetime NOT NULL,
  `dateUpdated` datetime NOT NULL,
  `uid` char(36) COLLATE utf8_unicode_ci NOT NULL DEFAULT '0',
  PRIMARY KEY (`id`),
  KEY `craft_import_log_historyId_fk` (`historyId`)
) ENGINE=InnoDB DEFAULT CHARSET=utf8 COLLATE=utf8_unicode_ci;

DROP TABLE IF EXISTS `craft_info`;


--
-- Schema for table `craft_info`
--
CREATE TABLE `craft_info` (
  `id` int(11) NOT NULL AUTO_INCREMENT,
  `version` varchar(50) COLLATE utf8_unicode_ci NOT NULL,
  `schemaVersion` varchar(15) COLLATE utf8_unicode_ci NOT NULL,
  `edition` tinyint(1) unsigned NOT NULL DEFAULT '0',
  `siteName` varchar(100) COLLATE utf8_unicode_ci NOT NULL,
  `siteUrl` varchar(255) COLLATE utf8_unicode_ci NOT NULL,
  `timezone` varchar(30) COLLATE utf8_unicode_ci DEFAULT NULL,
  `on` tinyint(1) unsigned NOT NULL DEFAULT '0',
  `maintenance` tinyint(1) unsigned NOT NULL DEFAULT '0',
  `dateCreated` datetime NOT NULL,
  `dateUpdated` datetime NOT NULL,
  `uid` char(36) COLLATE utf8_unicode_ci NOT NULL DEFAULT '0',
  PRIMARY KEY (`id`)
) ENGINE=InnoDB AUTO_INCREMENT=2 DEFAULT CHARSET=utf8 COLLATE=utf8_unicode_ci;

--
-- Data for table `craft_info`
--

INSERT INTO `craft_info` (`id`, `version`, `schemaVersion`, `edition`, `siteName`, `siteUrl`, `timezone`, `on`, `maintenance`, `dateCreated`, `dateUpdated`, `uid`) VALUES
 ('1', '2.6.3005', '2.6.13', '2', 'Sonica', 'http://localhost:8888/459001-Sonica/', 'UTC', '1', '0', '2017-10-13 11:04:14', '2018-02-15 17:13:06', 'd4513535-75d0-40be-bef2-f02904d20a2d');



DROP TABLE IF EXISTS `craft_locales`;


--
-- Schema for table `craft_locales`
--
CREATE TABLE `craft_locales` (
  `locale` char(12) COLLATE utf8_unicode_ci NOT NULL,
  `sortOrder` smallint(6) unsigned DEFAULT NULL,
  `dateCreated` datetime NOT NULL,
  `dateUpdated` datetime NOT NULL,
  `uid` char(36) COLLATE utf8_unicode_ci NOT NULL DEFAULT '0',
  PRIMARY KEY (`locale`),
  KEY `craft_locales_sortOrder_idx` (`sortOrder`)
) ENGINE=InnoDB DEFAULT CHARSET=utf8 COLLATE=utf8_unicode_ci;

--
-- Data for table `craft_locales`
--

INSERT INTO `craft_locales` (`locale`, `sortOrder`, `dateCreated`, `dateUpdated`, `uid`) VALUES
 ('en_ie', '1', '2017-10-13 11:04:14', '2017-10-13 11:04:14', 'e58ad645-71d5-4ff5-97c8-11c3e51e0a17');



DROP TABLE IF EXISTS `craft_matrixblocks`;


--
-- Schema for table `craft_matrixblocks`
--
CREATE TABLE `craft_matrixblocks` (
  `id` int(11) NOT NULL,
  `ownerId` int(11) NOT NULL,
  `fieldId` int(11) NOT NULL,
  `typeId` int(11) DEFAULT NULL,
  `sortOrder` smallint(6) unsigned DEFAULT NULL,
  `ownerLocale` char(12) COLLATE utf8_unicode_ci DEFAULT NULL,
  `dateCreated` datetime NOT NULL,
  `dateUpdated` datetime NOT NULL,
  `uid` char(36) COLLATE utf8_unicode_ci NOT NULL DEFAULT '0',
  PRIMARY KEY (`id`),
  KEY `craft_matrixblocks_ownerId_idx` (`ownerId`),
  KEY `craft_matrixblocks_fieldId_idx` (`fieldId`),
  KEY `craft_matrixblocks_typeId_idx` (`typeId`),
  KEY `craft_matrixblocks_sortOrder_idx` (`sortOrder`),
  KEY `craft_matrixblocks_ownerLocale_fk` (`ownerLocale`)
) ENGINE=InnoDB DEFAULT CHARSET=utf8 COLLATE=utf8_unicode_ci;

DROP TABLE IF EXISTS `craft_matrixblocktypes`;


--
-- Schema for table `craft_matrixblocktypes`
--
CREATE TABLE `craft_matrixblocktypes` (
  `id` int(11) NOT NULL AUTO_INCREMENT,
  `fieldId` int(11) NOT NULL,
  `fieldLayoutId` int(11) DEFAULT NULL,
  `name` varchar(255) COLLATE utf8_unicode_ci NOT NULL,
  `handle` varchar(255) COLLATE utf8_unicode_ci NOT NULL,
  `sortOrder` smallint(6) unsigned DEFAULT NULL,
  `dateCreated` datetime NOT NULL,
  `dateUpdated` datetime NOT NULL,
  `uid` char(36) COLLATE utf8_unicode_ci NOT NULL DEFAULT '0',
  PRIMARY KEY (`id`),
  UNIQUE KEY `craft_matrixblocktypes_name_fieldId_unq_idx` (`name`,`fieldId`),
  UNIQUE KEY `craft_matrixblocktypes_handle_fieldId_unq_idx` (`handle`,`fieldId`),
  KEY `craft_matrixblocktypes_fieldId_fk` (`fieldId`),
  KEY `craft_matrixblocktypes_fieldLayoutId_fk` (`fieldLayoutId`)
) ENGINE=InnoDB DEFAULT CHARSET=utf8 COLLATE=utf8_unicode_ci;

DROP TABLE IF EXISTS `craft_migrations`;


--
-- Schema for table `craft_migrations`
--
CREATE TABLE `craft_migrations` (
  `id` int(11) NOT NULL AUTO_INCREMENT,
  `pluginId` int(11) DEFAULT NULL,
  `version` varchar(255) COLLATE utf8_unicode_ci NOT NULL,
  `applyTime` datetime NOT NULL,
  `dateCreated` datetime NOT NULL,
  `dateUpdated` datetime NOT NULL,
  `uid` char(36) COLLATE utf8_unicode_ci NOT NULL DEFAULT '0',
  PRIMARY KEY (`id`),
  UNIQUE KEY `craft_migrations_version_unq_idx` (`version`),
  KEY `craft_migrations_pluginId_fk` (`pluginId`)
) ENGINE=InnoDB AUTO_INCREMENT=84 DEFAULT CHARSET=utf8 COLLATE=utf8_unicode_ci;

--
-- Data for table `craft_migrations`
--

INSERT INTO `craft_migrations` (`id`, `pluginId`, `version`, `applyTime`, `dateCreated`, `dateUpdated`, `uid`) VALUES
 ('1', NULL, 'm000000_000000_base', '2017-10-13 11:04:14', '2017-10-13 11:04:14', '2017-10-13 11:04:14', 'aa4d696f-c849-4cab-8589-1e7b0b9ea314'),
 ('2', NULL, 'm140730_000001_add_filename_and_format_to_transformindex', '2017-10-13 11:04:14', '2017-10-13 11:04:14', '2017-10-13 11:04:14', '81b0507e-e282-4432-8528-6cfc05d3bb27'),
 ('3', NULL, 'm140815_000001_add_format_to_transforms', '2017-10-13 11:04:14', '2017-10-13 11:04:14', '2017-10-13 11:04:14', 'e8651b7d-1b3f-4fc8-8051-bc66a4baeae0'),
 ('4', NULL, 'm140822_000001_allow_more_than_128_items_per_field', '2017-10-13 11:04:14', '2017-10-13 11:04:14', '2017-10-13 11:04:14', '4940b509-2370-469c-bf8a-5f95959da5d7'),
 ('5', NULL, 'm140829_000001_single_title_formats', '2017-10-13 11:04:14', '2017-10-13 11:04:14', '2017-10-13 11:04:14', '08a57243-40a9-487f-8c08-be02e5a60a15'),
 ('6', NULL, 'm140831_000001_extended_cache_keys', '2017-10-13 11:04:14', '2017-10-13 11:04:14', '2017-10-13 11:04:14', '4337d03e-02ce-4301-8c74-fd73826d4a53'),
 ('7', NULL, 'm140922_000001_delete_orphaned_matrix_blocks', '2017-10-13 11:04:14', '2017-10-13 11:04:14', '2017-10-13 11:04:14', 'b7ff6334-3d34-4a54-a73d-26d9e3d34da5'),
 ('8', NULL, 'm141008_000001_elements_index_tune', '2017-10-13 11:04:14', '2017-10-13 11:04:14', '2017-10-13 11:04:14', 'd40548b1-b5aa-4b65-89e0-a83342a5bb01'),
 ('9', NULL, 'm141009_000001_assets_source_handle', '2017-10-13 11:04:14', '2017-10-13 11:04:14', '2017-10-13 11:04:14', '46c2c75b-91c4-4222-a796-ae2d2226ddac'),
 ('10', NULL, 'm141024_000001_field_layout_tabs', '2017-10-13 11:04:14', '2017-10-13 11:04:14', '2017-10-13 11:04:14', '7c3cc157-a889-48d6-950d-ebafc3d59fb3'),
 ('11', NULL, 'm141030_000000_plugin_schema_versions', '2017-10-13 11:04:14', '2017-10-13 11:04:14', '2017-10-13 11:04:14', '0278bdc5-a005-446a-a55f-4de18d0a22e1'),
 ('12', NULL, 'm141030_000001_drop_structure_move_permission', '2017-10-13 11:04:14', '2017-10-13 11:04:14', '2017-10-13 11:04:14', 'c020c4d8-534a-4066-aa1f-bdbe411865aa'),
 ('13', NULL, 'm141103_000001_tag_titles', '2017-10-13 11:04:14', '2017-10-13 11:04:14', '2017-10-13 11:04:14', 'dd50ebcd-d2d2-4233-aa88-61ac99c7455a'),
 ('14', NULL, 'm141109_000001_user_status_shuffle', '2017-10-13 11:04:14', '2017-10-13 11:04:14', '2017-10-13 11:04:14', '0e2ef9d3-de72-42b7-ab0b-bcdabef2af26'),
 ('15', NULL, 'm141126_000001_user_week_start_day', '2017-10-13 11:04:14', '2017-10-13 11:04:14', '2017-10-13 11:04:14', '2f13171d-1c18-4a17-8717-3798be2051e3'),
 ('16', NULL, 'm150210_000001_adjust_user_photo_size', '2017-10-13 11:04:14', '2017-10-13 11:04:14', '2017-10-13 11:04:14', 'ed7d247f-6d71-4c39-861b-24194cc53f11'),
 ('17', NULL, 'm150724_000001_adjust_quality_settings', '2017-10-13 11:04:14', '2017-10-13 11:04:14', '2017-10-13 11:04:14', 'ba863447-7ffc-4f77-8e0c-ce2ef8078bc0'),
 ('18', NULL, 'm150827_000000_element_index_settings', '2017-10-13 11:04:14', '2017-10-13 11:04:14', '2017-10-13 11:04:14', '88b755fc-3af4-43db-8e5c-535c059edec6'),
 ('19', NULL, 'm150918_000001_add_colspan_to_widgets', '2017-10-13 11:04:14', '2017-10-13 11:04:14', '2017-10-13 11:04:14', 'c80b8dc2-e83b-4a71-9d78-0b6de7325fdc'),
 ('20', NULL, 'm151007_000000_clear_asset_caches', '2017-10-13 11:04:14', '2017-10-13 11:04:14', '2017-10-13 11:04:14', 'db8b464a-c3fc-42e3-93f3-c34456c389bd'),
 ('21', NULL, 'm151109_000000_text_url_formats', '2017-10-13 11:04:14', '2017-10-13 11:04:14', '2017-10-13 11:04:14', 'd2f20107-3736-4030-a639-4a0f9b3c332f'),
 ('22', NULL, 'm151110_000000_move_logo', '2017-10-13 11:04:14', '2017-10-13 11:04:14', '2017-10-13 11:04:14', '963c3715-4734-4289-8196-310e900059ba'),
 ('23', NULL, 'm151117_000000_adjust_image_widthheight', '2017-10-13 11:04:14', '2017-10-13 11:04:14', '2017-10-13 11:04:14', '2da0f216-37d0-4407-a8c1-6e156ed9db2d'),
 ('24', NULL, 'm151127_000000_clear_license_key_status', '2017-10-13 11:04:14', '2017-10-13 11:04:14', '2017-10-13 11:04:14', 'ca0877f1-01dc-48a2-b67c-6213d7158bcd'),
 ('25', NULL, 'm151127_000000_plugin_license_keys', '2017-10-13 11:04:14', '2017-10-13 11:04:14', '2017-10-13 11:04:14', 'daa5cca6-d403-40f5-b9fb-fa05845973ef'),
 ('26', NULL, 'm151130_000000_update_pt_widget_feeds', '2017-10-13 11:04:14', '2017-10-13 11:04:14', '2017-10-13 11:04:14', 'b6232690-b861-4888-93a6-68332000e6f5'),
 ('27', NULL, 'm160114_000000_asset_sources_public_url_default_true', '2017-10-13 11:04:14', '2017-10-13 11:04:14', '2017-10-13 11:04:14', '63228c77-351a-46ff-9a78-5523a64cf976'),
 ('28', NULL, 'm160223_000000_sortorder_to_smallint', '2017-10-13 11:04:14', '2017-10-13 11:04:14', '2017-10-13 11:04:14', 'ca24444e-980a-4a4a-b4d4-01a79102dd29'),
 ('29', NULL, 'm160229_000000_set_default_entry_statuses', '2017-10-13 11:04:14', '2017-10-13 11:04:14', '2017-10-13 11:04:14', 'f1a1be63-1f45-4138-8042-590ec137da32'),
 ('30', NULL, 'm160304_000000_client_permissions', '2017-10-13 11:04:14', '2017-10-13 11:04:14', '2017-10-13 11:04:14', 'ab53107d-e463-47f0-9ffb-c297c9f2d22d'),
 ('31', NULL, 'm160322_000000_asset_filesize', '2017-10-13 11:04:14', '2017-10-13 11:04:14', '2017-10-13 11:04:14', 'a9cc5adb-89c6-40bb-b9a4-c6d659e2dc17'),
 ('32', NULL, 'm160503_000000_orphaned_fieldlayouts', '2017-10-13 11:04:14', '2017-10-13 11:04:14', '2017-10-13 11:04:14', 'a1d277b6-baaf-40ee-924f-1d22bbb3ed0f'),
 ('33', NULL, 'm160510_000000_tasksettings', '2017-10-13 11:04:14', '2017-10-13 11:04:14', '2017-10-13 11:04:14', '3b68c5c9-5c62-4da8-a435-1c12dacc7d8a'),
 ('34', NULL, 'm160829_000000_pending_user_content_cleanup', '2017-10-13 11:04:14', '2017-10-13 11:04:14', '2017-10-13 11:04:14', 'e91cc56f-fdfc-4b7e-9c0b-5fbd9a295d11'),
 ('35', NULL, 'm160830_000000_asset_index_uri_increase', '2017-10-13 11:04:14', '2017-10-13 11:04:14', '2017-10-13 11:04:14', 'ae4fd9c5-bcde-4243-82bf-553e1281e179'),
 ('36', NULL, 'm160919_000000_usergroup_handle_title_unique', '2017-10-13 11:04:14', '2017-10-13 11:04:14', '2017-10-13 11:04:14', '1ef5cdb2-e46d-45e0-ad78-2e316567eb6b'),
 ('37', NULL, 'm161108_000000_new_version_format', '2017-10-13 11:04:14', '2017-10-13 11:04:14', '2017-10-13 11:04:14', '259d2ea9-cb86-465b-a6aa-530f371712d3'),
 ('38', NULL, 'm161109_000000_index_shuffle', '2017-10-13 11:04:14', '2017-10-13 11:04:14', '2017-10-13 11:04:14', '4aa2f890-fa3f-43aa-bde3-f78bb1616c0d'),
 ('39', NULL, 'm170612_000000_route_index_shuffle', '2017-10-13 11:04:14', '2017-10-13 11:04:14', '2017-10-13 11:04:14', '95f92c55-f66f-46ce-8af8-feec7ba90d4a'),
 ('40', '4', 'm151225_000000_seomatic_addHumansField', '2017-10-13 13:41:25', '2017-10-13 13:41:25', '2017-10-13 13:41:25', '505bc2f8-39cb-40f2-9b2d-b968520079d9'),
 ('41', '4', 'm151226_000000_seomatic_addTwitterFacebookFields', '2017-10-13 13:41:25', '2017-10-13 13:41:25', '2017-10-13 13:41:25', 'b64a6793-f242-4669-91cf-14f067c682b8'),
 ('42', '4', 'm160101_000000_seomatic_addRobotsFields', '2017-10-13 13:41:25', '2017-10-13 13:41:25', '2017-10-13 13:41:25', '96f9b340-8ee8-4787-a2a1-17627e69f3c1'),
 ('43', '4', 'm160111_000000_seomatic_addTitleFields', '2017-10-13 13:41:25', '2017-10-13 13:41:25', '2017-10-13 13:41:25', '13ea9a9c-ce3e-49bc-848e-7152f8dbd1d3'),
 ('44', '4', 'm160122_000000_seomatic_addTypeFields', '2017-10-13 13:41:25', '2017-10-13 13:41:25', '2017-10-13 13:41:25', '9568d9fb-219a-4ee0-baab-d5d966ea692d'),
 ('45', '4', 'm160123_000000_seomatic_addOpeningHours', '2017-10-13 13:41:25', '2017-10-13 13:41:25', '2017-10-13 13:41:25', 'c6341774-47f0-47e9-9025-111c3fe2b3fb'),
 ('46', '4', 'm160202_000000_seomatic_addSocialHandles', '2017-10-13 13:41:25', '2017-10-13 13:41:25', '2017-10-13 13:41:25', '282b4ee9-a189-41ee-8a1d-103f170879bf'),
 ('47', '4', 'm160204_000000_seomatic_addGoogleAnalytics', '2017-10-13 13:41:25', '2017-10-13 13:41:25', '2017-10-13 13:41:25', '1df5ba0f-8352-49fc-a1e0-e5dff6429352'),
 ('48', '4', 'm160205_000000_seomatic_addResturantMenu', '2017-10-13 13:41:25', '2017-10-13 13:41:25', '2017-10-13 13:41:25', 'bbc7893b-5b7a-410d-bd0c-4e3e809c8987'),
 ('49', '4', 'm160206_000000_seomatic_addGoogleAnalyticsPlugins', '2017-10-13 13:41:25', '2017-10-13 13:41:25', '2017-10-13 13:41:25', 'f20fff59-7a9c-4b38-a719-367749402aba'),
 ('50', '4', 'm160206_000000_seomatic_addGoogleAnalyticsSendPageView', '2017-10-13 13:41:25', '2017-10-13 13:41:25', '2017-10-13 13:41:25', 'f4080984-3691-4b1a-a8fd-94c76f53e29b'),
 ('51', '4', 'm160209_000000_seomatic_alterDescriptionsColumns', '2017-10-13 13:41:25', '2017-10-13 13:41:25', '2017-10-13 13:41:25', 'ccf7a4a5-2238-43d9-b8cf-6ceca45515f3'),
 ('52', '4', 'm160209_000001_seomatic_addRobotsTxt', '2017-10-13 13:41:25', '2017-10-13 13:41:25', '2017-10-13 13:41:25', 'cd726356-d338-462e-8d0d-b2c813010720'),
 ('53', '4', 'm160227_000000_seomatic_addFacebookAppId', '2017-10-13 13:41:25', '2017-10-13 13:41:25', '2017-10-13 13:41:25', '275674a5-9d51-4161-83eb-f0b3ca5f39d7'),
 ('54', '4', 'm160416_000000_seomatic_addContactPoints', '2017-10-13 13:41:25', '2017-10-13 13:41:25', '2017-10-13 13:41:25', 'a1bf5aff-45b7-430e-ac69-8fbfddb3467e'),
 ('55', '4', 'm160509_000000_seomatic_addSiteLinksBing', '2017-10-13 13:41:25', '2017-10-13 13:41:25', '2017-10-13 13:41:25', '4a749642-2713-4db6-b516-f5c4183d7c9f'),
 ('56', '4', 'm160707_000000_seomatic_addGoogleTagManager', '2017-10-13 13:41:25', '2017-10-13 13:41:25', '2017-10-13 13:41:25', '4c3c1670-6d7f-4d98-836b-ce360f02b7ef'),
 ('57', '4', 'm160715_000000_seomatic_addSeoImageTransforms', '2017-10-13 13:41:25', '2017-10-13 13:41:25', '2017-10-13 13:41:25', '56455967-a63c-4059-a55b-b2ed3d90432c'),
 ('58', '4', 'm160723_000000_seomatic_addSeoMainEntityOfPage', '2017-10-13 13:41:25', '2017-10-13 13:41:25', '2017-10-13 13:41:25', '8514c045-56f8-40eb-ad03-e64ce8e8ce4b'),
 ('59', '4', 'm160724_000000_seomatic_addSeoMainEntityCategory', '2017-10-13 13:41:25', '2017-10-13 13:41:25', '2017-10-13 13:41:25', '7601a207-aee6-4f05-a25a-5b16022fe95b'),
 ('60', '4', 'm160811_000000_seomatic_addVimeo', '2017-10-13 13:41:25', '2017-10-13 13:41:25', '2017-10-13 13:41:25', '07e2fc63-1953-4f0d-a93f-7a7ebde8e5f1'),
 ('61', '4', 'm160904_000000_seomatic_addTwitterFacebookImages', '2017-10-13 13:41:25', '2017-10-13 13:41:25', '2017-10-13 13:41:25', '8703849b-7656-4857-8711-cdd956c18fb8'),
 ('62', '4', 'm161220_000000_seomatic_addPriceRange', '2017-10-13 13:41:25', '2017-10-13 13:41:25', '2017-10-13 13:41:25', '67450f45-2e13-43d0-b133-9734659807a4'),
 ('63', '4', 'm170212_000000_seomatic_addGoogleAnalyticsAnonymizeIp', '2017-10-13 13:41:25', '2017-10-13 13:41:25', '2017-10-13 13:41:25', 'ea6fa33a-0a30-400e-a594-ee586498d242'),
 ('64', '4', 'm170212_000000_seomatic_addWikipedia', '2017-10-13 13:41:25', '2017-10-13 13:41:25', '2017-10-13 13:41:25', '7beed305-359c-4c23-bfac-ed25f0c19b82'),
 ('65', '5', 'm170216_100000_vzurl_to_text_column', '2017-10-13 14:25:32', '2017-10-13 14:25:32', '2017-10-13 14:25:32', '5b559a19-8542-40da-9429-d9b4d53d909b'),
 ('67', NULL, 'm171107_000000_assign_group_permissions', '2017-12-04 20:52:05', '2017-12-04 20:52:05', '2017-12-04 20:52:05', '54b38d60-d3df-40ea-8cae-51ef4afa9780'),
 ('68', NULL, 'm171117_000001_templatecache_index_tune', '2017-12-04 20:52:05', '2017-12-04 20:52:05', '2017-12-04 20:52:05', '23ebd018-877a-4b6c-8fbc-1e76c309b85b'),
 ('69', NULL, 'm171204_000001_templatecache_index_tune_deux', '2018-01-22 16:54:06', '2018-01-22 16:54:06', '2018-01-22 16:54:06', 'd0a51498-fec0-4d95-a3b7-0087bf788cff'),
 ('70', '10', 'm150901_144609_superTable_fixForContentTables', '2018-01-25 15:10:26', '2018-01-25 15:10:26', '2018-01-25 15:10:26', '03e0fe43-4687-4947-94ac-e2d34e85dc2b'),
 ('81', '13', 'm140430_122214_import_ImportHistory', '2018-02-15 17:39:19', '2018-02-15 17:39:19', '2018-02-15 17:39:19', 'b61d132d-7467-47c5-8a68-a4e3896e28a2'),
 ('82', '13', 'm140616_080724_import_saveEntryIdAndVersion', '2018-02-15 17:39:19', '2018-02-15 17:39:19', '2018-02-15 17:39:19', '6a452bea-6038-485f-8527-3d1eebe2e8e6'),
 ('83', '13', 'm140903_075432_import_ImportElements', '2018-02-15 17:39:19', '2018-02-15 17:39:19', '2018-02-15 17:39:19', '12b741fd-1c3b-4617-b014-10e13718a6cf');



DROP TABLE IF EXISTS `craft_plugins`;


--
-- Schema for table `craft_plugins`
--
CREATE TABLE `craft_plugins` (
  `id` int(11) NOT NULL AUTO_INCREMENT,
  `class` varchar(150) COLLATE utf8_unicode_ci NOT NULL,
  `version` varchar(15) COLLATE utf8_unicode_ci NOT NULL,
  `schemaVersion` varchar(15) COLLATE utf8_unicode_ci DEFAULT NULL,
  `licenseKey` char(24) COLLATE utf8_unicode_ci DEFAULT NULL,
  `licenseKeyStatus` enum('valid','invalid','mismatched','unknown') COLLATE utf8_unicode_ci NOT NULL DEFAULT 'unknown',
  `enabled` tinyint(1) unsigned NOT NULL DEFAULT '0',
  `settings` text COLLATE utf8_unicode_ci,
  `installDate` datetime NOT NULL,
  `dateCreated` datetime NOT NULL,
  `dateUpdated` datetime NOT NULL,
  `uid` char(36) COLLATE utf8_unicode_ci NOT NULL DEFAULT '0',
  PRIMARY KEY (`id`)
) ENGINE=InnoDB AUTO_INCREMENT=14 DEFAULT CHARSET=utf8 COLLATE=utf8_unicode_ci;

--
-- Data for table `craft_plugins`
--

INSERT INTO `craft_plugins` (`id`, `class`, `version`, `schemaVersion`, `licenseKey`, `licenseKeyStatus`, `enabled`, `settings`, `installDate`, `dateCreated`, `dateUpdated`, `uid`) VALUES
 ('2', 'Imager', '1.6.4', '1.0.0', NULL, 'unknown', '1', NULL, '2017-10-13 13:41:21', '2017-10-13 13:41:21', '2018-01-25 23:20:57', '2e881bcd-f48d-46e6-83a9-95d91e3622a8'),
 ('3', 'RedactorTweaks', '1.0.0', NULL, NULL, 'unknown', '1', NULL, '2017-10-13 13:41:23', '2017-10-13 13:41:23', '2018-01-25 23:20:57', '56c9eb2a-71a4-4ac0-9778-23f4ed0a1b41'),
 ('4', 'Seomatic', '1.1.56', '1.1.25', NULL, 'unknown', '1', '{\"pluginNameOverride\":\"Meta\"}', '2017-10-13 13:41:25', '2017-10-13 13:41:25', '2018-01-25 23:20:57', '0c85d958-9437-482e-bdc4-725b3677e03f'),
 ('5', 'VzUrl', '1.1.1', '1.2', NULL, 'unknown', '1', NULL, '2017-10-13 14:25:32', '2017-10-13 14:25:32', '2018-01-25 23:20:57', '619805e5-3228-42cb-9a42-3556b2de3047'),
 ('6', 'Relabel', '0.1.3', '1.0.0', NULL, 'unknown', '1', NULL, '2017-10-13 15:13:39', '2017-10-13 15:13:39', '2018-01-25 23:20:57', '5db9f054-ec51-4ef7-9969-6417a2d1c157'),
 ('9', 'Inlin', '1.1', NULL, NULL, 'unknown', '1', NULL, '2017-11-21 23:26:27', '2017-11-21 23:26:27', '2018-01-25 23:20:57', '5dd75bb9-22e5-409b-8614-7211b1de9ca7'),
 ('10', 'SuperTable', '1.0.6', '1.0.0', NULL, 'unknown', '1', NULL, '2018-01-25 15:10:26', '2018-01-25 15:10:26', '2018-01-25 23:20:57', '485f8ecf-13d1-4c21-bcf4-b8004fde36b7'),
 ('11', 'WidontExtension', '1.0', NULL, NULL, 'unknown', '1', NULL, '2018-01-25 23:22:15', '2018-01-25 23:22:15', '2018-01-25 23:22:15', '6d007839-58d2-4677-8144-91e796fa775b'),
 ('13', 'Import', '0.8.34', NULL, NULL, 'unknown', '1', NULL, '2018-02-15 17:39:19', '2018-02-15 17:39:19', '2018-02-15 17:39:19', '615dd4dc-070b-4190-a384-0917a758447d');



DROP TABLE IF EXISTS `craft_rackspaceaccess`;


--
-- Schema for table `craft_rackspaceaccess`
--
CREATE TABLE `craft_rackspaceaccess` (
  `id` int(11) NOT NULL AUTO_INCREMENT,
  `connectionKey` varchar(255) COLLATE utf8_unicode_ci NOT NULL,
  `token` varchar(255) COLLATE utf8_unicode_ci NOT NULL,
  `storageUrl` varchar(255) COLLATE utf8_unicode_ci NOT NULL,
  `cdnUrl` varchar(255) COLLATE utf8_unicode_ci NOT NULL,
  `dateCreated` datetime NOT NULL,
  `dateUpdated` datetime NOT NULL,
  `uid` char(36) COLLATE utf8_unicode_ci NOT NULL DEFAULT '0',
  PRIMARY KEY (`id`),
  UNIQUE KEY `craft_rackspaceaccess_connectionKey_unq_idx` (`connectionKey`)
) ENGINE=InnoDB DEFAULT CHARSET=utf8 COLLATE=utf8_unicode_ci;

DROP TABLE IF EXISTS `craft_relabel`;


--
-- Schema for table `craft_relabel`
--
CREATE TABLE `craft_relabel` (
  `id` int(11) NOT NULL AUTO_INCREMENT,
  `fieldId` int(11) DEFAULT NULL,
  `fieldLayoutId` int(11) DEFAULT NULL,
  `name` varchar(255) COLLATE utf8_unicode_ci DEFAULT NULL,
  `instructions` varchar(255) COLLATE utf8_unicode_ci DEFAULT NULL,
  `dateCreated` datetime NOT NULL,
  `dateUpdated` datetime NOT NULL,
  `uid` char(36) COLLATE utf8_unicode_ci NOT NULL DEFAULT '0',
  PRIMARY KEY (`id`),
  KEY `craft_relabel_fieldId_fk` (`fieldId`),
  KEY `craft_relabel_fieldLayoutId_fk` (`fieldLayoutId`)
) ENGINE=InnoDB AUTO_INCREMENT=27 DEFAULT CHARSET=utf8 COLLATE=utf8_unicode_ci;

DROP TABLE IF EXISTS `craft_relations`;


--
-- Schema for table `craft_relations`
--
CREATE TABLE `craft_relations` (
  `id` int(11) NOT NULL AUTO_INCREMENT,
  `fieldId` int(11) NOT NULL,
  `sourceId` int(11) NOT NULL,
  `sourceLocale` char(12) COLLATE utf8_unicode_ci DEFAULT NULL,
  `targetId` int(11) NOT NULL,
  `sortOrder` smallint(6) DEFAULT NULL,
  `dateCreated` datetime NOT NULL,
  `dateUpdated` datetime NOT NULL,
  `uid` char(36) COLLATE utf8_unicode_ci NOT NULL DEFAULT '0',
  PRIMARY KEY (`id`),
  UNIQUE KEY `craft_relations_fieldId_sourceId_sourceLocale_targetId_unq_idx` (`fieldId`,`sourceId`,`sourceLocale`,`targetId`),
  KEY `craft_relations_sourceId_fk` (`sourceId`),
  KEY `craft_relations_sourceLocale_fk` (`sourceLocale`),
  KEY `craft_relations_targetId_fk` (`targetId`)
) ENGINE=InnoDB AUTO_INCREMENT=75 DEFAULT CHARSET=utf8 COLLATE=utf8_unicode_ci;

DROP TABLE IF EXISTS `craft_routes`;


--
-- Schema for table `craft_routes`
--
CREATE TABLE `craft_routes` (
  `id` int(11) NOT NULL AUTO_INCREMENT,
  `locale` char(12) COLLATE utf8_unicode_ci DEFAULT NULL,
  `urlParts` varchar(255) COLLATE utf8_unicode_ci NOT NULL,
  `urlPattern` varchar(255) COLLATE utf8_unicode_ci NOT NULL,
  `template` varchar(255) COLLATE utf8_unicode_ci NOT NULL,
  `sortOrder` smallint(6) unsigned DEFAULT NULL,
  `dateCreated` datetime NOT NULL,
  `dateUpdated` datetime NOT NULL,
  `uid` char(36) COLLATE utf8_unicode_ci NOT NULL DEFAULT '0',
  PRIMARY KEY (`id`),
  KEY `craft_routes_locale_idx` (`locale`),
  KEY `craft_routes_urlPattern_idx` (`urlPattern`)
) ENGINE=InnoDB DEFAULT CHARSET=utf8 COLLATE=utf8_unicode_ci;

DROP TABLE IF EXISTS `craft_searchindex`;


--
-- Schema for table `craft_searchindex`
--
CREATE TABLE `craft_searchindex` (
  `elementId` int(11) NOT NULL,
  `attribute` varchar(25) COLLATE utf8_unicode_ci NOT NULL,
  `fieldId` int(11) NOT NULL,
  `locale` char(12) COLLATE utf8_unicode_ci NOT NULL,
  `keywords` text COLLATE utf8_unicode_ci NOT NULL,
  PRIMARY KEY (`elementId`,`attribute`,`fieldId`,`locale`),
  FULLTEXT KEY `craft_searchindex_keywords_idx` (`keywords`)
) ENGINE=MyISAM DEFAULT CHARSET=utf8 COLLATE=utf8_unicode_ci;

--
-- Data for table `craft_searchindex`
--

INSERT INTO `craft_searchindex` (`elementId`, `attribute`, `fieldId`, `locale`, `keywords`) VALUES
 ('1', 'username', '0', 'en_ie', ' workgroup '),
 ('1', 'firstname', '0', 'en_ie', ''),
 ('1', 'lastname', '0', 'en_ie', ''),
 ('1', 'fullname', '0', 'en_ie', ''),
 ('1', 'email', '0', 'en_ie', ' david workgroup ie '),
 ('1', 'slug', '0', 'en_ie', ''),
 ('100', 'filename', '0', 'en_ie', ' case csv '),
 ('100', 'extension', '0', 'en_ie', ' csv '),
 ('100', 'kind', '0', 'en_ie', ' unknown '),
 ('100', 'slug', '0', 'en_ie', ' case '),
 ('100', 'title', '0', 'en_ie', ' case '),
 ('101', 'filename', '0', 'en_ie', ' case csv '),
 ('101', 'extension', '0', 'en_ie', ' csv '),
 ('101', 'kind', '0', 'en_ie', ' unknown '),
 ('101', 'slug', '0', 'en_ie', ' case '),
 ('101', 'title', '0', 'en_ie', ' case '),
 ('9', 'slug', '0', 'en_ie', ''),
 ('9', 'field', '9', 'en_ie', ''),
 ('9', 'field', '10', 'en_ie', ''),
 ('9', 'field', '11', 'en_ie', ' 353 1 663 8704 '),
 ('9', 'field', '12', 'en_ie', ''),
 ('9', 'field', '13', 'en_ie', ''),
 ('9', 'field', '14', 'en_ie', ''),
 ('9', 'field', '15', 'en_ie', ' https www google ie maps search finlay mulligan accountants 53 297235 6 140327 5328m data= 3m1 4b1 source=embed hl=en dg=dbrw newdg=1 '),
 ('82', 'title', '0', 'en_ie', ' photo1 '),
 ('82', 'slug', '0', 'en_ie', ' photo1 '),
 ('82', 'kind', '0', 'en_ie', ' image '),
 ('82', 'extension', '0', 'en_ie', ' jpg '),
 ('82', 'filename', '0', 'en_ie', ' photo1 jpg '),
 ('81', 'title', '0', 'en_ie', ' photo '),
 ('81', 'slug', '0', 'en_ie', ' photo '),
 ('81', 'kind', '0', 'en_ie', ' image '),
 ('81', 'extension', '0', 'en_ie', ' jpg '),
 ('81', 'filename', '0', 'en_ie', ' photo jpg '),
 ('77', 'filename', '0', 'en_ie', ' dw about jpg '),
 ('77', 'extension', '0', 'en_ie', ' jpg '),
 ('77', 'kind', '0', 'en_ie', ' image '),
 ('77', 'slug', '0', 'en_ie', ' dw about '),
 ('77', 'title', '0', 'en_ie', ' dw about '),
 ('78', 'filename', '0', 'en_ie', ' dw careers jpg '),
 ('78', 'extension', '0', 'en_ie', ' jpg '),
 ('78', 'kind', '0', 'en_ie', ' image '),
 ('78', 'slug', '0', 'en_ie', ' dw careers '),
 ('78', 'title', '0', 'en_ie', ' dw careers '),
 ('79', 'filename', '0', 'en_ie', ' dw careers alt jpg '),
 ('79', 'extension', '0', 'en_ie', ' jpg '),
 ('79', 'kind', '0', 'en_ie', ' image '),
 ('79', 'slug', '0', 'en_ie', ' dw careers alt '),
 ('79', 'title', '0', 'en_ie', ' dw careers alt '),
 ('80', 'filename', '0', 'en_ie', ' home bg jpg '),
 ('80', 'extension', '0', 'en_ie', ' jpg '),
 ('80', 'kind', '0', 'en_ie', ' image '),
 ('80', 'slug', '0', 'en_ie', ' home bg '),
 ('80', 'title', '0', 'en_ie', ' home bg '),
 ('86', 'filename', '0', 'en_ie', ' dw services data png '),
 ('86', 'extension', '0', 'en_ie', ' png '),
 ('86', 'kind', '0', 'en_ie', ' image '),
 ('86', 'slug', '0', 'en_ie', ' dw services data '),
 ('86', 'title', '0', 'en_ie', ' dw services data '),
 ('87', 'filename', '0', 'en_ie', ' dw services identity png '),
 ('87', 'extension', '0', 'en_ie', ' png '),
 ('87', 'kind', '0', 'en_ie', ' image '),
 ('87', 'slug', '0', 'en_ie', ' dw services identity '),
 ('87', 'title', '0', 'en_ie', ' dw services identity '),
 ('88', 'filename', '0', 'en_ie', ' dw services leaderboards png '),
 ('88', 'extension', '0', 'en_ie', ' png '),
 ('88', 'kind', '0', 'en_ie', ' image '),
 ('88', 'slug', '0', 'en_ie', ' dw services leaderboards '),
 ('88', 'title', '0', 'en_ie', ' dw services leaderboards '),
 ('89', 'filename', '0', 'en_ie', ' dw services matchmaking png '),
 ('89', 'extension', '0', 'en_ie', ' png '),
 ('89', 'kind', '0', 'en_ie', ' image '),
 ('89', 'slug', '0', 'en_ie', ' dw services matchmaking '),
 ('89', 'title', '0', 'en_ie', ' dw services matchmaking '),
 ('90', 'filename', '0', 'en_ie', ' dw services microtransactions png '),
 ('90', 'extension', '0', 'en_ie', ' png '),
 ('90', 'kind', '0', 'en_ie', ' image '),
 ('90', 'slug', '0', 'en_ie', ' dw services microtransactions '),
 ('90', 'title', '0', 'en_ie', ' dw services microtransactions '),
 ('91', 'filename', '0', 'en_ie', ' dw loc 01 jpg '),
 ('91', 'extension', '0', 'en_ie', ' jpg '),
 ('91', 'kind', '0', 'en_ie', ' image '),
 ('91', 'slug', '0', 'en_ie', ' dw loc 01 '),
 ('91', 'title', '0', 'en_ie', ' dw loc 01 '),
 ('92', 'filename', '0', 'en_ie', ' dw loc 02 jpg '),
 ('92', 'extension', '0', 'en_ie', ' jpg '),
 ('92', 'kind', '0', 'en_ie', ' image '),
 ('92', 'slug', '0', 'en_ie', ' dw loc 02 '),
 ('92', 'title', '0', 'en_ie', ' dw loc 02 '),
 ('93', 'filename', '0', 'en_ie', ' dw loc 03 jpg '),
 ('93', 'extension', '0', 'en_ie', ' jpg '),
 ('93', 'kind', '0', 'en_ie', ' image '),
 ('93', 'slug', '0', 'en_ie', ' dw loc 03 '),
 ('93', 'title', '0', 'en_ie', ' dw loc 03 '),
 ('94', 'filename', '0', 'en_ie', ' team brendan jpg '),
 ('94', 'extension', '0', 'en_ie', ' jpg '),
 ('94', 'kind', '0', 'en_ie', ' image '),
 ('94', 'slug', '0', 'en_ie', ' team brendan '),
 ('94', 'title', '0', 'en_ie', ' team brendan '),
 ('95', 'filename', '0', 'en_ie', ' team colin jpg ');
INSERT INTO `craft_searchindex` (`elementId`, `attribute`, `fieldId`, `locale`, `keywords`) VALUES
 ('95', 'extension', '0', 'en_ie', ' jpg '),
 ('95', 'kind', '0', 'en_ie', ' image '),
 ('95', 'slug', '0', 'en_ie', ' team colin '),
 ('95', 'title', '0', 'en_ie', ' team colin '),
 ('96', 'filename', '0', 'en_ie', ' team mike jpg '),
 ('96', 'extension', '0', 'en_ie', ' jpg '),
 ('96', 'kind', '0', 'en_ie', ' image '),
 ('96', 'slug', '0', 'en_ie', ' team mike '),
 ('96', 'title', '0', 'en_ie', ' team mike '),
 ('97', 'filename', '0', 'en_ie', ' team nadia jpg '),
 ('97', 'extension', '0', 'en_ie', ' jpg '),
 ('97', 'kind', '0', 'en_ie', ' image '),
 ('97', 'slug', '0', 'en_ie', ' team nadia '),
 ('97', 'title', '0', 'en_ie', ' team nadia '),
 ('98', 'filename', '0', 'en_ie', ' team suzanne jpg '),
 ('98', 'extension', '0', 'en_ie', ' jpg '),
 ('98', 'kind', '0', 'en_ie', ' image '),
 ('98', 'slug', '0', 'en_ie', ' team suzanne '),
 ('98', 'title', '0', 'en_ie', ' team suzanne '),
 ('99', 'filename', '0', 'en_ie', ' team tendayi jpg '),
 ('99', 'extension', '0', 'en_ie', ' jpg '),
 ('99', 'kind', '0', 'en_ie', ' image '),
 ('99', 'slug', '0', 'en_ie', ' team tendayi '),
 ('99', 'title', '0', 'en_ie', ' team tendayi ');



DROP TABLE IF EXISTS `craft_sections`;


--
-- Schema for table `craft_sections`
--
CREATE TABLE `craft_sections` (
  `id` int(11) NOT NULL AUTO_INCREMENT,
  `structureId` int(11) DEFAULT NULL,
  `name` varchar(255) COLLATE utf8_unicode_ci NOT NULL,
  `handle` varchar(255) COLLATE utf8_unicode_ci NOT NULL,
  `type` enum('single','channel','structure') COLLATE utf8_unicode_ci NOT NULL DEFAULT 'channel',
  `hasUrls` tinyint(1) unsigned NOT NULL DEFAULT '1',
  `template` varchar(500) COLLATE utf8_unicode_ci DEFAULT NULL,
  `enableVersioning` tinyint(1) unsigned NOT NULL DEFAULT '0',
  `dateCreated` datetime NOT NULL,
  `dateUpdated` datetime NOT NULL,
  `uid` char(36) COLLATE utf8_unicode_ci NOT NULL DEFAULT '0',
  PRIMARY KEY (`id`),
  UNIQUE KEY `craft_sections_name_unq_idx` (`name`),
  UNIQUE KEY `craft_sections_handle_unq_idx` (`handle`),
  KEY `craft_sections_structureId_fk` (`structureId`)
) ENGINE=InnoDB AUTO_INCREMENT=18 DEFAULT CHARSET=utf8 COLLATE=utf8_unicode_ci;

--
-- Data for table `craft_sections`
--

INSERT INTO `craft_sections` (`id`, `structureId`, `name`, `handle`, `type`, `hasUrls`, `template`, `enableVersioning`, `dateCreated`, `dateUpdated`, `uid`) VALUES
 ('16', '9', 'Case Studies', 'caseStudies', 'structure', '1', 'case-studies/_entry', '1', '2018-02-15 17:36:14', '2018-02-15 17:36:14', '08b805f2-5b25-4caf-8507-18ca143c6fb4'),
 ('17', '10', 'Team', 'team', 'structure', '1', 'team/_entry', '1', '2018-02-15 17:36:26', '2018-02-15 17:36:26', 'f57118ca-9dc3-4568-89a5-a9b1e59dbaab');



DROP TABLE IF EXISTS `craft_sections_i18n`;


--
-- Schema for table `craft_sections_i18n`
--
CREATE TABLE `craft_sections_i18n` (
  `id` int(11) NOT NULL AUTO_INCREMENT,
  `sectionId` int(11) NOT NULL,
  `locale` char(12) COLLATE utf8_unicode_ci NOT NULL,
  `enabledByDefault` tinyint(1) unsigned NOT NULL DEFAULT '1',
  `urlFormat` text COLLATE utf8_unicode_ci,
  `nestedUrlFormat` text COLLATE utf8_unicode_ci,
  `dateCreated` datetime NOT NULL,
  `dateUpdated` datetime NOT NULL,
  `uid` char(36) COLLATE utf8_unicode_ci NOT NULL DEFAULT '0',
  PRIMARY KEY (`id`),
  UNIQUE KEY `craft_sections_i18n_sectionId_locale_unq_idx` (`sectionId`,`locale`),
  KEY `craft_sections_i18n_locale_fk` (`locale`)
) ENGINE=InnoDB AUTO_INCREMENT=18 DEFAULT CHARSET=utf8 COLLATE=utf8_unicode_ci;

--
-- Data for table `craft_sections_i18n`
--

INSERT INTO `craft_sections_i18n` (`id`, `sectionId`, `locale`, `enabledByDefault`, `urlFormat`, `nestedUrlFormat`, `dateCreated`, `dateUpdated`, `uid`) VALUES
 ('16', '16', 'en_ie', '1', 'case-studies/{slug}', '{parent.uri}/{slug}', '2018-02-15 17:36:14', '2018-02-15 17:36:14', '8fdbcc3b-655b-404b-8157-3b142c0fc02a'),
 ('17', '17', 'en_ie', '1', 'team/{slug}', '{parent.uri}/{slug}', '2018-02-15 17:36:26', '2018-02-15 17:36:26', 'f3dcf3ee-76c6-4001-9ad5-01fdcb641156');



DROP TABLE IF EXISTS `craft_seomatic_meta`;


--
-- Schema for table `craft_seomatic_meta`
--
CREATE TABLE `craft_seomatic_meta` (
  `id` int(11) NOT NULL,
  `seoImageId` int(11) DEFAULT NULL,
  `seoTwitterImageId` int(11) DEFAULT NULL,
  `seoFacebookImageId` int(11) DEFAULT NULL,
  `locale` varchar(255) COLLATE utf8_unicode_ci DEFAULT 'en_ie',
  `elementId` int(10) DEFAULT '0',
  `metaType` enum('default','template') COLLATE utf8_unicode_ci DEFAULT 'template',
  `metaPath` varchar(255) COLLATE utf8_unicode_ci DEFAULT '',
  `seoMainEntityCategory` varchar(255) COLLATE utf8_unicode_ci DEFAULT '',
  `seoMainEntityOfPage` varchar(255) COLLATE utf8_unicode_ci DEFAULT '',
  `seoTitle` varchar(255) COLLATE utf8_unicode_ci DEFAULT '',
  `seoDescription` varchar(255) COLLATE utf8_unicode_ci DEFAULT '',
  `seoKeywords` varchar(255) COLLATE utf8_unicode_ci DEFAULT '',
  `seoImageTransform` varchar(255) COLLATE utf8_unicode_ci DEFAULT '',
  `seoFacebookImageTransform` varchar(255) COLLATE utf8_unicode_ci DEFAULT '',
  `seoTwitterImageTransform` varchar(255) COLLATE utf8_unicode_ci DEFAULT '',
  `twitterCardType` varchar(255) COLLATE utf8_unicode_ci DEFAULT 'summary',
  `openGraphType` varchar(255) COLLATE utf8_unicode_ci DEFAULT 'website',
  `robots` varchar(255) COLLATE utf8_unicode_ci DEFAULT '',
  `dateCreated` datetime NOT NULL,
  `dateUpdated` datetime NOT NULL,
  `uid` char(36) COLLATE utf8_unicode_ci NOT NULL DEFAULT '0',
  PRIMARY KEY (`id`),
  KEY `craft_seomatic_meta_seoImageId_fk` (`seoImageId`),
  KEY `craft_seomatic_meta_seoTwitterImageId_fk` (`seoTwitterImageId`),
  KEY `craft_seomatic_meta_seoFacebookImageId_fk` (`seoFacebookImageId`)
) ENGINE=InnoDB DEFAULT CHARSET=utf8 COLLATE=utf8_unicode_ci;

DROP TABLE IF EXISTS `craft_seomatic_settings`;


--
-- Schema for table `craft_seomatic_settings`
--
CREATE TABLE `craft_seomatic_settings` (
  `id` int(11) NOT NULL AUTO_INCREMENT,
  `siteSeoImageId` int(11) DEFAULT NULL,
  `siteSeoTwitterImageId` int(11) DEFAULT NULL,
  `siteSeoFacebookImageId` int(11) DEFAULT NULL,
  `genericOwnerImageId` int(11) DEFAULT NULL,
  `genericCreatorImageId` int(11) DEFAULT NULL,
  `locale` varchar(255) COLLATE utf8_unicode_ci DEFAULT '',
  `siteSeoName` varchar(255) COLLATE utf8_unicode_ci DEFAULT '',
  `siteSeoTitle` varchar(255) COLLATE utf8_unicode_ci DEFAULT '',
  `siteSeoTitleSeparator` varchar(10) COLLATE utf8_unicode_ci DEFAULT '|',
  `siteSeoTitlePlacement` enum('before','after','none') COLLATE utf8_unicode_ci DEFAULT 'after',
  `siteSeoDescription` varchar(255) COLLATE utf8_unicode_ci DEFAULT '',
  `siteSeoKeywords` varchar(255) COLLATE utf8_unicode_ci DEFAULT '',
  `siteSeoImageTransform` varchar(100) COLLATE utf8_unicode_ci DEFAULT '',
  `siteSeoFacebookImageTransform` varchar(100) COLLATE utf8_unicode_ci DEFAULT '',
  `siteSeoTwitterImageTransform` varchar(100) COLLATE utf8_unicode_ci DEFAULT '',
  `siteTwitterCardType` varchar(50) COLLATE utf8_unicode_ci DEFAULT '',
  `siteOpenGraphType` varchar(50) COLLATE utf8_unicode_ci DEFAULT '',
  `siteRobots` varchar(50) COLLATE utf8_unicode_ci DEFAULT '',
  `siteRobotsTxt` text COLLATE utf8_unicode_ci,
  `siteLinksSearchTargets` text COLLATE utf8_unicode_ci,
  `siteLinksQueryInput` varchar(50) COLLATE utf8_unicode_ci DEFAULT '',
  `googleSiteVerification` varchar(100) COLLATE utf8_unicode_ci DEFAULT '',
  `bingSiteVerification` varchar(100) COLLATE utf8_unicode_ci DEFAULT '',
  `googleAnalyticsUID` varchar(50) COLLATE utf8_unicode_ci DEFAULT '',
  `googleTagManagerID` varchar(50) COLLATE utf8_unicode_ci DEFAULT '',
  `googleAnalyticsSendPageview` tinyint(1) unsigned NOT NULL DEFAULT '1',
  `googleAnalyticsAdvertising` tinyint(1) unsigned NOT NULL DEFAULT '0',
  `googleAnalyticsEcommerce` tinyint(1) unsigned NOT NULL DEFAULT '0',
  `googleAnalyticsEEcommerce` tinyint(1) unsigned NOT NULL DEFAULT '0',
  `googleAnalyticsLinkAttribution` tinyint(1) unsigned NOT NULL DEFAULT '0',
  `googleAnalyticsLinker` tinyint(1) unsigned NOT NULL DEFAULT '0',
  `googleAnalyticsAnonymizeIp` tinyint(1) unsigned NOT NULL DEFAULT '0',
  `siteOwnerType` varchar(50) COLLATE utf8_unicode_ci DEFAULT '',
  `siteOwnerSubType` varchar(50) COLLATE utf8_unicode_ci DEFAULT '',
  `siteOwnerSpecificType` varchar(50) COLLATE utf8_unicode_ci DEFAULT '',
  `genericOwnerName` varchar(255) COLLATE utf8_unicode_ci DEFAULT '',
  `genericOwnerAlternateName` varchar(255) COLLATE utf8_unicode_ci DEFAULT '',
  `genericOwnerDescription` varchar(1024) COLLATE utf8_unicode_ci DEFAULT '',
  `genericOwnerUrl` varchar(255) COLLATE utf8_unicode_ci DEFAULT '',
  `genericOwnerTelephone` varchar(255) COLLATE utf8_unicode_ci DEFAULT '',
  `genericOwnerEmail` varchar(255) COLLATE utf8_unicode_ci DEFAULT '',
  `genericOwnerStreetAddress` varchar(255) COLLATE utf8_unicode_ci DEFAULT '',
  `genericOwnerAddressLocality` varchar(255) COLLATE utf8_unicode_ci DEFAULT '',
  `genericOwnerAddressRegion` varchar(255) COLLATE utf8_unicode_ci DEFAULT '',
  `genericOwnerPostalCode` varchar(255) COLLATE utf8_unicode_ci DEFAULT '',
  `genericOwnerAddressCountry` varchar(255) COLLATE utf8_unicode_ci DEFAULT '',
  `genericOwnerGeoLatitude` varchar(255) COLLATE utf8_unicode_ci DEFAULT '',
  `genericOwnerGeoLongitude` varchar(255) COLLATE utf8_unicode_ci DEFAULT '',
  `organizationOwnerDuns` varchar(255) COLLATE utf8_unicode_ci DEFAULT '',
  `organizationOwnerFounder` varchar(255) COLLATE utf8_unicode_ci DEFAULT '',
  `organizationOwnerFoundingDate` varchar(255) COLLATE utf8_unicode_ci DEFAULT '',
  `organizationOwnerFoundingLocation` varchar(255) COLLATE utf8_unicode_ci DEFAULT '',
  `organizationOwnerContactPoints` text COLLATE utf8_unicode_ci,
  `localBusinessPriceRange` varchar(10) COLLATE utf8_unicode_ci DEFAULT '$$$',
  `localBusinessOwnerOpeningHours` text COLLATE utf8_unicode_ci,
  `corporationOwnerTickerSymbol` varchar(255) COLLATE utf8_unicode_ci DEFAULT '',
  `restaurantOwnerServesCuisine` varchar(255) COLLATE utf8_unicode_ci DEFAULT '',
  `restaurantOwnerMenuUrl` varchar(255) COLLATE utf8_unicode_ci DEFAULT '',
  `restaurantOwnerReservationsUrl` varchar(255) COLLATE utf8_unicode_ci DEFAULT '',
  `personOwnerGender` varchar(255) COLLATE utf8_unicode_ci DEFAULT '',
  `personOwnerBirthPlace` varchar(255) COLLATE utf8_unicode_ci DEFAULT '',
  `twitterHandle` varchar(50) COLLATE utf8_unicode_ci DEFAULT '',
  `facebookHandle` varchar(50) COLLATE utf8_unicode_ci DEFAULT '',
  `facebookProfileId` varchar(50) COLLATE utf8_unicode_ci DEFAULT '',
  `facebookAppId` varchar(50) COLLATE utf8_unicode_ci DEFAULT '',
  `linkedInHandle` varchar(50) COLLATE utf8_unicode_ci DEFAULT '',
  `googlePlusHandle` varchar(50) COLLATE utf8_unicode_ci DEFAULT '',
  `youtubeHandle` varchar(50) COLLATE utf8_unicode_ci DEFAULT '',
  `youtubeChannelHandle` varchar(50) COLLATE utf8_unicode_ci DEFAULT '',
  `instagramHandle` varchar(50) COLLATE utf8_unicode_ci DEFAULT '',
  `pinterestHandle` varchar(50) COLLATE utf8_unicode_ci DEFAULT '',
  `githubHandle` varchar(50) COLLATE utf8_unicode_ci DEFAULT '',
  `vimeoHandle` varchar(50) COLLATE utf8_unicode_ci DEFAULT '',
  `wikipediaUrl` varchar(100) COLLATE utf8_unicode_ci DEFAULT '',
  `siteCreatorType` varchar(255) COLLATE utf8_unicode_ci DEFAULT '',
  `siteCreatorSubType` varchar(255) COLLATE utf8_unicode_ci DEFAULT '',
  `siteCreatorSpecificType` varchar(255) COLLATE utf8_unicode_ci DEFAULT '',
  `genericCreatorName` varchar(255) COLLATE utf8_unicode_ci DEFAULT '',
  `genericCreatorAlternateName` varchar(255) COLLATE utf8_unicode_ci DEFAULT '',
  `genericCreatorDescription` varchar(1024) COLLATE utf8_unicode_ci DEFAULT '',
  `genericCreatorUrl` varchar(255) COLLATE utf8_unicode_ci DEFAULT '',
  `genericCreatorTelephone` varchar(255) COLLATE utf8_unicode_ci DEFAULT '',
  `genericCreatorEmail` varchar(255) COLLATE utf8_unicode_ci DEFAULT '',
  `genericCreatorStreetAddress` varchar(255) COLLATE utf8_unicode_ci DEFAULT '',
  `genericCreatorAddressLocality` varchar(255) COLLATE utf8_unicode_ci DEFAULT '',
  `genericCreatorAddressRegion` varchar(255) COLLATE utf8_unicode_ci DEFAULT '',
  `genericCreatorPostalCode` varchar(255) COLLATE utf8_unicode_ci DEFAULT '',
  `genericCreatorAddressCountry` varchar(255) COLLATE utf8_unicode_ci DEFAULT '',
  `genericCreatorGeoLatitude` varchar(255) COLLATE utf8_unicode_ci DEFAULT '',
  `genericCreatorGeoLongitude` varchar(255) COLLATE utf8_unicode_ci DEFAULT '',
  `organizationCreatorDuns` varchar(255) COLLATE utf8_unicode_ci DEFAULT '',
  `organizationCreatorFounder` varchar(255) COLLATE utf8_unicode_ci DEFAULT '',
  `organizationCreatorFoundingDate` varchar(255) COLLATE utf8_unicode_ci DEFAULT '',
  `organizationCreatorFoundingLocation` varchar(255) COLLATE utf8_unicode_ci DEFAULT '',
  `organizationCreatorContactPoints` text COLLATE utf8_unicode_ci,
  `localBusinessCreatorOpeningHours` text COLLATE utf8_unicode_ci,
  `corporationCreatorTickerSymbol` varchar(255) COLLATE utf8_unicode_ci DEFAULT '',
  `restaurantCreatorServesCuisine` varchar(255) COLLATE utf8_unicode_ci DEFAULT '',
  `restaurantCreatorMenuUrl` varchar(255) COLLATE utf8_unicode_ci DEFAULT '',
  `restaurantCreatorReservationsUrl` varchar(255) COLLATE utf8_unicode_ci DEFAULT '',
  `personCreatorGender` varchar(255) COLLATE utf8_unicode_ci DEFAULT '',
  `personCreatorBirthPlace` varchar(255) COLLATE utf8_unicode_ci DEFAULT '',
  `genericCreatorHumansTxt` text COLLATE utf8_unicode_ci,
  `dateCreated` datetime NOT NULL,
  `dateUpdated` datetime NOT NULL,
  `uid` char(36) COLLATE utf8_unicode_ci NOT NULL DEFAULT '0',
  PRIMARY KEY (`id`),
  KEY `craft_seomatic_settings_siteSeoImageId_fk` (`siteSeoImageId`),
  KEY `craft_seomatic_settings_siteSeoTwitterImageId_fk` (`siteSeoTwitterImageId`),
  KEY `craft_seomatic_settings_siteSeoFacebookImageId_fk` (`siteSeoFacebookImageId`),
  KEY `craft_seomatic_settings_genericOwnerImageId_fk` (`genericOwnerImageId`),
  KEY `craft_seomatic_settings_genericCreatorImageId_fk` (`genericCreatorImageId`)
) ENGINE=InnoDB AUTO_INCREMENT=2 DEFAULT CHARSET=utf8 COLLATE=utf8_unicode_ci;

--
-- Data for table `craft_seomatic_settings`
--

INSERT INTO `craft_seomatic_settings` (`id`, `siteSeoImageId`, `siteSeoTwitterImageId`, `siteSeoFacebookImageId`, `genericOwnerImageId`, `genericCreatorImageId`, `locale`, `siteSeoName`, `siteSeoTitle`, `siteSeoTitleSeparator`, `siteSeoTitlePlacement`, `siteSeoDescription`, `siteSeoKeywords`, `siteSeoImageTransform`, `siteSeoFacebookImageTransform`, `siteSeoTwitterImageTransform`, `siteTwitterCardType`, `siteOpenGraphType`, `siteRobots`, `siteRobotsTxt`, `siteLinksSearchTargets`, `siteLinksQueryInput`, `googleSiteVerification`, `bingSiteVerification`, `googleAnalyticsUID`, `googleTagManagerID`, `googleAnalyticsSendPageview`, `googleAnalyticsAdvertising`, `googleAnalyticsEcommerce`, `googleAnalyticsEEcommerce`, `googleAnalyticsLinkAttribution`, `googleAnalyticsLinker`, `googleAnalyticsAnonymizeIp`, `siteOwnerType`, `siteOwnerSubType`, `siteOwnerSpecificType`, `genericOwnerName`, `genericOwnerAlternateName`, `genericOwnerDescription`, `genericOwnerUrl`, `genericOwnerTelephone`, `genericOwnerEmail`, `genericOwnerStreetAddress`, `genericOwnerAddressLocality`, `genericOwnerAddressRegion`, `genericOwnerPostalCode`, `genericOwnerAddressCountry`, `genericOwnerGeoLatitude`, `genericOwnerGeoLongitude`, `organizationOwnerDuns`, `organizationOwnerFounder`, `organizationOwnerFoundingDate`, `organizationOwnerFoundingLocation`, `organizationOwnerContactPoints`, `localBusinessPriceRange`, `localBusinessOwnerOpeningHours`, `corporationOwnerTickerSymbol`, `restaurantOwnerServesCuisine`, `restaurantOwnerMenuUrl`, `restaurantOwnerReservationsUrl`, `personOwnerGender`, `personOwnerBirthPlace`, `twitterHandle`, `facebookHandle`, `facebookProfileId`, `facebookAppId`, `linkedInHandle`, `googlePlusHandle`, `youtubeHandle`, `youtubeChannelHandle`, `instagramHandle`, `pinterestHandle`, `githubHandle`, `vimeoHandle`, `wikipediaUrl`, `siteCreatorType`, `siteCreatorSubType`, `siteCreatorSpecificType`, `genericCreatorName`, `genericCreatorAlternateName`, `genericCreatorDescription`, `genericCreatorUrl`, `genericCreatorTelephone`, `genericCreatorEmail`, `genericCreatorStreetAddress`, `genericCreatorAddressLocality`, `genericCreatorAddressRegion`, `genericCreatorPostalCode`, `genericCreatorAddressCountry`, `genericCreatorGeoLatitude`, `genericCreatorGeoLongitude`, `organizationCreatorDuns`, `organizationCreatorFounder`, `organizationCreatorFoundingDate`, `organizationCreatorFoundingLocation`, `organizationCreatorContactPoints`, `localBusinessCreatorOpeningHours`, `corporationCreatorTickerSymbol`, `restaurantCreatorServesCuisine`, `restaurantCreatorMenuUrl`, `restaurantCreatorReservationsUrl`, `personCreatorGender`, `personCreatorBirthPlace`, `genericCreatorHumansTxt`, `dateCreated`, `dateUpdated`, `uid`) VALUES
 ('1', NULL, NULL, NULL, NULL, NULL, 'en_ie', 'Sonica', 'Expect More', '', 'after', '', '', '', '', '', 'summary', 'website', '', '# robots.txt for {{ siteUrl }}\r\n# For a multi-environment setup, see: https://nystudio107.com/blog/prevent-google-from-indexing-staging-sites\r\n\r\nSitemap: {{ siteUrl |trim(\'/\') }}/sitemap.xml\r\n\r\n{% if craft.config.devMode %}\r\n# devMode - disallow all\r\n\r\nUser-agent: *\r\nDisallow: /\r\n{% else %}\r\n# Live - Don\'t allow web crawlers to index Craft\r\n\r\nUser-agent: *\r\nDisallow: /craft/\r\n{% endif %}', '[]', '', '', '', '', '', '1', '0', '0', '0', '0', '0', '0', 'Organization', 'Corporation', '', '', '', '', '', '', '', '', '', '', '', '', '', '', '', '', '', '', '[]', '$$$', '[{\"open\":\"\",\"close\":\"\"},{\"open\":\"\",\"close\":\"\"},{\"open\":\"\",\"close\":\"\"},{\"open\":\"\",\"close\":\"\"},{\"open\":\"\",\"close\":\"\"},{\"open\":\"\",\"close\":\"\"},{\"open\":\"\",\"close\":\"\"}]', '', '', '', '', 'Male', '', '', '', '', '', '', '', '', '', '', '', '', '', '', 'Organization', 'Corporation', '', '', '', '', '', '', '', '', '', '', '', '', '', '', '', '', '', '', '', '', '', '', '', '', '', '', '/* TEAM */\n\n{% if seomaticCreator.name is defined and seomaticCreator.name %}\nCreator: {{ seomaticCreator.name }}\n{% endif %}\n{% if seomaticCreator.url is defined and seomaticCreator.url %}\nURL: {{ seomaticCreator.url }}\n{% endif %}\n{% if seomaticCreator.description is defined and seomaticCreator.description %}\nDescription: {{ seomaticCreator.description }}\n{% endif %}\n\n/* THANKS */\n\nPixel & Tonic - https://pixelandtonic.com\n\n/* SITE */\n\nStandards: HTML5, CSS3\nComponents: Craft CMS, Yii, PHP, Javascript, SEOmatic', '2017-10-13 13:41:30', '2018-02-15 17:13:50', '2e88e946-54cb-40d9-9d6f-f87570cd8334');



DROP TABLE IF EXISTS `craft_sessions`;


--
-- Schema for table `craft_sessions`
--
CREATE TABLE `craft_sessions` (
  `id` int(11) NOT NULL AUTO_INCREMENT,
  `userId` int(11) NOT NULL,
  `token` char(100) COLLATE utf8_unicode_ci NOT NULL,
  `dateCreated` datetime NOT NULL,
  `dateUpdated` datetime NOT NULL,
  `uid` char(36) COLLATE utf8_unicode_ci NOT NULL DEFAULT '0',
  PRIMARY KEY (`id`),
  KEY `craft_sessions_uid_idx` (`uid`),
  KEY `craft_sessions_token_idx` (`token`),
  KEY `craft_sessions_dateUpdated_idx` (`dateUpdated`),
  KEY `craft_sessions_userId_fk` (`userId`)
) ENGINE=InnoDB AUTO_INCREMENT=3 DEFAULT CHARSET=utf8 COLLATE=utf8_unicode_ci;

DROP TABLE IF EXISTS `craft_shunnedmessages`;


--
-- Schema for table `craft_shunnedmessages`
--
CREATE TABLE `craft_shunnedmessages` (
  `id` int(11) NOT NULL AUTO_INCREMENT,
  `userId` int(11) NOT NULL,
  `message` varchar(255) COLLATE utf8_unicode_ci NOT NULL,
  `expiryDate` datetime DEFAULT NULL,
  `dateCreated` datetime NOT NULL,
  `dateUpdated` datetime NOT NULL,
  `uid` char(36) COLLATE utf8_unicode_ci NOT NULL DEFAULT '0',
  PRIMARY KEY (`id`),
  UNIQUE KEY `craft_shunnedmessages_userId_message_unq_idx` (`userId`,`message`)
) ENGINE=InnoDB DEFAULT CHARSET=utf8 COLLATE=utf8_unicode_ci;

DROP TABLE IF EXISTS `craft_structureelements`;


--
-- Schema for table `craft_structureelements`
--
CREATE TABLE `craft_structureelements` (
  `id` int(11) NOT NULL AUTO_INCREMENT,
  `structureId` int(11) NOT NULL,
  `elementId` int(11) DEFAULT NULL,
  `root` int(11) unsigned DEFAULT NULL,
  `lft` int(11) unsigned NOT NULL,
  `rgt` int(11) unsigned NOT NULL,
  `level` smallint(6) unsigned NOT NULL,
  `dateCreated` datetime NOT NULL,
  `dateUpdated` datetime NOT NULL,
  `uid` char(36) COLLATE utf8_unicode_ci NOT NULL DEFAULT '0',
  PRIMARY KEY (`id`),
  UNIQUE KEY `craft_structureelements_structureId_elementId_unq_idx` (`structureId`,`elementId`),
  KEY `craft_structureelements_root_idx` (`root`),
  KEY `craft_structureelements_lft_idx` (`lft`),
  KEY `craft_structureelements_rgt_idx` (`rgt`),
  KEY `craft_structureelements_level_idx` (`level`),
  KEY `craft_structureelements_elementId_fk` (`elementId`)
) ENGINE=InnoDB AUTO_INCREMENT=43 DEFAULT CHARSET=utf8 COLLATE=utf8_unicode_ci;

DROP TABLE IF EXISTS `craft_structures`;


--
-- Schema for table `craft_structures`
--
CREATE TABLE `craft_structures` (
  `id` int(11) NOT NULL AUTO_INCREMENT,
  `maxLevels` smallint(6) unsigned DEFAULT NULL,
  `dateCreated` datetime NOT NULL,
  `dateUpdated` datetime NOT NULL,
  `uid` char(36) COLLATE utf8_unicode_ci NOT NULL DEFAULT '0',
  PRIMARY KEY (`id`)
) ENGINE=InnoDB AUTO_INCREMENT=11 DEFAULT CHARSET=utf8 COLLATE=utf8_unicode_ci;

--
-- Data for table `craft_structures`
--

INSERT INTO `craft_structures` (`id`, `maxLevels`, `dateCreated`, `dateUpdated`, `uid`) VALUES
 ('9', NULL, '2018-02-15 17:36:14', '2018-02-15 17:36:14', '35e63f8f-9dff-4688-ba3e-56bfa1ff97b1'),
 ('10', NULL, '2018-02-15 17:36:26', '2018-02-15 17:36:26', 'fab82810-e0a5-4196-a3cf-795e36e5f9fe');



DROP TABLE IF EXISTS `craft_supertableblocks`;


--
-- Schema for table `craft_supertableblocks`
--
CREATE TABLE `craft_supertableblocks` (
  `id` int(11) NOT NULL,
  `ownerId` int(11) NOT NULL,
  `fieldId` int(11) NOT NULL,
  `typeId` int(11) DEFAULT NULL,
  `sortOrder` smallint(6) unsigned DEFAULT NULL,
  `ownerLocale` char(12) COLLATE utf8_unicode_ci DEFAULT NULL,
  `dateCreated` datetime NOT NULL,
  `dateUpdated` datetime NOT NULL,
  `uid` char(36) COLLATE utf8_unicode_ci NOT NULL DEFAULT '0',
  PRIMARY KEY (`id`),
  KEY `craft_supertableblocks_ownerId_idx` (`ownerId`),
  KEY `craft_supertableblocks_fieldId_idx` (`fieldId`),
  KEY `craft_supertableblocks_typeId_idx` (`typeId`),
  KEY `craft_supertableblocks_sortOrder_idx` (`sortOrder`),
  KEY `craft_supertableblocks_ownerLocale_fk` (`ownerLocale`)
) ENGINE=InnoDB DEFAULT CHARSET=utf8 COLLATE=utf8_unicode_ci;

DROP TABLE IF EXISTS `craft_supertableblocktypes`;


--
-- Schema for table `craft_supertableblocktypes`
--
CREATE TABLE `craft_supertableblocktypes` (
  `id` int(11) NOT NULL AUTO_INCREMENT,
  `fieldId` int(11) NOT NULL,
  `fieldLayoutId` int(11) DEFAULT NULL,
  `dateCreated` datetime NOT NULL,
  `dateUpdated` datetime NOT NULL,
  `uid` char(36) COLLATE utf8_unicode_ci NOT NULL DEFAULT '0',
  PRIMARY KEY (`id`),
  KEY `craft_supertableblocktypes_fieldId_fk` (`fieldId`),
  KEY `craft_supertableblocktypes_fieldLayoutId_fk` (`fieldLayoutId`)
) ENGINE=InnoDB AUTO_INCREMENT=2 DEFAULT CHARSET=utf8 COLLATE=utf8_unicode_ci;

DROP TABLE IF EXISTS `craft_systemsettings`;


--
-- Schema for table `craft_systemsettings`
--
CREATE TABLE `craft_systemsettings` (
  `id` int(11) NOT NULL AUTO_INCREMENT,
  `category` varchar(15) COLLATE utf8_unicode_ci NOT NULL,
  `settings` text COLLATE utf8_unicode_ci,
  `dateCreated` datetime NOT NULL,
  `dateUpdated` datetime NOT NULL,
  `uid` char(36) COLLATE utf8_unicode_ci NOT NULL DEFAULT '0',
  PRIMARY KEY (`id`),
  UNIQUE KEY `craft_systemsettings_category_unq_idx` (`category`)
) ENGINE=InnoDB AUTO_INCREMENT=2 DEFAULT CHARSET=utf8 COLLATE=utf8_unicode_ci;

--
-- Data for table `craft_systemsettings`
--

INSERT INTO `craft_systemsettings` (`id`, `category`, `settings`, `dateCreated`, `dateUpdated`, `uid`) VALUES
 ('1', 'email', '{\"protocol\":\"php\",\"emailAddress\":\"david@workgroup.ie\",\"senderName\":\"FMco\"}', '2017-10-13 11:04:19', '2017-10-13 11:04:19', '9b3557b3-05de-488e-a643-c40449ad3929');



DROP TABLE IF EXISTS `craft_taggroups`;


--
-- Schema for table `craft_taggroups`
--
CREATE TABLE `craft_taggroups` (
  `id` int(11) NOT NULL AUTO_INCREMENT,
  `name` varchar(255) COLLATE utf8_unicode_ci NOT NULL,
  `handle` varchar(255) COLLATE utf8_unicode_ci NOT NULL,
  `fieldLayoutId` int(10) DEFAULT NULL,
  `dateCreated` datetime NOT NULL,
  `dateUpdated` datetime NOT NULL,
  `uid` char(36) COLLATE utf8_unicode_ci NOT NULL DEFAULT '0',
  PRIMARY KEY (`id`),
  UNIQUE KEY `craft_taggroups_name_unq_idx` (`name`),
  UNIQUE KEY `craft_taggroups_handle_unq_idx` (`handle`),
  KEY `craft_taggroups_fieldLayoutId_fk` (`fieldLayoutId`)
) ENGINE=InnoDB AUTO_INCREMENT=2 DEFAULT CHARSET=utf8 COLLATE=utf8_unicode_ci;

--
-- Data for table `craft_taggroups`
--

INSERT INTO `craft_taggroups` (`id`, `name`, `handle`, `fieldLayoutId`, `dateCreated`, `dateUpdated`, `uid`) VALUES
 ('1', 'Default', 'default', '1', '2017-10-13 11:04:19', '2017-10-13 11:04:19', 'b59c4689-c9f1-4b8d-94c5-0d9985416d2c');



DROP TABLE IF EXISTS `craft_tags`;


--
-- Schema for table `craft_tags`
--
CREATE TABLE `craft_tags` (
  `id` int(11) NOT NULL,
  `groupId` int(11) NOT NULL,
  `dateCreated` datetime NOT NULL,
  `dateUpdated` datetime NOT NULL,
  `uid` char(36) COLLATE utf8_unicode_ci NOT NULL DEFAULT '0',
  PRIMARY KEY (`id`),
  KEY `craft_tags_groupId_fk` (`groupId`)
) ENGINE=InnoDB DEFAULT CHARSET=utf8 COLLATE=utf8_unicode_ci;

DROP TABLE IF EXISTS `craft_tasks`;


--
-- Schema for table `craft_tasks`
--
CREATE TABLE `craft_tasks` (
  `id` int(11) NOT NULL AUTO_INCREMENT,
  `root` int(11) unsigned DEFAULT NULL,
  `lft` int(11) unsigned NOT NULL,
  `rgt` int(11) unsigned NOT NULL,
  `level` smallint(6) unsigned NOT NULL,
  `currentStep` int(11) unsigned DEFAULT NULL,
  `totalSteps` int(11) unsigned DEFAULT NULL,
  `status` enum('pending','error','running') COLLATE utf8_unicode_ci DEFAULT NULL,
  `type` varchar(150) COLLATE utf8_unicode_ci NOT NULL,
  `description` varchar(255) COLLATE utf8_unicode_ci DEFAULT NULL,
  `settings` mediumtext COLLATE utf8_unicode_ci,
  `dateCreated` datetime NOT NULL,
  `dateUpdated` datetime NOT NULL,
  `uid` char(36) COLLATE utf8_unicode_ci NOT NULL DEFAULT '0',
  PRIMARY KEY (`id`),
  KEY `craft_tasks_root_idx` (`root`),
  KEY `craft_tasks_lft_idx` (`lft`),
  KEY `craft_tasks_rgt_idx` (`rgt`),
  KEY `craft_tasks_level_idx` (`level`)
) ENGINE=InnoDB AUTO_INCREMENT=4 DEFAULT CHARSET=utf8 COLLATE=utf8_unicode_ci;

--
-- Data for table `craft_tasks`
--

INSERT INTO `craft_tasks` (`id`, `root`, `lft`, `rgt`, `level`, `currentStep`, `totalSteps`, `status`, `type`, `description`, `settings`, `dateCreated`, `dateUpdated`, `uid`) VALUES
 ('3', '3', '1', '2', '0', '1', '40', 'running', 'Import', 'Importing case.csv', '{\"user\":\"1\",\"file\":\"101\",\"rows\":40,\"map\":{\"Title\":\"title\",\"Location\":\"location\",\"Details\":\"details\",\"Size\":\"size\",\"Timescale\":\"timescale\",\"Features\":\"features\",\"Quote\":\"quote\",\"Quote Attribution\":\"quoteAttribution\"},\"unique\":[\"\"],\"type\":\"Entry\",\"behavior\":\"append\",\"assetsource\":\"5\",\"email\":\"1\",\"backup\":\"1\",\"elementvars\":{\"section\":\"16\",\"entrytype\":\"16\"},\"history\":\"1\"}', '2018-02-15 17:44:19', '2018-02-15 17:44:19', 'c6e20640-f6ea-4076-8118-54d17f4ba48d');



DROP TABLE IF EXISTS `craft_templatecachecriteria`;


--
-- Schema for table `craft_templatecachecriteria`
--
CREATE TABLE `craft_templatecachecriteria` (
  `id` int(11) NOT NULL AUTO_INCREMENT,
  `cacheId` int(11) NOT NULL,
  `type` varchar(150) COLLATE utf8_unicode_ci NOT NULL,
  `criteria` text COLLATE utf8_unicode_ci NOT NULL,
  PRIMARY KEY (`id`),
  KEY `craft_templatecachecriteria_cacheId_fk` (`cacheId`),
  KEY `craft_templatecachecriteria_type_idx` (`type`)
) ENGINE=InnoDB DEFAULT CHARSET=utf8 COLLATE=utf8_unicode_ci;

DROP TABLE IF EXISTS `craft_templatecacheelements`;


--
-- Schema for table `craft_templatecacheelements`
--
CREATE TABLE `craft_templatecacheelements` (
  `cacheId` int(11) NOT NULL,
  `elementId` int(11) NOT NULL,
  KEY `craft_templatecacheelements_cacheId_fk` (`cacheId`),
  KEY `craft_templatecacheelements_elementId_fk` (`elementId`)
) ENGINE=InnoDB DEFAULT CHARSET=utf8 COLLATE=utf8_unicode_ci;

DROP TABLE IF EXISTS `craft_templatecaches`;


--
-- Schema for table `craft_templatecaches`
--
CREATE TABLE `craft_templatecaches` (
  `id` int(11) NOT NULL AUTO_INCREMENT,
  `cacheKey` varchar(255) COLLATE utf8_unicode_ci NOT NULL,
  `locale` char(12) COLLATE utf8_unicode_ci NOT NULL,
  `path` varchar(255) COLLATE utf8_unicode_ci DEFAULT NULL,
  `expiryDate` datetime NOT NULL,
  `body` mediumtext COLLATE utf8_unicode_ci NOT NULL,
  PRIMARY KEY (`id`),
  KEY `craft_templatecaches_locale_fk` (`locale`),
  KEY `craft_templatecaches_cacheKey_locale_expiryDate_idx` (`cacheKey`,`locale`,`expiryDate`),
  KEY `craft_templatecaches_cacheKey_locale_expiryDate_path_idx` (`cacheKey`,`locale`,`expiryDate`,`path`)
) ENGINE=InnoDB DEFAULT CHARSET=utf8 COLLATE=utf8_unicode_ci;

DROP TABLE IF EXISTS `craft_tokens`;


--
-- Schema for table `craft_tokens`
--
CREATE TABLE `craft_tokens` (
  `id` int(11) NOT NULL AUTO_INCREMENT,
  `token` char(32) COLLATE utf8_unicode_ci NOT NULL,
  `route` text COLLATE utf8_unicode_ci,
  `usageLimit` tinyint(3) unsigned DEFAULT NULL,
  `usageCount` tinyint(3) unsigned DEFAULT NULL,
  `expiryDate` datetime NOT NULL,
  `dateCreated` datetime NOT NULL,
  `dateUpdated` datetime NOT NULL,
  `uid` char(36) COLLATE utf8_unicode_ci NOT NULL DEFAULT '0',
  PRIMARY KEY (`id`),
  UNIQUE KEY `craft_tokens_token_unq_idx` (`token`),
  KEY `craft_tokens_expiryDate_idx` (`expiryDate`)
) ENGINE=InnoDB DEFAULT CHARSET=utf8 COLLATE=utf8_unicode_ci;

DROP TABLE IF EXISTS `craft_usergroups`;


--
-- Schema for table `craft_usergroups`
--
CREATE TABLE `craft_usergroups` (
  `id` int(11) NOT NULL AUTO_INCREMENT,
  `name` varchar(255) COLLATE utf8_unicode_ci NOT NULL,
  `handle` varchar(255) COLLATE utf8_unicode_ci NOT NULL,
  `dateCreated` datetime NOT NULL,
  `dateUpdated` datetime NOT NULL,
  `uid` char(36) COLLATE utf8_unicode_ci NOT NULL DEFAULT '0',
  PRIMARY KEY (`id`),
  UNIQUE KEY `craft_usergroups_name_unq_idx` (`name`),
  UNIQUE KEY `craft_usergroups_handle_unq_idx` (`handle`)
) ENGINE=InnoDB DEFAULT CHARSET=utf8 COLLATE=utf8_unicode_ci;

DROP TABLE IF EXISTS `craft_usergroups_users`;


--
-- Schema for table `craft_usergroups_users`
--
CREATE TABLE `craft_usergroups_users` (
  `id` int(11) NOT NULL AUTO_INCREMENT,
  `groupId` int(11) NOT NULL,
  `userId` int(11) NOT NULL,
  `dateCreated` datetime NOT NULL,
  `dateUpdated` datetime NOT NULL,
  `uid` char(36) COLLATE utf8_unicode_ci NOT NULL DEFAULT '0',
  PRIMARY KEY (`id`),
  UNIQUE KEY `craft_usergroups_users_groupId_userId_unq_idx` (`groupId`,`userId`),
  KEY `craft_usergroups_users_userId_fk` (`userId`)
) ENGINE=InnoDB DEFAULT CHARSET=utf8 COLLATE=utf8_unicode_ci;

DROP TABLE IF EXISTS `craft_userpermissions`;


--
-- Schema for table `craft_userpermissions`
--
CREATE TABLE `craft_userpermissions` (
  `id` int(11) NOT NULL AUTO_INCREMENT,
  `name` varchar(255) COLLATE utf8_unicode_ci NOT NULL,
  `dateCreated` datetime NOT NULL,
  `dateUpdated` datetime NOT NULL,
  `uid` char(36) COLLATE utf8_unicode_ci NOT NULL DEFAULT '0',
  PRIMARY KEY (`id`),
  UNIQUE KEY `craft_userpermissions_name_unq_idx` (`name`)
) ENGINE=InnoDB DEFAULT CHARSET=utf8 COLLATE=utf8_unicode_ci;

DROP TABLE IF EXISTS `craft_userpermissions_usergroups`;


--
-- Schema for table `craft_userpermissions_usergroups`
--
CREATE TABLE `craft_userpermissions_usergroups` (
  `id` int(11) NOT NULL AUTO_INCREMENT,
  `permissionId` int(11) NOT NULL,
  `groupId` int(11) NOT NULL,
  `dateCreated` datetime NOT NULL,
  `dateUpdated` datetime NOT NULL,
  `uid` char(36) COLLATE utf8_unicode_ci NOT NULL DEFAULT '0',
  PRIMARY KEY (`id`),
  UNIQUE KEY `craft_userpermissions_usergroups_permissionId_groupId_unq_idx` (`permissionId`,`groupId`),
  KEY `craft_userpermissions_usergroups_groupId_fk` (`groupId`)
) ENGINE=InnoDB DEFAULT CHARSET=utf8 COLLATE=utf8_unicode_ci;

DROP TABLE IF EXISTS `craft_userpermissions_users`;


--
-- Schema for table `craft_userpermissions_users`
--
CREATE TABLE `craft_userpermissions_users` (
  `id` int(11) NOT NULL AUTO_INCREMENT,
  `permissionId` int(11) NOT NULL,
  `userId` int(11) NOT NULL,
  `dateCreated` datetime NOT NULL,
  `dateUpdated` datetime NOT NULL,
  `uid` char(36) COLLATE utf8_unicode_ci NOT NULL DEFAULT '0',
  PRIMARY KEY (`id`),
  UNIQUE KEY `craft_userpermissions_users_permissionId_userId_unq_idx` (`permissionId`,`userId`),
  KEY `craft_userpermissions_users_userId_fk` (`userId`)
) ENGINE=InnoDB DEFAULT CHARSET=utf8 COLLATE=utf8_unicode_ci;

DROP TABLE IF EXISTS `craft_users`;


--
-- Schema for table `craft_users`
--
CREATE TABLE `craft_users` (
  `id` int(11) NOT NULL,
  `username` varchar(100) COLLATE utf8_unicode_ci NOT NULL,
  `photo` varchar(100) COLLATE utf8_unicode_ci DEFAULT NULL,
  `firstName` varchar(100) COLLATE utf8_unicode_ci DEFAULT NULL,
  `lastName` varchar(100) COLLATE utf8_unicode_ci DEFAULT NULL,
  `email` varchar(255) COLLATE utf8_unicode_ci NOT NULL,
  `password` char(255) COLLATE utf8_unicode_ci DEFAULT NULL,
  `preferredLocale` char(12) COLLATE utf8_unicode_ci DEFAULT NULL,
  `weekStartDay` tinyint(1) unsigned NOT NULL DEFAULT '0',
  `admin` tinyint(1) unsigned NOT NULL DEFAULT '0',
  `client` tinyint(1) unsigned NOT NULL DEFAULT '0',
  `locked` tinyint(1) unsigned NOT NULL DEFAULT '0',
  `suspended` tinyint(1) unsigned NOT NULL DEFAULT '0',
  `pending` tinyint(1) unsigned NOT NULL DEFAULT '0',
  `archived` tinyint(1) unsigned NOT NULL DEFAULT '0',
  `lastLoginDate` datetime DEFAULT NULL,
  `lastLoginAttemptIPAddress` varchar(45) COLLATE utf8_unicode_ci DEFAULT NULL,
  `invalidLoginWindowStart` datetime DEFAULT NULL,
  `invalidLoginCount` tinyint(4) unsigned DEFAULT NULL,
  `lastInvalidLoginDate` datetime DEFAULT NULL,
  `lockoutDate` datetime DEFAULT NULL,
  `verificationCode` char(100) COLLATE utf8_unicode_ci DEFAULT NULL,
  `verificationCodeIssuedDate` datetime DEFAULT NULL,
  `unverifiedEmail` varchar(255) COLLATE utf8_unicode_ci DEFAULT NULL,
  `passwordResetRequired` tinyint(1) unsigned NOT NULL DEFAULT '0',
  `lastPasswordChangeDate` datetime DEFAULT NULL,
  `dateCreated` datetime NOT NULL,
  `dateUpdated` datetime NOT NULL,
  `uid` char(36) COLLATE utf8_unicode_ci NOT NULL DEFAULT '0',
  PRIMARY KEY (`id`),
  UNIQUE KEY `craft_users_username_unq_idx` (`username`),
  UNIQUE KEY `craft_users_email_unq_idx` (`email`),
  KEY `craft_users_verificationCode_idx` (`verificationCode`),
  KEY `craft_users_uid_idx` (`uid`),
  KEY `craft_users_preferredLocale_fk` (`preferredLocale`)
) ENGINE=InnoDB DEFAULT CHARSET=utf8 COLLATE=utf8_unicode_ci;

--
-- Data for table `craft_users`
--

INSERT INTO `craft_users` (`id`, `username`, `photo`, `firstName`, `lastName`, `email`, `password`, `preferredLocale`, `weekStartDay`, `admin`, `client`, `locked`, `suspended`, `pending`, `archived`, `lastLoginDate`, `lastLoginAttemptIPAddress`, `invalidLoginWindowStart`, `invalidLoginCount`, `lastInvalidLoginDate`, `lockoutDate`, `verificationCode`, `verificationCodeIssuedDate`, `unverifiedEmail`, `passwordResetRequired`, `lastPasswordChangeDate`, `dateCreated`, `dateUpdated`, `uid`) VALUES
 ('1', 'workgroup', NULL, '', '', 'david@workgroup.ie', '$2y$13$tSiisU.Xzu4ord4xq.50z.99xo5cf76rq.5a30Xc6ju6YQRDNDERy', NULL, '0', '1', '0', '0', '0', '0', '0', '2018-02-15 17:12:51', '::1', NULL, NULL, '2017-12-04 22:55:46', NULL, NULL, NULL, NULL, '0', '2017-10-13 11:05:55', '2017-10-13 11:04:16', '2018-02-15 17:12:51', '2a0b00d9-d0ac-447a-bb68-def4f63c6943');



DROP TABLE IF EXISTS `craft_widgets`;


--
-- Schema for table `craft_widgets`
--
CREATE TABLE `craft_widgets` (
  `id` int(11) NOT NULL AUTO_INCREMENT,
  `userId` int(11) NOT NULL,
  `type` varchar(150) COLLATE utf8_unicode_ci NOT NULL,
  `sortOrder` smallint(6) unsigned DEFAULT NULL,
  `colspan` tinyint(4) unsigned DEFAULT NULL,
  `settings` text COLLATE utf8_unicode_ci,
  `enabled` tinyint(1) unsigned NOT NULL DEFAULT '1',
  `dateCreated` datetime NOT NULL,
  `dateUpdated` datetime NOT NULL,
  `uid` char(36) COLLATE utf8_unicode_ci NOT NULL DEFAULT '0',
  PRIMARY KEY (`id`),
  KEY `craft_widgets_userId_fk` (`userId`)
) ENGINE=InnoDB AUTO_INCREMENT=5 DEFAULT CHARSET=utf8 COLLATE=utf8_unicode_ci;

--
-- Data for table `craft_widgets`
--

INSERT INTO `craft_widgets` (`id`, `userId`, `type`, `sortOrder`, `colspan`, `settings`, `enabled`, `dateCreated`, `dateUpdated`, `uid`) VALUES
 ('1', '1', 'RecentEntries', '1', NULL, NULL, '1', '2017-10-13 11:04:21', '2017-10-13 11:04:21', '8c595330-16a5-4a7a-920f-9ecabc6ab7ce'),
 ('2', '1', 'GetHelp', '2', NULL, NULL, '0', '2017-10-13 11:04:21', '2017-10-13 14:16:38', '58030859-7527-425e-a6b8-b39ea257a7a2'),
 ('3', '1', 'Updates', '3', NULL, NULL, '0', '2017-10-13 11:04:21', '2017-10-13 14:16:35', '4555e804-d83b-4e66-90c1-7724a4ba3447'),
 ('4', '1', 'Feed', '4', NULL, '{\"url\":\"https:\\/\\/craftcms.com\\/news.rss\",\"title\":\"Craft News\"}', '0', '2017-10-13 11:04:21', '2017-10-13 14:16:33', '9430b934-64b4-4422-8520-912487835846');


--
-- Constraints for tables
--


--
-- Constraints for table `craft_assetfiles`
--
ALTER TABLE `craft_assetfiles`
	ADD CONSTRAINT `craft_assetfiles_folderId_fk` FOREIGN KEY (`folderId`) REFERENCES `craft_assetfolders` (`id`) ON DELETE CASCADE,
	ADD CONSTRAINT `craft_assetfiles_id_fk` FOREIGN KEY (`id`) REFERENCES `craft_elements` (`id`) ON DELETE CASCADE,
	ADD CONSTRAINT `craft_assetfiles_sourceId_fk` FOREIGN KEY (`sourceId`) REFERENCES `craft_assetsources` (`id`) ON DELETE CASCADE;

--
-- Constraints for table `craft_assetfolders`
--
ALTER TABLE `craft_assetfolders`
	ADD CONSTRAINT `craft_assetfolders_parentId_fk` FOREIGN KEY (`parentId`) REFERENCES `craft_assetfolders` (`id`) ON DELETE CASCADE,
	ADD CONSTRAINT `craft_assetfolders_sourceId_fk` FOREIGN KEY (`sourceId`) REFERENCES `craft_assetsources` (`id`) ON DELETE CASCADE;

--
-- Constraints for table `craft_assetindexdata`
--
ALTER TABLE `craft_assetindexdata`
	ADD CONSTRAINT `craft_assetindexdata_sourceId_fk` FOREIGN KEY (`sourceId`) REFERENCES `craft_assetsources` (`id`) ON DELETE CASCADE;

--
-- Constraints for table `craft_assetsources`
--
ALTER TABLE `craft_assetsources`
	ADD CONSTRAINT `craft_assetsources_fieldLayoutId_fk` FOREIGN KEY (`fieldLayoutId`) REFERENCES `craft_fieldlayouts` (`id`) ON DELETE SET NULL;

--
-- Constraints for table `craft_categories`
--
ALTER TABLE `craft_categories`
	ADD CONSTRAINT `craft_categories_groupId_fk` FOREIGN KEY (`groupId`) REFERENCES `craft_categorygroups` (`id`) ON DELETE CASCADE,
	ADD CONSTRAINT `craft_categories_id_fk` FOREIGN KEY (`id`) REFERENCES `craft_elements` (`id`) ON DELETE CASCADE;

--
-- Constraints for table `craft_categorygroups`
--
ALTER TABLE `craft_categorygroups`
	ADD CONSTRAINT `craft_categorygroups_fieldLayoutId_fk` FOREIGN KEY (`fieldLayoutId`) REFERENCES `craft_fieldlayouts` (`id`) ON DELETE SET NULL,
	ADD CONSTRAINT `craft_categorygroups_structureId_fk` FOREIGN KEY (`structureId`) REFERENCES `craft_structures` (`id`) ON DELETE CASCADE;

--
-- Constraints for table `craft_categorygroups_i18n`
--
ALTER TABLE `craft_categorygroups_i18n`
	ADD CONSTRAINT `craft_categorygroups_i18n_groupId_fk` FOREIGN KEY (`groupId`) REFERENCES `craft_categorygroups` (`id`) ON DELETE CASCADE,
	ADD CONSTRAINT `craft_categorygroups_i18n_locale_fk` FOREIGN KEY (`locale`) REFERENCES `craft_locales` (`locale`) ON DELETE CASCADE ON UPDATE CASCADE;

--
-- Constraints for table `craft_content`
--
ALTER TABLE `craft_content`
	ADD CONSTRAINT `craft_content_elementId_fk` FOREIGN KEY (`elementId`) REFERENCES `craft_elements` (`id`) ON DELETE CASCADE,
	ADD CONSTRAINT `craft_content_locale_fk` FOREIGN KEY (`locale`) REFERENCES `craft_locales` (`locale`) ON DELETE CASCADE ON UPDATE CASCADE;

--
-- Constraints for table `craft_elements_i18n`
--
ALTER TABLE `craft_elements_i18n`
	ADD CONSTRAINT `craft_elements_i18n_elementId_fk` FOREIGN KEY (`elementId`) REFERENCES `craft_elements` (`id`) ON DELETE CASCADE,
	ADD CONSTRAINT `craft_elements_i18n_locale_fk` FOREIGN KEY (`locale`) REFERENCES `craft_locales` (`locale`) ON DELETE CASCADE ON UPDATE CASCADE;

--
-- Constraints for table `craft_emailmessages`
--
ALTER TABLE `craft_emailmessages`
	ADD CONSTRAINT `craft_emailmessages_locale_fk` FOREIGN KEY (`locale`) REFERENCES `craft_locales` (`locale`) ON DELETE CASCADE ON UPDATE CASCADE;

--
-- Constraints for table `craft_entries`
--
ALTER TABLE `craft_entries`
	ADD CONSTRAINT `craft_entries_authorId_fk` FOREIGN KEY (`authorId`) REFERENCES `craft_users` (`id`) ON DELETE CASCADE,
	ADD CONSTRAINT `craft_entries_id_fk` FOREIGN KEY (`id`) REFERENCES `craft_elements` (`id`) ON DELETE CASCADE,
	ADD CONSTRAINT `craft_entries_sectionId_fk` FOREIGN KEY (`sectionId`) REFERENCES `craft_sections` (`id`) ON DELETE CASCADE,
	ADD CONSTRAINT `craft_entries_typeId_fk` FOREIGN KEY (`typeId`) REFERENCES `craft_entrytypes` (`id`) ON DELETE CASCADE;

--
-- Constraints for table `craft_entrydrafts`
--
ALTER TABLE `craft_entrydrafts`
	ADD CONSTRAINT `craft_entrydrafts_creatorId_fk` FOREIGN KEY (`creatorId`) REFERENCES `craft_users` (`id`) ON DELETE CASCADE,
	ADD CONSTRAINT `craft_entrydrafts_entryId_fk` FOREIGN KEY (`entryId`) REFERENCES `craft_entries` (`id`) ON DELETE CASCADE,
	ADD CONSTRAINT `craft_entrydrafts_locale_fk` FOREIGN KEY (`locale`) REFERENCES `craft_locales` (`locale`) ON DELETE CASCADE ON UPDATE CASCADE,
	ADD CONSTRAINT `craft_entrydrafts_sectionId_fk` FOREIGN KEY (`sectionId`) REFERENCES `craft_sections` (`id`) ON DELETE CASCADE;

--
-- Constraints for table `craft_entrytypes`
--
ALTER TABLE `craft_entrytypes`
	ADD CONSTRAINT `craft_entrytypes_fieldLayoutId_fk` FOREIGN KEY (`fieldLayoutId`) REFERENCES `craft_fieldlayouts` (`id`) ON DELETE SET NULL,
	ADD CONSTRAINT `craft_entrytypes_sectionId_fk` FOREIGN KEY (`sectionId`) REFERENCES `craft_sections` (`id`) ON DELETE CASCADE;

--
-- Constraints for table `craft_entryversions`
--
ALTER TABLE `craft_entryversions`
	ADD CONSTRAINT `craft_entryversions_creatorId_fk` FOREIGN KEY (`creatorId`) REFERENCES `craft_users` (`id`) ON DELETE SET NULL,
	ADD CONSTRAINT `craft_entryversions_entryId_fk` FOREIGN KEY (`entryId`) REFERENCES `craft_entries` (`id`) ON DELETE CASCADE,
	ADD CONSTRAINT `craft_entryversions_locale_fk` FOREIGN KEY (`locale`) REFERENCES `craft_locales` (`locale`) ON DELETE CASCADE ON UPDATE CASCADE,
	ADD CONSTRAINT `craft_entryversions_sectionId_fk` FOREIGN KEY (`sectionId`) REFERENCES `craft_sections` (`id`) ON DELETE CASCADE;

--
-- Constraints for table `craft_fieldlayoutfields`
--
ALTER TABLE `craft_fieldlayoutfields`
	ADD CONSTRAINT `craft_fieldlayoutfields_fieldId_fk` FOREIGN KEY (`fieldId`) REFERENCES `craft_fields` (`id`) ON DELETE CASCADE,
	ADD CONSTRAINT `craft_fieldlayoutfields_layoutId_fk` FOREIGN KEY (`layoutId`) REFERENCES `craft_fieldlayouts` (`id`) ON DELETE CASCADE,
	ADD CONSTRAINT `craft_fieldlayoutfields_tabId_fk` FOREIGN KEY (`tabId`) REFERENCES `craft_fieldlayouttabs` (`id`) ON DELETE CASCADE;

--
-- Constraints for table `craft_fieldlayouttabs`
--
ALTER TABLE `craft_fieldlayouttabs`
	ADD CONSTRAINT `craft_fieldlayouttabs_layoutId_fk` FOREIGN KEY (`layoutId`) REFERENCES `craft_fieldlayouts` (`id`) ON DELETE CASCADE;

--
-- Constraints for table `craft_fields`
--
ALTER TABLE `craft_fields`
	ADD CONSTRAINT `craft_fields_groupId_fk` FOREIGN KEY (`groupId`) REFERENCES `craft_fieldgroups` (`id`) ON DELETE CASCADE;

--
-- Constraints for table `craft_globalsets`
--
ALTER TABLE `craft_globalsets`
	ADD CONSTRAINT `craft_globalsets_fieldLayoutId_fk` FOREIGN KEY (`fieldLayoutId`) REFERENCES `craft_fieldlayouts` (`id`) ON DELETE SET NULL,
	ADD CONSTRAINT `craft_globalsets_id_fk` FOREIGN KEY (`id`) REFERENCES `craft_elements` (`id`) ON DELETE CASCADE;

--
-- Constraints for table `craft_import_entries`
--
ALTER TABLE `craft_import_entries`
	ADD CONSTRAINT `craft_import_entries_versionId_fk` FOREIGN KEY (`versionId`) REFERENCES `craft_entryversions` (`id`) ON DELETE CASCADE,
	ADD CONSTRAINT `craft_import_entries_entryId_fk` FOREIGN KEY (`entryId`) REFERENCES `craft_entries` (`id`) ON DELETE CASCADE,
	ADD CONSTRAINT `craft_import_entries_historyId_fk` FOREIGN KEY (`historyId`) REFERENCES `craft_import_history` (`id`) ON DELETE SET NULL;

--
-- Constraints for table `craft_import_history`
--
ALTER TABLE `craft_import_history`
	ADD CONSTRAINT `craft_import_history_userId_fk` FOREIGN KEY (`userId`) REFERENCES `craft_users` (`id`) ON DELETE CASCADE;

--
-- Constraints for table `craft_import_log`
--
ALTER TABLE `craft_import_log`
	ADD CONSTRAINT `craft_import_log_historyId_fk` FOREIGN KEY (`historyId`) REFERENCES `craft_import_history` (`id`) ON DELETE SET NULL;

--
-- Constraints for table `craft_matrixblocks`
--
ALTER TABLE `craft_matrixblocks`
	ADD CONSTRAINT `craft_matrixblocks_fieldId_fk` FOREIGN KEY (`fieldId`) REFERENCES `craft_fields` (`id`) ON DELETE CASCADE,
	ADD CONSTRAINT `craft_matrixblocks_id_fk` FOREIGN KEY (`id`) REFERENCES `craft_elements` (`id`) ON DELETE CASCADE,
	ADD CONSTRAINT `craft_matrixblocks_ownerId_fk` FOREIGN KEY (`ownerId`) REFERENCES `craft_elements` (`id`) ON DELETE CASCADE,
	ADD CONSTRAINT `craft_matrixblocks_ownerLocale_fk` FOREIGN KEY (`ownerLocale`) REFERENCES `craft_locales` (`locale`) ON DELETE CASCADE ON UPDATE CASCADE,
	ADD CONSTRAINT `craft_matrixblocks_typeId_fk` FOREIGN KEY (`typeId`) REFERENCES `craft_matrixblocktypes` (`id`) ON DELETE CASCADE;

--
-- Constraints for table `craft_matrixblocktypes`
--
ALTER TABLE `craft_matrixblocktypes`
	ADD CONSTRAINT `craft_matrixblocktypes_fieldId_fk` FOREIGN KEY (`fieldId`) REFERENCES `craft_fields` (`id`) ON DELETE CASCADE,
	ADD CONSTRAINT `craft_matrixblocktypes_fieldLayoutId_fk` FOREIGN KEY (`fieldLayoutId`) REFERENCES `craft_fieldlayouts` (`id`) ON DELETE SET NULL;

--
-- Constraints for table `craft_migrations`
--
ALTER TABLE `craft_migrations`
	ADD CONSTRAINT `craft_migrations_pluginId_fk` FOREIGN KEY (`pluginId`) REFERENCES `craft_plugins` (`id`) ON DELETE CASCADE;

--
-- Constraints for table `craft_relabel`
--
ALTER TABLE `craft_relabel`
	ADD CONSTRAINT `craft_relabel_fieldId_fk` FOREIGN KEY (`fieldId`) REFERENCES `craft_fields` (`id`) ON DELETE CASCADE,
	ADD CONSTRAINT `craft_relabel_fieldLayoutId_fk` FOREIGN KEY (`fieldLayoutId`) REFERENCES `craft_fieldlayouts` (`id`) ON DELETE CASCADE;

--
-- Constraints for table `craft_relations`
--
ALTER TABLE `craft_relations`
	ADD CONSTRAINT `craft_relations_fieldId_fk` FOREIGN KEY (`fieldId`) REFERENCES `craft_fields` (`id`) ON DELETE CASCADE,
	ADD CONSTRAINT `craft_relations_sourceId_fk` FOREIGN KEY (`sourceId`) REFERENCES `craft_elements` (`id`) ON DELETE CASCADE,
	ADD CONSTRAINT `craft_relations_sourceLocale_fk` FOREIGN KEY (`sourceLocale`) REFERENCES `craft_locales` (`locale`) ON DELETE CASCADE ON UPDATE CASCADE,
	ADD CONSTRAINT `craft_relations_targetId_fk` FOREIGN KEY (`targetId`) REFERENCES `craft_elements` (`id`) ON DELETE CASCADE;

--
-- Constraints for table `craft_routes`
--
ALTER TABLE `craft_routes`
	ADD CONSTRAINT `craft_routes_locale_fk` FOREIGN KEY (`locale`) REFERENCES `craft_locales` (`locale`) ON DELETE CASCADE ON UPDATE CASCADE;

--
-- Constraints for table `craft_sections`
--
ALTER TABLE `craft_sections`
	ADD CONSTRAINT `craft_sections_structureId_fk` FOREIGN KEY (`structureId`) REFERENCES `craft_structures` (`id`) ON DELETE SET NULL;

--
-- Constraints for table `craft_sections_i18n`
--
ALTER TABLE `craft_sections_i18n`
	ADD CONSTRAINT `craft_sections_i18n_locale_fk` FOREIGN KEY (`locale`) REFERENCES `craft_locales` (`locale`) ON DELETE CASCADE ON UPDATE CASCADE,
	ADD CONSTRAINT `craft_sections_i18n_sectionId_fk` FOREIGN KEY (`sectionId`) REFERENCES `craft_sections` (`id`) ON DELETE CASCADE;

--
-- Constraints for table `craft_seomatic_meta`
--
ALTER TABLE `craft_seomatic_meta`
	ADD CONSTRAINT `craft_seomatic_meta_id_fk` FOREIGN KEY (`id`) REFERENCES `craft_elements` (`id`) ON DELETE CASCADE,
	ADD CONSTRAINT `craft_seomatic_meta_seoFacebookImageId_fk` FOREIGN KEY (`seoFacebookImageId`) REFERENCES `craft_assetfiles` (`id`) ON DELETE SET NULL,
	ADD CONSTRAINT `craft_seomatic_meta_seoImageId_fk` FOREIGN KEY (`seoImageId`) REFERENCES `craft_assetfiles` (`id`) ON DELETE SET NULL,
	ADD CONSTRAINT `craft_seomatic_meta_seoTwitterImageId_fk` FOREIGN KEY (`seoTwitterImageId`) REFERENCES `craft_assetfiles` (`id`) ON DELETE SET NULL;

--
-- Constraints for table `craft_seomatic_settings`
--
ALTER TABLE `craft_seomatic_settings`
	ADD CONSTRAINT `craft_seomatic_settings_genericCreatorImageId_fk` FOREIGN KEY (`genericCreatorImageId`) REFERENCES `craft_assetfiles` (`id`) ON DELETE SET NULL,
	ADD CONSTRAINT `craft_seomatic_settings_genericOwnerImageId_fk` FOREIGN KEY (`genericOwnerImageId`) REFERENCES `craft_assetfiles` (`id`) ON DELETE SET NULL,
	ADD CONSTRAINT `craft_seomatic_settings_siteSeoFacebookImageId_fk` FOREIGN KEY (`siteSeoFacebookImageId`) REFERENCES `craft_assetfiles` (`id`) ON DELETE SET NULL,
	ADD CONSTRAINT `craft_seomatic_settings_siteSeoImageId_fk` FOREIGN KEY (`siteSeoImageId`) REFERENCES `craft_assetfiles` (`id`) ON DELETE SET NULL,
	ADD CONSTRAINT `craft_seomatic_settings_siteSeoTwitterImageId_fk` FOREIGN KEY (`siteSeoTwitterImageId`) REFERENCES `craft_assetfiles` (`id`) ON DELETE SET NULL;

--
-- Constraints for table `craft_sessions`
--
ALTER TABLE `craft_sessions`
	ADD CONSTRAINT `craft_sessions_userId_fk` FOREIGN KEY (`userId`) REFERENCES `craft_users` (`id`) ON DELETE CASCADE;

--
-- Constraints for table `craft_shunnedmessages`
--
ALTER TABLE `craft_shunnedmessages`
	ADD CONSTRAINT `craft_shunnedmessages_userId_fk` FOREIGN KEY (`userId`) REFERENCES `craft_users` (`id`) ON DELETE CASCADE;

--
-- Constraints for table `craft_structureelements`
--
ALTER TABLE `craft_structureelements`
	ADD CONSTRAINT `craft_structureelements_elementId_fk` FOREIGN KEY (`elementId`) REFERENCES `craft_elements` (`id`) ON DELETE CASCADE,
	ADD CONSTRAINT `craft_structureelements_structureId_fk` FOREIGN KEY (`structureId`) REFERENCES `craft_structures` (`id`) ON DELETE CASCADE;

--
-- Constraints for table `craft_supertableblocks`
--
ALTER TABLE `craft_supertableblocks`
	ADD CONSTRAINT `craft_supertableblocks_fieldId_fk` FOREIGN KEY (`fieldId`) REFERENCES `craft_fields` (`id`) ON DELETE CASCADE,
	ADD CONSTRAINT `craft_supertableblocks_id_fk` FOREIGN KEY (`id`) REFERENCES `craft_elements` (`id`) ON DELETE CASCADE,
	ADD CONSTRAINT `craft_supertableblocks_ownerId_fk` FOREIGN KEY (`ownerId`) REFERENCES `craft_elements` (`id`) ON DELETE CASCADE,
	ADD CONSTRAINT `craft_supertableblocks_ownerLocale_fk` FOREIGN KEY (`ownerLocale`) REFERENCES `craft_locales` (`locale`) ON DELETE CASCADE ON UPDATE CASCADE,
	ADD CONSTRAINT `craft_supertableblocks_typeId_fk` FOREIGN KEY (`typeId`) REFERENCES `craft_supertableblocktypes` (`id`) ON DELETE CASCADE;

--
-- Constraints for table `craft_supertableblocktypes`
--
ALTER TABLE `craft_supertableblocktypes`
	ADD CONSTRAINT `craft_supertableblocktypes_fieldId_fk` FOREIGN KEY (`fieldId`) REFERENCES `craft_fields` (`id`) ON DELETE CASCADE,
	ADD CONSTRAINT `craft_supertableblocktypes_fieldLayoutId_fk` FOREIGN KEY (`fieldLayoutId`) REFERENCES `craft_fieldlayouts` (`id`) ON DELETE SET NULL;

--
-- Constraints for table `craft_taggroups`
--
ALTER TABLE `craft_taggroups`
	ADD CONSTRAINT `craft_taggroups_fieldLayoutId_fk` FOREIGN KEY (`fieldLayoutId`) REFERENCES `craft_fieldlayouts` (`id`) ON DELETE SET NULL;

--
-- Constraints for table `craft_tags`
--
ALTER TABLE `craft_tags`
	ADD CONSTRAINT `craft_tags_groupId_fk` FOREIGN KEY (`groupId`) REFERENCES `craft_taggroups` (`id`) ON DELETE CASCADE,
	ADD CONSTRAINT `craft_tags_id_fk` FOREIGN KEY (`id`) REFERENCES `craft_elements` (`id`) ON DELETE CASCADE;

--
-- Constraints for table `craft_templatecachecriteria`
--
ALTER TABLE `craft_templatecachecriteria`
	ADD CONSTRAINT `craft_templatecachecriteria_cacheId_fk` FOREIGN KEY (`cacheId`) REFERENCES `craft_templatecaches` (`id`) ON DELETE CASCADE;

--
-- Constraints for table `craft_templatecacheelements`
--
ALTER TABLE `craft_templatecacheelements`
	ADD CONSTRAINT `craft_templatecacheelements_cacheId_fk` FOREIGN KEY (`cacheId`) REFERENCES `craft_templatecaches` (`id`) ON DELETE CASCADE,
	ADD CONSTRAINT `craft_templatecacheelements_elementId_fk` FOREIGN KEY (`elementId`) REFERENCES `craft_elements` (`id`) ON DELETE CASCADE;

--
-- Constraints for table `craft_templatecaches`
--
ALTER TABLE `craft_templatecaches`
	ADD CONSTRAINT `craft_templatecaches_locale_fk` FOREIGN KEY (`locale`) REFERENCES `craft_locales` (`locale`) ON DELETE CASCADE ON UPDATE CASCADE;

--
-- Constraints for table `craft_usergroups_users`
--
ALTER TABLE `craft_usergroups_users`
	ADD CONSTRAINT `craft_usergroups_users_groupId_fk` FOREIGN KEY (`groupId`) REFERENCES `craft_usergroups` (`id`) ON DELETE CASCADE,
	ADD CONSTRAINT `craft_usergroups_users_userId_fk` FOREIGN KEY (`userId`) REFERENCES `craft_users` (`id`) ON DELETE CASCADE;

--
-- Constraints for table `craft_userpermissions_usergroups`
--
ALTER TABLE `craft_userpermissions_usergroups`
	ADD CONSTRAINT `craft_userpermissions_usergroups_groupId_fk` FOREIGN KEY (`groupId`) REFERENCES `craft_usergroups` (`id`) ON DELETE CASCADE,
	ADD CONSTRAINT `craft_userpermissions_usergroups_permissionId_fk` FOREIGN KEY (`permissionId`) REFERENCES `craft_userpermissions` (`id`) ON DELETE CASCADE;

--
-- Constraints for table `craft_userpermissions_users`
--
ALTER TABLE `craft_userpermissions_users`
	ADD CONSTRAINT `craft_userpermissions_users_permissionId_fk` FOREIGN KEY (`permissionId`) REFERENCES `craft_userpermissions` (`id`) ON DELETE CASCADE,
	ADD CONSTRAINT `craft_userpermissions_users_userId_fk` FOREIGN KEY (`userId`) REFERENCES `craft_users` (`id`) ON DELETE CASCADE;

--
-- Constraints for table `craft_users`
--
ALTER TABLE `craft_users`
	ADD CONSTRAINT `craft_users_id_fk` FOREIGN KEY (`id`) REFERENCES `craft_elements` (`id`) ON DELETE CASCADE,
	ADD CONSTRAINT `craft_users_preferredLocale_fk` FOREIGN KEY (`preferredLocale`) REFERENCES `craft_locales` (`locale`) ON DELETE SET NULL ON UPDATE CASCADE;

--
-- Constraints for table `craft_widgets`
--
ALTER TABLE `craft_widgets`
	ADD CONSTRAINT `craft_widgets_userId_fk` FOREIGN KEY (`userId`) REFERENCES `craft_users` (`id`) ON DELETE CASCADE;

SET FOREIGN_KEY_CHECKS = 1;
