-- Generated by Craft v2.6.3005 on 26 Feb 2018, 5:34:22 p.m..

--
-- Disable foreign key checks and autocommit.
--

SET FOREIGN_KEY_CHECKS = 0;
SET SQL_MODE = "NO_AUTO_VALUE_ON_ZERO";
SET AUTOCOMMIT = 0;
SET NAMES utf8;


DROP TABLE IF EXISTS `craft_assetfiles`;


--
-- Schema for table `craft_assetfiles`
--
CREATE TABLE `craft_assetfiles` (
  `id` int(11) NOT NULL,
  `sourceId` int(11) DEFAULT NULL,
  `folderId` int(11) NOT NULL,
  `filename` varchar(255) COLLATE utf8_unicode_ci NOT NULL,
  `kind` varchar(50) COLLATE utf8_unicode_ci NOT NULL DEFAULT 'unknown',
  `width` int(11) unsigned DEFAULT NULL,
  `height` int(11) unsigned DEFAULT NULL,
  `size` bigint(20) unsigned DEFAULT NULL,
  `dateModified` datetime DEFAULT NULL,
  `dateCreated` datetime NOT NULL,
  `dateUpdated` datetime NOT NULL,
  `uid` char(36) COLLATE utf8_unicode_ci NOT NULL DEFAULT '0',
  PRIMARY KEY (`id`),
  UNIQUE KEY `craft_assetfiles_filename_folderId_unq_idx` (`filename`,`folderId`),
  KEY `craft_assetfiles_sourceId_fk` (`sourceId`),
  KEY `craft_assetfiles_folderId_fk` (`folderId`)
) ENGINE=InnoDB DEFAULT CHARSET=utf8 COLLATE=utf8_unicode_ci;

--
-- Data for table `craft_assetfiles`
--

INSERT INTO `craft_assetfiles` (`id`, `sourceId`, `folderId`, `filename`, `kind`, `width`, `height`, `size`, `dateModified`, `dateCreated`, `dateUpdated`, `uid`) VALUES
 ('101', '5', '5', 'case.csv', 'unknown', NULL, NULL, '74951', '2018-02-15 17:44:10', '2018-02-15 17:44:10', '2018-02-16 10:19:38', '3edbe71a-ee6a-4cb9-88d3-a36d0f390dc4'),
 ('142', '5', '5', 'team.csv', 'unknown', NULL, NULL, '16262', '2018-02-15 17:45:12', '2018-02-15 17:45:12', '2018-02-16 10:19:39', '2625d376-e23a-4d22-9f9a-17ef2c7fe739'),
 ('161', '4', '4', 'AlinBuzgo.jpg', 'image', '337', '337', '80439', '2018-02-15 17:50:40', '2018-02-15 17:54:18', '2018-02-16 10:19:31', '796e9658-4fc1-4ec8-bdcb-be2f006c61e5'),
 ('162', '4', '4', 'AlinBuzgo1.jpg', 'image', '428', '589', '132807', '2018-02-15 17:50:41', '2018-02-15 17:54:18', '2018-02-16 10:19:32', 'a8d61293-e188-4494-9bf2-a07a8eebb194'),
 ('163', '4', '4', 'Colin-Kirwan-6.jpg', 'image', '337', '337', '73010', '2018-02-15 17:50:40', '2018-02-15 17:54:19', '2018-02-16 10:19:32', '669726cb-7a05-4ee8-b1cc-1900a4a1135b'),
 ('164', '4', '4', 'Colin-Kirwan-7.jpg', 'image', '428', '589', '117951', '2018-02-15 17:50:40', '2018-02-15 17:54:19', '2018-02-16 10:19:32', 'f4676a2a-d22d-46b7-911c-ee57b5e887e9'),
 ('165', '4', '4', 'ConorDoyle.jpg', 'image', '337', '337', '72887', '2018-02-15 17:50:40', '2018-02-15 17:54:19', '2018-02-16 10:19:32', 'e146e3e8-f46b-4540-8624-6c877af6482b'),
 ('166', '4', '4', 'ConorDoyle1.jpg', 'image', '428', '589', '90438', '2018-02-15 17:50:40', '2018-02-15 17:54:19', '2018-02-16 10:19:32', '3279a852-c604-42b4-a219-fea489fc0ed0'),
 ('167', '4', '4', 'DeclanGorman.jpg', 'image', '337', '337', '46584', '2018-02-15 17:50:40', '2018-02-15 17:54:19', '2018-02-16 10:19:33', '81e47264-fd93-4b83-8ee5-6dcf19d6e989'),
 ('168', '4', '4', 'DeclanGorman1.jpg', 'image', '430', '590', '71624', '2018-02-15 17:50:40', '2018-02-15 17:54:19', '2018-02-16 10:19:33', 'e02b16c0-8d44-4176-bd32-5e013528f1c0'),
 ('169', '4', '4', 'DonnachaNeary.jpg', 'image', '337', '337', '64945', '2018-02-15 17:50:40', '2018-02-15 17:54:19', '2018-02-16 10:19:33', '18882c11-cfec-48d7-a18f-6c63af587ebc'),
 ('170', '4', '4', 'DonnachaNeary1.jpg', 'image', '428', '590', '78521', '2018-02-15 17:50:40', '2018-02-15 17:54:20', '2018-02-16 10:19:33', '87efb01d-a259-45e6-b2bc-6bd1ef435836'),
 ('171', '4', '4', 'DougIto.jpg', 'image', '337', '337', '51309', '2018-02-15 17:50:40', '2018-02-15 17:54:20', '2018-02-16 10:19:33', 'e86bf8e1-b124-46e8-965f-a61b35f54453'),
 ('172', '4', '4', 'DougIto1.jpg', 'image', '428', '589', '70345', '2018-02-15 17:50:40', '2018-02-15 17:54:20', '2018-02-16 10:19:33', 'b46da632-3fc1-407f-8224-d55d784316a1'),
 ('173', '4', '4', 'EliskaValtrova.jpg', 'image', '337', '337', '83342', '2018-02-16 09:28:09', '2018-02-15 17:54:20', '2018-02-16 10:19:33', '934382f5-addc-46d3-907a-d8271e974a92'),
 ('174', '4', '4', 'EliskaValtrova1.jpg', 'image', '428', '589', '136414', '2018-02-15 17:50:41', '2018-02-15 17:54:20', '2018-02-16 10:19:34', 'd831e1fe-231a-46a2-8a44-e63f0f99d582'),
 ('175', '4', '4', 'HughWard.jpg', 'image', '337', '337', '53676', '2018-02-15 17:50:40', '2018-02-15 17:54:20', '2018-02-16 10:19:34', '99deae69-3fb6-4960-a422-db710055c8c9'),
 ('176', '4', '4', 'HughWard1.jpg', 'image', '428', '589', '94397', '2018-02-15 17:50:40', '2018-02-15 17:54:21', '2018-02-16 10:19:34', 'd85d2972-018f-4058-b2c9-f5000cd06d08'),
 ('177', '4', '4', 'JohnDonnelly.jpg', 'image', '337', '337', '67992', '2018-02-15 17:50:40', '2018-02-15 17:54:21', '2018-02-16 10:19:34', '11ca7782-09fd-4e6d-975b-abdb81ede49d'),
 ('178', '4', '4', 'JohnDonnelly1.jpg', 'image', '428', '589', '95586', '2018-02-15 17:50:41', '2018-02-15 17:54:21', '2018-02-16 10:19:34', '28f65bae-1e5c-4b05-a006-37238ce10bc5'),
 ('179', '4', '4', 'MarcMcHugh.jpg', 'image', '337', '337', '82235', '2018-02-16 09:28:09', '2018-02-15 17:54:21', '2018-02-16 10:19:35', '4a921e22-dc07-41d1-b182-75720b734597'),
 ('180', '4', '4', 'MarcMcHugh1.jpg', 'image', '428', '589', '156017', '2018-02-15 17:50:41', '2018-02-15 17:54:21', '2018-02-16 10:19:35', '746f682e-cfe2-45ef-80b9-a940a747fc45'),
 ('181', '4', '4', 'MargoLynch.jpg', 'image', '337', '337', '68724', '2018-02-16 09:28:09', '2018-02-15 17:54:21', '2018-02-16 10:19:35', '4dcab2e2-85bd-4562-ad3a-c899fed5c173'),
 ('182', '4', '4', 'MargoLynch1.jpg', 'image', '428', '589', '143106', '2018-02-15 17:50:41', '2018-02-15 17:54:22', '2018-02-16 10:19:35', '1f36f6ce-4a42-4275-92e1-1f8c4231f79c'),
 ('183', '4', '4', 'MarieHalpenny.jpg', 'image', '337', '337', '66671', '2018-02-16 09:28:09', '2018-02-15 17:54:22', '2018-02-16 10:19:35', '26b4d901-a1dd-4fec-9430-59cbd62a1400'),
 ('184', '4', '4', 'MarieHalpenny1.jpg', 'image', '428', '589', '96983', '2018-02-15 17:50:40', '2018-02-15 17:54:22', '2018-02-16 10:19:36', '8e1e9ed8-a19d-43a6-ac0e-5cc02016a5ee'),
 ('185', '4', '4', 'Martin-Brady-1.jpg', 'image', '428', '589', '136291', '2018-02-15 17:50:41', '2018-02-15 17:54:22', '2018-02-16 10:19:36', '00107269-1541-45ef-b2df-d730818492e9'),
 ('186', '4', '4', 'Martin-Brady.jpg', 'image', '337', '337', '126267', '2018-02-15 17:50:40', '2018-02-15 17:54:22', '2018-02-16 10:19:36', 'db266295-259b-40d3-bc2a-fc81e49f0faa'),
 ('187', '4', '4', 'Patric-Tuohy.jpg', 'image', '337', '337', '129421', '2018-02-15 17:50:40', '2018-02-15 17:54:22', '2018-02-16 10:19:36', '665943e8-5343-442c-b5e7-fa70433b96ee'),
 ('188', '4', '4', 'Patrik-Tuohy-1.jpg', 'image', '428', '589', '143415', '2018-02-15 17:50:41', '2018-02-15 17:54:23', '2018-02-16 10:19:36', '4be1282f-ed2d-4a12-9463-3334afef269e'),
 ('189', '4', '4', 'RayArgue.jpg', 'image', '337', '337', '79029', '2018-02-15 17:50:40', '2018-02-15 17:54:23', '2018-02-16 10:19:37', 'aebfb0fc-eeaa-411b-9d10-82179fca27d7'),
 ('190', '4', '4', 'RayArgue1.jpg', 'image', '428', '589', '113749', '2018-02-15 17:50:41', '2018-02-15 17:54:23', '2018-02-16 10:19:37', '7e9f97d5-47b2-4ad1-8f22-8626d8826b71'),
 ('191', '4', '4', 'RayMcCaul.jpg', 'image', '337', '337', '59629', '2018-02-15 17:50:40', '2018-02-15 17:54:23', '2018-02-16 10:19:37', 'a35db712-4d64-4ff0-849b-6d2d97742c38'),
 ('192', '4', '4', 'RayMcCaul1.jpg', 'image', '428', '589', '103251', '2018-02-15 17:50:40', '2018-02-15 17:54:23', '2018-02-16 10:19:37', '75a4f9c9-cd5c-42c6-96b6-128a2644ba76'),
 ('193', '4', '4', 'StephenKeane.jpg', 'image', '337', '337', '81480', '2018-02-15 17:50:40', '2018-02-15 17:54:23', '2018-02-16 10:19:37', '3100af26-a2e5-407d-a594-26c0a397015b'),
 ('194', '4', '4', 'StephenKeane1.jpg', 'image', '428', '589', '128976', '2018-02-15 17:50:40', '2018-02-15 17:54:24', '2018-02-16 10:19:38', '50c4f3d0-f005-4cc3-862c-b0143316337d'),
 ('195', '4', '4', 'YemiOnasanya.jpg', 'image', '337', '337', '80294', '2018-02-15 17:50:40', '2018-02-15 17:54:24', '2018-02-16 10:19:38', 'f0399734-7ec0-4ad3-a199-3fa6700926ec'),
 ('196', '4', '4', 'YemiOnasanya1.jpg', 'image', '428', '589', '150408', '2018-02-15 17:50:41', '2018-02-15 17:54:24', '2018-02-16 10:19:38', 'c6b96b19-ddc8-4386-988b-297344b2c302'),
 ('197', '1', '1', 'Demonware 1.JPG', 'image', '5374', '3167', '15466150', '2018-02-16 09:28:08', '2018-02-16 02:34:29', '2018-02-26 12:20:19', 'd67f93c3-cf0f-48ee-899e-dfe2fbea1e4e'),
 ('198', '1', '1', 'Demonware 12.JPG', 'image', '6257', '6359', '35951495', '2018-02-16 09:28:08', '2018-02-16 02:34:31', '2018-02-26 12:20:21', '35fce4de-dc8a-48b0-b7c3-fb0f430cc8bb'),
 ('199', '1', '1', 'Demonware 7.JPG', 'image', '6418', '4230', '30091136', '2018-02-16 09:28:09', '2018-02-16 02:34:34', '2018-02-26 12:20:25', 'aab51e03-6937-4c85-9f00-1285892b8bb4'),
 ('200', '1', '1', 'Demonware 13.JPG', 'image', '6281', '4346', '28413870', '2018-02-16 09:28:08', '2018-02-16 02:34:37', '2018-02-26 12:20:23', '44ffc6f4-3a61-45d8-ad52-a5d0324cfc76'),
 ('201', '1', '1', 'Demonware_17_08_edit-s.jpg', 'image', '1600', '1600', '3331310', '2018-02-16 09:28:09', '2018-02-16 02:34:39', '2018-02-26 12:20:25', '2261ce05-cbf3-4f89-a602-939fe651a318'),
 ('203', '1', '1', 'Adobe 42.jpg', 'image', '6000', '4000', '12341743', '2017-12-13 13:29:02', '2018-02-16 10:19:21', '2018-02-26 12:20:09', 'c703f880-8456-4cc8-8b8e-6ef0d7b6fb3a'),
 ('204', '1', '1', 'Charlemont 4.jpg', 'image', '6000', '4000', '10343774', '2017-12-14 11:22:32', '2018-02-16 10:19:23', '2018-02-26 12:20:17', '4253df80-0c71-42d5-a9e0-c99951269fdb'),
 ('205', '1', '1', '3 Arena 10.jpg', 'image', '3861', '2574', '4154883', '2017-12-20 12:31:21', '2018-02-16 10:21:20', '2018-02-26 12:19:39', '0e1182c4-5d3b-4f36-a890-4c32b2c3f880'),
 ('206', '1', '1', 'GLG 04.jpg', 'image', '800', '533', '42804', '2017-12-14 12:27:29', '2018-02-16 10:21:30', '2018-02-26 12:20:26', '5fca8cb6-8277-45d1-80f9-6da45d8b7e54'),
 ('207', '1', '1', 'Hubspot 4.jpg', 'image', '5760', '3840', '18127739', '2017-12-14 10:42:06', '2018-02-16 10:21:31', '2018-02-26 12:20:27', 'ae8a36ec-28ed-4b41-a63b-c727d85c850a'),
 ('208', '1', '1', 'Intercom 14.jpg', 'image', '6000', '4000', '10830821', '2017-12-14 11:30:02', '2018-02-16 10:21:32', '2018-02-26 12:20:28', '1c643dea-cced-4b87-ae31-0405c77e35e9'),
 ('209', '1', '1', 'Intercom 21.jpg', 'image', '6000', '4000', '7235725', '2017-12-14 11:36:20', '2018-02-16 10:21:33', '2018-02-26 12:20:29', '6bd49f38-ee6f-46d4-95f6-e1c979ba8b59'),
 ('210', '1', '1', 'UDG 2.jpg', 'image', '3456', '2304', '6248577', '2017-12-20 12:28:26', '2018-02-16 10:21:34', '2018-02-26 12:20:31', 'b889c0eb-fc70-4745-b026-8a6559b62f5f'),
 ('211', '1', '1', 'Davy 3.jpg', 'image', '2126', '3189', '3282322', '2017-12-20 15:21:03', '2018-02-16 10:25:31', '2018-02-26 12:20:17', 'b9269607-0e56-4174-8c1e-a32cc78c507b'),
 ('212', '1', '1', 'Salesforce 6.jpg', 'image', '2304', '3456', '4824091', '2017-12-20 12:32:59', '2018-02-16 10:25:44', '2018-02-26 12:20:30', 'b541910b-60cd-4db2-981f-fd578b1acfc8'),
 ('213', '1', '1', 'Wipro 12.jpg', 'image', '3390', '2260', '4084670', '2018-01-03 16:57:58', '2018-02-16 10:25:45', '2018-02-26 12:20:31', '8d4a91a1-1fbb-4265-a0a2-b587cac32403'),
 ('214', '1', '1', 'Davy 6.jpg', 'image', '3456', '2304', '4369389', '2017-12-20 15:21:38', '2018-02-16 10:30:45', '2018-02-26 12:20:18', '5dd235ac-feab-4b90-9844-2d335c182176'),
 ('216', '1', '1', '100 Stephens Green 1.jpg', 'image', '4000', '6000', '10476861', '2017-12-21 17:03:04', '2018-02-26 12:19:30', '2018-02-26 12:19:31', 'c5ae7c62-9bc2-42e6-9e51-6b04c0cebecd'),
 ('217', '1', '1', '100 Stephens Green 24.jpg', 'image', '6000', '4000', '15394614', '2017-12-21 17:05:01', '2018-02-26 12:19:31', '2018-02-26 12:19:33', '59b7028f-63b6-4cdd-9f2c-07ba323dcb3e'),
 ('218', '1', '1', '100 Stephens Green 29.jpg', 'image', '4000', '6000', '15436813', '2017-12-21 17:03:22', '2018-02-26 12:19:33', '2018-02-26 12:19:34', '325cb1aa-5379-4890-a98f-6811dbdbc7d8'),
 ('219', '1', '1', '100 Stephens Green 26.jpg', 'image', '4000', '6000', '13893920', '2017-12-21 17:03:41', '2018-02-26 12:19:34', '2018-02-26 12:19:35', '7a35b039-b578-45dc-975b-47ee59b13e5a'),
 ('220', '1', '1', '100 Stephens Green 3.jpg', 'image', '4000', '6000', '13821391', '2017-12-21 17:02:52', '2018-02-26 12:19:36', '2018-02-26 12:19:37', 'e165de0a-98b9-4e10-9041-ddcdbddaf4cd'),
 ('221', '1', '1', '100 Stephens Green 6.jpg', 'image', '4000', '6000', '12578529', '2017-12-21 17:15:46', '2018-02-26 12:19:37', '2018-02-26 12:19:38', 'c28b7d1f-2a2d-4115-81d8-e495446a1bde'),
 ('222', '1', '1', '3 Arena 1.jpg', 'image', '3861', '2574', '4907388', '2017-12-20 12:31:05', '2018-02-26 12:19:38', '2018-02-26 12:19:39', 'ed9f4e1a-9e53-49c6-8f81-602905da42bb'),
 ('223', '1', '1', '3 Arena 12.jpg', 'image', '5315', '3543', '756040', '2017-12-20 12:31:48', '2018-02-26 12:19:39', '2018-02-26 12:19:40', '33f17ee9-737d-4c53-aa0d-b79297860650'),
 ('224', '1', '1', '3 Arena 14.JPG', 'image', '4608', '3072', '7328782', '2017-12-20 12:31:40', '2018-02-26 12:19:40', '2018-02-26 12:19:41', 'aaef69eb-cb67-40d2-8dc1-9a11cc5a012e'),
 ('225', '1', '1', '3 Arena 15.JPG', 'image', '4608', '3072', '10832150', '2017-12-20 12:32:44', '2018-02-26 12:19:41', '2018-02-26 12:19:42', '4eaa44b2-f15f-4d1c-b1a4-404311447635'),
 ('226', '1', '1', '3 Arena 8.1.jpg', 'image', '1500', '1000', '1019915', '2017-12-20 12:31:09', '2018-02-26 12:19:42', '2018-02-26 12:19:42', '864aae4f-5c09-4cf2-a806-c32b06b13f4f'),
 ('227', '1', '1', '3 Arena 8.jpg', 'image', '1500', '1000', '1024392', '2017-12-20 12:30:46', '2018-02-26 12:19:42', '2018-02-26 12:19:42', 'ae820a6f-2a4e-4550-bece-85e7a681699f'),
 ('228', '1', '1', 'AIG 1.jpg', 'image', '3090', '1884', '3309758', '2018-01-03 17:33:12', '2018-02-26 12:19:42', '2018-02-26 12:19:43', '1504fffe-4ddc-4249-ab63-2166b091e54b'),
 ('229', '1', '1', 'Adobe 01.jpg', 'image', '6000', '4000', '8311788', '2017-12-13 13:29:49', '2018-02-26 12:19:43', '2018-02-26 12:19:44', '7d203597-2796-4838-94cb-735beb3bcdb2'),
 ('230', '1', '1', 'Adobe 03.jpg', 'image', '6000', '4000', '10832403', '2017-12-13 13:30:17', '2018-02-26 12:19:44', '2018-02-26 12:19:45', 'f1dadb3f-761d-4bb7-9cdb-6e6844e2056d'),
 ('231', '1', '1', 'Adobe 09.jpg', 'image', '6000', '4000', '26942850', '2017-12-14 10:53:18', '2018-02-26 12:19:45', '2018-02-26 12:19:47', 'ce849d77-63d4-46e8-a016-603c9bdf0b2b'),
 ('232', '1', '1', 'Adobe 11.jpg', 'image', '6000', '4000', '14255283', '2017-12-14 10:10:03', '2018-02-26 12:19:47', '2018-02-26 12:19:49', '86aba1da-ff32-4782-8c7b-a8533b9cff44'),
 ('233', '1', '1', 'Adobe 13.jpg', 'image', '6000', '4000', '14302613', '2017-12-13 13:28:48', '2018-02-26 12:19:49', '2018-02-26 12:19:50', 'c3576521-c3d4-4336-9294-578b25123a34'),
 ('234', '1', '1', 'Adobe 14.jpg', 'image', '6000', '4000', '13110500', '2017-12-13 13:26:38', '2018-02-26 12:19:50', '2018-02-26 12:19:51', '7bc868fc-c212-46d1-8b49-4ca99a9234df'),
 ('235', '1', '1', 'Adobe 16.jpg', 'image', '6000', '4000', '13420452', '2017-12-13 13:29:37', '2018-02-26 12:19:51', '2018-02-26 12:19:53', 'b46ef2a8-710c-4cfe-be8d-cb0c7e10dcca'),
 ('236', '1', '1', 'Adobe 18.jpg', 'image', '6000', '4000', '16610646', '2017-12-14 10:52:52', '2018-02-26 12:19:53', '2018-02-26 12:19:54', '25c78c0c-07a3-4da8-bdc9-d66a6d17b63d'),
 ('237', '1', '1', 'Adobe 21.jpg', 'image', '6000', '4000', '15124153', '2017-12-13 13:28:22', '2018-02-26 12:19:54', '2018-02-26 12:19:56', 'a6fa6c74-5988-4092-b10f-198b6b1a05d1'),
 ('238', '1', '1', 'Adobe 22.jpg', 'image', '6000', '4000', '12975053', '2017-12-14 10:08:56', '2018-02-26 12:19:56', '2018-02-26 12:19:57', 'ed73f6f6-b25f-4150-a801-565e9b161a1c'),
 ('239', '1', '1', 'Adobe 24.jpg', 'image', '6000', '4000', '14176487', '2017-12-14 10:09:17', '2018-02-26 12:19:57', '2018-02-26 12:19:59', '4f821537-b1d4-4a6c-b399-acb1fde7f0bc'),
 ('240', '1', '1', 'Adobe 27.jpg', 'image', '6000', '4000', '12607032', '2017-12-13 13:25:53', '2018-02-26 12:19:59', '2018-02-26 12:20:00', '178e5c0d-33d9-47ff-9429-14f2c27c3069'),
 ('241', '1', '1', 'Adobe 29.jpg', 'image', '6000', '4000', '14701802', '2017-12-13 13:29:17', '2018-02-26 12:20:00', '2018-02-26 12:20:02', '4b563538-9dec-48bf-8b81-25e33f5acedc'),
 ('242', '1', '1', 'Adobe 34.jpg', 'image', '4000', '6000', '13766419', '2017-12-13 13:30:45', '2018-02-26 12:20:03', '2018-02-26 12:20:05', '02146e25-14cc-4c0b-a229-46fc36ac8f5a'),
 ('243', '1', '1', 'Adobe 35.jpg', 'image', '4000', '6000', '14731736', '2017-12-13 13:26:55', '2018-02-26 12:20:05', '2018-02-26 12:20:06', 'fa8780f3-f8c7-496d-b01d-e94b8366adb8'),
 ('244', '1', '1', 'Adobe 39.jpg', 'image', '6000', '4000', '14302960', '2017-12-14 10:10:28', '2018-02-26 12:20:06', '2018-02-26 12:20:08', '6789f62f-08e3-408b-9d07-3219aef6a097'),
 ('245', '1', '1', 'Anya Hindmarch 1.jpg', 'image', '5000', '3334', '6064947', '2018-01-03 17:13:42', '2018-02-26 12:20:09', '2018-02-26 12:20:10', '6f5424fe-0a7e-4549-8d97-ebd9c0bcdb52'),
 ('246', '1', '1', 'Anya Hindmarch 2.jpg', 'image', '6000', '4000', '7894947', '2018-01-03 17:13:03', '2018-02-26 12:20:10', '2018-02-26 12:20:11', 'e58f96db-4e3a-44ad-8300-efde0c8b94ef'),
 ('247', '1', '1', 'Anya Hindmarch 3.jpg', 'image', '6000', '4000', '7504563', '2018-01-03 17:13:16', '2018-02-26 12:20:11', '2018-02-26 12:20:12', '17a84b77-6ec4-410e-96d3-a8e3f6d691fc'),
 ('248', '1', '1', 'Anya Hindmarch 4.jpg', 'image', '4000', '6000', '6200644', '2018-01-03 17:14:03', '2018-02-26 12:20:12', '2018-02-26 12:20:13', '3e3def25-9a14-4239-9b14-4006653ff157'),
 ('249', '1', '1', 'Anya Hindmarch 6.jpg', 'image', '5544', '3696', '6172746', '2018-01-03 17:14:13', '2018-02-26 12:20:13', '2018-02-26 12:20:14', 'c4f50f08-4f91-41ce-b315-4b87082c27f1'),
 ('250', '1', '1', 'Anya Hindmarch 7.jpg', 'image', '6060', '3292', '7563913', '2018-01-03 17:13:26', '2018-02-26 12:20:14', '2018-02-26 12:20:15', '5f56bc4b-1c53-45ec-b680-b8cb02a9475b');



DROP TABLE IF EXISTS `craft_assetfolders`;


--
-- Schema for table `craft_assetfolders`
--
CREATE TABLE `craft_assetfolders` (
  `id` int(11) NOT NULL AUTO_INCREMENT,
  `parentId` int(11) DEFAULT NULL,
  `sourceId` int(11) DEFAULT NULL,
  `name` varchar(255) COLLATE utf8_unicode_ci NOT NULL,
  `path` varchar(255) COLLATE utf8_unicode_ci DEFAULT NULL,
  `dateCreated` datetime NOT NULL,
  `dateUpdated` datetime NOT NULL,
  `uid` char(36) COLLATE utf8_unicode_ci NOT NULL DEFAULT '0',
  PRIMARY KEY (`id`),
  UNIQUE KEY `craft_assetfolders_name_parentId_sourceId_unq_idx` (`name`,`parentId`,`sourceId`),
  KEY `craft_assetfolders_parentId_fk` (`parentId`),
  KEY `craft_assetfolders_sourceId_fk` (`sourceId`)
) ENGINE=InnoDB AUTO_INCREMENT=6 DEFAULT CHARSET=utf8 COLLATE=utf8_unicode_ci;

--
-- Data for table `craft_assetfolders`
--

INSERT INTO `craft_assetfolders` (`id`, `parentId`, `sourceId`, `name`, `path`, `dateCreated`, `dateUpdated`, `uid`) VALUES
 ('1', NULL, '1', 'Case Study Images', '', '2017-10-13 15:38:54', '2018-02-15 17:41:56', 'e86685ec-df57-485a-8fa6-c608e19c2e8b'),
 ('4', NULL, '4', 'Team Images', '', '2017-11-21 22:40:49', '2018-02-15 17:42:10', '2bae5e4b-b55b-414b-922d-19cac288956b'),
 ('5', NULL, '5', 'Imports', '', '2018-02-15 17:43:15', '2018-02-15 17:43:15', '83199999-af4a-4f60-a4ba-ed46f9b8309d');



DROP TABLE IF EXISTS `craft_assetindexdata`;


--
-- Schema for table `craft_assetindexdata`
--
CREATE TABLE `craft_assetindexdata` (
  `id` int(11) NOT NULL AUTO_INCREMENT,
  `sessionId` varchar(36) COLLATE utf8_unicode_ci NOT NULL DEFAULT '',
  `sourceId` int(10) NOT NULL,
  `offset` int(10) NOT NULL,
  `uri` varchar(255) COLLATE utf8_unicode_ci DEFAULT NULL,
  `size` varchar(255) COLLATE utf8_unicode_ci DEFAULT NULL,
  `recordId` int(10) DEFAULT NULL,
  `dateCreated` datetime NOT NULL,
  `dateUpdated` datetime NOT NULL,
  `uid` char(36) COLLATE utf8_unicode_ci NOT NULL DEFAULT '0',
  PRIMARY KEY (`id`),
  UNIQUE KEY `craft_assetindexdata_sessionId_sourceId_offset_unq_idx` (`sessionId`,`sourceId`,`offset`),
  KEY `craft_assetindexdata_sourceId_fk` (`sourceId`)
) ENGINE=InnoDB AUTO_INCREMENT=230 DEFAULT CHARSET=utf8 COLLATE=utf8_unicode_ci;

DROP TABLE IF EXISTS `craft_assetsources`;


--
-- Schema for table `craft_assetsources`
--
CREATE TABLE `craft_assetsources` (
  `id` int(11) NOT NULL AUTO_INCREMENT,
  `name` varchar(255) COLLATE utf8_unicode_ci NOT NULL,
  `handle` varchar(255) COLLATE utf8_unicode_ci NOT NULL,
  `type` varchar(150) COLLATE utf8_unicode_ci NOT NULL,
  `settings` text COLLATE utf8_unicode_ci,
  `sortOrder` smallint(6) unsigned DEFAULT NULL,
  `fieldLayoutId` int(10) DEFAULT NULL,
  `dateCreated` datetime NOT NULL,
  `dateUpdated` datetime NOT NULL,
  `uid` char(36) COLLATE utf8_unicode_ci NOT NULL DEFAULT '0',
  PRIMARY KEY (`id`),
  UNIQUE KEY `craft_assetsources_name_unq_idx` (`name`),
  UNIQUE KEY `craft_assetsources_handle_unq_idx` (`handle`),
  KEY `craft_assetsources_fieldLayoutId_fk` (`fieldLayoutId`)
) ENGINE=InnoDB AUTO_INCREMENT=6 DEFAULT CHARSET=utf8 COLLATE=utf8_unicode_ci;

--
-- Data for table `craft_assetsources`
--

INSERT INTO `craft_assetsources` (`id`, `name`, `handle`, `type`, `settings`, `sortOrder`, `fieldLayoutId`, `dateCreated`, `dateUpdated`, `uid`) VALUES
 ('1', 'Case Study Images', 'case', 'Local', '{\"path\":\"images\\/case\\/\",\"publicURLs\":\"1\",\"url\":\"http:\\/\\/localhost:8888\\/459001-Sonica\\/images\\/case\\/\"}', '1', '107', '2017-10-13 15:38:54', '2018-02-26 13:01:13', 'f88325b7-718b-4c26-8fe4-b7276e954cc2'),
 ('4', 'Team Images', 'team', 'Local', '{\"path\":\"images\\/team\\/\",\"publicURLs\":\"1\",\"url\":\"http:\\/\\/localhost:8888\\/459001-Sonica\\/images\\/team\\/\"}', '4', '100', '2017-11-21 22:40:49', '2018-02-15 17:42:10', 'e8231238-0960-41d2-b3f8-d42398e451e1'),
 ('5', 'Imports', 'imports', 'Local', '{\"path\":\"imports\\/\",\"publicURLs\":\"1\",\"url\":\"http:\\/\\/localhost:8888\\/459001-Sonica\\/imports\\/\"}', '5', '101', '2018-02-15 17:43:15', '2018-02-15 17:43:15', '15f4773a-2dfe-4e9e-a0ed-1eb282966dfa');



DROP TABLE IF EXISTS `craft_assettransformindex`;


--
-- Schema for table `craft_assettransformindex`
--
CREATE TABLE `craft_assettransformindex` (
  `id` int(11) NOT NULL AUTO_INCREMENT,
  `fileId` int(11) NOT NULL,
  `filename` varchar(255) COLLATE utf8_unicode_ci DEFAULT NULL,
  `format` varchar(255) COLLATE utf8_unicode_ci DEFAULT NULL,
  `location` varchar(255) COLLATE utf8_unicode_ci NOT NULL,
  `sourceId` int(11) DEFAULT NULL,
  `fileExists` tinyint(1) DEFAULT NULL,
  `inProgress` tinyint(1) DEFAULT NULL,
  `dateIndexed` datetime DEFAULT NULL,
  `dateCreated` datetime NOT NULL,
  `dateUpdated` datetime NOT NULL,
  `uid` char(36) COLLATE utf8_unicode_ci NOT NULL DEFAULT '0',
  PRIMARY KEY (`id`),
  KEY `craft_assettransformindex_sourceId_fileId_location_idx` (`sourceId`,`fileId`,`location`)
) ENGINE=InnoDB AUTO_INCREMENT=107 DEFAULT CHARSET=utf8 COLLATE=utf8_unicode_ci;

DROP TABLE IF EXISTS `craft_assettransforms`;


--
-- Schema for table `craft_assettransforms`
--
CREATE TABLE `craft_assettransforms` (
  `id` int(11) NOT NULL AUTO_INCREMENT,
  `name` varchar(255) COLLATE utf8_unicode_ci NOT NULL,
  `handle` varchar(255) COLLATE utf8_unicode_ci NOT NULL,
  `mode` enum('stretch','fit','crop') COLLATE utf8_unicode_ci NOT NULL DEFAULT 'crop',
  `position` enum('top-left','top-center','top-right','center-left','center-center','center-right','bottom-left','bottom-center','bottom-right') COLLATE utf8_unicode_ci NOT NULL DEFAULT 'center-center',
  `height` int(10) DEFAULT NULL,
  `width` int(10) DEFAULT NULL,
  `format` varchar(255) COLLATE utf8_unicode_ci DEFAULT NULL,
  `quality` int(10) DEFAULT NULL,
  `dimensionChangeTime` datetime DEFAULT NULL,
  `dateCreated` datetime NOT NULL,
  `dateUpdated` datetime NOT NULL,
  `uid` char(36) COLLATE utf8_unicode_ci NOT NULL DEFAULT '0',
  PRIMARY KEY (`id`),
  UNIQUE KEY `craft_assettransforms_name_unq_idx` (`name`),
  UNIQUE KEY `craft_assettransforms_handle_unq_idx` (`handle`)
) ENGINE=InnoDB AUTO_INCREMENT=4 DEFAULT CHARSET=utf8 COLLATE=utf8_unicode_ci;

--
-- Data for table `craft_assettransforms`
--

INSERT INTO `craft_assettransforms` (`id`, `name`, `handle`, `mode`, `position`, `height`, `width`, `format`, `quality`, `dimensionChangeTime`, `dateCreated`, `dateUpdated`, `uid`) VALUES
 ('1', 'Web Large', 'webLarge', 'fit', 'center-center', NULL, '2400', 'jpg', '82', '2018-02-15 18:02:44', '2018-02-15 18:02:44', '2018-02-15 18:02:44', '09daedfa-0db9-4216-93fe-317e00000689'),
 ('2', 'Web Medium', 'webMedium', 'fit', 'center-center', NULL, '1600', 'jpg', '100', '2018-02-15 18:03:16', '2018-02-15 18:02:57', '2018-02-15 18:03:16', '872839a0-4595-45c5-86a8-e757f640e140'),
 ('3', 'Web Small', 'webSmall', 'fit', 'center-center', NULL, '800', 'jpg', '82', '2018-02-15 18:03:08', '2018-02-15 18:03:08', '2018-02-15 18:03:21', '31462f30-2ea8-4b33-abc3-29b5ec699b4e');



DROP TABLE IF EXISTS `craft_categories`;


--
-- Schema for table `craft_categories`
--
CREATE TABLE `craft_categories` (
  `id` int(11) NOT NULL,
  `groupId` int(11) NOT NULL,
  `dateCreated` datetime NOT NULL,
  `dateUpdated` datetime NOT NULL,
  `uid` char(36) COLLATE utf8_unicode_ci NOT NULL DEFAULT '0',
  PRIMARY KEY (`id`),
  KEY `craft_categories_groupId_fk` (`groupId`)
) ENGINE=InnoDB DEFAULT CHARSET=utf8 COLLATE=utf8_unicode_ci;

DROP TABLE IF EXISTS `craft_categorygroups`;


--
-- Schema for table `craft_categorygroups`
--
CREATE TABLE `craft_categorygroups` (
  `id` int(11) NOT NULL AUTO_INCREMENT,
  `structureId` int(11) NOT NULL,
  `fieldLayoutId` int(11) DEFAULT NULL,
  `name` varchar(255) COLLATE utf8_unicode_ci NOT NULL,
  `handle` varchar(255) COLLATE utf8_unicode_ci NOT NULL,
  `hasUrls` tinyint(1) unsigned NOT NULL DEFAULT '1',
  `template` varchar(500) COLLATE utf8_unicode_ci DEFAULT NULL,
  `dateCreated` datetime NOT NULL,
  `dateUpdated` datetime NOT NULL,
  `uid` char(36) COLLATE utf8_unicode_ci NOT NULL DEFAULT '0',
  PRIMARY KEY (`id`),
  UNIQUE KEY `craft_categorygroups_name_unq_idx` (`name`),
  UNIQUE KEY `craft_categorygroups_handle_unq_idx` (`handle`),
  KEY `craft_categorygroups_structureId_fk` (`structureId`),
  KEY `craft_categorygroups_fieldLayoutId_fk` (`fieldLayoutId`)
) ENGINE=InnoDB DEFAULT CHARSET=utf8 COLLATE=utf8_unicode_ci;

DROP TABLE IF EXISTS `craft_categorygroups_i18n`;


--
-- Schema for table `craft_categorygroups_i18n`
--
CREATE TABLE `craft_categorygroups_i18n` (
  `id` int(11) NOT NULL AUTO_INCREMENT,
  `groupId` int(11) NOT NULL,
  `locale` char(12) COLLATE utf8_unicode_ci NOT NULL,
  `urlFormat` text COLLATE utf8_unicode_ci,
  `nestedUrlFormat` text COLLATE utf8_unicode_ci,
  `dateCreated` datetime NOT NULL,
  `dateUpdated` datetime NOT NULL,
  `uid` char(36) COLLATE utf8_unicode_ci NOT NULL DEFAULT '0',
  PRIMARY KEY (`id`),
  UNIQUE KEY `craft_categorygroups_i18n_groupId_locale_unq_idx` (`groupId`,`locale`),
  KEY `craft_categorygroups_i18n_locale_fk` (`locale`)
) ENGINE=InnoDB DEFAULT CHARSET=utf8 COLLATE=utf8_unicode_ci;

DROP TABLE IF EXISTS `craft_content`;


--
-- Schema for table `craft_content`
--
CREATE TABLE `craft_content` (
  `id` int(11) NOT NULL AUTO_INCREMENT,
  `elementId` int(11) NOT NULL,
  `locale` char(12) COLLATE utf8_unicode_ci NOT NULL,
  `title` varchar(255) COLLATE utf8_unicode_ci DEFAULT NULL,
  `field_meta` text COLLATE utf8_unicode_ci,
  `field_location` text COLLATE utf8_unicode_ci,
  `field_details` text COLLATE utf8_unicode_ci,
  `field_size` text COLLATE utf8_unicode_ci,
  `field_timescale` text COLLATE utf8_unicode_ci,
  `field_features` text COLLATE utf8_unicode_ci,
  `field_quote` text COLLATE utf8_unicode_ci,
  `field_quoteAttribution` text COLLATE utf8_unicode_ci,
  `field_role` text COLLATE utf8_unicode_ci,
  `field_myJob` text COLLATE utf8_unicode_ci,
  `field_whySonica` text COLLATE utf8_unicode_ci,
  `field_whatILoveDoing` text COLLATE utf8_unicode_ci,
  `field_email` text COLLATE utf8_unicode_ci,
  `field_projectsCompleted` text COLLATE utf8_unicode_ci,
  `dateCreated` datetime NOT NULL,
  `dateUpdated` datetime NOT NULL,
  `uid` char(36) COLLATE utf8_unicode_ci NOT NULL DEFAULT '0',
  PRIMARY KEY (`id`),
  UNIQUE KEY `craft_content_elementId_locale_unq_idx` (`elementId`,`locale`),
  KEY `craft_content_title_idx` (`title`),
  KEY `craft_content_locale_fk` (`locale`)
) ENGINE=InnoDB AUTO_INCREMENT=248 DEFAULT CHARSET=utf8 COLLATE=utf8_unicode_ci;

--
-- Data for table `craft_content`
--

INSERT INTO `craft_content` (`id`, `elementId`, `locale`, `title`, `field_meta`, `field_location`, `field_details`, `field_size`, `field_timescale`, `field_features`, `field_quote`, `field_quoteAttribution`, `field_role`, `field_myJob`, `field_whySonica`, `field_whatILoveDoing`, `field_email`, `field_projectsCompleted`, `dateCreated`, `dateUpdated`, `uid`) VALUES
 ('1', '1', 'en_ie', NULL, NULL, NULL, NULL, NULL, NULL, NULL, NULL, NULL, NULL, NULL, NULL, NULL, NULL, NULL, '2017-10-13 11:04:16', '2017-10-13 11:05:55', '3bd24037-549e-4ee3-9c59-483681b74106'),
 ('9', '9', 'en_ie', NULL, NULL, NULL, NULL, NULL, NULL, NULL, NULL, NULL, NULL, NULL, NULL, NULL, NULL, NULL, '2017-10-13 14:23:03', '2017-12-04 23:29:49', '23ceb2a8-db4f-45df-9dfb-1ce352e6d976'),
 ('98', '101', 'en_ie', 'Case', NULL, NULL, NULL, NULL, NULL, NULL, NULL, NULL, NULL, NULL, NULL, NULL, NULL, NULL, '2018-02-15 17:44:10', '2018-02-16 10:19:38', 'f1bf98b0-85b9-48a7-899e-7b50ba83c325'),
 ('99', '102', 'en_ie', '21 Charlemont', NULL, 'Dublin 2', '<p>Rohan Holdings is a leader in the complex business of developing prestige offices, high quality business parks and industrial premises. With over 40 years’ experience in land acquisition, design, planning, construction and tenant fit out, Rohan Holdings have a respected proven track record of delivering projects on time, within budget and to their clients’ satisfaction.</p>\n<p>Working in the shell of the newly completed 21 Charlemont Place Office Block, our brief was to take the “Grey Box” finish to full Landlord CAT-A standard to LEED Gold and A3 BER Rating.</p>\n<p>Set against an aggressive time line driven by a signed single tenancy lease for the whole building, works included complete raised floor installation, soft floor finishes, partitions and ceilings, joinery and decorations. Our brief also extended the the complete M&amp;E installations to include A/C, lighting, protective services, basement and roof plant, louvres &amp; screening with full testing and commissioning.</p>', '<ul><li>3,420m2</li></ul>', '<ul><li>2-week Pre-construction</li><li>10 weeks on-site</li></ul>', '<ul><li>Cat A Office Fitout</li><li>Extensive Green Roof</li><li>LEED Gold Certification and A3 BER</li><li>Balconies and Feature Roof Terrace</li></ul>', '', '', NULL, NULL, NULL, NULL, NULL, NULL, '2018-02-15 17:44:20', '2018-02-16 10:22:08', '43c915b0-1efa-4913-827d-f8af709770d3'),
 ('100', '103', 'en_ie', 'Private Client', NULL, 'Dublin 4', '<p>We are delighted to showcase the successful completion of a new 15k sq.ft. Corporate HQ office in Dublin’s City Centre for a Private Sonica Client, the results of which are absolutely stunning.</p>\n<p>Our brief took the project from an existing Landlord CAT-A finish (which was fully stripped out) to their fitted out Corporate HQ in 8 weeks from commencement.</p>\n<p>Works were undertaken in a multi-tenanted office development with continual intensive daily co-ordination with the sitting Building Management Team. Added to the time sensitive nature of the project was the Client’s “not-to-exceed” occupation date which was a key consideration in our aggressive construction programme.</p>\n<p>Due to the high degree of cellularisation to form the various offices, meeting spaces and executive boardrooms, the mechanical scope required considerable addition to the primary Landlord ventilation provisions via. intensive upgrades, modelling and building control integration.</p>\n<p>The project scope also included a large specialist joinery component, extensive meeting spaces with feature exposed ceilings and feature lighting throughout, bespoke reception area, feature hard and soft floorings, substantial active IT solution, a fully redundant IT backbone install to main comms room, high-end Corporate level access control and security install, A/V delivery and a full furniture installation across the complete floor plate.</p>', '<ul><li>1,500m2</li></ul>', '<ul><li>1-week Pre-construction</li><li>7 weeks on-site</li></ul>', '<ul><li><sub>Design and VE development to suit budget parameters<br /></sub></li><li><sub>International collaboration with multiple project stakeholders<br /></sub></li><li><sub>Co-ordination with local Team on relocation deliverables<br /></sub></li><li><sub>Comms room commissioned and complete 2 weeks before handover to allow Client IT access.<br /></sub></li><li><sub>Live building environment<br /></sub></li><li><sub>Full M&amp;E data &amp; VC co-ordination</sub></li></ul>', '', '', NULL, NULL, NULL, NULL, NULL, NULL, '2018-02-15 17:44:20', '2018-02-16 10:22:14', '7d935aa6-bb28-43e4-bc85-8af9f3ccbeac'),
 ('101', '104', 'en_ie', 'Demonware', NULL, 'Parnell Street\r\nDublin 1', '<p>Demonware are an Irish software development company specialising in creating networking software and services for computer game development, most notably for the Call of Duty on-line game franchise. The company were acquired by US game publisher Activision Blizzard in 2007 and have offices in Dublin, Vancouver and Shanghai.</p>\n<p>Due to the complexity of the works and the fact that the offices would remain LIVE through the refurbishment, the project was bid on a 2-stage basis with an open tender process to identify two preferred bidders followed by a post-tender interview process to select their final fitout partner. A large part of the Client Team’s decision making process also centered on input and commentary from the Contractor into the initial scheme design with recommendations on buildability and value engineering. We were suitably delighted to win out at interview stage and be appointed as Demonware’s contractor of choice – with us on board, planning for their new European HQ officially kicked-off led by international architects, Urban Agency.</p>\n<p>The scope of works included segregation of the existing floor plate into Live / Under-Construction areas, the complete strip of the demised floor areas, full M&amp;E, IT and A/V installation, a bespoke fabricated solution for Meeting Rooms (made from curved glass pods) and Team Huddle Rooms (machined birch faced plywood), full soft &amp; hard flooring, extensive graphics package and the management &amp; supervision of the Client’s furniture vendors. Of further note was the fact that the project was completed with the Client in full occupation on the 5th Floor of a multi-tenanted building.</p>\n<p>The finished project is a fabulous addition to our portfolio of works and is a job that we are very proud to have been involved with.</p>', '<ul><li>1,800m2</li></ul>', '<ul><li>4-week Pre-construction</li><li>14 weeks on-site</li></ul>', '<ul><li>Sonica PM</li><li>Full design realisation and co-ordination with International Design Team</li><li>Staff migration &amp; move management</li><li>Full M&amp;E and IT installations</li><li>Turnkey furniture package</li><li>Curved glass huddle rooms</li><li>Birch-faced plywood huddle pods</li><li>Exposed building structure &amp; ceiling</li><li>Corporate signage &amp; brand identity</li></ul>', 'I just want take a breath to let you know how happy we\'ve been so far with how the build is being managed by your Team and with the quality of the work that is being done. Harry, Doug and Ray have been a pleasure to work with throughout these past 14 weeks. What could have been a very stressful experience for us, has turned out to be an education in how a professional renovation should run. Thanks to you and your Team for this.', 'Amy Smith, Business Services Manager, Demonware', NULL, NULL, NULL, NULL, NULL, NULL, '2018-02-15 17:44:20', '2018-02-26 12:54:53', '2f238aab-25ff-48b3-8445-61e4ef88587b'),
 ('102', '105', 'en_ie', 'Hubspot', NULL, 'Dublin 1', '<p>We had the tremendous fortune to meet with and work alongside our friends in Hubspot when our MD PM’d their very first Dublin office for just 8-people five short years ago.  Since then, we’ve had the distinct honour to be part of their expansion year-on-year as the Sonica Team continued to service their ever increasing head count and office space requirements.  Their growth in Dublin has been simply astounding. </p>\n<p>It is therefore with great pride, and shared enthusiasm for their continued future successes, that we announce the completion and launch of their new EMEA HQ in Dublin, which was opened in March 2016 with substantial (and well deserved) fanfare across the Irish media.</p>\n<p>We look forward to working with Hubspot as their PM of choice here in Dublin, and wish them every good fortune in their fabulous new home. #HubSpotDigsDublin</p>', '<ul><li>2,750m2</li></ul>', '<ul><li>12 weeks Design Co-ordination, Contract Formulation &amp; Lease Management</li><li>10 weeks Build Management On-Site</li></ul>', '<ul><li>Sonica PM</li><li>Full Design Realisation and Co-ordination with International Design Team</li><li>Landlord Approval and Grant of Licence to Alter</li><li>Local Design Team Appointment &amp; Management as Lead Consultant</li><li>Complete Project Financial Control &amp; Package Management</li><li>Client Direct Vendor Engagement and Management</li><li>Staff Migration &amp; Move Management</li></ul>', 'Sonica has been a phenomenal partner to HubSpot - they always keep our interests front-and-centre and are beyond timely and thorough. If you wanted a partner that can do it all and give the attention these complex fitout projects command, it is Sonica Fitout - they simply get it, and get results.', 'Ken Papa, Facilities Director, Hubspot Inc.', NULL, NULL, NULL, NULL, NULL, NULL, '2018-02-15 17:44:20', '2018-02-16 10:22:21', 'bc912bbf-df32-4184-9613-33cf6f3a19ff'),
 ('103', '106', 'en_ie', 'Private Client', NULL, 'Dublin 2', '<p>Our brief was to strip and refit the old Anglo Irish Bank space over two floors in St. Stephen’s Green House and transform it into an expansive, sophisticated, tech-savvy office for our Client’s expanded new HQ in Ireland.</p>\n<p>Works were executed on a 10-week programme within a fully engaged, heavily trafficked, multi-tenanted building. With it’s location in the heart of Dublin’s shopping district on the iconic St. Stephen’s Green, the delivery of the finished project on an accelerated timeline formed a hugely important part of our project execution plan where the delivery / collection logistics, overall traffic management, DCC liaison, out of hours works scheduling and compliance with strict building noise restrictions all required in-depth consideration.</p>\n<p>The Architectural Design included a substantial joinery package, multiple floor finishes, open grid exposed ceilings, extensive Client direct vend supervision and migration management. Other packages included substantial upgrades to the Mechanical, Electrical, IT and AV installations with all service works demanding a high level of co-ordinated attention to guarantee that the vision for the completed space was realised.</p>', '<ul><li>3,000m2</li></ul>', '<ul><li>1-week Pre-construction</li><li>10 weeks on-site</li></ul>', '<ul><li>Large open plan spaces with extensive perimeter cellularisation.</li><li>Extensive M&amp;E &amp; IT package with “open grid” M&amp;E ceiling services</li><li>Engagement of specialist contractors to facilitate works in a time restricted programme.</li><li>Co-ordination with local teams and stakeholders on relocation deliverables.</li><li>Cost and VE development to suit strict budget parameters.</li></ul>', '', '', NULL, NULL, NULL, NULL, NULL, NULL, '2018-02-15 17:44:20', '2018-02-16 10:27:37', '0c100cb7-cdef-4011-9d09-ceb7e6d68559'),
 ('104', '107', 'en_ie', 'UDG Healthcare', NULL, 'Citywest Business Campus', '<p>Designed by RKD Interiors, our brief took the assignment from an Existing Landlord CAT-A area over 2-separate tenancies, both of which were then fully stripped back to basic shell and core structure as part of our works, to become UDG Healthcare’s Corporate HQ within a 10-week period from Commencement on site.</p>\n<p>Works were performed unobtrusively within a fully engaged, highly trafficked, multi-tenanted building with close overlap to Campus Management, Client Stakeholders and neighbouring tenants.</p>\n<p>Packages encompassed a sizeable stylish joinery element and complex Mechanical, Electrical &amp; IT upgrades to service the open-plan work-space areas and segmental modular offices &amp; meeting rooms. The main Reception features an inviting design element luring to a quirky ‘Breakout Area Canteen’ with feature brick internal facades, critall glazed screens, floating ‘wooden’ acoustic ceilings and matchless tiled flooring.</p>\n<p>Due to the nature and scale of the sharp trapezoidal shaped walls and ceilings, paired with the diverging display of flooring and wall colours, the detailing in the Architectural packages required a Sonica level of attention to guarantee that the Architects vision for the completed space was realised.</p>', '<ul><li>1,250m2</li></ul>', '<ul><li>1-week Pre-Con</li><li>10 weeks on site</li></ul>', '<ul><li>Design and VE development to suit strict budget parameters</li><li>Comms room commissioned and complete 3 weeks before handover to allow Client IT access</li><li>Liaison and management of Client Direct vendors</li><li>Project acceleration to ensure no client ‘down-time’ and smooth, quick turn-around on staff migrations</li><li>Co-ordination with local Team on relocation deliverables</li><li>M&amp;E and IT upgrades throughout</li><li>Turnkey furniture package</li></ul>', 'It was great to work with Hugh Ward and his team at Sonica Fitout on our new HQ in Riverwalk, Citywest. We were very impressed with the level of professionalism and attention to detail on every aspect of this project which produced a high standard of finish. Sonica Fitouts commitment to this project ensured that it came in on programme and within budget. Everyone is delighted with the final result.', 'Donal Burke, Head of Procurement', NULL, NULL, NULL, NULL, NULL, NULL, '2018-02-15 17:44:20', '2018-02-16 10:22:34', 'b5be1a85-896f-4180-968b-2d182b0355cd'),
 ('105', '108', 'en_ie', '3 Arena', NULL, 'North Wall Quay, Dublin 1', '<p>Full D&amp;B project from receipt of Client outline brief to final delivery and handover. Development of a central defined theme to roll out across the complete rebrand project was the key deliverable.</p>\n<p>1672 individual ceiling suspended “Cities” in the 4th floor bar, over 2,400 individually controlled LED lights per City (and that’s just one area on one floor..!)</p>\n<p>3m dia. “Oculus” video back-projected onto VIP ceiling – video specifically commissioned for the Kaleidoscope Bar fitout.</p>\n<p>Fully programmable KNX Lighting system with user defined colour and dimming set points depending on event and scene setting requirements. This linked back to main venue DALI system for central control by Venue management.</p>\n<p>Fully interactive Twitter feed linked to feature “floating Megalopolis” to allow visitors Tweet their venue experiences directly into the bars in real time.</p>', '<ul><li>4000m2 overall Venue Area.</li><li>Works spread across three separate project sites running concurrently.</li></ul>', '<ul><li>8 weeks on site</li></ul>', '<ul><li>Conceptual development and full project design</li><li>GMP Contract Sum</li><li>Intricate project programming</li><li>Live venue interaction &amp; co-ordination</li></ul>', 'Have to say it looks absolutely incredible. Proud to have worked on such a prestigious project for such a prestigious company as\r\nSonica Fitout. From all at Devlin in Design. Congratulations to Sonica.', 'Enda Devlin, Devlin in Design', NULL, NULL, NULL, NULL, NULL, NULL, '2018-02-15 17:44:20', '2018-02-16 10:22:38', '3cbf8e38-30fc-4293-9381-e0804400d083'),
 ('106', '109', 'en_ie', 'Salesforce', NULL, 'Central Park, Dublin 18', '<p>Salesforce is the world’s leading CRM software and enterprise cloud ecosystem, their “Customer Success Platform” helps businesses grow into a more streamlined, effective and efficient organisations across sales, service, marketing and more.</p>\n<p>The Sonica Ops Team has had the pleasure of being part of SFDC’s expansion by servicing their ever increasing head count and office space requirements for the past 3-years.  It is therefore with great pride that we showcase the latest SFDC office completion, a 15,000 sq.ft. floor plate in Central Park.</p>\n<p>Works involved the demolition and strip out of the previous tenant’s existing fitted offices to cater for the new Salesforce remodelled floor plate layout.  The office design placed emphasis on increased Team collaboration with all new open plan workstations, meeting rooms, offices, boardrooms, flexible spaces, staff kitchens &amp; canteen areas, breakout areas and a number of bespoke “TechForce Bars” all part of the required brief.</p>\n<p>They have since been voted Ireland’s Best Workplace – the company was ranked No. 1 on the list of the Best Large Places to Work, a ranking based on employees’ own assessments of their experiences.</p>', '<ul><li>1500m2</li></ul>', '<ul><li>10 weeks Design Co-ordination, Procurement, GMP Formulation</li><li>12 weeks Build Management On-Site</li></ul>', '<ul><li>Full GMP Build Delivery</li><li>Extensive Feature Joinery Package procurement</li><li>Complete staff auditorium with extensive A/V</li><li>Client Direct Vendor Engagement and Management</li><li>Staff Migration &amp; Move Management</li></ul>', 'Just a little note to say a BIG thank you to you and all the Sonica team. It was a real pleasure working with you all. Thanks for your guidance, assistance and patience! Fingers crossed for the next one.', 'Cathy Mooney, Senior Office Manager', NULL, NULL, NULL, NULL, NULL, NULL, '2018-02-15 17:44:20', '2018-02-16 10:26:05', '4a188f35-ea33-4c2e-a9a2-7e5981cf3a9c'),
 ('107', '110', 'en_ie', 'Wipro', NULL, 'Ballsbridge', '<p>Since entering the Irish market in 2015, WIPRO have gone from strength to strength securing substantial projects for their ever increasing Client base. This success has been met with a rapid increase in head count and exponential office space requirement.</p>\n<p>Having already completed over 50k sq.ft. of office space in Dublin for WIPRO since 2015, we were delighted to build upon and advance the great working relationship we had developed with both their International and Local Teams when they appointed us again as their Turnkey D&amp;B Fitout Specialist for their new expansion offices in Ballsbridge.</p>\n<p>Works were undertaken in a multi-tenanted office development with continual intensive daily co-ordination with the sitting Campus Management Team. Added to the time sensitive nature of the project was the Client’s “not-to-exceed” occupation date which was a key consideration in our aggressive construction programme.</p>\n<p>Due to the high degree of cellularisation to form the various offices, meeting spaces, VC Rooms &amp; Executive Boardrooms, the mechanical scope required considerable addition to the primary Landlord ventilation provisions via. intensive upgrades, modelling and building control integration.</p>\n<p>The project scope also included a large specialist joinery component, exposed ceilings and feature lighting throughout, feature hard and soft floorings, substantial active IT solution, a fully redundant IT backbone install with UPS back up to main comms room, high-end Corporate level access control and security install, A/V delivery and a full furniture installation across the complete floor plate.</p>', '<ul><li>1000m2</li></ul>', '<ul><li>1-week Pre-construction</li><li>8 weeks on-site</li></ul>', '<ul><li>Sonica PM</li><li>Full Design Realisation and Co-ordination with International Design Team</li><li>Landlord Approval and Grant of Licence to Alter</li><li>Local Design Team Appointment &amp; Management as Lead Consultant</li><li>Complete Project Financial Control &amp; Package Management</li><li>Client Direct Vendor Engagement and Management</li><li>Staff Migration &amp; Move Management</li></ul>', '', '', NULL, NULL, NULL, NULL, NULL, NULL, '2018-02-15 17:44:21', '2018-02-16 10:26:13', '610fb6a0-797b-4cb7-9940-d504c0e85544'),
 ('108', '111', 'en_ie', 'Private Client', NULL, 'Dublin 2', '<p>Sonica Fitout were contracted to completely refurbish the Ground Floor lobby of the headquarters of one of Ireland’s leading providers of wealth management and financial advisory services. Clients of this prestigious private client are used to a meticulous attention to detail and as such this was reflected in the design and level of finish expected.</p>\n<p>The intent was to provide enclosed, private areas throughout the space with which to hold impromptu, private meetings while maintaining a bright, open and modern feel throughout. Combined with the extremely well-appointed joinery package the overall feel of the space was one of practical opulence and luxury.</p>\n<p>The scope of works was a complete refurbishment with curved recessed bulkheads all LED backlit, stone tiling throughout, new security gates and curved glazed meeting rooms all surrounding the walnut clad lift core that integrated seamlessly with an oversized reception desk. In addition new bathroom and kitchen facilities were completed as well as all new air conditioning throughout the floor.</p>\n<p>Following a week’s pre construction this project was delivered in 5 weeks over multiple phases keeping live access available to staff members 24 hours a day 7 days a week with minimal disruption.</p>', '<ul><li>Reception areas</li></ul>', '<ul><li>1-week Pre-Con</li><li>5 weeks on site</li></ul>', '<ul><li>Natural Stone floor</li><li>Bespoke Walnut wall cladding</li><li>Curved glazed partitions throughout</li><li>Oversized feature reception desk</li><li>Backlit feature ceilings throughout</li><li>New staff “speedlanes”</li><li>New facilities</li><li>Completely revamped AC system.</li></ul>', '', '', NULL, NULL, NULL, NULL, NULL, NULL, '2018-02-15 17:44:21', '2018-02-16 10:31:17', '4db005e2-2688-4ca5-aade-c2888ff4a0dc'),
 ('109', '112', 'en_ie', 'SAS', NULL, 'La Touche House IFSC, Dublin 1', '<p>SAS is a global market leader in business analytics software and services and is listed as being in the Top-100 Best Companies to work for worldwide. We were delighted to complete their prestigious new 1,300m2 HQ office in Dublin’s IFSC complex.</p>\n<p>Works were undertaken in a multi-tenanted, fully occupied building with extensive noise restriction in place to avoid disruption to other businesses on-site.</p>\n<p>The scope included complete demolitions of the existing floor plate with subsequent re-fit of partitions, glazing, managers offices, corporate meeting rooms, multiple floor finishes, decorations and a bespoke branding and graphics package. The brief also extended to the supply &amp; installation of all new operator workstations, cellular office stations and boardroom furniture with completion of all M&amp;E, IT and A/V services.</p>\n<p>The completed project truly reflects SAS’s strong corporate identity through the entire space and we were delighted to hand over the finished article to the Client’s exacting standards and expectations.</p>', '<ul><li>1,300m2</li></ul>', '<ul><li>1-week Pre-construction</li><li>8 weeks on-site</li></ul>', '<ul><li>Fully occupied Building Environment</li><li>Management of Client Direct Vend Packages</li><li>Complete M&amp;E, IT and A/V service installations</li><li>Corporate Brand Package co-ordination &amp; implementation</li><li>Extensive corporate office cellularisation</li></ul>', 'I can highly recommend Sonica Fit Out, their professionalism and flexible approach in challenging circumstances resulted in a smooth and timely delivery of SAS project, the entire team were a pleasure to work with.', 'Karen Chisman, Head of Corporate Services at SAS', NULL, NULL, NULL, NULL, NULL, NULL, '2018-02-15 17:44:21', '2018-02-15 18:10:08', '6839e8a1-7d9c-4ec8-84b6-12fcc5f32082'),
 ('110', '113', 'en_ie', 'Calvin Klein', NULL, 'Kildare Village', '<p>Calvin Klein is one of the leading fashion design and marketing studios in the world. They are a global lifestyle brand that exemplifies bold, progressive ideals and a seductive, and often minimal, aesthetic. After nearly 50 years of trading, Calvin Klein continues to be a cultural catalyst across the globe today.</p>\n<p>We were delighted to be selected by Calvin Klein to carry out the complete relocation and fitout of their new flagship stores (CK Jeans &amp; CK Underwear) in Irelands Premier Shopping destination, Kildare Village. Our brief was to create a completed space that combines the retail experience with the architectural aesthetic of this refined fashion collection.</p>\n<p>Works were undertaken concurrently in both stores and included the full strip out of the existing premises with subsequent re-installation of new partitions and floor finishes, complete M&amp;E &amp; IT rework, co-ordination of a bespoke high-end joinery package and management of the internal and external CK signage install. In addition, the relocation to a temporary “Go Live” space while our refurbishment works were progressing (as well as relocation back to stores upon completion) also formed part of our project brief.</p>\n<p>The finished product succeeds in promoting the Calvin Klein identity within Kildare Village and provides a top of the range retail experience for shoppers within both stores.</p>', '<ul><li>400m2</li></ul>', '<ul><li>1-week Pre-construction</li><li>5 weeks on-site</li></ul>', '<ul><li>Extensive feature joinery package</li><li>Bespoke feature lighting installation</li><li>Full move management</li><li>Extensive floor finishes</li><li>POS selection, install and commisisoning</li><li>Construction of all fixed merchandise and sales displays</li></ul>', 'Our goal is always to create a space that combines the retail experience with the architectural aesthetic our fashion collection represents. We had the tremendous pleasure to collaborate with Sonica Fitout to accomplish this in our new Kildare Village stores - the finished results speak entirely for themselves.', 'Antonios Krantidis, CK Project Manager', NULL, NULL, NULL, NULL, NULL, NULL, '2018-02-15 17:44:21', '2018-02-15 18:10:17', '4abe1e12-d4b6-4f5f-be69-49903ef8ea6d'),
 ('111', '114', 'en_ie', '100 Stephen’s Green', NULL, 'Dublin 2', '<p>100 St. Stephen’s Green, a red brick Georgian located in the iconic South West corner of the Green, was originally sub-divided into six dated apartments. Sonica were engaged by property owners DAVY to develop the building into a prestigious single tenancy office above a 1 bedroom apartment in the basement.</p>\n<p>The nature of the premises, and it’s status as a listed building, meant the project had to be handled with the utmost care. Working hand-in-hand with Neasa Donnellan Architects and Dublin City Council, each element of the build was scrutinised for compliance of FSC, DAC, heritage protection and quality.</p>\n<p>The work scope included full glazing replacement with all new sliding sash windows with slimlite double glazed panels in keeping with the original, full facade restoration and re-pointing, roof replacement, extensive structural works, removal of the existing basement slab and replacement with complete tanking system and new drainage and fire protection to existing staircore as per current regulations.</p>\n<p>Internally the high-end office interiors include full power and data cabling and floor boxes throughout, bespoke joinery and panelling in every space, restored original Georgian features on all floors, newly landscaped rear yard, high quality floor finishes and a luxury, own door, 1-bed 2-bath self contained apartment in the basement.</p>', '<ul><li>350m2</li></ul>', '<ul><li>1-week Pre-construction</li><li>18 weeks on-site</li></ul>', '<ul><li>Protected Georgian structure</li></ul>Hardwood sash windows with Slimlite glazing<br />Facade and roof restoration<br />Full internal strip out<br />Data cabling throughout to central rack location<br />New gas fired rad heating system<br />Hand made crown mouldings from sample of original<br />Period correct feature joinery throughout<br />Protection and restoration of existing Georgian features<br />Luxury floor finishes<br />Self contained apartment', 'With Sonica at the helm, the project ran seamlessly on-site - any unforeseen events were dealt with quickly and programme was never compromised. We were very impressed with the quality of their finishes and found the whole Company to be very well organised and efficient. We would be very happy to work with them again.', 'Neasa Donnellan\r\nProject Architect', NULL, NULL, NULL, NULL, NULL, NULL, '2018-02-15 17:44:21', '2018-02-15 18:10:34', 'cbb3c5b3-c494-448a-983e-d9d25b487db3'),
 ('112', '115', 'en_ie', 'City North Hotel', NULL, 'M1 Corridor, North Co. Dublin', '<p>The City North Hotel &amp; Conference Centre is a prestigious 4-Star Hotel located 30-mins North of Dublin City Center which offers luxury accommodation and an exquisite Ballroom for Conferences, Events and Weddings.</p>\n<p>As part of the Hotel’s recent redevelopment, we were appointed to manage the extensive restructure of all of their main front of house Client facing spaces comprising of a new warm and welcoming Reception area, a fully refitted Hotel Bar and Lounge area, a Restaurant and an exclusive new Conference &amp; Ballroom facility.</p>\n<p>Works were carried out in a live working environment (the hotel remained fully functional during the refit) and was divided into multiple phases to ensure minimal restriction &amp; disruption to guests during construction. All phases included substantial demolition works, full M&amp;E installations, new partitions and feature ceilings, bespoke lighting with textured high-end joinery and exquisite segmented hardwood flooring.</p>\n<p>Due to the nature of the works, the project required extensive management of multiple on-site trades and was completed against an aggressive programme to coincide with media published announcements on the rebrand and official launch date.</p>', '<ul><li>1,500m2</li></ul>', '<ul><li>1 Week Pre-construction</li><li>12 Weeks on-site</li></ul>', '<ul><li>High-end joinery package</li><li>Exquisite segmented flooring</li><li>Management of multiple trades</li><li>Project multi-phasing</li><li>Full M&amp;E installation</li></ul>', '', '', NULL, NULL, NULL, NULL, NULL, NULL, '2018-02-15 17:44:21', '2018-02-15 18:10:43', 'ae182d89-663c-4489-9393-b96aa856437f'),
 ('113', '116', 'en_ie', 'RKD Interiors', NULL, 'Ballsbridge, Dublin 4', '<p>RKD Interiors is a market leading interior architecture firm based in Dublin. The team, led by Justin Treacy, consists of the very best in creative Architects and Interior Designers who work collaboratively with the in-house support team of Designers, Technicians &amp; CAD / BIM Coordinators and the wider resource and expertise of RKD Architects. At the core of their philosophy is a practical and pragmatic approach to delivering the best environments for the most appropriate capital outlay. Having worked with RKD Interiors on numerous occasions in the past, we were aware of the exacting standards that were expected from the outset on this collaboration.</p>\n<p>The project was pitched as a real shop window fitout to showcase RKD’s standard and design capability to prospective visiting RKD Clients and we approached the project like any other: to deliver best in market product with zero defects at handover. Covering 6,000 sq ft over 3 floors, the work scope comprised of inspirational studios to the 1st and 2nd floors, with areas designated for collaboration and huddle meetings allowing the designers to get creative with a bespoke staff café, meeting rooms and social spaces based on the Ground Floor.</p>\n<p>The overall brief was to produce a comfortable, modern and above all functional workspace with a professional design that exceeds expectations even in an area such as Baggot St. where high end eateries and businesses are the norm. One of the key features, as part of RKD interiors on-going commitment to a greener work environment, was to provide ample, secure bike storage for staff. Not only has this been achieved but it has also become a real design focal point, which upon entry sets a modern and progressive tone. Other features include the herringbone flooring which seamlessly combines durability with design, the increasingly popular crittal glazing and bespoke joinery throughout. In addition, you will find numerous design touches, as you would expect of an RKD interiors design, such as the exposed swag cabling to the lights in the cafe to give the illusion of extra height, the plywood routered RKD logo at entry with integrated shelving and the comfortable lounge located midway through the ground floor.</p>\n<p>The project was delivered in 5 weeks following a 1-week pre-construction and mobilisation period.</p>', '<ul><li>600m2 over 3 floors</li></ul>', '<ul><li>1-week pre-construction</li><li>5 weeks on-site</li></ul>', '<ul><li>Bespoke feature joinery and glazed partition packages</li><li>Numerous floor finishes running seamlessly throughout</li><li>Staff “Cafe”</li><li>Internal, secure bike park</li><li>2 floors of bright, modern studio space</li><li>M&amp;E and IT upgrades throughout</li><li>Turnkey furniture package</li></ul>', 'Working with Sonica was a great experience. We would like to thank the team for delivering for such demanding taskmasters, for working with us to realise and achieve our design in a very tight timeframe, and for making the whole delivery process a thoroughly enjoyable and fun experience for us all.', 'Liat Greenhot, RKD Interiors', NULL, NULL, NULL, NULL, NULL, NULL, '2018-02-15 17:44:21', '2018-02-15 18:10:52', '745a8e91-9939-487b-9d68-0051f33e372f'),
 ('114', '117', 'en_ie', 'Fitter Faster Stronger', NULL, 'Leeson Street', '<p>Established only 3-years ago, Fitter Faster Stronger (FFS) is now one of the leading specialist facilities in Dublin providing personal one-on-one or group training across a range of classes and exercise types, from total body strength to full metabolic conditioning.</p>\n<p>Having successfully completed FFS’s original gym refurbishment in 2016, and due to their phenomenal expansion and growth, we were delighted to be appointed by the Management Team in FFS to develop and complete their 2nd bespoke premises inside of 18-months.  Working with Courtney McDonnell Design, we were delighted to take on the brief of creating a new space which motivates, engages and pushes personal goals to the highest level whilst also realising the strong branding the FFS model carries.</p>\n<p>The space is divided into three main parts – the gym, utility space and break &amp; members areas.  Works included the strip out &amp; demolitions of the entire old premises followed by full M&amp;E installation (to include a DMX programmable lighting system defined by gym instructors to suit mood or event), bespoke feature flooring across different surfaces, extensive landscaping works at the rear gardens to become an outdoor training area, complete joinery co-ordination of utility space and members area and a personalised graphics package to enhance the members workouts and provide guidance through the whole space.</p>', '<ul><li>Complete Basement to Georgian Building, Lesson St.</li></ul>', '<ul><li>1-week Pre-construction</li><li>6 weeks on-site</li></ul>', '<ul><li>Complete strip out of all incumbent areas</li><li>Full M&amp;E installation with programmable DMX ambiance lighting</li><li>Bespoke feature flooring</li><li>Extensive landscaping works to external gym area</li><li>D&amp;B joinery &amp; upholstery package</li><li>Graphics co-ord and installation</li></ul>', 'The level of professionalism and proficiency on the first project we carried out with Sonica Fitout really impressed us, hence the reason why we went back to them for our 2nd premises. The entire fitout was completed on an aggressive timeline with multiple moving parts, but the team here at FFS are once again delighted with the finished product that was achieved, it looks awesome!', 'Rory McInerney, Managing Director, FFS', NULL, NULL, NULL, NULL, NULL, NULL, '2018-02-15 17:44:21', '2018-02-15 18:11:02', '8edaef54-a5af-4018-a52b-72a2dbd633ce'),
 ('115', '118', 'en_ie', 'Private Client', NULL, 'East Point Business Park, Dublin 3', '<p>Sonica Fitout was appointed by CBRE to act as Main Contractor for the refurbishment and upgrade of this 5th floor Corporate office space located at East Point Business Park in Dublin.</p>\n<p>The Client’s fitout requirements were driven by an internal review to develop new ways of working. The challenge was to take these findings and ideas and bring them into a layout scheme that realised all their requirements whilst also increasing headcount within the floor space. Our project brief then consisted of the demolition and re-build of the existing layouts, installation of new branded specialist joinery items throughout the floor, a vibrant colour theming and graphics package co-ordination, installation of new glazed partitions including folding walls with modifications to the existing data infrastructure and the mechanical and electrical services of the space.</p>\n<p>The completed office space now promotes the Client’s identity and provides a new fresh working space for staff.</p>', '<ul><li>1,500m2</li></ul>', '<ul><li>2-week Pre-Construction</li><li>5 weeks Build Management On-Site</li></ul>', '<ul><li>Extensive Feature Joinery Package</li><li>Data Infrastructure Installation</li><li>M&amp;E Services Modification</li><li>Numerous Floor Finishes running seamlessly throughout</li><li>Corporate Signage &amp; Brand Identity</li></ul>', '', '', NULL, NULL, NULL, NULL, NULL, NULL, '2018-02-15 17:44:21', '2018-02-15 18:11:10', 'e2050448-e6dd-4a5f-a87e-69473b0d4da1'),
 ('116', '119', 'en_ie', 'M & S Simply Food', NULL, 'Dublin 8', '<p>M&amp;S Simply Food are an off-shoot of the famous high street British multinational specialising on high quality grab-and-go ready meal ranges and every day food selections.</p>\n<p>This project consisted of the fitout from shell and core of the new M&amp;S Simply Food outlet in Dublin’s Heuston Train Station. Works revolved around the installation of new M&amp;E services, flooring, internal partitions, decorations, PoS counters, feature joinery, product refrigeration, the co-ordination of Client direct vendors and the installation of internal and external corporate graphics.</p>\n<p>A carefully considered site management &amp; works execution plan was key to the success of the project with close co-ordination with Station management while works progressed in the busy station.</p>', '<ul><li>200m2</li></ul>', '<ul><li>1-week Pre-construction</li><li>5 weeks on-site</li></ul>', '<ul><li>New M&amp;E services installation</li><li>Feature joinery package</li><li>M&amp;S corporate graphics install</li><li>Exposed ceilings throughout</li><li>LIVE station working environment</li><li>Client Direct vendor management</li></ul>', 'Just a quick note to compliment and acknowledge the efforts of your Team on the Heuston Station M&S project. These types of projects are not simple, particularly from a co-ordination view point, but your Team demonstrated professionalism and proactive thinking in dealing with any issue that arose and delivered the project on programme. It has been great working with you right through the project and we look forward to working with Sonica again in the future.', 'Stephen Crean, Linesight PM', NULL, NULL, NULL, NULL, NULL, NULL, '2018-02-15 17:44:21', '2018-02-15 18:11:21', '91904180-6ee9-4ff7-9336-fbd4396d1edd'),
 ('117', '120', 'en_ie', 'Wipro', NULL, 'Ballsbridge', '<p>Since entering the Irish market in 2015, WIPRO have gone from strength to strength securing substantial projects for their ever increasing Client base. This success has been met with a rapid increase in head count and exponential office space requirement.</p>\n<p>Having just completed their initial 30k sq.ft. office in Dublin’s Elm Park in 2015, we were delighted to build upon and advance the great working relationship we had developed with both their International and Local Teams when they appointed us again as their Turnkey D&amp;B Fitout Specialist for their new expansion offices in Ballsbridge.</p>\n<p>The brief was to capture the look and feel of what we had been previously delivered for them on the Elm Park project, but to take that blue print and move it on to the next level again – no easy task if you were to look at the completed space in Elm Park!</p>\n<p>At 20k sq.ft. and running concurrently over two floors, works were undertaken in a multi-tenanted office development with continual intensive daily co-ordination with the sitting Campus Management Team. Added to the time sensitive nature of the project was the Client’s “not-to-exceed” occupation date which was a key consideration in our aggressive construction programme.</p>\n<p>Due to the high degree of cellularisation to form the various offices, meeting spaces, VC Rooms &amp; Executive Boardrooms, the mechanical scope required considerable addition to the primary Landlord ventilation provisions via. intensive upgrades, modelling and building control integration.</p>\n<p>The project scope also included a large specialist joinery component, an extensive canteen space with exposed ceilings and feature lighting throughout, bespoke reception area, feature hard and soft floorings, substantial active IT solution, a fully redundant IT backbone install with UPS back up to main comms room, high-end Corporate level access control and security install, A/V delivery and a full furniture installation across the complete dual floor plate.</p>\n<p>We wish Wipro continued success in their newest home and look forward to representing them again in their next round of expansions.</p>', '<ul><li>2,000m2</li></ul>', '<ul><li>6 weeks design</li><li>4 weeks pre-con</li><li>10 weeks on-site</li></ul>', '<ul><li>Sonica PM</li><li>Full Design Realisation and Co-ordination with International Design Team</li><li>Landlord Approval and Grant of Licence to Alter</li><li>Local Design Team Appointment &amp; Management as Lead Consultant</li><li>Complete Project Financial Control &amp; Package Management</li><li>Client Direct Vendor Engagement and Management</li><li>Staff Migration &amp; Move Management</li></ul>', 'The bittersweet time has come to say thank you and farewell (albeit for now!) to the formidable & fantastic team that is Sonica. We can’t thank you enough for your dedication, enthusiasm and flexibility over the last year. We have worked together through different time zones, deadlines and (at times!) style preferences to ultimately create two unique Office environments which epitomise the Spirit of Wipro.\r\n\r\nThanks for sharing your vision with us and for the friendship that we’ve formed.', 'Trish Buckley, Admin. Manager, WIPRO Europe', NULL, NULL, NULL, NULL, NULL, NULL, '2018-02-15 17:44:21', '2018-02-15 18:11:32', '1bdd1e23-e7b5-4a7b-b70d-97bd34c6fd30'),
 ('118', '121', 'en_ie', 'Anya Hindmarch', NULL, 'Kildare Village', '<p>Founded in 1987, Anya Hindmarch has grown into a global brand with more than 45 stores including flagship outlets in New York, London, Tokyo and LA. Known for blending wit and creativity with the finest craftsmanship and innovative leatherwork techniques, they are stocked in many of the world’s best retail stores, from Barney’s in New York to BoonTheShop in Korea.</p>\n<p>Following receipt of our outline brief, we were appointed to create a unique, bespoke new store for the brand in Kildare Village coupled with the strip out, surrender and relocation of the existing store within the campus. The new store was a complete turn key fitout from “grey box” to open for business. The works comprised of new flooring details, changing room marketing and sales displays and complete joinery coordination as well as mechanical and electrical installation.</p>\n<p>The completed project reflects Anya Hindmarch’s extraordinary identity with strong emphasis on minimalistic detail and a high level of finishes throughout.</p>', '<ul><li>100m2</li></ul>', '<ul><li>1-week pre-construction</li><li>8 weeks on-site</li></ul>', '<ul><li>Extensive feature joinery package</li><li>Stunning solid oak herringbone flooring</li><li>Bespoke glazed partition solution</li><li>M&amp;E and IT upgrades throughout</li><li>Live Building working environment</li><li>Turnkey furniture package and Client migration</li></ul>', '', '', NULL, NULL, NULL, NULL, NULL, NULL, '2018-02-15 17:44:21', '2018-02-15 18:11:46', 'd6aa35d6-2eba-445d-bca0-f37f5dce998f'),
 ('119', '122', 'en_ie', 'Private Client', NULL, 'Citywest', '<p>We are delighted to showcase the successful completion of a new 30k sq.ft. Corporate HQ office in Dublin’s Citywest Business Campus for a Private Sonica Client, the results of which are absolutely stunning.</p>\n<p>Our brief took the project from an existing Landlord CAT-A finish (which was fully stripped out) to their fitted out Corporate HQ in 14 weeks from appointment.</p>\n<p>Works were undertaken in a multi-tenanted office development with continual intensive daily co-ordination with the sitting Campus Management Team. Added to the time sensitive nature of the project was the Client’s “not-to-exceed” occupation date which was a key consideration in our aggressive construction programme.</p>\n<p>Due to the high degree of cellularisation to form the various offices, meeting spaces and executive boardrooms, the mechanical scope required considerable addition to the primary Landlord ventilation provisions via. intensive upgrades, modelling and building control integration.</p>\n<p>The project scope also included a large specialist joinery component, an extensive “Town Hall” meeting space with feature exposed ceilings and feature lighting throughout, bespoke reception area, feature hard and soft floorings, substantial active IT solution, a fully redundant IT backbone install with UPS back up to main comms room, gymnasium installation, high-end Corporate level access control and security install, A/V delivery and a full furniture installation across the complete floor plate.</p>', '<ul><li>3,000m2</li></ul>', '<ul><li>4 weeks pre-construction</li><li>10 weeks on site</li></ul>', '<ul><li>Design and VE development to suit budget parameters</li><li>International collaboration with multiple project stakeholders</li><li>Co-ordination with local Team on relocation deliverables</li><li>Comms room commissioned and complete 2 weeks before handover to allow Client IT access.</li></ul>', '', '', NULL, NULL, NULL, NULL, NULL, NULL, '2018-02-15 17:44:21', '2018-02-15 18:11:54', 'eeec2d33-6a09-4aa2-900c-f8186b62f15a'),
 ('120', '123', 'en_ie', 'AIG', NULL, 'IFSC, Dublin', '<p>AIG Europe Limited is a provider of innovative products and services, including car, property, travel, health and identity theft insurance products to more than half of the country’s top 100 companies as well as many public and private sector organisations and tens of thousands of individuals. They are also the proud main sponsor of the Dublin GAA Team #BackingEveryStep</p>\n<p>Working in their Irish HQ offices in the IFSC, our brief comprised of the removal and replacement of the complete existing building ventilation system followed by retro-install of a new AC system with associated architectural and electrical works. The brief also included a full upgrade of all WCs throughout the building, installation of new mechanical chilling plant at roof level, a fixed line system for roof access, Landlord common area refurbishment and a complete re-design and fitout of the 3rd Floor office space. All works were conducted within a live, fully occupied building environment.</p>\n<p>The new office design placed emphasis on increased Team collaboration with all new open plan workstations, meeting rooms, offices, boardrooms, flexible spaces, staff kitchens &amp; canteen areas, breakout areas and a number of bespoke “Tech Bars” all part of the required brief.</p>\n<p>Effective use of space was an issue in the previous office so the new office was designed with ample storage capabilities to reduce clutter. The overall look and feel of the completed offices are fresh, professional and welcoming with spectacular views across Dublin city.</p>\n<p>The whole project was completed within the agreed tender time frame of 22 weeks.</p>', '<ul><li>8,000m2</li></ul>', '<ul><li>22 weeks on site</li></ul>', '<ul><li>Variety of work settings and collaboration spaces</li><li>Extensive M&amp;E Remodel &amp; Upgrade</li><li>High quality joinery</li><li>Works in fully occupied building over 5-floor plates</li><li>Management of Client Direct vendors into master programme of works</li></ul>', 'On behalf of the PM team, I would like to convey our thanks to the Sonica team for a job well done. A special word of thanks to your Construction Manager, Ray McCaul, for his 100% commitment in achieving PC. This was a challenging project on a number of fronts and this achievement is not to be underestimated.', 'Allan Murphy, Director, Scott-Murphy. Client PM', NULL, NULL, NULL, NULL, NULL, NULL, '2018-02-15 17:44:21', '2018-02-15 18:14:09', '32a383c7-4427-4e7e-9f0e-35088bbdce9a'),
 ('121', '124', 'en_ie', 'Sonica Fitout', NULL, 'Kingram Place, Dublin 2', '<p>We are delighted to showcase the completion of our new Head Office in Kingram Place, at the heart of Fitzwilliam Square in Dublin City Center.</p>\n<p>Works commenced in January 2016 and were completed in a hugely impressive 5-week programme led by our D&amp;B CM Colin Kirwan. Calling on our most trusted of trade contract partners, we have succeeded in creating what we feel is an office that’s truly worthy of the people that occupy it. It is everything we are as a Company: unique, unconventional, unexpected, refreshingly modern and forward thinking.</p>\n<p>The fitout is nothing short of breath taking. Justin Treacy and Liat Greenhot of RKD Interiors have taken the vibrancy and energy of the Sonica brand and brought it to life with a myriad of individual features and wonderful ideas. From the floor-to-ceiling trapezoidal wall panelled boardroom to a 10m long 3-D snake bench with over 300 individually milled vertical components in the Ops Area, there is simply nothing like it in the City.</p>\n<p>We can’t wait to show you around what is a great place to work and even better place to visit!</p>', '<ul><li>350m2</li></ul>', '<ul><li>5 weeks on site</li></ul>', '<ul><li>Unique custom made trapezoidal Boardroom wall panelling</li><li>Completely bespoke joinery throughout the entire office</li><li>Feature operator workstation desking &amp; storage units</li><li>Wifi controlled lighting control system for user defined mood and colour settings</li><li>Extensive graphics and artwork package</li><li>Custom laid vinyl plank flooring to feature guest Reception</li><li>Complete A/V solution to Boardroom, Breakouts and Reception.</li></ul>', 'This office is our showroom, our statement of \"Hey, look what we can do!\" and it does that all in spades. We love seeing peoples reactions when they visit because they are just simply blown away with the ideas and concepts, the intricacies of the work and the overall finished product. In almost 20-years of fitout, I\'m happy to say there is simply nothing like it anywhere else, which is what we at Sonica are all about.', 'Donnacha Neary, Managing Director', NULL, NULL, NULL, NULL, NULL, NULL, '2018-02-15 17:44:21', '2018-02-15 18:14:19', 'f6f82665-7641-483a-b4c5-76ebc5b4a9fa'),
 ('122', '125', 'en_ie', 'Ellucian', NULL, 'Marine House, Dublin 2', '<p>Ellucian provide the software, services and analytics needed to manage campus businesses faster, easier and more effectively. Serving 2,400 institutions in 40 countries across the globe, they selected Sonica Fitout as their partner for the fitout of their new Irish HQ in Dublin.</p>\n<p>The project commenced with the demolition and strip out of existing finishes and M&amp;E services on one of the upper floors of this multi-tenanted, fully occupied live building. The pre-planning and logistical management of this significant operation ran hand-in-hand with the simultaneous upfront procurement of specialist packages required for the fitout.</p>\n<p>The intricate design of the space encompassed features on all flat surfaces, from the multi-layered flooring finishes to the varied hard and soft textures on partitions and walls throughout. The open plan desking has privacy screens and operator chairs matched with selected fabrics to accentuate the colour scheme of the Company’s brand. Ceilings were a blend of exposed concrete slabs interspersed with raft formed lay in grids to pick out areas below. A full M&amp;E, IT and A/V brief fell under our remit with Sonica also co-ordinating the Client furniture delivery, load-out and installation.</p>\n<p>The completed space gives staff the use of finished huddle rooms, spacious canteens and tea stations, open collaboration areas, V-Con Rooms, Exec Boardrooms and quiet cellular offices. The project was delivered on-programme and within the agreed Contract Sum. More importantly, it was a hugely enjoyable experience for us thanks to a fantastic Client that empowered their Design Team to “go big” with their imagination and trusted us to realise their vision for the completed work space.</p>\n<p>The end product is truly spectacular, one that we are hugely proud of and delighted to show case.</p>', '<ul><li>1000m2 floor plate</li></ul>', '<ul><li>7 weeks on-site from start to full Client occupation</li></ul>', '<ul><li>Substantial feature joinery package</li><li>Acoustically rated glazed partition solution with bespoke manifestations</li><li>Complete M&amp;E refit with Data / Active IT rewire part of brief</li><li>Multiple floor finishes, hard and soft</li><li>Co-ordination with sitting tennants and Landlord teams all through construction</li><li>Snag free hand back</li></ul>', 'A very detailed piece of work taken on and delivered against an aggressive programme driven by our Client\'s not to be missed occupational requirements. You guys made it all look easy.', 'Neil McGovern, Project Manager & Client Rep. Jones Lang LaSalle', NULL, NULL, NULL, NULL, NULL, NULL, '2018-02-15 17:44:22', '2018-02-15 18:14:30', '1ba27710-24d3-4888-b6b4-1552c1cc4b45'),
 ('123', '126', 'en_ie', 'Ticket Master', NULL, 'Grafton House, Grafton Street', '<p>Ticketmaster is the world’s largest ticket distribution company, providing event tickets for more than 10,000 Promotors whose productions range from professional wrestling matches and rock concerts to Broadway shows and operas.</p>\n<p>Our brief was to deliver a vibrant and invigorating work space for the Company’s employees at the new Ticketmaster Ireland HQ.  The works entailed the fit-out to an existing unit which involved strip out and demolitions of the previously occupied space, the installation of all new wall partitions, floor finishes, internal decoration, M&amp;E service installations and a complete office furniture solution.  The design of the working environment is predominantly open plan to allow for collaborative interaction and employee connectivity, but strategically placed workstations and cellular meeting spaces ensure that teams retain their structure within the overall environment.</p>\n<p>Features of the design include a spacious staff kitchen and breakout area, a specialised digital meeting / training room, boardroom, numerous meeting rooms, a secure ticket print / store room and a reception area with “Bolon” wall and bespoke desk.  In keeping with Ticketmasters corporate brand identity, large scale graphics fill the walls at every vantage point, reinforcing the culture of the company and adding energy and colour to the space.</p>\n<p>The project was delivered in 6 weeks following an accelerated pre-construction and mobilisation period to meet the Clients set in stone move in date.</p>', '<ul><li>600m2</li></ul>', '<ul><li>2 weeks pre-con</li><li>6 weeks on site</li></ul>', '<ul><li>Bespoke specialised joinery with numerous unique finishes and materials</li><li>International collaboration with Ticket Master’s overseas steering group</li><li>Corporate signage &amp; brand identity</li><li>Management of Client direct vend packages</li></ul>', '', '', NULL, NULL, NULL, NULL, NULL, NULL, '2018-02-15 17:44:22', '2018-02-15 18:14:39', '43fb4c65-f3c7-4b3a-8532-e7d9fcbb627e'),
 ('124', '127', 'en_ie', 'Wipro', NULL, 'Elm Park, Dublin', '<p>Wipro Ltd is a global information technology, consulting and outsourcing company with 158,217 employees serving clients in 175+ cities across 6 continents. The company posted revenues of $7.5 billion for the financial year ended Mar 31, 2015.</p>\n<p>Following their announcement to move into the Irish market, they selected Sonica as their turn key D&amp;B contractor for the design and fitout of their new 240-seater office in the spectacular Elm Park OBA in Dublin.</p>\n<p>Our Design and Build brief took the project from initial space planning for Lease negotiation, to Landlord consent phase, through to detailed design, costing, planning, constructing and overall hand-back. The complete project life cycle, managed from start-to-finish by Sonica.</p>\n<p>Works were undertaken in the top 3-floors of the OBA building with management of logistics and daily co-ordination with the sitting Building Management Team a key consideration in the development of our aggressive construction programme.</p>\n<p>A high degree of cellularisation in forming the various manager offices, meeting spaces, huddle rooms and executive boardrooms required considerable addition to the Landlords naturally conditioned eco-building ventilation strategy via. intensive modelling and BMS integration. The project scope also included a large specialist joinery component, stone flooring, substantial active IT solution, a fully redundant IT backbone install, Comms Room UPS, digital monitoring, building security, A/V delivery and a complete furniture installation across 3-floor plates.</p>\n<p>The project was run with fully transparent financials, with the Client retaining all expenditure authorisation throughout the build process via their internationally issued PO’s. The completed works were delivered below the original approved budget tabled at Design completion stage.</p>', '<ul><li>3,000m2</li></ul>', '<ul><li>6 weeks design</li><li>8 weeks on site</li></ul>', '<ul><li>International collaboration at design phase to achieve Client design goals.</li><li>Open plan financials with project delivered on time and below budget.</li><li>Comms room commissioned and complete 3 weeks before handover to allow Client IT access.</li><li>Client direct vendors were managed into our overall programme to ensure complete co-ordination of overall project completion.</li></ul>', 'Every member of their Project Delivery Team remained a hugely visible resource to us all through the complete project life cycle and the final results speak for themselves. We cannot speak highly enough of the manner in which they completed this project.', 'Paul Quinn, BKD Architects.', NULL, NULL, NULL, NULL, NULL, NULL, '2018-02-15 17:44:22', '2018-02-15 18:14:52', '70b8055e-b06e-46e7-9144-04ef28bb484b'),
 ('125', '128', 'en_ie', 'Blackrock Investments', NULL, 'Ballsbridge', '<p>Blackrock is trusted to manage more money than any other investment firm with over 135 teams in 30 countries sharing their best thinking to seek better returns for their clients. As the worlds largest investor, they currently manage in excess of 7,700 portfolios comprising $4.72T of assets.</p>\n<p>Following the expansion of their Irish Team, they selected Sonica as main contractor for their office relocation project as they transferred their Dublin operation from Barrow St. to larger offices in Ballsbridge.</p>\n<p>Our brief took the project from an empty “grey box” to their fully fitted out Corporate HQ in 14 weeks from appointment.</p>\n<p>Works were undertaken in a multi-tenanted fully occupied building with continual intensive daily co-ordination with the sitting Building Management Team and other tenants a key consideration in the development of our aggressive construction programme.</p>\n<p>Due to the high degree of cellularisation to form the various manager offices, meeting spaces and executive boardrooms, the mechanical scope required considerable addition to the primary Landlord ventilation provisions via. intensive upgrades, modelling and BMS integration. The project scope also included a large specialist joinery component, a bespoke reception area, feature hard and soft floorings, substantial active IT solution, a fully redundant IT backbone install, Comms Room UPS &amp; downflow A/C, programmable SCADA digital monitoring, high-end Corporate level access control and security install, A/V delivery and a full furniture installation across the complete floor plate.<br />All works were completed on-time against an aggressive delivery programme and within the agreed budget parameters.</p>', '<ul><li>1,000m2</li></ul>', '<ul><li>4 weeks Pre-Con</li><li>10 weeks on site</li></ul>', '<ul><li>International collaboration with UK led Design Team</li><li>Co-ordination with sitting tenants and Landlord Teams throughout the construction period</li><li>Comms room commissioned and complete 2 weeks before handover to allow Client IT access.</li><li>Client direct vendors were managed into our overall programme to ensure complete co-ordination of the overall project completion</li></ul>', '', '', NULL, NULL, NULL, NULL, NULL, NULL, '2018-02-15 17:44:22', '2018-02-15 18:15:01', '2804399e-bc1f-4dde-82a1-a5fbb36d998d'),
 ('126', '129', 'en_ie', 'Nissan', NULL, 'Dublin', '<p>Nissan has been at the forefront of the Irish motor industry since their arrival into Ireland in 1977, a feat that is achieved by a potent combination of aggressive sales and marketing strategies coupled with an extremely strong customer service philosophy.</p>\n<p>As part of their continual commitment to maintaining top-end customer experiences in their network of dealer garages, the Company embarked on a programme of refurbishment on four of their flag-ship premises in Deansgrange, Liffey Valley, Airside Swords and Tallaght. We were delighted to be selected by Nissan and their extended Professional Team to carry out this exciting multi-location works programme.</p>\n<p>The works centred on the strip out and replacement of key features and finishes in the existing garages to raise their already impressive profiles. This was achieved by the introduction of a new bespoke A/V installation, a feature lighting overhaul, addition of glazed meeting rooms for customer interaction, a total hard-flooring uplift and replacement, new joinery, soft furnishings and a full redecoration to create a completely new look-and-feel.</p>\n<p>The biggest challenge was to carry out these works, against 4-separate and standalone aggressive installation programmes, whilst the garages remained open for business during the refurbishment process.</p>\n<p>It is a testament to the on-site management from the Sonica Operations Team that the projects were not only all completed on-time, but the positive impact achieved through the high-quality of the finished works exceeded Nissan’s initial expectations for these flag-ship finished garages.</p>', '<ul><li>4 no. garages of 1500m2 each</li></ul>', '<ul><li>4 weeks per garage</li><li>16-week overall programme</li></ul>', '<ul><li>Full strip out of existing finishes carried out inside LIVE working garages</li><li>Substantial out of hours working to facilitate Sales Operations</li><li>Co-ordination of Client direct international suppliers</li><li>Phased programming to allow staggered completion of garages</li></ul>', 'We developed a very good relationship with Sonica during the course of our recent multi-location refurbishments. We felt that the lines of communication were always open, their Team were very responsive to our various queries whilst remaining extremely flexible, but most importantly they shared our passion and commitment for the project at hand. We are simply delighted with the final product.', 'Ian Moran, Group Financial Accountant', NULL, NULL, NULL, NULL, NULL, NULL, '2018-02-15 17:44:22', '2018-02-15 18:15:08', '0480c2a7-f804-45a4-a204-78ae30afe00e'),
 ('127', '130', 'en_ie', 'Private Client', NULL, 'Dublin', '<p>Our Client is one of Ireland’s leading providers of advanced information technology, products, services and business consulting expertise. They are dedicated to helping their Clients innovate and succeed through the end-to-end transformation of their business models and the application of innovative technology and business solutions.</p>\n<p>Our brief comprised of the creation of a new customer experience room at their main operations facility in Dublin. Works were undertaken within this heavily occupied building with continual intensive daily co-ordination with the on-site Building Management Team. The existing space was previously used as a games area, the new fit-out required strip out of all existing finishes to provide a significant AV installation to the room, together with extensive modifications to the “Street” circulation and access areas. An associated AV room and Store Room was also constructed.</p>\n<p>The finished product is a sleek modern fitout and the use of corporate colours throughout the design is a bold injection into what was previosuly a neutral space. Some highly technical features on the project included a bespoke free standing feature wall that was constructed with a steel frame and wrapped in toughened back painted glass to act as a divider in the room to separate the space. A custom built curved glass ramp was also provided and hanging feature oval lights are an uplifting addition.</p>\n<p>The project was completed within the agreed tender time frame of 5 weeks.</p>', '<ul><li>150m2</li></ul>', '<ul><li>5 weeks on site</li></ul>', '<ul><li>Bespoke free standing feature wall</li><li>Specialist feature lighting</li><li>Hi-Tech AV interactive and communications systems</li><li>Curved glass access ramp</li></ul>', '', '', NULL, NULL, NULL, NULL, NULL, NULL, '2018-02-15 17:44:22', '2018-02-15 18:15:15', 'ec130765-2479-448c-9686-13ffabd25aff'),
 ('128', '131', 'en_ie', 'Guinness Storehouse', NULL, 'St James’s Gate, Dublin 8', '<p>Spread over 4-floors, works ran concurrently in Ireland’s No. 1 Tourist attraction – a building with 5,000 visitors daily.</p>\n<p>Individual work areas were the Visitor Experience Center, Group Orientation area, Arthur Guinness Room, Business Center refurbishment, Project Taste Experience, Arrol Bar refurbishment, Red Jacket retail Fitout, Ground Floor signature St. James’s Gate Replica and a full mezzanine retail area re-fit.</p>\n<p>Project Taste included conceptual “Scent Oscillator” columns, developed and designed specifically for the new Taste Experience exhibition. The main ingredients used to brew Guinness were vaporized to enhance the overall visitor sensory experience in tasting the beer.</p>\n<p>Interactive A/V screens in The Arthur Guinness Room that speak to visitors as they pass. Screen chassis’s concealed within feature wall paneling and triggered from ceiling disguised presence detectors.</p>\n<p>A full size replica of the iconic St. James’s Gate was installed in the main Ground Floor visitor reception area.</p>\n<p>Restoration of historic Guinness photography for scanning and printing onto full size extended wall murals installed in the Group Reception Area.</p>\n<p>Millwork fabricated from reclaimed sources to preserve the antique feel of several feature joinery pieces.</p>', '<ul><li>Multiple individual work areas spread over 4-separate floors.</li></ul>', '<ul><li>22 weeks on site</li></ul>', '<ul><li>Multi-Trade Interaction and Co-ordination</li><li>Management of incumbent contractors within main fitout programme</li><li>Extensive OOH Works to accommodate visitor traffic</li><li>Concept Design Development</li><li>Interaction with Several Design Teams across concurrent projects</li></ul>', 'We wanted this scheme to become the best place to taste Guiness Worldwide. The outcome conceived and developed by your installation team is simply outstanding. It has exceeded all my expectations. I love Taste, but more importantly, our visitors love it.', 'Paul Carthy, Managing Director, Guinness Storehouse', NULL, NULL, NULL, NULL, NULL, NULL, '2018-02-15 17:44:22', '2018-02-15 18:15:29', 'd6833a4c-0e54-458e-9b31-77cec9df8e4b'),
 ('129', '132', 'en_ie', 'Fitter Faster Stronger', NULL, 'Leeson Street', '<p>Having only formed in 2013, Fitter Faster Stronger (FFS) is now widely regarded as the pre-eminent Strength, Metabolic Conditioning and Functional Training Facility in the Capital.  Founded by Rory McInerney and Ciaran Ruddock, they have already cultivated a unique brand, a large Twitter following and a dedicated membership that has christened their training facility “The Home of Hard Work“.</p>\n<p>As part of their expansion and continual brand development, we were hugely enthusiastic to be engaged for their gym refurbishment project on Leeson St.  With three of the Senior Sonica management staff already dedicated members of the gym, we were delighted to be able to offer some of our expertise back in return for the countless hours of training and coaching we had received from the FFS Team.</p>\n<p>The brief was to draw heavily from the already established branding and colouring of the FFS logo, and transfer that strength of identity into the various training areas of the gym.  The results are clean, sharp surfaces throughout with extensive motivational branding &amp; calls to action.</p>', '<ul><li>Basement area, City Centre Location.</li></ul>', '<ul><li>The project was fully designed and off-site fabricated, assembly occurred on-site over a single out-of-hours weekend to accommodate the extensive gym class schedule.</li></ul>', '<ul><li>Concept development</li><li>Design and off-site fabrication</li><li>Extensive branding and signage</li><li>Bespoke branded cabinetry and joinery</li><li>Feature Gym Flooring</li></ul>', 'The level of professionalism and proficiency astounded us on this project. The entire revamp was completed on an aggressive timeline, a 36 hour period, in order to minimise downtime for our Clients. The team at FFS are all delighted with a gym that is now more functional, but also looks awesome!', 'Rory McInerney, Managing Director, FFS', NULL, NULL, NULL, NULL, NULL, NULL, '2018-02-15 17:44:22', '2018-02-15 18:15:39', '73c13f1c-6f87-4585-9262-9a346eaa6401'),
 ('130', '133', 'en_ie', 'Ballsbridge Park', NULL, 'Sweepstakes Building, Dublin 4', '<p>Landlord refurbishment project to recondition the building atrium and main reception, all lift cores, common areas, bathrooms and staircores spread over 6-floors in a Live occupied working environment.</p>\n<p>Works also extended to the complete demolition and refitting of the Ground Floor Open Plan Offices to act as the building marketing suite.<br />Formation of ground floor meeting rooms for anchor tenant, specifically designed for maximum privacy with increased acoustic properties.<br />Reflooring complete atrium with new stone tiling – all works carried out by nights to minimize disruption to existing tenants.</p>\n<p>Installation of new enlarged multi-operator reception desk, double height feature atrium wall paneling and glazing.</p>\n<p>Building fabric surveying and development of repair and maintenance programme.</p>\n<p>Installation of new security speed lanes with supply of access control systems tailored to multitenant / multi-card operation.</p>\n<p>Complete M&amp;E brief to include all services associated with bathroom and shower upgrades, A/C to open plan offices and power upgrades to suit new tenancy requirements.</p>', '<ul><li>Multiple individual work areas spread over 6-separate floors.</li></ul>', '<ul><li>14 weeks on site</li></ul>', '<ul><li>Landlord / Tennant liaison in programme development</li><li>Large proportion of works undertaken out of hours</li><li>Feature package design development with architect to align with budget provisions</li><li>Interfacing with multiple stake holders</li></ul>', 'We were very impressed by the manner in which you undertook the project and advanced your works – nothing was ever an issue, “No” was never an answer.', 'Frank Doyle, Studio 3 Architects', NULL, NULL, NULL, NULL, NULL, NULL, '2018-02-15 17:44:22', '2018-02-15 18:16:00', '68a1ed7d-e172-4011-acbe-62995d903737'),
 ('131', '134', 'en_ie', 'Aspen Pharma', NULL, 'Custom House Quay, Dublin 2', '<p>Design and Build project from initial space planning for Lease negotiation, to Landlord consent phase, through to detailed design, costing, planning, constructing and overall hand-back. The complete project life cycle, managed from start-to-finish by Sonica.</p>\n<p>Open plan spaces were developed off the Client’s international office templates, with the expressed requirement to improve existing flow and promote productivity. Our designers took the starting point from a Dubai based plan and streamlined it into an improved Dublin model to achieve these goals.</p>\n<p>Works were undertaken inside a 12-storey multi tenanted building. Management of logistics and daily co-ordination with the sitting Building Management Team was a key consideration in the development of our aggressive construction programme which was led by Client early occupational requirements.</p>\n<p>A high degree of cellularisation in the offices required considerable addition to the Landlord provided A/C and lighting control systems. These A/C &amp; lighting upgrades were carried out to provide local dedicated user defined control and were simultaneously linked back to the head end BMS system for Landlord energy monitoring.</p>\n<p>The project was run as an open book Management Contract, with the Client retaining all expenditure authorization throughout the build process. The completed works were delivered below the original approved budget tabled at Design completion stage.</p>', '<ul><li>750m2</li></ul>', '<ul><li>8 weeks on site</li></ul>', '<ul><li>International collaboration at design phase to achieve Client design goals.</li><li>Open plan financials with project delivered on time and below budget.</li><li>Comms room commissioned and complete 3 weeks before handover to allow Client IT access.</li><li>Client direct vendors were managed into our overall programme to ensure complete co-ordination of overall project completion.</li></ul>', 'From initial meeting to final handback, we knew that in Sonica Fitout we had a Design & Build Contractor that could translate the multi-faceted requirements of our business needs into a single, co-ordinated and stream lined project action plan. They listened, they advised and they delivered a space that has gone way beyoned all of our expectations.', 'Elisha O\' Keeffe, Aspen Pharma Ireland', NULL, NULL, NULL, NULL, NULL, NULL, '2018-02-15 17:44:22', '2018-02-15 18:16:12', '7ec01e61-a00d-4042-9209-ae0186184826'),
 ('132', '135', 'en_ie', 'Sonica HQ', NULL, '10-12 Hogan Place, Dublin 2', '<p>The brief was to capture the vibrancy and energy of the Sonica Fitout brand, while showcasing our talent for design and fitout.</p>\n<p>The completed office had to deliver a working area that would encourage open collaboration between departments and provide an environment where staff could discuss fresh ideas and develop new systems.</p>\n<p>The Company branding and instantly recognisable “Sonica Rainbow” colouring were used as the central theme in the fitout, with graphics and murals developed specifically to enhance the fabrics, wall and floor colorings used throughout.</p>\n<p>Staff &amp; Client individuality was celebrated with offices and meeting rooms designed with personality.</p>\n<p>The canteen has a “Catch Phrase Wall” dedicated to valued Company friend.</p>\n<p>The sauna styled Collab Room succeeds in forming the central hub – a place we gravitate to for both informal internal meetings and TGI Friday beers.</p>\n<p>The Strong Room is a “Do Not Disturb Zone” where we can go to crash out a tender or just think in peace and quiet.</p>\n<p>Our Client’s love it too – we’ve lost track of the amount of people that have called in to us, just to hang out (and to make sure they get their names onto the Sonica Tube Map!)</p>', '<ul><li>300m2</li></ul>', '<ul><li>3 weeks on site.</li></ul>', '<ul><li>Sauna style Collab area</li><li>Extensive bespoke murals and wall art</li><li>Feature wall tiling and lighting throughout</li><li>Executive Boardroom with full A/V</li><li>Strong Room / Phone Free Zone for thinking.</li></ul>', 'It’s a really nice space, an office we all feel comfortable in, a place we love to work in, our home away from home.', 'Donnacha Neary, MD, Sonica Fitout', NULL, NULL, NULL, NULL, NULL, NULL, '2018-02-15 17:44:22', '2018-02-15 18:16:24', 'bc1d787b-b875-4ed7-98fb-296b072c7bcc'),
 ('133', '136', 'en_ie', 'Axway', NULL, 'Pembroke Street Upper, Dublin', '<p>Over 11,000 Companies Worldwide rely on AXWAY for their B2B software solutions. Axway relied on just one, Sonica Fitout, for their new Dublin HQ office fitout.</p>\n<p>Sonica appointed the Architectural and M&amp;E Design Teams and also acted as traditional Main Contractor for the fitout with responsibility for overall design verification and certification of the M&amp;E systems.</p>\n<p>Works involved the full strip out of the existing floor plate in preparation for the formation of open plan offices, manager cellular offices, boardroom facilities with full A/V capability, new staff canteen, comms room, bathrooms &amp; staff shower rooms.</p>\n<p>Sonica also engaged a Graphic Design company to develop wall art and murals throughout the office space that reflected the Company’s vision and message.</p>\n<p>Works were conducted on the 1st floor of Investment House in Dublin, a multi tenanted fully occupied Live office block, with all logistics for these operations managed by the Sonica Site Team.</p>', '<ul><li>1200m2</li></ul>', '<ul><li>8 weeks on site</li></ul>', '<ul><li>Full bathroom and shower room installations</li><li>Extensive Graphics and Wall Art Design</li><li>Lead role in Design verification and certification</li><li>Aggressive programme delivered in a fully occupied multi-tennanted environment</li></ul>', 'To invest our time best in on our role as Client Representatives, we need a Contractor that makes the successful completion of the project their main and only focus. We get that every time we work with Sonica - it makes the whole process a pleasure for all concerned.', 'Andrew McCracken, Director, Jones Lang LaSalle', NULL, NULL, NULL, NULL, NULL, NULL, '2018-02-15 17:44:22', '2018-02-15 18:16:34', '9140df6d-9bb9-4f27-8999-4fe6dc915929'),
 ('134', '137', 'en_ie', 'Allied World', NULL, 'Custom House Quay, Dublin 2', '<p>Since their formation in 2001, Allied World have built a reputation as a strong supplier of insurance and reinsurance solutions globally with a worldwide network of offices and a NYSE listing.</p>\n<p>Appointed as Main Contractor, Sonica’s brief was to modernize Allied’s existing Dublin office while they remained in situ during the course of the works. The phased approach to the process involved meticulous planning with Allied’s appointed management team so that the overall programme could be broken down into daily milestones.</p>\n<p>The scope involved increasing the level of open plan allowances in the space via. removal of existing cellular offices, M&amp;E augmentations to supplement the additional head count, new canteen facilities, meeting facilities, floor finishes and a complete workstation package renewal.</p>\n<p>The bulk of the works were conducted outside of normal office hours to minimize the impact to the Client’s day-to-day operations, with the Sonica Site Team delivering against every milestone in the process from start to finish.</p>', '<ul><li>800m2</li></ul>', '<ul><li>8 weeks on site</li></ul>', '<ul><li>In Depth Planning for substantial Out of Hours workscope</li><li>Upgraded M&amp;E for increased staff head count</li><li>Re-cellularisation of Manager Offices and Meeting Rooms</li><li>Full new staff canteen facilities</li></ul>', 'You kept us informed through the whole process, we knew what was happening, when it was happening, what task was next in the chain and when it was successfully completed. We always felt like we were in good hands.', 'Aideen Quinn, VP for HR, Europe & Asia, Allied World', NULL, NULL, NULL, NULL, NULL, NULL, '2018-02-15 17:44:22', '2018-02-15 18:16:44', '004d9ca9-6eb6-42ff-8d59-6f98ebd7a988'),
 ('135', '138', 'en_ie', 'SCA', NULL, 'Blanchardstown Corporate Park 2, Dublin 15', '<p>Sonica acted as traditional Main Contractor for the fitout of SCA Ireland’s new offices with responsibility for design and certification of the M&amp;E systems forming part of the overall brief.</p>\n<p>Taken from Landlord CAT-A condition, works involved formation of open plan offices, manager cellular offices, boardroom facilities with full A/V capability, new staff canteen, post room &amp; store rooms.</p>\n<p>We also had responsibility for securing Landlord consent for the M&amp;E alterations involved in supplementing and modifying the A/C and lighting control systems to suit our finalized layouts.</p>', '<ul><li>400m2</li></ul>', '<ul><li>4 weeks on site</li></ul>', '<ul><li>Buzzifelt feature acoustic attenuation</li><li>Feature graphics and wall murals</li><li>M&amp;E Design and Build</li><li>Management of Client Direct furniture vendor</li><li>Landlord consent applications</li></ul>', 'We have been very impressed with your company’s overall professionalism from the cleanliness of the site, management of contractors, general can-do attitude and most importantly; the ahead of schedule completion of the job. The new office looks fantastic and the whole team are looking forward to moving into their new home!', 'Simon Pickering, SCA / Tork', NULL, NULL, NULL, NULL, NULL, NULL, '2018-02-15 17:44:23', '2018-02-15 18:16:54', '8fa0b490-c043-473e-98ee-be73d521f9ab'),
 ('136', '139', 'en_ie', 'Cartrawler', NULL, 'Dundrum Business Park, Dublin 14', '<p>Cartrawler provides travel-related retailers with a fully managed gateway to over 800 car rental agents at 30,000 locations in 174 different countries.</p>\n<p>Sonica completed the fitout of their new offices in Dublin comprising cellular offices, meeting rooms, staff canteens, an All Hands Town Hall meeting area, chill out room and open plan workspace to accommodate up to 235 staff.</p>\n<p>M&amp;E works were carried out under a domestic sub-contract with Sonica offering a turn key project developed from initial tender drawings and specifications. Works involved supplementing the landlord A/C systems, a full data installation to a central comms room, electrical power distribution to desk mounted furniture solution and full lighting augmentation to include scene setting in selected areas.</p>', '<ul><li>1,200m2</li></ul>', '<ul><li>8 weeks on site</li></ul>', '', 'You took the stress out of the whole process for us – the fitout was handed over as we wanted it when we wanted it.', 'Lynsey Egan, Cartrawler', NULL, NULL, NULL, NULL, NULL, NULL, '2018-02-15 17:44:23', '2018-02-15 18:17:08', '58de1ac5-1f91-4107-a4f1-3b87d1f3ff61'),
 ('137', '140', 'en_ie', 'Lisney', NULL, 'Earlsford Terrance, Dublin 4', '<p>When relocating from their home of c. 20-years on Dublin’s St. Stephen’s Green, Lisney appointed Sonica to act as their Main Contractor and Partner to deliver their modern new office space over two floors on Earlsfort Terrace.</p>\n<p>Works involved the strip out of 2 existing floors in the building in preparation for the new office layouts. The first floor was fitted out as the Corporate Reception and Meeting space, a place for Lisney to receive their Clients, hold large meetings and conduct auctions. The second floor comprised the open plan office space, internal meeting space, staff canteen facilities, file storage and desking for 80 staff members.</p>\n<p>Works were conducted on the upper floors of St. Stephens Green House, a multi tenanted office block, with all logistics and day-to-day site issues managed by the on-site Sonica Operations Team.</p>', '<ul><li>1200m2</li></ul>', '<ul><li>8 weeks onsite</li></ul>', '<ul><li>High End Corporate reception area</li><li>Stone flooring and bespoke branded joinery</li><li>Management of Client direct Furniture and A/V vendors</li><li>Aggressive programme delivered in multi-tenanted building</li></ul>', 'Your staff were exceptionally courteous to all our sitting building tenants through the whole fitout process, we hardly noticed you were even here.', 'David Hogan, SSG Building Manager', NULL, NULL, NULL, NULL, NULL, NULL, '2018-02-15 17:44:23', '2018-02-15 18:17:26', '7170af14-8670-4d35-bf6b-f4ca95c09b94'),
 ('138', '141', 'en_ie', 'Apollo Aviation', NULL, 'Connaught House, Burlington Road, Dublin 4', '<p>Founded in 2002, Apollo Aviation Group is a multi-strategy alternative investment firm specializing in commercial aviation investing, creating and extracting value by investing in mid-life and mature commercial aircraft and engines.</p>\n<p>Sonica were appointed as traditional Main Contractor for the fitout, which was carried out on the top floor of Connaught House, the exclusive multi-tenanted corporate HQ building off Mespil Road in Dublin 2.<br />With stunning views over Dublin, the works involved the complete strip out of the existing finishes in preparation for the new Apollo layouts. Several key building features were identified to be retained and incorporated within the completed office works, all others were promptly cleared in the opening days on site.</p>\n<p>The completed offices comprise open plan work areas, cellular offices and meeting rooms, a bespoke Client reception area, staff canteen &amp; break out area, full data rewire back to a new comms room, complete A/V &amp; VC installation and a thorough M&amp;E upgrade to accommodate the new layouts.</p>\n<p>Working on the top floor of one of the most prestigious buildings in Dublin presented it’s own challenges, but through the daily co-ordination and management of works by the sitting Sonica Site Team, the project ran smoothly for start to finish. The completed office is considered by the Professional Team as one of the finest small office fitout examples conducted in Dublin in recent years.</p>', '<ul><li>1000m2</li></ul>', '<ul><li>8 weeks on site</li></ul>', '<ul><li>Bespoke joinery installations to Client Reception Area &amp; Corporate Meeting Space</li><li>Identification, retention and re-use of core building fabrics to augment the fitout</li><li>Complete M&amp;E overhaul to suit new office layouts</li><li>Intense co-ordination with sitting Building Management through the fitout process.</li></ul>', 'Very easy to work with and extremely professional from start to finish. Completed the job to a very high quality on time and within budget – \r\ncouldn’t ask for any more.', 'Marcus Miller, VP Dublin Operations, Apollo Aviation', NULL, NULL, NULL, NULL, NULL, NULL, '2018-02-15 17:44:23', '2018-02-15 18:17:35', '5b834daa-e454-435e-aa63-0af7a3b585b2'),
 ('139', '142', 'en_ie', 'Team', NULL, NULL, NULL, NULL, NULL, NULL, NULL, NULL, NULL, NULL, NULL, NULL, NULL, NULL, '2018-02-15 17:45:12', '2018-02-16 10:19:39', '5d0ba6e5-568b-4429-8be1-247bdcecf8f6'),
 ('140', '143', 'en_ie', 'Donnacha Neary', NULL, NULL, NULL, NULL, NULL, NULL, NULL, NULL, 'Managing Director', 'As Managing Director, I\'m actively involved in everything that we do here at Sonica, leading the Team by example through dedication and commitment to exceeding our Client\'s expectations. I\'m a visible resource to our clients, equally at home walking the job sites as I am sitting in the Boardroom.', 'Our unwavering desire to continually improve our business, to strive to make your project our best project yet, means that in Sonica you have a firm of fitout experts dedicated to going far beyond what typically passes for Client service. It\'s that desire that makes Sonica a great place to work, and Sonica a great Team to work with.', 'Motivating my guys, encouraging their development, celebrating their achievements and pushing them to be the very best they can be. The real excitement for me comes when I see how their hard work and dedication directly impacts the overall success of a project.', 'dneary@sonica-fitout.com', NULL, '2018-02-15 17:45:29', '2018-02-15 18:00:44', '8c449fd8-b886-47e6-9759-d31de67a3a70'),
 ('141', '144', 'en_ie', 'Marie Halpenny', NULL, NULL, NULL, NULL, NULL, NULL, NULL, NULL, 'Head of Surveying', 'As Senior Surveyor and Commercial Manager, I am responsible for developing the surveying department and for the profitable management of all our projects from inception to completion.', 'Clients should engage Sonica if they are looking for a recognised name in the industry, recognition that was earned as a result of hard work and forging good relations. We are a formidable team with vast cumulative experience in the fitout market - experience we are delighted to share with our Professional Teams and Clients.', 'The nature of the fit-out industry introduces us to new Clients and Design Team members every day. This diversity allows us to continuously develop new friendships and forge new working relations which makes every day different.', 'mhalpenny@sonica-fitout.com', NULL, '2018-02-15 17:45:29', '2018-02-15 18:01:13', '22caf461-035f-47db-b8f4-23a5ed9bf20d'),
 ('142', '145', 'en_ie', 'Douglas Ito', NULL, NULL, NULL, NULL, NULL, NULL, NULL, NULL, 'Senior Project Manager', 'As Senior PM, I assume both off and on-site control of large stand alone projects the Company undertakes through our major works division.', 'Sonica Fitout has a wealth of knowledge and experience in high-end retail and commercial office fit outs. The Senior Management Team have been involved in the Irish, UK and European fitout industry for the past 16 years and worked on some of the largest, complex and most challenging projects undertaken across those operating regions. Sonica Fitout prides itself with the ability to deliver a project on time and within budget - we continually go the extra mile to assist Clients achieve their goals.', 'Working on site with large construction teams to deliver challenging projects within tight time lines.', 'dito@sonica-fitout.com', NULL, '2018-02-15 17:45:29', '2018-02-15 17:55:36', 'c4fdf7d7-a88f-48a0-8b75-8581e499ee37'),
 ('143', '146', 'en_ie', 'Hugh Ward', NULL, NULL, NULL, NULL, NULL, NULL, NULL, NULL, 'Head of Operations', 'As Head of Operations, it is my responsibility to develop the Company\'s Operations Department and implement structures to allow our people develop and grow within the organisation.', 'We pride ourselves on the level of service we give our Clients, from initial project inception to project completion and beyond. We will work harder and faster than our competition to deliver a higher quality product time and time again.', 'I relish the opportunity to develop personal relationships with existing clients and contractor partners. Meeting new people and building relationships based on trust is the part of my job that I enjoy the most.', 'hward@sonica-fitout.com', NULL, '2018-02-15 17:45:29', '2018-02-15 17:55:44', '6df524a9-bed4-4fa4-95bd-db3db0babaaa'),
 ('144', '147', 'en_ie', 'Declan Gorman', NULL, NULL, NULL, NULL, NULL, NULL, NULL, NULL, 'Construction Manager', 'As Construction Manager, I look after and monitor every aspect of the day-to-day running of the site including tracking programme, H&S management, supervising subcontractors, liaising with Clients and executing their requests.', 'We have built a great relationship with all our subcontractors and Clients. Our dynamic team is specifically assembled to meet our Client\'s needs in an ever changing environment. The real questions should be: Why would you not choose Sonica?!', 'I enjoy multi-tasking and executing different jobs simultaneously. The pride I take in the finish of my sites shows through in all my work and I love the reward of overseeing exciting projects from start to finish.', 'dgorman@sonica-fitout.com', NULL, '2018-02-15 17:45:29', '2018-02-15 17:55:57', '6f95ea4f-6a56-4301-8b17-15d74813106e'),
 ('145', '148', 'en_ie', 'Ray McCaul', NULL, NULL, NULL, NULL, NULL, NULL, NULL, NULL, 'Construction Manager', 'As Construction Manager, my role centres around establishing and managing a site workforce capable of delivering to the high standards that Sonica Fitout set ourselves on each project.', 'Sonica Fitout encompasses everything that is fitout done correctly. Our continuous goal is to provide flexibility, expert advice and access to the best trades in order to reach our Clients budgetary and scheduling expectations. The experience and dedication provided by us as a Team is what allows Sonica Fitout to guarantee a solid and reliable build experience.', 'Total quality control over every aspect of a project is what I love doing. From initially receiving a brief and plans at the beginning of each job, to handing it back to the Client at the end knowing that I have overseen a project that has exceeded the Client\'s expectations gives me immense satisfaction.', 'rmccaul@sonica-fitout.com', NULL, '2018-02-15 17:45:29', '2018-02-15 17:56:09', 'b5e34474-6c88-49a7-8c0c-76ba260e40ac'),
 ('146', '149', 'en_ie', 'Harry Murphy', NULL, NULL, NULL, NULL, NULL, NULL, NULL, NULL, 'Site Manager', 'As Site Manager, I am responsible for managing all on-site activities from inception through to completion, ensuring that all Health & Safety aspects are to the highest standards while also ensuring that the build programme is achieved at all stages of construction.', 'Sonica provides a great working environment with great people that share the same value system. At Sonica, we have the proven ability to plan, organize, programme and resource large projects for multi-national firms. Sonica’s management team have the competence and experience to operate effectively at all levels of our Client\'s organisation.', 'I enjoy working closely with the associated design and management teams on a daily basis, to deliver projects of the highest quality to our Clients on time and on budget.', 'hmurphy@sonica-fitout.com', NULL, '2018-02-15 17:45:29', '2018-02-15 17:57:25', '6ba9010e-c84a-47e5-a80c-7c6d33654b03'),
 ('147', '150', 'en_ie', 'Conor Doyle', NULL, NULL, NULL, NULL, NULL, NULL, NULL, NULL, 'Construction Manager', 'It is my responsibility to ensure that the vision of the design team becomes a reality within the given parameters while also ensuring the Client remains involved, engaged and satisfied throughout the entire process.', 'One of the fundamental requirements that allows a project manager to operate as demanded of them, is a high level of organization. The infrastructure in place within Sonica to facilitate operations, surveying, Health and Safety and many more, are like none I’ve come across in my career.\r\n\r\nThe fact that they are all great people is just a bonus!', 'Understanding and developing relationships with the people I work with daily. Be it trades, design team or Clients I relish learning how to walk that fine line of getting what it is I need from the interaction while still making their individual experience of the entire process the best it can be.', 'cdoyle@sonica-fitout.com', NULL, '2018-02-15 17:45:29', '2018-02-15 17:57:32', '7c1f8d44-d3a1-4242-97e1-18ce740b7670'),
 ('148', '151', 'en_ie', 'Stephen Keane', NULL, NULL, NULL, NULL, NULL, NULL, NULL, NULL, 'Quantity Surveyor', 'As a quantity surveyor I am involved in preparing tender and contract documents, including bills of quantities with the architect and / or the Client along with assisting in establishing a Client\'s requirements and undertaking feasibility studies.', 'Choosing Sonica is a choice that puts you at the forefront of the Fitout industry within a company that has strong relationships with all major suppliers and professional teams throughout this area. Sonica can provide you with a proven track record and impressive portfolio that grows with every project we complete. We strive to meet ambitious deadlines with cutting edge technology and designs that propel Sonica to be one of the award winning leaders in the fit-out industry.', 'I love being part of projects from initial architect’s drawings to handover of keys on the final day, building lifelong relationships and friends with our Clients and co-workers.', 'skeane@sonica-fitout.com', NULL, '2018-02-15 17:45:29', '2018-02-15 17:57:40', '7e70bbd7-5ca7-488d-9448-1d6225e162da'),
 ('149', '152', 'en_ie', 'Colin Kirwan', NULL, NULL, NULL, NULL, NULL, NULL, NULL, NULL, 'Project Manager', 'As Construction Project Manager, my function is to orchestrate and execute a diverse variety of Commercial Fitout ventures that Sonica Fitout attracts in a fast paced and inviting market place. My daily procedural tasks include management of site teams, project quality and directing all administrative and technical workings required to fulfill each unique project endeavour.', 'As a collective team with merged aspirations, we have developed a passionate desire to incessantly enrich and improve our company, to aim for absolution in fulfillment of each project and to augment Client expectation by surpassing what is classically assented as Client service. It’s this appetite and industry foresight that makes Sonica Fitout a great place to work, and Sonica a prodigious team to be a part of.', 'I enjoy the forensic dissection and distribution of all project information required to achieve absolute completion and Client satisfaction in each project. I enjoy deliberating and advancing Client’s expectations by encouraging all team members to expect and deliver more. My ultimate gratification is undraping the final product having directed and monitored it in a digital format since early materialisation. I love the comradery and solidarity often experienced within our team upon completion of each project', 'ckirwan@sonica-fitout.com', NULL, '2018-02-15 17:45:29', '2018-02-15 17:57:47', '276c4053-5c28-4f38-ad7a-290e2db5aa62'),
 ('150', '153', 'en_ie', 'Margo Lynch', NULL, NULL, NULL, NULL, NULL, NULL, NULL, NULL, 'Office Manager', 'A large part of my role is looking after the administrative activities of the company to ensure the smooth running of our office on a daily basis. I also look after the accounts and work closely with our Surveying Team and accountants to ensure our accounts are kept fully up to date.', 'By choosing Sonica you know your project is in the right hands, all employees are passionate about the company and show the same drive, motivation and commitment on every project no matter how big or small it is. Sonica has a proven track record and clients come back to us because they know they can entrust their project to us.', 'I love being part of a team and Sonica gives me that. Working on the accounts gives me the opportunity to be involved in each project and see how it all comes together.', 'mlynch@sonica-fitout.com', NULL, '2018-02-15 17:45:29', '2018-02-15 17:57:57', '3a53b2fb-fe3d-41da-a57e-5f7d17af6544'),
 ('151', '154', 'en_ie', 'Alin Buzgo', NULL, NULL, NULL, NULL, NULL, NULL, NULL, NULL, 'Site Manager', 'As Site Manager, my role is to maintain quality control procedures, check and verify site reports, meet and supervise subcontractor site staff and to make regular and routine safety inspections to ensure overall construction site safety. l also liaise with Clients and the Professional Team on progress reporting, producing detailed weekly reports through our customised Construction Management applications for issue at the weekly site meetings.', 'Treating each project as unique, Sonica Fitout develops individual plans to contribute to and meet the tailored requirements of each project and Client. Our experienced Team ensures that our Clients consistently get the highest quality end product.', 'Setting high goals at the start of each project, and working hard to motivate the Team around me to achieve them.', '-', NULL, '2018-02-15 17:45:29', '2018-02-15 17:58:09', 'b9bcfe3d-fdca-4585-b0d3-5112a22c8409'),
 ('152', '155', 'en_ie', 'Marc McHugh', NULL, NULL, NULL, NULL, NULL, NULL, NULL, NULL, 'Site Manager', 'As Site Manager, my role is to oversee all aspects includes of H&S on site, carrying out risk assessments, issuing permits of work and attending all progress meetings with site team and subcontractors to ensure all the Client needs are met. My responsibility is also to take care of work implementation and quality control measures.', 'Sonica is one of the top companies in the Fitout game with number of awards. By choosing Sonica, you sign up for a high level of both standard and commitment from all members of the Sonica family. Sonica provide the next level in fitout and will leave you with a product that will last a life time.', 'Working with subcontractors on both large and small construction sites with tight deadlines.', 'mmchugh@sonica-fitout.com', NULL, '2018-02-15 17:45:29', '2018-02-15 17:58:18', '4c7112b5-6f83-4681-980f-58a907adae1e'),
 ('153', '156', 'en_ie', 'Eliska Valtrova', NULL, NULL, NULL, NULL, NULL, NULL, NULL, NULL, 'Design Lead Client Executive', 'As a Design Lead Client Executive, I am responsible for Sonica design tasks. My role involves dealing with Clients and understanding their needs as well as working with the Sonica Team to carry out every project from cradle to grave. My work demands strong creative flair with good technical knowledge and professional approach to deadlines and costs.', 'Sonica is one of the fastest growing and award winning fitout company on the current market with a great team to work with on every single project. Professional attitude and an open minded approach to reach the top in the fitout industry make Sonica stand out from the crowd.', 'I love working in fast-paced environment. I enjoy being free to develop and improve all kinds of design solutions as well as trying to meet Clients expectations and to see successfully completed projects handed back into Customer hands.', 'evaltrova@sonica-fitout.com', NULL, '2018-02-15 17:45:29', '2018-02-15 17:58:26', '598462a9-79ae-4852-a92a-bc7d19eb1538'),
 ('154', '157', 'en_ie', 'Ray Argue', NULL, NULL, NULL, NULL, NULL, NULL, NULL, NULL, 'Technical Services Manager', 'As Technical Services Manager it is my responsibility to coordinate the general and specialist services for each project. Due to Sonica’s diverse client base this can range from an office fit-out to Optics laboratories. Each new project brings its own challenge which is what keeps me going.', 'Sonica has been built from a solid base, by proven industry professionals. There is a drive in this company that carries you along wanting to deliver more, produce better and never stop expecting more.', 'For me it’s the project review, when we get into the detail of the design. Understanding the process flow of multi serviced designs and developing programs to delivery it on time and within budget. Integrating client direct specialist services and ensuring seamless cohesion to produce the clients once notional dream.', 'rargue@sonica-fitout.com', NULL, '2018-02-15 17:45:29', '2018-02-15 17:58:37', '05f7fd63-af29-4ea8-bbf9-2076b3dc6665'),
 ('155', '158', 'en_ie', 'John Donnelly', NULL, NULL, NULL, NULL, NULL, NULL, NULL, NULL, 'Site Manager', 'As Site Manager, my role orientates around all aspects of the construction site from project planning and H&S to client liaison and quality control. Communication to all parties is vital.', 'What has impressed me most about Sonica is the structured approach they take to run all their projects. They have a simple five step process which is custom built to every one of our clients. This project organisation is a pivotal reason why our clients keep coming back to us', 'I love seeing how all the different trades in construction work alongside each other and help to bring the architects drawing from concept to reality.', 'jdonnelly@sonica-fitout.com', NULL, '2018-02-15 17:45:30', '2018-02-15 17:58:48', '1b09b4ca-0bf4-469a-904e-0c5fb4687e2f'),
 ('156', '159', 'en_ie', 'Yemisi Onasanya', NULL, NULL, NULL, NULL, NULL, NULL, NULL, NULL, 'Quantity Surveyor', '<p>My role in a nutshell involves managing all costs relating to a construction project through its entire lifecycle whilst ensuring optimum return is achieved on the project. I am responsible for managing multi-projects and undertaking all commercial duties and contract administration as required on a project.</p>', '<p>With over 15 years in the Construction Industry and with varied experience across different sectors and industries, I find my passion to be in the fit-out industry. Sonica Fitout provides the right avenue to make a positive and progressive contribution within a fast growing and thriving organisation. I was attracted to Sonica’s business model, its commitment to strong leadership and development and with a high order book of project, it means I can further advance my career whilst doing what I genuinely enjoy and work with a great team of other like-minded professionals.</p>', '<p>I enjoy the fast-paced nature and project variety of the fit-out market, with no two projects ever the same and with its daily challenges which keeps me on my toes. I enjoy the opportunity to form and cultivate new relationships with clients and project teams as well as the satisfaction to be part of project from inception right to its successful completion for the satisfaction of both the client and the organisation I represent.</p>', 'yonasanya@sonica-fitout.com', NULL, '2018-02-15 17:45:30', '2018-02-16 01:55:06', 'fbc38d69-6ddb-426f-bff9-b3f903a6d50a'),
 ('157', '160', 'en_ie', 'Aaron Forde', NULL, NULL, NULL, NULL, NULL, NULL, NULL, NULL, 'Bid & Pre-Construction Manager', '<p>As Bid manager I am responsible for the preparation of bids in response to Request for Proposals (RFPs) from potential clients. I work with all relevant stakeholders to ensure the delivery of a successful bid.</p>', '<p>The opportunity to join this fast growing fit out company was a really easy decision. Its a fast moving and exciting environment to be in and the quality of projects are second to none.</p>', '<p>The fact that every project is different and every client has different expectations really interests me. I really enjoy the fact that I am one of the first people to see a project design at tender stage, fresh off the drawing board.</p>', 'aforde@sonica-fitout.com', NULL, '2018-02-15 17:45:30', '2018-02-16 01:55:26', '5af5efd1-65f5-424f-976d-9c02c3c8a200'),
 ('158', '161', 'en_ie', 'Alin Buzgo', NULL, NULL, NULL, NULL, NULL, NULL, NULL, NULL, NULL, NULL, NULL, NULL, NULL, NULL, '2018-02-15 17:54:18', '2018-02-16 10:19:31', '5c41c0a9-a8d8-47de-bcee-6509026fd1a3'),
 ('159', '162', 'en_ie', 'Alin Buzgo1', NULL, NULL, NULL, NULL, NULL, NULL, NULL, NULL, NULL, NULL, NULL, NULL, NULL, NULL, '2018-02-15 17:54:18', '2018-02-16 10:19:32', 'f36171c8-9790-4451-a15a-30c2135eec97'),
 ('160', '163', 'en_ie', 'Colin  Kirwan 6', NULL, NULL, NULL, NULL, NULL, NULL, NULL, NULL, NULL, NULL, NULL, NULL, NULL, NULL, '2018-02-15 17:54:19', '2018-02-16 10:19:32', 'b2e4f9d4-061a-47c4-8c4c-e994cb949ab5'),
 ('161', '164', 'en_ie', 'Colin  Kirwan 7', NULL, NULL, NULL, NULL, NULL, NULL, NULL, NULL, NULL, NULL, NULL, NULL, NULL, NULL, '2018-02-15 17:54:19', '2018-02-16 10:19:32', 'a59e1091-d9ce-4739-a197-e36f6a47adb2'),
 ('162', '165', 'en_ie', 'Conor Doyle', NULL, NULL, NULL, NULL, NULL, NULL, NULL, NULL, NULL, NULL, NULL, NULL, NULL, NULL, '2018-02-15 17:54:19', '2018-02-16 10:19:32', 'c3d255e4-b882-4524-a1e5-c3bf93ba1323'),
 ('163', '166', 'en_ie', 'Conor Doyle1', NULL, NULL, NULL, NULL, NULL, NULL, NULL, NULL, NULL, NULL, NULL, NULL, NULL, NULL, '2018-02-15 17:54:19', '2018-02-16 10:19:32', '36bb5cf0-d528-461b-8c7a-0b8e139bdbbe'),
 ('164', '167', 'en_ie', 'Declan Gorman', NULL, NULL, NULL, NULL, NULL, NULL, NULL, NULL, NULL, NULL, NULL, NULL, NULL, NULL, '2018-02-15 17:54:19', '2018-02-16 10:19:32', '12698c1c-2265-423f-8742-783cdebe6303'),
 ('165', '168', 'en_ie', 'Declan Gorman1', NULL, NULL, NULL, NULL, NULL, NULL, NULL, NULL, NULL, NULL, NULL, NULL, NULL, NULL, '2018-02-15 17:54:19', '2018-02-16 10:19:33', '4c7dda6e-fc45-45b8-afc9-39e215387720'),
 ('166', '169', 'en_ie', 'Donnacha Neary', NULL, NULL, NULL, NULL, NULL, NULL, NULL, NULL, NULL, NULL, NULL, NULL, NULL, NULL, '2018-02-15 17:54:19', '2018-02-16 10:19:33', 'e1f2ecc9-3ba4-4186-adee-78fca2516d75'),
 ('167', '170', 'en_ie', 'Donnacha Neary1', NULL, NULL, NULL, NULL, NULL, NULL, NULL, NULL, NULL, NULL, NULL, NULL, NULL, NULL, '2018-02-15 17:54:20', '2018-02-16 10:19:33', 'e6414c85-7c9c-47fa-b064-0c667252ba25'),
 ('168', '171', 'en_ie', 'Doug Ito', NULL, NULL, NULL, NULL, NULL, NULL, NULL, NULL, NULL, NULL, NULL, NULL, NULL, NULL, '2018-02-15 17:54:20', '2018-02-16 10:19:33', 'cea05707-7090-4ad1-8bc2-ed85fa55ee16'),
 ('169', '172', 'en_ie', 'Doug Ito1', NULL, NULL, NULL, NULL, NULL, NULL, NULL, NULL, NULL, NULL, NULL, NULL, NULL, NULL, '2018-02-15 17:54:20', '2018-02-16 10:19:33', '73668641-96fc-4a90-88c1-0fc09668fc86'),
 ('170', '173', 'en_ie', 'Eliska Valtrova', NULL, NULL, NULL, NULL, NULL, NULL, NULL, NULL, NULL, NULL, NULL, NULL, NULL, NULL, '2018-02-15 17:54:20', '2018-02-16 10:19:33', '203df312-26de-4514-91ee-4ab783d62c20'),
 ('171', '174', 'en_ie', 'Eliska Valtrova1', NULL, NULL, NULL, NULL, NULL, NULL, NULL, NULL, NULL, NULL, NULL, NULL, NULL, NULL, '2018-02-15 17:54:20', '2018-02-16 10:19:34', 'ee1ceb1d-1014-4152-81f4-1601bbf4dc4f'),
 ('172', '175', 'en_ie', 'Hugh Ward', NULL, NULL, NULL, NULL, NULL, NULL, NULL, NULL, NULL, NULL, NULL, NULL, NULL, NULL, '2018-02-15 17:54:20', '2018-02-16 10:19:34', '4116acb8-f93e-4a64-8123-fa2926d839ea'),
 ('173', '176', 'en_ie', 'Hugh Ward1', NULL, NULL, NULL, NULL, NULL, NULL, NULL, NULL, NULL, NULL, NULL, NULL, NULL, NULL, '2018-02-15 17:54:21', '2018-02-16 10:19:34', 'ac489c83-d194-4c36-b0c7-717bf1b976f3'),
 ('174', '177', 'en_ie', 'John Donnelly', NULL, NULL, NULL, NULL, NULL, NULL, NULL, NULL, NULL, NULL, NULL, NULL, NULL, NULL, '2018-02-15 17:54:21', '2018-02-16 10:19:34', '89434b85-a565-4391-883f-d000960c8c47'),
 ('175', '178', 'en_ie', 'John Donnelly1', NULL, NULL, NULL, NULL, NULL, NULL, NULL, NULL, NULL, NULL, NULL, NULL, NULL, NULL, '2018-02-15 17:54:21', '2018-02-16 10:19:34', '15bc806c-da73-4bee-9d43-0f2b45a40618'),
 ('176', '179', 'en_ie', 'Marc Mc Hugh', NULL, NULL, NULL, NULL, NULL, NULL, NULL, NULL, NULL, NULL, NULL, NULL, NULL, NULL, '2018-02-15 17:54:21', '2018-02-16 10:19:35', '71d0ae21-a968-403d-9cf9-712b9b89fb81'),
 ('177', '180', 'en_ie', 'Marc Mc Hugh1', NULL, NULL, NULL, NULL, NULL, NULL, NULL, NULL, NULL, NULL, NULL, NULL, NULL, NULL, '2018-02-15 17:54:21', '2018-02-16 10:19:35', '30f9ed24-cdd9-4072-82d0-09cef3a5409f'),
 ('178', '181', 'en_ie', 'Margo Lynch', NULL, NULL, NULL, NULL, NULL, NULL, NULL, NULL, NULL, NULL, NULL, NULL, NULL, NULL, '2018-02-15 17:54:21', '2018-02-16 10:19:35', '3eea3d1c-89df-4865-bb43-2a63c879186f'),
 ('179', '182', 'en_ie', 'Margo Lynch1', NULL, NULL, NULL, NULL, NULL, NULL, NULL, NULL, NULL, NULL, NULL, NULL, NULL, NULL, '2018-02-15 17:54:22', '2018-02-16 10:19:35', '31e1084d-84db-47c4-b21c-4396fbcafe0f'),
 ('180', '183', 'en_ie', 'Marie Halpenny', NULL, NULL, NULL, NULL, NULL, NULL, NULL, NULL, NULL, NULL, NULL, NULL, NULL, NULL, '2018-02-15 17:54:22', '2018-02-16 10:19:35', '65de7396-c09f-4239-9140-df8daff1e833'),
 ('181', '184', 'en_ie', 'Marie Halpenny1', NULL, NULL, NULL, NULL, NULL, NULL, NULL, NULL, NULL, NULL, NULL, NULL, NULL, NULL, '2018-02-15 17:54:22', '2018-02-16 10:19:36', '1ce27628-fe65-44d0-91b2-98529c3b5de3'),
 ('182', '185', 'en_ie', 'Martin  Brady 1', NULL, NULL, NULL, NULL, NULL, NULL, NULL, NULL, NULL, NULL, NULL, NULL, NULL, NULL, '2018-02-15 17:54:22', '2018-02-16 10:19:36', '4dfc8eb0-94b0-438a-b7ac-b8c3682dcd16'),
 ('183', '186', 'en_ie', 'Martin  Brady', NULL, NULL, NULL, NULL, NULL, NULL, NULL, NULL, NULL, NULL, NULL, NULL, NULL, NULL, '2018-02-15 17:54:22', '2018-02-16 10:19:36', 'af76c67a-dd21-4a42-9335-2ca7a160e684'),
 ('184', '187', 'en_ie', 'Patric  Tuohy', NULL, NULL, NULL, NULL, NULL, NULL, NULL, NULL, NULL, NULL, NULL, NULL, NULL, NULL, '2018-02-15 17:54:22', '2018-02-16 10:19:36', '7a2d2df3-316e-40a7-aa39-47828657ddc6'),
 ('185', '188', 'en_ie', 'Patrik  Tuohy 1', NULL, NULL, NULL, NULL, NULL, NULL, NULL, NULL, NULL, NULL, NULL, NULL, NULL, NULL, '2018-02-15 17:54:23', '2018-02-16 10:19:36', '3d974432-aaba-43fd-ab65-f3c28464a6e1'),
 ('186', '189', 'en_ie', 'Ray Argue', NULL, NULL, NULL, NULL, NULL, NULL, NULL, NULL, NULL, NULL, NULL, NULL, NULL, NULL, '2018-02-15 17:54:23', '2018-02-16 10:19:36', '0242c3ee-0952-457d-978c-fed9e3c90b3a'),
 ('187', '190', 'en_ie', 'Ray Argue1', NULL, NULL, NULL, NULL, NULL, NULL, NULL, NULL, NULL, NULL, NULL, NULL, NULL, NULL, '2018-02-15 17:54:23', '2018-02-16 10:19:37', '62127686-c5af-4ea9-83fa-cc0cb6a75a07'),
 ('188', '191', 'en_ie', 'Ray Mc Caul', NULL, NULL, NULL, NULL, NULL, NULL, NULL, NULL, NULL, NULL, NULL, NULL, NULL, NULL, '2018-02-15 17:54:23', '2018-02-16 10:19:37', '586d1719-0cce-4f08-be36-9cb413b2709d'),
 ('189', '192', 'en_ie', 'Ray Mc Caul1', NULL, NULL, NULL, NULL, NULL, NULL, NULL, NULL, NULL, NULL, NULL, NULL, NULL, NULL, '2018-02-15 17:54:23', '2018-02-16 10:19:37', '4b47975e-453c-4043-a80d-8d66125cfa77'),
 ('190', '193', 'en_ie', 'Stephen Keane', NULL, NULL, NULL, NULL, NULL, NULL, NULL, NULL, NULL, NULL, NULL, NULL, NULL, NULL, '2018-02-15 17:54:23', '2018-02-16 10:19:37', '0d3e43ea-8a67-4d8a-8444-2a3bc02750dd'),
 ('191', '194', 'en_ie', 'Stephen Keane1', NULL, NULL, NULL, NULL, NULL, NULL, NULL, NULL, NULL, NULL, NULL, NULL, NULL, NULL, '2018-02-15 17:54:24', '2018-02-16 10:19:37', 'f080b826-09d8-4b38-b712-a568ec1ec5c2'),
 ('192', '195', 'en_ie', 'Yemi Onasanya', NULL, NULL, NULL, NULL, NULL, NULL, NULL, NULL, NULL, NULL, NULL, NULL, NULL, NULL, '2018-02-15 17:54:24', '2018-02-16 10:19:38', '4c8b84c6-3f36-4474-a2f7-036ceace78cf'),
 ('193', '196', 'en_ie', 'Yemi Onasanya1', NULL, NULL, NULL, NULL, NULL, NULL, NULL, NULL, NULL, NULL, NULL, NULL, NULL, NULL, '2018-02-15 17:54:24', '2018-02-16 10:19:38', 'd1060ce9-00a2-450a-94bf-bc3f0140440c'),
 ('194', '197', 'en_ie', 'Demonware 1', NULL, NULL, NULL, NULL, NULL, NULL, NULL, NULL, NULL, NULL, NULL, NULL, NULL, NULL, '2018-02-16 02:34:29', '2018-02-26 12:20:19', '4b9f41d7-4c53-432e-92ee-44afdbf56082'),
 ('195', '198', 'en_ie', 'Demonware 12', NULL, NULL, NULL, NULL, NULL, NULL, NULL, NULL, NULL, NULL, NULL, NULL, NULL, NULL, '2018-02-16 02:34:31', '2018-02-26 12:20:21', '1d7a5bbf-b0ca-47e4-92c2-01e58ecea635');
INSERT INTO `craft_content` (`id`, `elementId`, `locale`, `title`, `field_meta`, `field_location`, `field_details`, `field_size`, `field_timescale`, `field_features`, `field_quote`, `field_quoteAttribution`, `field_role`, `field_myJob`, `field_whySonica`, `field_whatILoveDoing`, `field_email`, `field_projectsCompleted`, `dateCreated`, `dateUpdated`, `uid`) VALUES
 ('196', '199', 'en_ie', 'Demonware 7', NULL, NULL, NULL, NULL, NULL, NULL, NULL, NULL, NULL, NULL, NULL, NULL, NULL, NULL, '2018-02-16 02:34:34', '2018-02-26 12:20:25', '0b192a7d-e634-4d24-9fea-9586a2b31476'),
 ('197', '200', 'en_ie', 'Demonware 13', NULL, NULL, NULL, NULL, NULL, NULL, NULL, NULL, NULL, NULL, NULL, NULL, NULL, NULL, '2018-02-16 02:34:37', '2018-02-26 12:20:23', 'fddad53e-ff01-4581-9090-7b50b538c61a'),
 ('198', '201', 'en_ie', 'Demonware 17 08 Edit S', NULL, NULL, NULL, NULL, NULL, NULL, NULL, NULL, NULL, NULL, NULL, NULL, NULL, NULL, '2018-02-16 02:34:39', '2018-02-26 12:20:25', 'c49b7b41-2878-466a-a54e-60e81dbc866f'),
 ('199', '202', 'en_ie', 'Adobe', NULL, 'Citywest Business Campus', '<p>Adobe Systems Incorporated is the world leading IT platform focused upon the creation of multimedia and creativity software products, best known for Photoshop, Acrobat Reader and the Portable Document Format (PDF). With over 50 Billion Adobe Products opened from 2016, we relished the opportunity to deliver their new colour-strident office space in Dublin’s Citywest Business Campus.</p>\n<p>Our mandate was to take an existing vacant floor plate layout and transfigure it into a fully-functional and dynamic office space. The works involved the installation of all new wall partitions, floor finishes, internal decorations, M&amp;E services installations and management of Client direct office furniture, security and AV solutions.</p>\n<p>The design of the working environment was for a predominantly open plan space to allow for more collaborative interaction and employee connectivity with strategically placed workstations and cellular meeting spaces ensuring that teams retain their structure within the overall environment.  Features of the project included a Games room vaulting with animated formations and modern console equipment, a combined spacious and homely Canteen / Breakout area and a series of segmented Board and Meeting rooms grouped within an ostentatious catwalk.</p>\n<p>The project was delivered in 10 weeks following an accelerated pre-construction and mobilisation period to meet the Clients rigorous occupation date achievement.</p>', '<ul><li>900m2</li></ul>', '<ul><li>Bespoke specialised joinery with numerous unique finishes and materials</li><li>International collaboration with Adobe’s overseas steering group</li><li>Corporate signage &amp; brand identity</li><li>Management of Client direct vend packages</li></ul>', '<ul><li>2-Week Pre-construction</li><li>10 weeks on-site</li></ul>', '', '', NULL, NULL, NULL, NULL, NULL, NULL, '2018-02-16 10:18:18', '2018-02-26 13:05:58', '56e64baf-c1fa-4bc4-a206-89d0d4e92c24'),
 ('200', '203', 'en_ie', 'Adobe 42', NULL, NULL, NULL, NULL, NULL, NULL, NULL, NULL, NULL, NULL, NULL, NULL, NULL, NULL, '2018-02-16 10:19:21', '2018-02-26 12:20:09', '6c97df6c-2220-4686-bd22-5f44ddeddebf'),
 ('201', '204', 'en_ie', 'Charlemont 4', NULL, NULL, NULL, NULL, NULL, NULL, NULL, NULL, NULL, NULL, NULL, NULL, NULL, NULL, '2018-02-16 10:19:23', '2018-02-26 12:20:17', '136a4401-a068-48d7-9270-250ca4177803'),
 ('202', '205', 'en_ie', '3  Arena 10', NULL, NULL, NULL, NULL, NULL, NULL, NULL, NULL, NULL, NULL, NULL, NULL, NULL, NULL, '2018-02-16 10:21:20', '2018-02-26 12:19:39', '281944d1-b08c-4e09-b5a3-b6903d11e279'),
 ('203', '206', 'en_ie', 'Glg 04', NULL, NULL, NULL, NULL, NULL, NULL, NULL, NULL, NULL, NULL, NULL, NULL, NULL, NULL, '2018-02-16 10:21:30', '2018-02-26 12:20:26', '02ea8727-bac7-4f58-99c8-f6e023df7e15'),
 ('204', '207', 'en_ie', 'Hubspot 4', NULL, NULL, NULL, NULL, NULL, NULL, NULL, NULL, NULL, NULL, NULL, NULL, NULL, NULL, '2018-02-16 10:21:31', '2018-02-26 12:20:27', '4abbaa21-a293-46e6-a1bf-131fd4ef71c7'),
 ('205', '208', 'en_ie', 'Intercom 14', NULL, NULL, NULL, NULL, NULL, NULL, NULL, NULL, NULL, NULL, NULL, NULL, NULL, NULL, '2018-02-16 10:21:32', '2018-02-26 12:20:28', '915add8c-ebbb-4bbf-b400-d67ef1082892'),
 ('206', '209', 'en_ie', 'Intercom 21', NULL, NULL, NULL, NULL, NULL, NULL, NULL, NULL, NULL, NULL, NULL, NULL, NULL, NULL, '2018-02-16 10:21:33', '2018-02-26 12:20:29', 'd3728060-4057-4f05-a1fa-dd1aad8fc26e'),
 ('207', '210', 'en_ie', 'Udg 2', NULL, NULL, NULL, NULL, NULL, NULL, NULL, NULL, NULL, NULL, NULL, NULL, NULL, NULL, '2018-02-16 10:21:34', '2018-02-26 12:20:31', '40d7f083-74b6-474e-b349-3607903e9bf0'),
 ('208', '211', 'en_ie', 'Davy 3', NULL, NULL, NULL, NULL, NULL, NULL, NULL, NULL, NULL, NULL, NULL, NULL, NULL, NULL, '2018-02-16 10:25:31', '2018-02-26 12:20:17', 'a6ebfc3f-0ba8-413a-8deb-2ca454465d3d'),
 ('209', '212', 'en_ie', 'Salesforce 6', NULL, NULL, NULL, NULL, NULL, NULL, NULL, NULL, NULL, NULL, NULL, NULL, NULL, NULL, '2018-02-16 10:25:44', '2018-02-26 12:20:30', '99b91609-6cac-40cf-8ac4-1486b6514e4b'),
 ('210', '213', 'en_ie', 'Wipro 12', NULL, NULL, NULL, NULL, NULL, NULL, NULL, NULL, NULL, NULL, NULL, NULL, NULL, NULL, '2018-02-16 10:25:45', '2018-02-26 12:20:31', '4bf343b6-4fb9-414d-b9e7-f6d848a03a37'),
 ('211', '214', 'en_ie', 'Davy 6', NULL, NULL, NULL, NULL, NULL, NULL, NULL, NULL, NULL, NULL, NULL, NULL, NULL, NULL, '2018-02-16 10:30:45', '2018-02-26 12:20:18', '4e5a36bb-091a-4604-bef1-62aa8e9451b1'),
 ('212', '215', 'en_ie', 'Settings', NULL, NULL, NULL, NULL, NULL, NULL, NULL, NULL, NULL, NULL, NULL, NULL, NULL, '[{\"col1\":\"Test Project Name\"},{\"col1\":\"Another Test Project Name\"}]', '2018-02-25 23:07:00', '2018-02-25 23:55:47', 'be62ad2e-6f97-4916-9dc2-11201be53151'),
 ('213', '216', 'en_ie', '100  Stephens  Green 1', NULL, NULL, NULL, NULL, NULL, NULL, NULL, NULL, NULL, NULL, NULL, NULL, NULL, NULL, '2018-02-26 12:19:30', '2018-02-26 12:19:31', 'a74e6cb1-f8b6-4941-881c-9e0eb5614f72'),
 ('214', '217', 'en_ie', '100  Stephens  Green 24', NULL, NULL, NULL, NULL, NULL, NULL, NULL, NULL, NULL, NULL, NULL, NULL, NULL, NULL, '2018-02-26 12:19:31', '2018-02-26 12:19:33', '9ec69c3a-6a12-4fb0-b053-fa4aaf1b3911'),
 ('215', '218', 'en_ie', '100  Stephens  Green 29', NULL, NULL, NULL, NULL, NULL, NULL, NULL, NULL, NULL, NULL, NULL, NULL, NULL, NULL, '2018-02-26 12:19:33', '2018-02-26 12:19:34', '6467a497-8015-4929-98ba-2269cd1146e9'),
 ('216', '219', 'en_ie', '100  Stephens  Green 26', NULL, NULL, NULL, NULL, NULL, NULL, NULL, NULL, NULL, NULL, NULL, NULL, NULL, NULL, '2018-02-26 12:19:34', '2018-02-26 12:19:35', 'ef6d06d2-53a0-4c52-ada1-81bc97af529f'),
 ('217', '220', 'en_ie', '100  Stephens  Green 3', NULL, NULL, NULL, NULL, NULL, NULL, NULL, NULL, NULL, NULL, NULL, NULL, NULL, NULL, '2018-02-26 12:19:36', '2018-02-26 12:19:37', 'afc5407a-a83b-435d-9192-2a29af4dae06'),
 ('218', '221', 'en_ie', '100  Stephens  Green 6', NULL, NULL, NULL, NULL, NULL, NULL, NULL, NULL, NULL, NULL, NULL, NULL, NULL, NULL, '2018-02-26 12:19:37', '2018-02-26 12:19:38', '1b46db5f-9af3-40e9-9db1-2737c5327cf2'),
 ('219', '222', 'en_ie', '3  Arena 1', NULL, NULL, NULL, NULL, NULL, NULL, NULL, NULL, NULL, NULL, NULL, NULL, NULL, NULL, '2018-02-26 12:19:38', '2018-02-26 12:19:39', '9756aecf-a126-495d-9522-e3d9a8ff8592'),
 ('220', '223', 'en_ie', '3  Arena 12', NULL, NULL, NULL, NULL, NULL, NULL, NULL, NULL, NULL, NULL, NULL, NULL, NULL, NULL, '2018-02-26 12:19:39', '2018-02-26 12:19:40', '4677c24c-39f4-4db8-bbbd-c561e718daf8'),
 ('221', '224', 'en_ie', '3  Arena 14', NULL, NULL, NULL, NULL, NULL, NULL, NULL, NULL, NULL, NULL, NULL, NULL, NULL, NULL, '2018-02-26 12:19:40', '2018-02-26 12:19:41', '8b531133-e106-4e61-bf92-105b6fe4d3ba'),
 ('222', '225', 'en_ie', '3  Arena 15', NULL, NULL, NULL, NULL, NULL, NULL, NULL, NULL, NULL, NULL, NULL, NULL, NULL, NULL, '2018-02-26 12:19:41', '2018-02-26 12:19:41', 'dbda409d-52f7-4732-8e27-728730f34c53'),
 ('223', '226', 'en_ie', '3  Arena 8 1', NULL, NULL, NULL, NULL, NULL, NULL, NULL, NULL, NULL, NULL, NULL, NULL, NULL, NULL, '2018-02-26 12:19:42', '2018-02-26 12:19:42', 'c46f5c30-2ee5-4d96-9c1c-911cf72959f4'),
 ('224', '227', 'en_ie', '3  Arena 8', NULL, NULL, NULL, NULL, NULL, NULL, NULL, NULL, NULL, NULL, NULL, NULL, NULL, NULL, '2018-02-26 12:19:42', '2018-02-26 12:19:42', 'edace29a-df83-4523-b497-e863236d133f'),
 ('225', '228', 'en_ie', 'Aig 1', NULL, NULL, NULL, NULL, NULL, NULL, NULL, NULL, NULL, NULL, NULL, NULL, NULL, NULL, '2018-02-26 12:19:42', '2018-02-26 12:19:42', 'a8dcdb8f-0a60-43ff-9313-30bea09fa185'),
 ('226', '229', 'en_ie', 'Adobe 01', NULL, NULL, NULL, NULL, NULL, NULL, NULL, NULL, NULL, NULL, NULL, NULL, NULL, NULL, '2018-02-26 12:19:43', '2018-02-26 12:19:44', '91136519-9e7f-4206-bfdf-0a4688ed44d8'),
 ('227', '230', 'en_ie', 'Adobe 03', NULL, NULL, NULL, NULL, NULL, NULL, NULL, NULL, NULL, NULL, NULL, NULL, NULL, NULL, '2018-02-26 12:19:44', '2018-02-26 12:19:45', '45198501-b5a6-48cf-ae8a-141841ceba34'),
 ('228', '231', 'en_ie', 'Adobe 09', NULL, NULL, NULL, NULL, NULL, NULL, NULL, NULL, NULL, NULL, NULL, NULL, NULL, NULL, '2018-02-26 12:19:45', '2018-02-26 12:19:47', 'a27af967-b85a-49cb-b999-90454cfe216a'),
 ('229', '232', 'en_ie', 'Adobe 11', NULL, NULL, NULL, NULL, NULL, NULL, NULL, NULL, NULL, NULL, NULL, NULL, NULL, NULL, '2018-02-26 12:19:47', '2018-02-26 12:19:49', 'ccd0ed0e-4c5e-4401-88c6-d7cf02086179'),
 ('230', '233', 'en_ie', 'Adobe 13', NULL, NULL, NULL, NULL, NULL, NULL, NULL, NULL, NULL, NULL, NULL, NULL, NULL, NULL, '2018-02-26 12:19:49', '2018-02-26 12:19:50', '72b500c9-615b-4e4a-8fb7-24713b1cace1'),
 ('231', '234', 'en_ie', 'Adobe 14', NULL, NULL, NULL, NULL, NULL, NULL, NULL, NULL, NULL, NULL, NULL, NULL, NULL, NULL, '2018-02-26 12:19:50', '2018-02-26 12:19:51', '0168676d-261f-415e-8637-16616ce5cb78'),
 ('232', '235', 'en_ie', 'Adobe 16', NULL, NULL, NULL, NULL, NULL, NULL, NULL, NULL, NULL, NULL, NULL, NULL, NULL, NULL, '2018-02-26 12:19:51', '2018-02-26 12:19:53', 'a2071d55-7945-47c5-bf17-0909d2f37ca6'),
 ('233', '236', 'en_ie', 'Adobe 18', NULL, NULL, NULL, NULL, NULL, NULL, NULL, NULL, NULL, NULL, NULL, NULL, NULL, NULL, '2018-02-26 12:19:53', '2018-02-26 12:19:54', '4dc5f66a-7b9d-4c4a-aa64-cc70e308eeee'),
 ('234', '237', 'en_ie', 'Adobe 21', NULL, NULL, NULL, NULL, NULL, NULL, NULL, NULL, NULL, NULL, NULL, NULL, NULL, NULL, '2018-02-26 12:19:54', '2018-02-26 12:19:56', 'a9449aba-777c-4916-b298-99f537ec5059'),
 ('235', '238', 'en_ie', 'Adobe 22', NULL, NULL, NULL, NULL, NULL, NULL, NULL, NULL, NULL, NULL, NULL, NULL, NULL, NULL, '2018-02-26 12:19:56', '2018-02-26 12:19:57', 'e947dade-068e-479d-a828-4d581dec6cfc'),
 ('236', '239', 'en_ie', 'Adobe 24', NULL, NULL, NULL, NULL, NULL, NULL, NULL, NULL, NULL, NULL, NULL, NULL, NULL, NULL, '2018-02-26 12:19:57', '2018-02-26 12:19:59', 'cf1fc1c0-e9e6-4103-ab10-4bb8db9426c4'),
 ('237', '240', 'en_ie', 'Adobe 27', NULL, NULL, NULL, NULL, NULL, NULL, NULL, NULL, NULL, NULL, NULL, NULL, NULL, NULL, '2018-02-26 12:19:59', '2018-02-26 12:20:00', 'fccf6288-4e1a-444e-b4ae-27e2754cc250'),
 ('238', '241', 'en_ie', 'Adobe 29', NULL, NULL, NULL, NULL, NULL, NULL, NULL, NULL, NULL, NULL, NULL, NULL, NULL, NULL, '2018-02-26 12:20:00', '2018-02-26 12:20:02', '067e9d69-f46c-4a69-9b6c-5dd847c7eb24'),
 ('239', '242', 'en_ie', 'Adobe 34', NULL, NULL, NULL, NULL, NULL, NULL, NULL, NULL, NULL, NULL, NULL, NULL, NULL, NULL, '2018-02-26 12:20:02', '2018-02-26 12:20:05', '253d1cf7-70aa-464d-a128-447af91fa4cd'),
 ('240', '243', 'en_ie', 'Adobe 35', NULL, NULL, NULL, NULL, NULL, NULL, NULL, NULL, NULL, NULL, NULL, NULL, NULL, NULL, '2018-02-26 12:20:05', '2018-02-26 12:20:06', '27b465a9-1c96-46b3-94cc-d2726e076a4c'),
 ('241', '244', 'en_ie', 'Adobe 39', NULL, NULL, NULL, NULL, NULL, NULL, NULL, NULL, NULL, NULL, NULL, NULL, NULL, NULL, '2018-02-26 12:20:06', '2018-02-26 12:20:08', '0818d585-6f7e-499b-8e8f-e7fe44799438'),
 ('242', '245', 'en_ie', 'Anya  Hindmarch 1', NULL, NULL, NULL, NULL, NULL, NULL, NULL, NULL, NULL, NULL, NULL, NULL, NULL, NULL, '2018-02-26 12:20:09', '2018-02-26 12:20:10', '47218d90-099c-4efe-9108-1ed43b5bec7b'),
 ('243', '246', 'en_ie', 'Anya  Hindmarch 2', NULL, NULL, NULL, NULL, NULL, NULL, NULL, NULL, NULL, NULL, NULL, NULL, NULL, NULL, '2018-02-26 12:20:10', '2018-02-26 12:20:11', '2f419160-739e-46bc-8e6d-5720e02264d3'),
 ('244', '247', 'en_ie', 'Anya  Hindmarch 3', NULL, NULL, NULL, NULL, NULL, NULL, NULL, NULL, NULL, NULL, NULL, NULL, NULL, NULL, '2018-02-26 12:20:11', '2018-02-26 12:20:12', '283e2eee-93c0-43f4-8ddf-c1d108d30cd3'),
 ('245', '248', 'en_ie', 'Anya  Hindmarch 4', NULL, NULL, NULL, NULL, NULL, NULL, NULL, NULL, NULL, NULL, NULL, NULL, NULL, NULL, '2018-02-26 12:20:12', '2018-02-26 12:20:13', '60174ba6-686f-4dff-be0a-cecd6f759206'),
 ('246', '249', 'en_ie', 'Anya  Hindmarch 6', NULL, NULL, NULL, NULL, NULL, NULL, NULL, NULL, NULL, NULL, NULL, NULL, NULL, NULL, '2018-02-26 12:20:13', '2018-02-26 12:20:14', 'be8b4980-a7e3-44af-8e9a-27d8adfb40e5'),
 ('247', '250', 'en_ie', 'Anya  Hindmarch 7', NULL, NULL, NULL, NULL, NULL, NULL, NULL, NULL, NULL, NULL, NULL, NULL, NULL, NULL, '2018-02-26 12:20:14', '2018-02-26 12:20:15', 'ab284064-4a11-400c-98aa-338dd6b16f78');



DROP TABLE IF EXISTS `craft_deprecationerrors`;


--
-- Schema for table `craft_deprecationerrors`
--
CREATE TABLE `craft_deprecationerrors` (
  `id` int(11) NOT NULL AUTO_INCREMENT,
  `key` varchar(255) COLLATE utf8_unicode_ci NOT NULL,
  `fingerprint` varchar(255) COLLATE utf8_unicode_ci NOT NULL,
  `lastOccurrence` datetime NOT NULL,
  `file` varchar(255) COLLATE utf8_unicode_ci NOT NULL,
  `line` smallint(6) unsigned NOT NULL,
  `class` varchar(255) COLLATE utf8_unicode_ci DEFAULT NULL,
  `method` varchar(255) COLLATE utf8_unicode_ci DEFAULT NULL,
  `template` varchar(255) COLLATE utf8_unicode_ci DEFAULT NULL,
  `templateLine` smallint(6) unsigned DEFAULT NULL,
  `message` varchar(255) COLLATE utf8_unicode_ci DEFAULT NULL,
  `traces` text COLLATE utf8_unicode_ci,
  `dateCreated` datetime NOT NULL,
  `dateUpdated` datetime NOT NULL,
  `uid` char(36) COLLATE utf8_unicode_ci NOT NULL DEFAULT '0',
  PRIMARY KEY (`id`),
  UNIQUE KEY `craft_deprecationerrors_key_fingerprint_unq_idx` (`key`,`fingerprint`)
) ENGINE=InnoDB AUTO_INCREMENT=2 DEFAULT CHARSET=utf8 COLLATE=utf8_unicode_ci;

DROP TABLE IF EXISTS `craft_elementindexsettings`;


--
-- Schema for table `craft_elementindexsettings`
--
CREATE TABLE `craft_elementindexsettings` (
  `id` int(11) NOT NULL AUTO_INCREMENT,
  `type` varchar(150) COLLATE utf8_unicode_ci NOT NULL,
  `settings` text COLLATE utf8_unicode_ci,
  `dateCreated` datetime NOT NULL,
  `dateUpdated` datetime NOT NULL,
  `uid` char(36) COLLATE utf8_unicode_ci NOT NULL DEFAULT '0',
  PRIMARY KEY (`id`),
  UNIQUE KEY `craft_elementindexsettings_type_unq_idx` (`type`)
) ENGINE=InnoDB AUTO_INCREMENT=2 DEFAULT CHARSET=utf8 COLLATE=utf8_unicode_ci;

--
-- Data for table `craft_elementindexsettings`
--

INSERT INTO `craft_elementindexsettings` (`id`, `type`, `settings`, `dateCreated`, `dateUpdated`, `uid`) VALUES
 ('1', 'Entry', '{\"sources\":{\"section:4\":{\"tableAttributes\":{\"1\":\"field:18\",\"2\":\"dateUpdated\"}},\"section:8\":{\"tableAttributes\":{\"1\":\"postDate\",\"2\":\"expiryDate\"}},\"singles\":{\"tableAttributes\":{\"1\":\"dateUpdated\",\"2\":\"link\"}},\"section:2\":{\"tableAttributes\":{\"1\":\"postDate\",\"2\":\"author\",\"3\":\"link\"}},\"section:6\":{\"tableAttributes\":{\"1\":\"field:20\",\"2\":\"link\"}}}}', '2017-10-13 15:09:00', '2017-10-23 14:26:18', '06297911-d4c3-4773-99fd-5c39466f4412');



DROP TABLE IF EXISTS `craft_elements`;


--
-- Schema for table `craft_elements`
--
CREATE TABLE `craft_elements` (
  `id` int(11) NOT NULL AUTO_INCREMENT,
  `type` varchar(150) COLLATE utf8_unicode_ci NOT NULL,
  `enabled` tinyint(1) unsigned NOT NULL DEFAULT '1',
  `archived` tinyint(1) unsigned NOT NULL DEFAULT '0',
  `dateCreated` datetime NOT NULL,
  `dateUpdated` datetime NOT NULL,
  `uid` char(36) COLLATE utf8_unicode_ci NOT NULL DEFAULT '0',
  PRIMARY KEY (`id`),
  KEY `craft_elements_type_idx` (`type`),
  KEY `craft_elements_enabled_idx` (`enabled`),
  KEY `craft_elements_archived_dateCreated_idx` (`archived`,`dateCreated`)
) ENGINE=InnoDB AUTO_INCREMENT=251 DEFAULT CHARSET=utf8 COLLATE=utf8_unicode_ci;

--
-- Data for table `craft_elements`
--

INSERT INTO `craft_elements` (`id`, `type`, `enabled`, `archived`, `dateCreated`, `dateUpdated`, `uid`) VALUES
 ('1', 'User', '1', '0', '2017-10-13 11:04:16', '2017-10-13 11:05:55', 'a34e6daf-4323-4b00-918f-e0c4fe677445'),
 ('9', 'GlobalSet', '1', '0', '2017-10-13 14:23:03', '2017-12-04 23:29:49', '5d26461d-1d6e-4f69-8809-937f9d73f2a1'),
 ('101', 'Asset', '1', '0', '2018-02-15 17:44:10', '2018-02-16 10:19:38', '1b5275f8-77cf-4ae2-b38e-6b6d65dcae2f'),
 ('102', 'Entry', '1', '0', '2018-02-15 17:44:20', '2018-02-16 10:22:08', 'f014a144-d85b-4721-a471-2e70d0e47df0'),
 ('103', 'Entry', '1', '0', '2018-02-15 17:44:20', '2018-02-16 10:22:14', '063c42a9-50cf-4f5b-b482-357a446280c2'),
 ('104', 'Entry', '1', '0', '2018-02-15 17:44:20', '2018-02-26 12:54:53', '948d0a2a-babe-4ad2-8cfe-7bf3e8d5d111'),
 ('105', 'Entry', '1', '0', '2018-02-15 17:44:20', '2018-02-16 10:22:21', '5d4f2fe0-cd9e-4087-98ed-f2fede132fa4'),
 ('106', 'Entry', '1', '0', '2018-02-15 17:44:20', '2018-02-16 10:27:37', '4313dbd2-661c-4b69-9a46-e68e9e190fd4'),
 ('107', 'Entry', '1', '0', '2018-02-15 17:44:20', '2018-02-16 10:22:34', '0fdfe96f-2bc3-477f-961b-f25e5c3a05f3'),
 ('108', 'Entry', '1', '0', '2018-02-15 17:44:20', '2018-02-16 10:22:38', 'bc161121-0303-422c-aff4-4a7047de758d'),
 ('109', 'Entry', '1', '0', '2018-02-15 17:44:20', '2018-02-16 10:26:05', 'ccb74399-e105-42d4-bf43-4afae01ef277'),
 ('110', 'Entry', '1', '0', '2018-02-15 17:44:21', '2018-02-16 10:26:13', '7c815ce6-b019-4196-8eb8-ff9b129c1459'),
 ('111', 'Entry', '1', '0', '2018-02-15 17:44:21', '2018-02-16 10:31:17', '45063372-f8c8-49da-b9c4-846a9f456e3e'),
 ('112', 'Entry', '1', '0', '2018-02-15 17:44:21', '2018-02-15 18:10:08', '97153e46-d540-431d-b053-9c75d4f2123a'),
 ('113', 'Entry', '1', '0', '2018-02-15 17:44:21', '2018-02-15 18:10:17', 'c44f52d5-76e6-4f05-b663-360cae80f464'),
 ('114', 'Entry', '1', '0', '2018-02-15 17:44:21', '2018-02-15 18:10:34', '7898b41e-d4f4-410b-8d93-1fb77ef8e56d'),
 ('115', 'Entry', '1', '0', '2018-02-15 17:44:21', '2018-02-15 18:10:43', '4a9d7d92-1f3f-409a-aa08-c49b1afb6ae3'),
 ('116', 'Entry', '1', '0', '2018-02-15 17:44:21', '2018-02-15 18:10:52', '8c5e9ccd-6d67-4bae-b5e1-39433c807462'),
 ('117', 'Entry', '1', '0', '2018-02-15 17:44:21', '2018-02-15 18:11:02', '51701e59-cca5-4c35-a31d-f944d8b13dba'),
 ('118', 'Entry', '1', '0', '2018-02-15 17:44:21', '2018-02-15 18:11:10', 'b34e1779-f4c7-4b46-b356-25dc778ce442'),
 ('119', 'Entry', '1', '0', '2018-02-15 17:44:21', '2018-02-15 18:11:21', 'e3d5e17c-a338-4795-a630-aa47167d8b25'),
 ('120', 'Entry', '1', '0', '2018-02-15 17:44:21', '2018-02-15 18:11:32', 'ec86a828-c5ec-4303-baba-db19498d7246'),
 ('121', 'Entry', '1', '0', '2018-02-15 17:44:21', '2018-02-15 18:11:46', '14f5cdd4-bc39-4911-bbc4-819ccf9593ca'),
 ('122', 'Entry', '1', '0', '2018-02-15 17:44:21', '2018-02-15 18:11:54', '1a8e7d78-82bb-4442-ad6d-d038c88670b5'),
 ('123', 'Entry', '1', '0', '2018-02-15 17:44:21', '2018-02-15 18:14:09', '458e3614-4d04-40eb-bb53-12b499a1aa83'),
 ('124', 'Entry', '1', '0', '2018-02-15 17:44:21', '2018-02-15 18:14:19', 'd3654bf6-1e41-44de-920f-ac954a39ab5f'),
 ('125', 'Entry', '1', '0', '2018-02-15 17:44:22', '2018-02-15 18:14:30', '864f3c16-6ab6-487f-be27-37d2f340eb5b'),
 ('126', 'Entry', '1', '0', '2018-02-15 17:44:22', '2018-02-15 18:14:39', '6681d303-bcfe-4d2e-b532-0d3c6a890ac4'),
 ('127', 'Entry', '1', '0', '2018-02-15 17:44:22', '2018-02-15 18:14:52', '5108644e-a253-4c35-89d5-b36dabf6239c'),
 ('128', 'Entry', '1', '0', '2018-02-15 17:44:22', '2018-02-15 18:15:01', '1c9ab131-e42b-4110-99ae-6d3bd4f6f78d'),
 ('129', 'Entry', '1', '0', '2018-02-15 17:44:22', '2018-02-15 18:15:08', 'd28c75df-f747-4cf9-a9aa-a536cb6fe627'),
 ('130', 'Entry', '1', '0', '2018-02-15 17:44:22', '2018-02-15 18:15:15', '04abf188-7921-4884-913e-f5e69e6775ef'),
 ('131', 'Entry', '1', '0', '2018-02-15 17:44:22', '2018-02-15 18:15:29', 'f07b97b2-90cc-40e6-99ca-083849322072'),
 ('132', 'Entry', '1', '0', '2018-02-15 17:44:22', '2018-02-15 18:15:39', 'b0729973-3894-4893-a5e0-410024a0c76a'),
 ('133', 'Entry', '1', '0', '2018-02-15 17:44:22', '2018-02-15 18:16:00', 'a89950a2-1cfc-44d6-b9ec-98d2f685e94a'),
 ('134', 'Entry', '1', '0', '2018-02-15 17:44:22', '2018-02-15 18:16:12', 'aebaa2a0-4d48-4ef5-bce8-e5eac11ee11c'),
 ('135', 'Entry', '1', '0', '2018-02-15 17:44:22', '2018-02-15 18:16:24', '149879ba-546c-4f6c-8530-b29589efbaaf'),
 ('136', 'Entry', '1', '0', '2018-02-15 17:44:22', '2018-02-15 18:16:34', '84ed914c-4138-48da-b828-711204ddc75f'),
 ('137', 'Entry', '1', '0', '2018-02-15 17:44:22', '2018-02-15 18:16:44', '8b528090-5fe3-4825-8232-3cd3d0241cc3'),
 ('138', 'Entry', '1', '0', '2018-02-15 17:44:23', '2018-02-15 18:16:54', 'b6464ece-97fd-4779-99eb-ae191844b63f'),
 ('139', 'Entry', '1', '0', '2018-02-15 17:44:23', '2018-02-15 18:17:08', '2e53c066-87dc-4eaf-b8ee-f2f1562272ba'),
 ('140', 'Entry', '1', '0', '2018-02-15 17:44:23', '2018-02-15 18:17:26', '7028e5cb-0926-43af-9448-fb1f1239eaa1'),
 ('141', 'Entry', '1', '0', '2018-02-15 17:44:23', '2018-02-15 18:17:35', '7b7260b0-8f35-4b11-b3c6-7eea9a4b9fb1'),
 ('142', 'Asset', '1', '0', '2018-02-15 17:45:12', '2018-02-16 10:19:39', '44d02d8c-869b-4240-bd2e-56091e832d23'),
 ('143', 'Entry', '1', '0', '2018-02-15 17:45:29', '2018-02-15 18:00:44', 'c21da75a-4344-494e-9fb8-14d2cdfa01da'),
 ('144', 'Entry', '1', '0', '2018-02-15 17:45:29', '2018-02-15 18:01:13', 'b59b6ebb-8995-406e-8269-c3b5648f60f8'),
 ('145', 'Entry', '1', '0', '2018-02-15 17:45:29', '2018-02-15 17:55:36', '0bfa0e90-069e-4e23-9ffe-9d69246d7b72'),
 ('146', 'Entry', '1', '0', '2018-02-15 17:45:29', '2018-02-15 17:55:44', '634fa428-0965-4e04-84fd-1f535ca73c42'),
 ('147', 'Entry', '1', '0', '2018-02-15 17:45:29', '2018-02-15 17:55:57', '2976487c-292c-4fc6-b72b-0c3db24cb345'),
 ('148', 'Entry', '1', '0', '2018-02-15 17:45:29', '2018-02-15 17:56:09', 'ec0122ce-eac0-48a0-9822-6957c12d0132'),
 ('149', 'Entry', '0', '0', '2018-02-15 17:45:29', '2018-02-15 17:57:25', '4cbaf4a6-a275-45cf-bf19-b916ee320998'),
 ('150', 'Entry', '1', '0', '2018-02-15 17:45:29', '2018-02-15 17:57:32', '0754fbad-6c1f-4b3d-96d6-3bc1c0ff4226'),
 ('151', 'Entry', '1', '0', '2018-02-15 17:45:29', '2018-02-15 17:57:40', 'fd08c9d7-6bc3-40b1-96f6-831838c4ae19'),
 ('152', 'Entry', '1', '0', '2018-02-15 17:45:29', '2018-02-15 17:57:47', '859e927f-6700-4dca-a44b-bac2f6ddcf6a'),
 ('153', 'Entry', '1', '0', '2018-02-15 17:45:29', '2018-02-15 17:57:57', 'a75611a3-42a5-4669-9263-1fea105c05d0'),
 ('154', 'Entry', '1', '0', '2018-02-15 17:45:29', '2018-02-15 17:58:09', 'faf8a44c-2b93-4ca1-82f6-c263c73485ff'),
 ('155', 'Entry', '1', '0', '2018-02-15 17:45:29', '2018-02-15 17:58:18', '863ebaa1-913b-4ffd-bd7c-6f1cd2f9bccf'),
 ('156', 'Entry', '1', '0', '2018-02-15 17:45:29', '2018-02-15 17:58:26', '6e65bc3c-2f2f-45b7-964c-431762b00a63'),
 ('157', 'Entry', '1', '0', '2018-02-15 17:45:29', '2018-02-15 17:58:37', '205ea424-65a6-4180-bc40-2b263c8ec5b0'),
 ('158', 'Entry', '1', '0', '2018-02-15 17:45:30', '2018-02-15 17:58:48', '79ab4dc3-393f-4954-b104-ad5d99d178e1'),
 ('159', 'Entry', '1', '0', '2018-02-15 17:45:30', '2018-02-16 01:55:06', 'c39070a1-6f55-491d-9c0d-953e994b7911'),
 ('160', 'Entry', '0', '0', '2018-02-15 17:45:30', '2018-02-16 01:55:26', '5a82e9a1-9e5e-45af-a4ae-7439b1bdc858'),
 ('161', 'Asset', '1', '0', '2018-02-15 17:54:18', '2018-02-16 10:19:31', 'f116b027-0403-4aa3-9ce0-2716dad430ae'),
 ('162', 'Asset', '1', '0', '2018-02-15 17:54:18', '2018-02-16 10:19:32', 'e4a87fd2-9896-473a-8252-1cdb717c5ccb'),
 ('163', 'Asset', '1', '0', '2018-02-15 17:54:19', '2018-02-16 10:19:32', '20e9a3b3-aaf5-4d9e-bbf2-37a901eac879'),
 ('164', 'Asset', '1', '0', '2018-02-15 17:54:19', '2018-02-16 10:19:32', '5832b0da-d706-4750-8ed2-7dd98d0952ae'),
 ('165', 'Asset', '1', '0', '2018-02-15 17:54:19', '2018-02-16 10:19:32', '3d2de12e-b567-4abc-8484-c5fc7aa454ab'),
 ('166', 'Asset', '1', '0', '2018-02-15 17:54:19', '2018-02-16 10:19:32', 'fdc5a380-5a55-4fd3-88b7-493596bb2bcf'),
 ('167', 'Asset', '1', '0', '2018-02-15 17:54:19', '2018-02-16 10:19:32', 'c17c4574-96ea-4821-977d-893ddb5849d9'),
 ('168', 'Asset', '1', '0', '2018-02-15 17:54:19', '2018-02-16 10:19:33', '03df6c42-d8a6-4b93-acdd-4695160071fd'),
 ('169', 'Asset', '1', '0', '2018-02-15 17:54:19', '2018-02-16 10:19:33', '5abb3b3b-0c33-4873-b640-79839e457cfa'),
 ('170', 'Asset', '1', '0', '2018-02-15 17:54:20', '2018-02-16 10:19:33', '394fcb62-691b-4411-93b2-eaa31a59fb5a'),
 ('171', 'Asset', '1', '0', '2018-02-15 17:54:20', '2018-02-16 10:19:33', '50110df1-2389-49b0-a64c-64e7da2f0cba'),
 ('172', 'Asset', '1', '0', '2018-02-15 17:54:20', '2018-02-16 10:19:33', 'a47381ad-57a1-4585-8117-7733492b4022'),
 ('173', 'Asset', '1', '0', '2018-02-15 17:54:20', '2018-02-16 10:19:33', 'bd6f29f8-fc57-4c5e-afdf-16fe72193ddd'),
 ('174', 'Asset', '1', '0', '2018-02-15 17:54:20', '2018-02-16 10:19:34', 'ca2aa3ad-b895-439e-95ec-e4b31042201e'),
 ('175', 'Asset', '1', '0', '2018-02-15 17:54:20', '2018-02-16 10:19:34', '89d41fdf-3d5f-4713-851a-48fbc726fd2d'),
 ('176', 'Asset', '1', '0', '2018-02-15 17:54:21', '2018-02-16 10:19:34', '4c91c85b-d65c-4810-a12e-4bdf1b4fb59a'),
 ('177', 'Asset', '1', '0', '2018-02-15 17:54:21', '2018-02-16 10:19:34', 'a724140b-55a0-46a2-857a-ae33ba31bc61'),
 ('178', 'Asset', '1', '0', '2018-02-15 17:54:21', '2018-02-16 10:19:34', '1bf13429-461f-4dac-8a12-c6d96aee2cc6'),
 ('179', 'Asset', '1', '0', '2018-02-15 17:54:21', '2018-02-16 10:19:35', '89a94338-f866-43e1-a2b7-670967d64e39'),
 ('180', 'Asset', '1', '0', '2018-02-15 17:54:21', '2018-02-16 10:19:35', '69342692-32fe-4e07-8c92-50055fe02e51'),
 ('181', 'Asset', '1', '0', '2018-02-15 17:54:21', '2018-02-16 10:19:35', 'fc1fb200-f216-4036-afb9-86d1e07b853a'),
 ('182', 'Asset', '1', '0', '2018-02-15 17:54:22', '2018-02-16 10:19:35', 'ef79f1e3-99b9-40fa-8036-e6a4e64fa256'),
 ('183', 'Asset', '1', '0', '2018-02-15 17:54:22', '2018-02-16 10:19:35', 'a397431f-efa9-43f8-9cb0-ea7775c4170f'),
 ('184', 'Asset', '1', '0', '2018-02-15 17:54:22', '2018-02-16 10:19:36', '99db5cff-30d4-465f-a398-6df77b75997f'),
 ('185', 'Asset', '1', '0', '2018-02-15 17:54:22', '2018-02-16 10:19:36', '1bb18fd6-be83-430a-94b9-f7a7c4aa52b8'),
 ('186', 'Asset', '1', '0', '2018-02-15 17:54:22', '2018-02-16 10:19:36', '5096c2f6-e470-4ecf-9884-696d9d755900'),
 ('187', 'Asset', '1', '0', '2018-02-15 17:54:22', '2018-02-16 10:19:36', '02f13b79-f882-4696-b1aa-a10f3042af7b'),
 ('188', 'Asset', '1', '0', '2018-02-15 17:54:23', '2018-02-16 10:19:36', 'd5c3d733-5ae4-4187-a848-3db338165965'),
 ('189', 'Asset', '1', '0', '2018-02-15 17:54:23', '2018-02-16 10:19:36', '3ce5866e-f2f3-4a38-907b-dc65dfe95f45'),
 ('190', 'Asset', '1', '0', '2018-02-15 17:54:23', '2018-02-16 10:19:37', '63ed2a6b-16fe-43e0-8de6-ab59064d7253'),
 ('191', 'Asset', '1', '0', '2018-02-15 17:54:23', '2018-02-16 10:19:37', 'a3cc48f4-a43e-487d-9862-9e8cbe31a196'),
 ('192', 'Asset', '1', '0', '2018-02-15 17:54:23', '2018-02-16 10:19:37', '2ee17662-1ddd-498f-ab2f-9bdd2ba60d17'),
 ('193', 'Asset', '1', '0', '2018-02-15 17:54:23', '2018-02-16 10:19:37', 'cf8e59c3-d521-46b6-8e56-bc6a9ef26027'),
 ('194', 'Asset', '1', '0', '2018-02-15 17:54:23', '2018-02-16 10:19:37', '53d45b52-0d7c-41f4-8a5e-e78486b82b08'),
 ('195', 'Asset', '1', '0', '2018-02-15 17:54:24', '2018-02-16 10:19:38', 'c9bdfd04-c831-446b-b012-46af82db8aa7'),
 ('196', 'Asset', '1', '0', '2018-02-15 17:54:24', '2018-02-16 10:19:38', '8aeb2a30-bc8e-4804-a27f-81e2e73e010d'),
 ('197', 'Asset', '1', '0', '2018-02-16 02:34:29', '2018-02-26 12:20:19', '027cd558-a8f1-4b54-95ed-22cd8ba10f37'),
 ('198', 'Asset', '1', '0', '2018-02-16 02:34:31', '2018-02-26 12:20:21', 'a59cc25a-41b3-4142-871d-ec806e2c03e6');
INSERT INTO `craft_elements` (`id`, `type`, `enabled`, `archived`, `dateCreated`, `dateUpdated`, `uid`) VALUES
 ('199', 'Asset', '1', '0', '2018-02-16 02:34:34', '2018-02-26 12:20:25', '65dfed84-a83f-4236-bc58-3f45f7672f9a'),
 ('200', 'Asset', '1', '0', '2018-02-16 02:34:37', '2018-02-26 12:20:23', '8981b46b-5ac4-4d31-8fad-c36d11618d7f'),
 ('201', 'Asset', '1', '0', '2018-02-16 02:34:39', '2018-02-26 12:20:25', '8796ef68-ec5b-4b57-acb0-3d0d58792ed5'),
 ('202', 'Entry', '1', '0', '2018-02-16 10:18:18', '2018-02-26 13:05:58', '7b3fbbf2-ff40-43a4-8268-ca93053d257f'),
 ('203', 'Asset', '1', '0', '2018-02-16 10:19:21', '2018-02-26 12:20:09', '7dcc6f47-9586-4651-b6e8-38c55e7cd0d5'),
 ('204', 'Asset', '1', '0', '2018-02-16 10:19:23', '2018-02-26 12:20:17', '8c2ff575-6e46-4720-bbf8-45821af5771b'),
 ('205', 'Asset', '1', '0', '2018-02-16 10:21:20', '2018-02-26 12:19:39', 'def82f74-1449-408e-9fd8-d521b387d342'),
 ('206', 'Asset', '1', '0', '2018-02-16 10:21:30', '2018-02-26 12:20:26', 'c9d4a55d-2939-41d8-914a-99125d2f616c'),
 ('207', 'Asset', '1', '0', '2018-02-16 10:21:31', '2018-02-26 12:20:27', '242e61be-a96b-4a7c-9b63-06587b98cef9'),
 ('208', 'Asset', '1', '0', '2018-02-16 10:21:32', '2018-02-26 12:20:28', 'f208afe3-75c2-4741-a8d7-bca86f8641f0'),
 ('209', 'Asset', '1', '0', '2018-02-16 10:21:33', '2018-02-26 12:20:29', '8d38617f-5945-43cd-a6f4-589f36ab6490'),
 ('210', 'Asset', '1', '0', '2018-02-16 10:21:34', '2018-02-26 12:20:31', 'a7c182e6-4999-4e6c-a18c-8a9c3d57a5ec'),
 ('211', 'Asset', '1', '0', '2018-02-16 10:25:31', '2018-02-26 12:20:17', 'ac0407d2-9908-4db1-a030-80f605e30fe7'),
 ('212', 'Asset', '1', '0', '2018-02-16 10:25:44', '2018-02-26 12:20:30', '8000d5ce-9aba-47d9-bbed-c3110e9cd9ba'),
 ('213', 'Asset', '1', '0', '2018-02-16 10:25:45', '2018-02-26 12:20:31', '5bb67f98-6ecf-4cb6-8609-51535ef23e80'),
 ('214', 'Asset', '1', '0', '2018-02-16 10:30:45', '2018-02-26 12:20:18', '488914e4-3115-4bcc-9df9-a4e4fefb57d3'),
 ('215', 'Entry', '1', '0', '2018-02-25 23:07:00', '2018-02-25 23:55:47', 'd260ec2e-f60c-4c32-bbc6-58a8439d1fcb'),
 ('216', 'Asset', '1', '0', '2018-02-26 12:19:30', '2018-02-26 12:19:31', 'b98d8bf7-050f-4f54-846f-c281c44e894c'),
 ('217', 'Asset', '1', '0', '2018-02-26 12:19:31', '2018-02-26 12:19:33', 'c218fb1f-8e2b-465e-aa29-5353198186c5'),
 ('218', 'Asset', '1', '0', '2018-02-26 12:19:33', '2018-02-26 12:19:34', '9b0b27b4-5bdd-4cc1-b007-5507db11eb32'),
 ('219', 'Asset', '1', '0', '2018-02-26 12:19:34', '2018-02-26 12:19:35', '9ca4d0f4-37d6-4792-9362-5193ba3714bf'),
 ('220', 'Asset', '1', '0', '2018-02-26 12:19:36', '2018-02-26 12:19:37', '7b4cda40-c064-4d8c-8817-7873d35d67da'),
 ('221', 'Asset', '1', '0', '2018-02-26 12:19:37', '2018-02-26 12:19:38', '0dd0b03b-362c-4715-acc2-3a9df1c72f02'),
 ('222', 'Asset', '1', '0', '2018-02-26 12:19:38', '2018-02-26 12:19:39', '32157d23-33ab-46aa-9a61-f7bba9b10506'),
 ('223', 'Asset', '1', '0', '2018-02-26 12:19:39', '2018-02-26 12:19:40', 'c310f95a-12f5-4daa-b65b-86f786cb0dd0'),
 ('224', 'Asset', '1', '0', '2018-02-26 12:19:40', '2018-02-26 12:19:41', 'ddeb5712-15c9-4c2d-b6a3-ff7dbf73d7b1'),
 ('225', 'Asset', '1', '0', '2018-02-26 12:19:41', '2018-02-26 12:19:41', '205ea74e-62c2-4888-9b83-96d6e3f6f95a'),
 ('226', 'Asset', '1', '0', '2018-02-26 12:19:42', '2018-02-26 12:19:42', 'acc90bf0-c1c1-4cc2-9846-160290cebe33'),
 ('227', 'Asset', '1', '0', '2018-02-26 12:19:42', '2018-02-26 12:19:42', 'fd6d9a8c-89da-459f-831c-95bb0b157b1d'),
 ('228', 'Asset', '1', '0', '2018-02-26 12:19:42', '2018-02-26 12:19:42', '3b0cae63-6463-43df-9506-b7026af884af'),
 ('229', 'Asset', '1', '0', '2018-02-26 12:19:43', '2018-02-26 12:19:44', '4c58d358-e2c2-4ca2-a50e-2a664f03f381'),
 ('230', 'Asset', '1', '0', '2018-02-26 12:19:44', '2018-02-26 12:19:45', 'a3ee86a6-afbc-415d-b03b-e6abec2af113'),
 ('231', 'Asset', '1', '0', '2018-02-26 12:19:45', '2018-02-26 12:19:47', '7f3b27a1-26ec-4211-b2f6-066c1d85041c'),
 ('232', 'Asset', '1', '0', '2018-02-26 12:19:47', '2018-02-26 12:19:49', '03587a3c-210e-45f6-ac2b-bc8cf3586317'),
 ('233', 'Asset', '1', '0', '2018-02-26 12:19:49', '2018-02-26 12:19:50', '10a2f172-f86f-41f6-a052-69a908945690'),
 ('234', 'Asset', '1', '0', '2018-02-26 12:19:50', '2018-02-26 12:19:51', 'dc906b38-d9f3-4371-a983-10720795f4eb'),
 ('235', 'Asset', '1', '0', '2018-02-26 12:19:51', '2018-02-26 12:19:53', 'dc6535f7-c642-4188-a11b-95770687132e'),
 ('236', 'Asset', '1', '0', '2018-02-26 12:19:53', '2018-02-26 12:19:54', 'bb2b1c5d-8022-4d48-93c0-2db1d40b794d'),
 ('237', 'Asset', '1', '0', '2018-02-26 12:19:54', '2018-02-26 12:19:56', '9b0a8244-6238-4b34-b13e-37b628c64458'),
 ('238', 'Asset', '1', '0', '2018-02-26 12:19:56', '2018-02-26 12:19:57', 'f70eae74-8059-4194-b015-7c148255d17b'),
 ('239', 'Asset', '1', '0', '2018-02-26 12:19:57', '2018-02-26 12:19:59', '55da79ff-c6ea-4d27-9955-4b28ce250912'),
 ('240', 'Asset', '1', '0', '2018-02-26 12:19:59', '2018-02-26 12:20:00', 'b8165a84-a577-423d-b093-3ece0a9d1ccb'),
 ('241', 'Asset', '1', '0', '2018-02-26 12:20:00', '2018-02-26 12:20:02', '1369d008-0776-4128-a10a-f2192797772d'),
 ('242', 'Asset', '1', '0', '2018-02-26 12:20:02', '2018-02-26 12:20:05', 'db5442d8-325e-4a84-9f58-f65626092f2b'),
 ('243', 'Asset', '1', '0', '2018-02-26 12:20:05', '2018-02-26 12:20:06', 'f9f2f0f4-c64b-457c-901e-694c183cd283'),
 ('244', 'Asset', '1', '0', '2018-02-26 12:20:06', '2018-02-26 12:20:08', 'e0d8d9ac-2ca7-488b-96e4-20f32ac3b264'),
 ('245', 'Asset', '1', '0', '2018-02-26 12:20:09', '2018-02-26 12:20:10', '6e725e0e-2bc7-4ff3-b533-77b6bfe01503'),
 ('246', 'Asset', '1', '0', '2018-02-26 12:20:10', '2018-02-26 12:20:11', '0a3039de-4e6f-42dc-a26a-dab75623fd69'),
 ('247', 'Asset', '1', '0', '2018-02-26 12:20:11', '2018-02-26 12:20:12', 'b7991580-03f5-4b8e-9509-fad0d25f8f74'),
 ('248', 'Asset', '1', '0', '2018-02-26 12:20:12', '2018-02-26 12:20:13', '0667e573-be55-4b14-befd-d3fe950f2573'),
 ('249', 'Asset', '1', '0', '2018-02-26 12:20:13', '2018-02-26 12:20:14', '82cedd0c-1e9c-4f6f-85e5-274ea45514ff'),
 ('250', 'Asset', '1', '0', '2018-02-26 12:20:14', '2018-02-26 12:20:15', 'd9ac6d66-4a0d-41b7-85c1-57796d844bd7');



DROP TABLE IF EXISTS `craft_elements_i18n`;


--
-- Schema for table `craft_elements_i18n`
--
CREATE TABLE `craft_elements_i18n` (
  `id` int(11) NOT NULL AUTO_INCREMENT,
  `elementId` int(11) NOT NULL,
  `locale` char(12) COLLATE utf8_unicode_ci NOT NULL,
  `slug` varchar(255) COLLATE utf8_unicode_ci DEFAULT NULL,
  `uri` varchar(255) COLLATE utf8_unicode_ci DEFAULT NULL,
  `enabled` tinyint(1) unsigned NOT NULL DEFAULT '1',
  `dateCreated` datetime NOT NULL,
  `dateUpdated` datetime NOT NULL,
  `uid` char(36) COLLATE utf8_unicode_ci NOT NULL DEFAULT '0',
  PRIMARY KEY (`id`),
  UNIQUE KEY `craft_elements_i18n_elementId_locale_unq_idx` (`elementId`,`locale`),
  UNIQUE KEY `craft_elements_i18n_uri_locale_unq_idx` (`uri`,`locale`),
  KEY `craft_elements_i18n_slug_locale_idx` (`slug`,`locale`),
  KEY `craft_elements_i18n_enabled_idx` (`enabled`),
  KEY `craft_elements_i18n_locale_fk` (`locale`)
) ENGINE=InnoDB AUTO_INCREMENT=251 DEFAULT CHARSET=utf8 COLLATE=utf8_unicode_ci;

--
-- Data for table `craft_elements_i18n`
--

INSERT INTO `craft_elements_i18n` (`id`, `elementId`, `locale`, `slug`, `uri`, `enabled`, `dateCreated`, `dateUpdated`, `uid`) VALUES
 ('1', '1', 'en_ie', '', NULL, '1', '2017-10-13 11:04:16', '2017-10-13 11:05:55', 'b07a3f78-7f96-4636-8bd9-77946a527136'),
 ('9', '9', 'en_ie', '', NULL, '1', '2017-10-13 14:23:03', '2017-12-04 23:29:49', '605a0f0c-f420-4899-baf2-920599f0e1b3'),
 ('101', '101', 'en_ie', 'case', NULL, '1', '2018-02-15 17:44:10', '2018-02-16 10:19:38', '7a4de1eb-a621-4e37-8895-30f25bb46807'),
 ('102', '102', 'en_ie', '21-charlemont', 'case-studies/21-charlemont', '1', '2018-02-15 17:44:20', '2018-02-16 10:22:08', '92df9f9c-7cb2-4639-899d-ea46322ccb5a'),
 ('103', '103', 'en_ie', 'private-client', 'case-studies/private-client', '1', '2018-02-15 17:44:20', '2018-02-16 10:22:14', '54042c31-1ff6-4aa0-af3d-2b1b75f0ec67'),
 ('104', '104', 'en_ie', 'demonware', 'case-studies/demonware', '1', '2018-02-15 17:44:20', '2018-02-26 12:54:53', '5015fd5f-3e55-4d5b-ad94-5ecc521d6993'),
 ('105', '105', 'en_ie', 'hubspot', 'case-studies/hubspot', '1', '2018-02-15 17:44:20', '2018-02-16 10:22:21', 'e9df5d12-206c-4780-82d4-819ee405e133'),
 ('106', '106', 'en_ie', 'private-client-1', 'case-studies/private-client-1', '1', '2018-02-15 17:44:20', '2018-02-16 10:27:37', '0df122f5-94a7-44e8-8ac3-2d9a75f01138'),
 ('107', '107', 'en_ie', 'udg-healthcare', 'case-studies/udg-healthcare', '1', '2018-02-15 17:44:20', '2018-02-16 10:22:34', '199147d3-fe1f-461b-af29-845cdcf8ba41'),
 ('108', '108', 'en_ie', '3-arena', 'case-studies/3-arena', '1', '2018-02-15 17:44:20', '2018-02-16 10:22:38', 'be02872d-c281-49f4-b74d-2032bfc8a56c'),
 ('109', '109', 'en_ie', 'salesforce', 'case-studies/salesforce', '1', '2018-02-15 17:44:20', '2018-02-16 10:26:05', 'db501506-bc60-4de6-a739-e1e1f9c89a79'),
 ('110', '110', 'en_ie', 'wipro', 'case-studies/wipro', '1', '2018-02-15 17:44:21', '2018-02-16 10:26:13', '3e4a0d68-ffc6-40eb-8141-6cd1e70cf43a'),
 ('111', '111', 'en_ie', 'private-client-2', 'case-studies/private-client-2', '1', '2018-02-15 17:44:21', '2018-02-16 10:31:17', 'ae7b8d09-8331-4006-9825-1a65e4e88484'),
 ('112', '112', 'en_ie', 'sas', 'case-studies/sas', '1', '2018-02-15 17:44:21', '2018-02-15 18:10:08', 'c369798c-2006-4e01-924d-a8888e860cac'),
 ('113', '113', 'en_ie', 'calvin-klein', 'case-studies/calvin-klein', '1', '2018-02-15 17:44:21', '2018-02-15 18:10:17', 'e642491f-0717-4355-8b1a-0125958287d1'),
 ('114', '114', 'en_ie', '100-stephens-green', 'case-studies/100-stephens-green', '1', '2018-02-15 17:44:21', '2018-02-15 18:10:34', 'ecde2d10-61ec-4339-b358-50acf7a87e18'),
 ('115', '115', 'en_ie', 'city-north-hotel', 'case-studies/city-north-hotel', '1', '2018-02-15 17:44:21', '2018-02-15 18:10:43', '544c8065-4ce2-4225-bd51-64a01428cc58'),
 ('116', '116', 'en_ie', 'rkd-interiors', 'case-studies/rkd-interiors', '1', '2018-02-15 17:44:21', '2018-02-15 18:10:52', '84b63050-3958-4df0-b11e-8d04e1edab4a'),
 ('117', '117', 'en_ie', 'fitter-faster-stronger', 'case-studies/fitter-faster-stronger', '1', '2018-02-15 17:44:21', '2018-02-15 18:11:02', '4c1e7113-a736-4de1-bc61-05da5a64ac29'),
 ('118', '118', 'en_ie', 'private-client-3', 'case-studies/private-client-3', '1', '2018-02-15 17:44:21', '2018-02-15 18:11:10', '92b51eb8-0dfa-43a0-8d47-e251c7fd0025'),
 ('119', '119', 'en_ie', 'm-s-simply-food', 'case-studies/m-s-simply-food', '1', '2018-02-15 17:44:21', '2018-02-15 18:11:21', '72c6abdd-6b6d-4f08-8592-3471c8e78428'),
 ('120', '120', 'en_ie', 'wipro-1', 'case-studies/wipro-1', '1', '2018-02-15 17:44:21', '2018-02-15 18:11:32', '66b3798f-e5f8-462d-9819-744b4f72cebb'),
 ('121', '121', 'en_ie', 'anya-hindmarch', 'case-studies/anya-hindmarch', '1', '2018-02-15 17:44:21', '2018-02-15 18:11:46', '29c7166f-3d4b-41cb-8cf9-d3dddc482a1d'),
 ('122', '122', 'en_ie', 'private-client-4', 'case-studies/private-client-4', '1', '2018-02-15 17:44:21', '2018-02-15 18:11:54', '30e4d463-173f-4708-b218-872340399c09'),
 ('123', '123', 'en_ie', 'aig', 'case-studies/aig', '1', '2018-02-15 17:44:21', '2018-02-15 18:14:09', 'c7706be6-9ea6-4c5f-a57a-fb1d72c5ad48'),
 ('124', '124', 'en_ie', 'sonica-fitout', 'case-studies/sonica-fitout', '1', '2018-02-15 17:44:22', '2018-02-15 18:14:19', '36d0d442-34a1-4972-9e70-0d36951b7f55'),
 ('125', '125', 'en_ie', 'ellucian', 'case-studies/ellucian', '1', '2018-02-15 17:44:22', '2018-02-15 18:14:30', '7d26e62a-4aca-4ddd-abff-422b082f535f'),
 ('126', '126', 'en_ie', 'ticket-master', 'case-studies/ticket-master', '1', '2018-02-15 17:44:22', '2018-02-15 18:14:39', '14a77a8d-7caf-4436-9c45-4b52806fc2bd'),
 ('127', '127', 'en_ie', 'wipro-2', 'case-studies/wipro-2', '1', '2018-02-15 17:44:22', '2018-02-15 18:14:52', '3b43fddd-5b00-43b1-a8e1-093d221e24ed'),
 ('128', '128', 'en_ie', 'blackrock-investments', 'case-studies/blackrock-investments', '1', '2018-02-15 17:44:22', '2018-02-15 18:15:01', '86064691-b9a6-489d-86e3-675af217f9b1'),
 ('129', '129', 'en_ie', 'nissan', 'case-studies/nissan', '1', '2018-02-15 17:44:22', '2018-02-15 18:15:09', 'b90c3a54-4b18-42aa-bced-82db0ab2af7d'),
 ('130', '130', 'en_ie', 'private-client-5', 'case-studies/private-client-5', '1', '2018-02-15 17:44:22', '2018-02-15 18:15:15', 'bfc2e1d9-db4a-4a8d-b5c7-592e44f1975c'),
 ('131', '131', 'en_ie', 'guinness-storehouse', 'case-studies/guinness-storehouse', '1', '2018-02-15 17:44:22', '2018-02-15 18:15:29', '300df352-eb32-41d1-927c-54012e8a37f1'),
 ('132', '132', 'en_ie', 'fitter-faster-stronger-1', 'case-studies/fitter-faster-stronger-1', '1', '2018-02-15 17:44:22', '2018-02-15 18:15:39', '3fc82925-70ae-4c73-9d77-043b6aa39871'),
 ('133', '133', 'en_ie', 'ballsbridge-park', 'case-studies/ballsbridge-park', '1', '2018-02-15 17:44:22', '2018-02-15 18:16:00', 'a93e7f6d-448f-4eed-9b30-a4e4af66e766'),
 ('134', '134', 'en_ie', 'aspen-pharma', 'case-studies/aspen-pharma', '1', '2018-02-15 17:44:22', '2018-02-15 18:16:12', '45cace5f-c273-4021-8b6d-656d5a2cd0f1'),
 ('135', '135', 'en_ie', 'sonica-hq', 'case-studies/sonica-hq', '1', '2018-02-15 17:44:22', '2018-02-15 18:16:24', '72414e6d-085a-42dc-ad51-8d36fa045b25'),
 ('136', '136', 'en_ie', 'axway', 'case-studies/axway', '1', '2018-02-15 17:44:22', '2018-02-15 18:16:34', 'e4db61b1-0d57-4d61-9d66-f3693202021f'),
 ('137', '137', 'en_ie', 'allied-world', 'case-studies/allied-world', '1', '2018-02-15 17:44:23', '2018-02-15 18:16:44', '53ee1ba9-014b-4715-a4c4-386b4ec942ad'),
 ('138', '138', 'en_ie', 'sca', 'case-studies/sca', '1', '2018-02-15 17:44:23', '2018-02-15 18:16:54', '0e5b6145-a48d-4702-87cf-6da135ee1963'),
 ('139', '139', 'en_ie', 'cartrawler', 'case-studies/cartrawler', '1', '2018-02-15 17:44:23', '2018-02-15 18:17:08', 'a3ccf87e-1db8-4397-bb2a-e0b9802e8bc0'),
 ('140', '140', 'en_ie', 'lisney', 'case-studies/lisney', '1', '2018-02-15 17:44:23', '2018-02-15 18:17:26', '17a5da68-f6f3-4415-8a37-ee48b6c1f40c'),
 ('141', '141', 'en_ie', 'apollo-aviation', 'case-studies/apollo-aviation', '1', '2018-02-15 17:44:23', '2018-02-15 18:17:35', 'bc2f5be6-bed6-4553-ba7c-0c45aa665e0b'),
 ('142', '142', 'en_ie', 'team', NULL, '1', '2018-02-15 17:45:12', '2018-02-16 10:19:39', 'a0d51b96-258f-474b-addd-5372540ebf0f'),
 ('143', '143', 'en_ie', 'donnacha-neary', 'team/donnacha-neary', '1', '2018-02-15 17:45:29', '2018-02-15 18:00:44', '43d89437-6f69-4bea-ac01-628b2fdcd9f8'),
 ('144', '144', 'en_ie', 'marie-halpenny', 'team/marie-halpenny', '1', '2018-02-15 17:45:29', '2018-02-15 18:01:13', '3631b2c7-0e48-4d99-9485-84aabb17cd03'),
 ('145', '145', 'en_ie', 'douglas-ito', 'team/douglas-ito', '1', '2018-02-15 17:45:29', '2018-02-15 17:55:36', 'd8d0a911-1f65-493b-9101-da8f11698623'),
 ('146', '146', 'en_ie', 'hugh-ward', 'team/hugh-ward', '1', '2018-02-15 17:45:29', '2018-02-15 17:55:44', '24cb6769-dba3-4d0b-9d1e-4e4f758ed9d2'),
 ('147', '147', 'en_ie', 'declan-gorman', 'team/declan-gorman', '1', '2018-02-15 17:45:29', '2018-02-15 17:55:57', 'b828e508-a30a-422b-8d38-2c34ddefa9c5'),
 ('148', '148', 'en_ie', 'ray-mccaul', 'team/ray-mccaul', '1', '2018-02-15 17:45:29', '2018-02-15 17:56:09', '47c21c94-3b47-4b15-97bf-6a5bb760774f'),
 ('149', '149', 'en_ie', 'harry-murphy', 'team/harry-murphy', '1', '2018-02-15 17:45:29', '2018-02-15 17:57:25', '4f511476-8ee1-4f46-bc0a-0fe4a30114f0'),
 ('150', '150', 'en_ie', 'conor-doyle', 'team/conor-doyle', '1', '2018-02-15 17:45:29', '2018-02-15 17:57:32', '28a85612-3cc5-48f7-a9d2-efe290af2cc2'),
 ('151', '151', 'en_ie', 'stephen-keane', 'team/stephen-keane', '1', '2018-02-15 17:45:29', '2018-02-15 17:57:40', '6fdd41f9-70cf-4062-abef-e36fbc181d76'),
 ('152', '152', 'en_ie', 'colin-kirwan', 'team/colin-kirwan', '1', '2018-02-15 17:45:29', '2018-02-15 17:57:47', 'cce39d0c-7c10-4bc9-a3f2-e4c9fc9f5c3e'),
 ('153', '153', 'en_ie', 'margo-lynch', 'team/margo-lynch', '1', '2018-02-15 17:45:29', '2018-02-15 17:57:57', 'bf24917d-193d-4b91-ab04-d500ef6cd132'),
 ('154', '154', 'en_ie', 'alin-buzgo', 'team/alin-buzgo', '1', '2018-02-15 17:45:29', '2018-02-15 17:58:09', '64957d34-17f7-41c1-94a0-691eeaaf3618'),
 ('155', '155', 'en_ie', 'marc-mchugh', 'team/marc-mchugh', '1', '2018-02-15 17:45:29', '2018-02-15 17:58:18', '1e513b83-225f-4899-9238-ac9281a69e52'),
 ('156', '156', 'en_ie', 'eliska-valtrova', 'team/eliska-valtrova', '1', '2018-02-15 17:45:29', '2018-02-15 17:58:26', 'e4cd0954-0781-44f3-b180-0b90be81bd59'),
 ('157', '157', 'en_ie', 'ray-argue', 'team/ray-argue', '1', '2018-02-15 17:45:30', '2018-02-15 17:58:37', '6a906991-1459-4047-a4c5-bca437257ea4'),
 ('158', '158', 'en_ie', 'john-donnelly', 'team/john-donnelly', '1', '2018-02-15 17:45:30', '2018-02-15 17:58:48', '45ab4a2d-f316-4d29-a866-b456af59f328'),
 ('159', '159', 'en_ie', 'yemisi-onasanya', 'team/yemisi-onasanya', '1', '2018-02-15 17:45:30', '2018-02-16 01:55:06', '030a1967-0140-4440-aeac-b4d5985caa31'),
 ('160', '160', 'en_ie', 'aaron-forde', 'team/aaron-forde', '1', '2018-02-15 17:45:30', '2018-02-16 01:55:26', '6d1fe73f-f46c-41a1-8e54-393ea2fa6dbf'),
 ('161', '161', 'en_ie', 'alin-buzgo', NULL, '1', '2018-02-15 17:54:18', '2018-02-16 10:19:31', 'ff17095f-d6fe-4b8a-a870-19e65cca82c1'),
 ('162', '162', 'en_ie', 'alin-buzgo1', NULL, '1', '2018-02-15 17:54:18', '2018-02-16 10:19:32', '15c20125-e9e9-4950-8595-92481c44bbfa'),
 ('163', '163', 'en_ie', 'colin-kirwan-6', NULL, '1', '2018-02-15 17:54:19', '2018-02-16 10:19:32', 'c24a8ccb-e9db-4c92-9437-31c6387e3efd'),
 ('164', '164', 'en_ie', 'colin-kirwan-7', NULL, '1', '2018-02-15 17:54:19', '2018-02-16 10:19:32', '5feed47e-7d22-4a1f-81b8-7cbf419e6187'),
 ('165', '165', 'en_ie', 'conor-doyle', NULL, '1', '2018-02-15 17:54:19', '2018-02-16 10:19:32', 'fd7cbac0-48c0-4246-affe-a45f016ab333'),
 ('166', '166', 'en_ie', 'conor-doyle1', NULL, '1', '2018-02-15 17:54:19', '2018-02-16 10:19:32', 'fc03f74d-26d0-4b12-97d9-eac6df1bb59a'),
 ('167', '167', 'en_ie', 'declan-gorman', NULL, '1', '2018-02-15 17:54:19', '2018-02-16 10:19:32', '4e6bab36-03eb-485a-997c-b840ff4a49b7'),
 ('168', '168', 'en_ie', 'declan-gorman1', NULL, '1', '2018-02-15 17:54:19', '2018-02-16 10:19:33', 'ac2086f0-7e10-4004-bbef-238706477116'),
 ('169', '169', 'en_ie', 'donnacha-neary', NULL, '1', '2018-02-15 17:54:19', '2018-02-16 10:19:33', '50d07bd8-1d6a-48d0-8121-9b2ccf469a6f'),
 ('170', '170', 'en_ie', 'donnacha-neary1', NULL, '1', '2018-02-15 17:54:20', '2018-02-16 10:19:33', 'dff2d7c4-c80f-495c-b39b-72461b119dd9'),
 ('171', '171', 'en_ie', 'doug-ito', NULL, '1', '2018-02-15 17:54:20', '2018-02-16 10:19:33', '195e43e4-5117-4f79-8f32-621a1c1ea7be'),
 ('172', '172', 'en_ie', 'doug-ito1', NULL, '1', '2018-02-15 17:54:20', '2018-02-16 10:19:33', 'fba021c9-5475-454a-b98b-1e1fc504d61a'),
 ('173', '173', 'en_ie', 'eliska-valtrova', NULL, '1', '2018-02-15 17:54:20', '2018-02-16 10:19:33', '44c54ef0-5867-41d7-8603-78fa544379ed'),
 ('174', '174', 'en_ie', 'eliska-valtrova1', NULL, '1', '2018-02-15 17:54:20', '2018-02-16 10:19:34', '84dc7019-c8a2-4e96-ab26-489167dd7cdb'),
 ('175', '175', 'en_ie', 'hugh-ward', NULL, '1', '2018-02-15 17:54:20', '2018-02-16 10:19:34', '53efc3b7-b495-4077-afbc-0e3e72930c9f'),
 ('176', '176', 'en_ie', 'hugh-ward1', NULL, '1', '2018-02-15 17:54:21', '2018-02-16 10:19:34', '2a27d143-f07b-4f22-9ecc-e0ca7f83b605'),
 ('177', '177', 'en_ie', 'john-donnelly', NULL, '1', '2018-02-15 17:54:21', '2018-02-16 10:19:34', '5c89dc0a-558d-43eb-b6d0-093574641306'),
 ('178', '178', 'en_ie', 'john-donnelly1', NULL, '1', '2018-02-15 17:54:21', '2018-02-16 10:19:34', '622170aa-f93e-42f3-b8ec-e89741c21244'),
 ('179', '179', 'en_ie', 'marc-mc-hugh', NULL, '1', '2018-02-15 17:54:21', '2018-02-16 10:19:35', '76799b17-8498-45fc-973d-792992ebf89b'),
 ('180', '180', 'en_ie', 'marc-mc-hugh1', NULL, '1', '2018-02-15 17:54:21', '2018-02-16 10:19:35', '87509c69-4507-47c6-aa23-e460c7781c26'),
 ('181', '181', 'en_ie', 'margo-lynch', NULL, '1', '2018-02-15 17:54:21', '2018-02-16 10:19:35', '4b546ee5-dc5c-4840-bd58-33f3daaa7905'),
 ('182', '182', 'en_ie', 'margo-lynch1', NULL, '1', '2018-02-15 17:54:22', '2018-02-16 10:19:35', '84c44d74-c694-4015-989e-532d144d4f92'),
 ('183', '183', 'en_ie', 'marie-halpenny', NULL, '1', '2018-02-15 17:54:22', '2018-02-16 10:19:35', '44fb669c-3d60-4826-ab84-28c7a0483764'),
 ('184', '184', 'en_ie', 'marie-halpenny1', NULL, '1', '2018-02-15 17:54:22', '2018-02-16 10:19:36', 'af1eb885-5b3d-4925-9786-750f2b9e23a8'),
 ('185', '185', 'en_ie', 'martin-brady-1', NULL, '1', '2018-02-15 17:54:22', '2018-02-16 10:19:36', '8d51a366-b4a7-42aa-93cd-5177b36ea67d'),
 ('186', '186', 'en_ie', 'martin-brady', NULL, '1', '2018-02-15 17:54:22', '2018-02-16 10:19:36', 'fbe81287-b4a7-4a4c-885f-53c162a579b9'),
 ('187', '187', 'en_ie', 'patric-tuohy', NULL, '1', '2018-02-15 17:54:22', '2018-02-16 10:19:36', 'ac52be78-6ece-49bd-8ea3-b9cf421e1cc6'),
 ('188', '188', 'en_ie', 'patrik-tuohy-1', NULL, '1', '2018-02-15 17:54:23', '2018-02-16 10:19:36', '85982a2a-5e27-4bd4-b30b-db349cf65c08'),
 ('189', '189', 'en_ie', 'ray-argue', NULL, '1', '2018-02-15 17:54:23', '2018-02-16 10:19:37', 'f7ab7dbe-0720-43b8-b6a1-beafcd6a0550'),
 ('190', '190', 'en_ie', 'ray-argue1', NULL, '1', '2018-02-15 17:54:23', '2018-02-16 10:19:37', '34a7ef94-1c2c-4b83-858a-225ae9da4b7e'),
 ('191', '191', 'en_ie', 'ray-mc-caul', NULL, '1', '2018-02-15 17:54:23', '2018-02-16 10:19:37', '608148c2-7f8f-47be-9b40-841b998050de'),
 ('192', '192', 'en_ie', 'ray-mc-caul1', NULL, '1', '2018-02-15 17:54:23', '2018-02-16 10:19:37', 'd74d5f5d-984f-46d6-9cd5-5d402db4d6d6'),
 ('193', '193', 'en_ie', 'stephen-keane', NULL, '1', '2018-02-15 17:54:23', '2018-02-16 10:19:37', '01ba0cef-e01a-4691-9de2-9505f7da9927'),
 ('194', '194', 'en_ie', 'stephen-keane1', NULL, '1', '2018-02-15 17:54:24', '2018-02-16 10:19:37', 'd2bcd15b-9458-493b-8f91-024e8196a0fe'),
 ('195', '195', 'en_ie', 'yemi-onasanya', NULL, '1', '2018-02-15 17:54:24', '2018-02-16 10:19:38', '84e7ca87-746a-46e1-b8c9-47e2df9a57d3'),
 ('196', '196', 'en_ie', 'yemi-onasanya1', NULL, '1', '2018-02-15 17:54:24', '2018-02-16 10:19:38', 'ed575d88-376c-43ca-8b0f-965c4a9d7ca5'),
 ('197', '197', 'en_ie', 'demonware-1', NULL, '1', '2018-02-16 02:34:29', '2018-02-26 12:20:19', '09bbf0b9-3f58-4302-9d53-bacec42659ef'),
 ('198', '198', 'en_ie', 'demonware-12', NULL, '1', '2018-02-16 02:34:31', '2018-02-26 12:20:21', '3c827a3e-5cdf-4420-8229-f268212e18c3');
INSERT INTO `craft_elements_i18n` (`id`, `elementId`, `locale`, `slug`, `uri`, `enabled`, `dateCreated`, `dateUpdated`, `uid`) VALUES
 ('199', '199', 'en_ie', 'demonware-7', NULL, '1', '2018-02-16 02:34:34', '2018-02-26 12:20:25', 'e5f183cc-4133-4d86-8ea8-5322a2c30087'),
 ('200', '200', 'en_ie', 'demonware-13', NULL, '1', '2018-02-16 02:34:37', '2018-02-26 12:20:23', 'afed951a-246c-4d5b-9f72-514160590380'),
 ('201', '201', 'en_ie', 'demonware-17-08-edit-s', NULL, '1', '2018-02-16 02:34:39', '2018-02-26 12:20:25', 'bc6dbf02-b7b8-4d13-80e4-277bd78deefd'),
 ('202', '202', 'en_ie', 'adobe', 'case-studies/adobe', '1', '2018-02-16 10:18:18', '2018-02-26 13:05:59', '68193866-d1ac-4b9d-9a12-45ec6e616f0a'),
 ('203', '203', 'en_ie', 'adobe-42', NULL, '1', '2018-02-16 10:19:21', '2018-02-26 12:20:09', 'd71ebe3d-8f49-4bfd-931c-6fa921a83772'),
 ('204', '204', 'en_ie', 'charlemont-4', NULL, '1', '2018-02-16 10:19:23', '2018-02-26 12:20:17', 'aa734eda-e941-4f0c-bee9-57bc577bb435'),
 ('205', '205', 'en_ie', '3-arena-10', NULL, '1', '2018-02-16 10:21:20', '2018-02-26 12:19:39', '94ced53f-d942-4eaf-88a3-ba924a57f274'),
 ('206', '206', 'en_ie', 'glg-04', NULL, '1', '2018-02-16 10:21:30', '2018-02-26 12:20:26', '970577b4-4df5-42a3-a4b1-9a19c743a5a1'),
 ('207', '207', 'en_ie', 'hubspot-4', NULL, '1', '2018-02-16 10:21:31', '2018-02-26 12:20:27', 'd01668b9-73c8-4ef9-8a75-46cbb6195ce1'),
 ('208', '208', 'en_ie', 'intercom-14', NULL, '1', '2018-02-16 10:21:32', '2018-02-26 12:20:28', 'b67a7962-3f3e-49ab-8d7b-a68df10fcca8'),
 ('209', '209', 'en_ie', 'intercom-21', NULL, '1', '2018-02-16 10:21:33', '2018-02-26 12:20:29', '96338086-d0e5-493f-9584-978ae3437658'),
 ('210', '210', 'en_ie', 'udg-2', NULL, '1', '2018-02-16 10:21:34', '2018-02-26 12:20:31', 'fd76ab82-712c-4907-aa7a-8448cdf061d8'),
 ('211', '211', 'en_ie', 'davy-3', NULL, '1', '2018-02-16 10:25:31', '2018-02-26 12:20:17', '2804bdaf-3806-4f95-bb18-d92fcb51adac'),
 ('212', '212', 'en_ie', 'salesforce-6', NULL, '1', '2018-02-16 10:25:44', '2018-02-26 12:20:30', '1a474134-5796-4bff-8330-5c2ffdef0d24'),
 ('213', '213', 'en_ie', 'wipro-12', NULL, '1', '2018-02-16 10:25:45', '2018-02-26 12:20:31', '33b04e7f-3153-47fd-b19b-c21e37876b53'),
 ('214', '214', 'en_ie', 'davy-6', NULL, '1', '2018-02-16 10:30:45', '2018-02-26 12:20:18', 'a563ccfb-e960-4a08-9f2e-d50a9d4d521e'),
 ('215', '215', 'en_ie', 'settings', 'settings', '1', '2018-02-25 23:07:00', '2018-02-25 23:55:47', '2e16c7c4-c0b6-420c-ad8e-ed02c7c3a30e'),
 ('216', '216', 'en_ie', '100-stephens-green-1', NULL, '1', '2018-02-26 12:19:30', '2018-02-26 12:19:31', '2d5ec502-a2da-4b51-9972-2ebd932b606f'),
 ('217', '217', 'en_ie', '100-stephens-green-24', NULL, '1', '2018-02-26 12:19:31', '2018-02-26 12:19:33', 'bf2c3473-c2e6-4d35-be7f-0965bb8c3ff1'),
 ('218', '218', 'en_ie', '100-stephens-green-29', NULL, '1', '2018-02-26 12:19:33', '2018-02-26 12:19:34', 'aa29e72e-5307-4ef8-963d-26e39b02b6a7'),
 ('219', '219', 'en_ie', '100-stephens-green-26', NULL, '1', '2018-02-26 12:19:34', '2018-02-26 12:19:35', '41124d47-0d89-4058-9580-c65d56d22525'),
 ('220', '220', 'en_ie', '100-stephens-green-3', NULL, '1', '2018-02-26 12:19:36', '2018-02-26 12:19:37', 'e122da2e-4245-4c68-95cd-3d1bb19aeb7a'),
 ('221', '221', 'en_ie', '100-stephens-green-6', NULL, '1', '2018-02-26 12:19:37', '2018-02-26 12:19:38', 'fc9f389a-f0cb-4919-9520-a9bbad286732'),
 ('222', '222', 'en_ie', '3-arena-1', NULL, '1', '2018-02-26 12:19:38', '2018-02-26 12:19:39', '36d193bc-8f4d-4749-915a-e32f33f3be67'),
 ('223', '223', 'en_ie', '3-arena-12', NULL, '1', '2018-02-26 12:19:39', '2018-02-26 12:19:40', '78f1ab6e-176b-44f5-b3c9-8f91439db2d1'),
 ('224', '224', 'en_ie', '3-arena-14', NULL, '1', '2018-02-26 12:19:40', '2018-02-26 12:19:41', '9f3971d0-a867-4b3d-a21e-60f47fb56c75'),
 ('225', '225', 'en_ie', '3-arena-15', NULL, '1', '2018-02-26 12:19:41', '2018-02-26 12:19:42', '5cfc9ee5-e6a9-4faa-9005-f70ba471dc24'),
 ('226', '226', 'en_ie', '3-arena-8-1', NULL, '1', '2018-02-26 12:19:42', '2018-02-26 12:19:42', '611843db-d586-43b8-b50d-d145db100047'),
 ('227', '227', 'en_ie', '3-arena-8', NULL, '1', '2018-02-26 12:19:42', '2018-02-26 12:19:42', '844fb07d-f072-4fde-9047-57a21bd5a0dc'),
 ('228', '228', 'en_ie', 'aig-1', NULL, '1', '2018-02-26 12:19:42', '2018-02-26 12:19:43', '4878ce8e-03af-4966-8ee1-e01a13fdeec1'),
 ('229', '229', 'en_ie', 'adobe-01', NULL, '1', '2018-02-26 12:19:43', '2018-02-26 12:19:44', '1b79ff84-b710-4b4f-bc4d-3eb91a6a10f8'),
 ('230', '230', 'en_ie', 'adobe-03', NULL, '1', '2018-02-26 12:19:44', '2018-02-26 12:19:45', 'd09d27d5-8b71-4063-b2d6-076758086c77'),
 ('231', '231', 'en_ie', 'adobe-09', NULL, '1', '2018-02-26 12:19:45', '2018-02-26 12:19:47', '111d59ab-05b8-4db4-98d4-16243da101a8'),
 ('232', '232', 'en_ie', 'adobe-11', NULL, '1', '2018-02-26 12:19:47', '2018-02-26 12:19:49', '867aba44-8ae2-452e-8811-ce046eaf6941'),
 ('233', '233', 'en_ie', 'adobe-13', NULL, '1', '2018-02-26 12:19:49', '2018-02-26 12:19:50', '97e613e6-dc4c-4125-91f4-a10015ed9c10'),
 ('234', '234', 'en_ie', 'adobe-14', NULL, '1', '2018-02-26 12:19:50', '2018-02-26 12:19:51', '6113fc2a-217b-4a4d-9bf3-ebb5a9d3e3e6'),
 ('235', '235', 'en_ie', 'adobe-16', NULL, '1', '2018-02-26 12:19:51', '2018-02-26 12:19:53', '7cbfcc64-6cb1-409a-a1a6-c64fc83703f5'),
 ('236', '236', 'en_ie', 'adobe-18', NULL, '1', '2018-02-26 12:19:53', '2018-02-26 12:19:54', '328aece8-ba65-47c0-9bf1-b8dcaeff00ba'),
 ('237', '237', 'en_ie', 'adobe-21', NULL, '1', '2018-02-26 12:19:54', '2018-02-26 12:19:56', 'e8bd10cd-2384-432a-a485-394e875adb0a'),
 ('238', '238', 'en_ie', 'adobe-22', NULL, '1', '2018-02-26 12:19:56', '2018-02-26 12:19:57', 'ff811688-518c-4211-91ed-7d024c2df2f1'),
 ('239', '239', 'en_ie', 'adobe-24', NULL, '1', '2018-02-26 12:19:57', '2018-02-26 12:19:59', 'e73179f1-01b1-4f88-a35f-83b2a88c4799'),
 ('240', '240', 'en_ie', 'adobe-27', NULL, '1', '2018-02-26 12:19:59', '2018-02-26 12:20:00', '77e48397-699e-4cb2-804e-2053dab9c581'),
 ('241', '241', 'en_ie', 'adobe-29', NULL, '1', '2018-02-26 12:20:00', '2018-02-26 12:20:02', 'f6f496f4-eda2-4cc1-bb3c-3a2b8832d076'),
 ('242', '242', 'en_ie', 'adobe-34', NULL, '1', '2018-02-26 12:20:02', '2018-02-26 12:20:05', '46c951b6-ae32-4a48-b7be-f0ce5e5ee290'),
 ('243', '243', 'en_ie', 'adobe-35', NULL, '1', '2018-02-26 12:20:05', '2018-02-26 12:20:06', 'cf7ec83d-f14f-4172-9fc5-2833ecce9690'),
 ('244', '244', 'en_ie', 'adobe-39', NULL, '1', '2018-02-26 12:20:06', '2018-02-26 12:20:08', 'd6e9e1b6-556a-40e6-b8d5-0df6c3afdd34'),
 ('245', '245', 'en_ie', 'anya-hindmarch-1', NULL, '1', '2018-02-26 12:20:09', '2018-02-26 12:20:10', '8e94f45c-545e-4dcd-83c6-d99ec8b7c7ec'),
 ('246', '246', 'en_ie', 'anya-hindmarch-2', NULL, '1', '2018-02-26 12:20:10', '2018-02-26 12:20:11', 'e6990778-5f5e-445c-8229-ce8a21f041a4'),
 ('247', '247', 'en_ie', 'anya-hindmarch-3', NULL, '1', '2018-02-26 12:20:11', '2018-02-26 12:20:12', '943b2c69-661e-4f1f-bb4c-8382298c9058'),
 ('248', '248', 'en_ie', 'anya-hindmarch-4', NULL, '1', '2018-02-26 12:20:12', '2018-02-26 12:20:13', '81975a3b-05dc-42ad-bb2b-299018b77097'),
 ('249', '249', 'en_ie', 'anya-hindmarch-6', NULL, '1', '2018-02-26 12:20:13', '2018-02-26 12:20:14', '27172c88-adb0-482c-8f8e-3a5043d41445'),
 ('250', '250', 'en_ie', 'anya-hindmarch-7', NULL, '1', '2018-02-26 12:20:14', '2018-02-26 12:20:15', 'ef3f8878-0b71-4d33-b506-310677d56447');



DROP TABLE IF EXISTS `craft_emailmessages`;


--
-- Schema for table `craft_emailmessages`
--
CREATE TABLE `craft_emailmessages` (
  `id` int(11) NOT NULL AUTO_INCREMENT,
  `key` char(150) COLLATE utf8_unicode_ci NOT NULL,
  `locale` char(12) COLLATE utf8_unicode_ci NOT NULL,
  `subject` varchar(1000) COLLATE utf8_unicode_ci NOT NULL,
  `body` text COLLATE utf8_unicode_ci NOT NULL,
  `dateCreated` datetime NOT NULL,
  `dateUpdated` datetime NOT NULL,
  `uid` char(36) COLLATE utf8_unicode_ci NOT NULL DEFAULT '0',
  PRIMARY KEY (`id`),
  UNIQUE KEY `craft_emailmessages_key_locale_unq_idx` (`key`,`locale`),
  KEY `craft_emailmessages_locale_fk` (`locale`)
) ENGINE=InnoDB DEFAULT CHARSET=utf8 COLLATE=utf8_unicode_ci;

DROP TABLE IF EXISTS `craft_entries`;


--
-- Schema for table `craft_entries`
--
CREATE TABLE `craft_entries` (
  `id` int(11) NOT NULL,
  `sectionId` int(11) NOT NULL,
  `typeId` int(11) DEFAULT NULL,
  `authorId` int(11) DEFAULT NULL,
  `postDate` datetime DEFAULT NULL,
  `expiryDate` datetime DEFAULT NULL,
  `dateCreated` datetime NOT NULL,
  `dateUpdated` datetime NOT NULL,
  `uid` char(36) COLLATE utf8_unicode_ci NOT NULL DEFAULT '0',
  PRIMARY KEY (`id`),
  KEY `craft_entries_sectionId_idx` (`sectionId`),
  KEY `craft_entries_typeId_idx` (`typeId`),
  KEY `craft_entries_postDate_idx` (`postDate`),
  KEY `craft_entries_expiryDate_idx` (`expiryDate`),
  KEY `craft_entries_authorId_fk` (`authorId`)
) ENGINE=InnoDB DEFAULT CHARSET=utf8 COLLATE=utf8_unicode_ci;

--
-- Data for table `craft_entries`
--

INSERT INTO `craft_entries` (`id`, `sectionId`, `typeId`, `authorId`, `postDate`, `expiryDate`, `dateCreated`, `dateUpdated`, `uid`) VALUES
 ('102', '16', '16', '1', '2018-02-15 17:44:00', NULL, '2018-02-15 17:44:20', '2018-02-16 10:22:08', 'e3ab16f7-0e1a-4ebb-ab17-4d8781bc562f'),
 ('103', '16', '16', '1', '2018-02-15 17:44:00', NULL, '2018-02-15 17:44:20', '2018-02-16 10:22:14', '349571cd-8002-44ad-9f86-84bf82ffe0df'),
 ('104', '16', '16', '1', '2018-02-15 17:44:00', NULL, '2018-02-15 17:44:20', '2018-02-26 12:54:54', '9f64f26b-1389-4619-81bc-27846c643911'),
 ('105', '16', '16', '1', '2018-02-15 17:44:00', NULL, '2018-02-15 17:44:20', '2018-02-16 10:22:21', '9f7f1b4b-2c3f-4bc0-9373-a9bba7125e95'),
 ('106', '16', '16', '1', '2018-02-15 17:44:00', NULL, '2018-02-15 17:44:20', '2018-02-16 10:27:37', 'f3e4ebd6-709b-4a4b-a420-caf49e2a0e98'),
 ('107', '16', '16', '1', '2018-02-15 17:44:00', NULL, '2018-02-15 17:44:20', '2018-02-16 10:22:34', '22928dc3-23fe-4805-893d-72f6c279bf67'),
 ('108', '16', '16', '1', '2018-02-15 17:44:00', NULL, '2018-02-15 17:44:20', '2018-02-16 10:22:38', 'e16c3329-518c-4405-badb-41b1db9a4c79'),
 ('109', '16', '16', '1', '2018-02-15 17:44:00', NULL, '2018-02-15 17:44:20', '2018-02-16 10:26:05', '31f6cd81-cc76-4c99-8cd5-c94501586583'),
 ('110', '16', '16', '1', '2018-02-15 17:44:00', NULL, '2018-02-15 17:44:21', '2018-02-16 10:26:13', '09d0e38e-c1b6-42b7-ab6f-ad7e23d4154d'),
 ('111', '16', '16', '1', '2018-02-15 17:44:00', NULL, '2018-02-15 17:44:21', '2018-02-16 10:31:17', '89fa403c-ce91-44a9-b704-349ac36f1b29'),
 ('112', '16', '16', '1', '2018-02-15 17:44:00', NULL, '2018-02-15 17:44:21', '2018-02-15 18:10:08', '6cb0f3a8-572a-4d5b-9af5-a0b89ff56595'),
 ('113', '16', '16', '1', '2018-02-15 17:44:00', NULL, '2018-02-15 17:44:21', '2018-02-15 18:10:17', 'cc1eaa03-4a1e-4318-a3f8-f8946a8626ca'),
 ('114', '16', '16', '1', '2018-02-15 17:44:00', NULL, '2018-02-15 17:44:21', '2018-02-15 18:10:34', '8bdf3f70-5946-4648-ad3c-5bcf9ec1eace'),
 ('115', '16', '16', '1', '2018-02-15 17:44:00', NULL, '2018-02-15 17:44:21', '2018-02-15 18:10:43', '4a3d671a-4c46-476b-929d-2420f5131bc0'),
 ('116', '16', '16', '1', '2018-02-15 17:44:00', NULL, '2018-02-15 17:44:21', '2018-02-15 18:10:52', '436f4d81-4c26-413c-82f6-b682e694e2ee'),
 ('117', '16', '16', '1', '2018-02-15 17:44:00', NULL, '2018-02-15 17:44:21', '2018-02-15 18:11:02', 'cc369367-73ff-4067-ae45-f9d766850c75'),
 ('118', '16', '16', '1', '2018-02-15 17:44:00', NULL, '2018-02-15 17:44:21', '2018-02-15 18:11:10', '577387ea-7b00-4729-bd26-7d0f223468f7'),
 ('119', '16', '16', '1', '2018-02-15 17:44:00', NULL, '2018-02-15 17:44:21', '2018-02-15 18:11:21', '6fc0cc89-a46e-4073-8986-c8309f4f8835'),
 ('120', '16', '16', '1', '2018-02-15 17:44:00', NULL, '2018-02-15 17:44:21', '2018-02-15 18:11:32', '0ac29994-8fe5-4436-b132-c149842df113'),
 ('121', '16', '16', '1', '2018-02-15 17:44:00', NULL, '2018-02-15 17:44:21', '2018-02-15 18:11:46', '499f32b7-3eea-4c1b-b8b5-e105ffb4eb71'),
 ('122', '16', '16', '1', '2018-02-15 17:44:00', NULL, '2018-02-15 17:44:21', '2018-02-15 18:11:54', 'd0440e78-e42f-4dc8-9821-e9db74b3c586'),
 ('123', '16', '16', '1', '2018-02-15 17:44:00', NULL, '2018-02-15 17:44:21', '2018-02-15 18:14:09', 'a4191b57-ce4b-467a-b2bb-aeddfb8317f4'),
 ('124', '16', '16', '1', '2018-02-15 17:44:00', NULL, '2018-02-15 17:44:22', '2018-02-15 18:14:19', 'f8255be7-97da-4d42-ac5d-37d2fd215851'),
 ('125', '16', '16', '1', '2018-02-15 17:44:00', NULL, '2018-02-15 17:44:22', '2018-02-15 18:14:30', '3794c110-3693-46f6-8caf-19768775da79'),
 ('126', '16', '16', '1', '2018-02-15 17:44:00', NULL, '2018-02-15 17:44:22', '2018-02-15 18:14:39', '08c13951-b9c3-49a5-8127-79c632add8ce'),
 ('127', '16', '16', '1', '2018-02-15 17:44:00', NULL, '2018-02-15 17:44:22', '2018-02-15 18:14:52', 'a3470e28-b55d-46a7-9eeb-6d5d9b01b837'),
 ('128', '16', '16', '1', '2018-02-15 17:44:00', NULL, '2018-02-15 17:44:22', '2018-02-15 18:15:01', '9a61f798-f021-4531-9566-dbc32dc8bdca'),
 ('129', '16', '16', '1', '2018-02-15 17:44:00', NULL, '2018-02-15 17:44:22', '2018-02-15 18:15:09', '9d5f1c45-a648-43d2-8418-10cff7388083'),
 ('130', '16', '16', '1', '2018-02-15 17:44:00', NULL, '2018-02-15 17:44:22', '2018-02-15 18:15:15', 'dabcbd67-0293-43e8-8656-a77fb2bd3d99'),
 ('131', '16', '16', '1', '2018-02-15 17:44:00', NULL, '2018-02-15 17:44:22', '2018-02-15 18:15:29', 'f3719da0-55ed-40c6-a997-adcd1bd7b384'),
 ('132', '16', '16', '1', '2018-02-15 17:44:00', NULL, '2018-02-15 17:44:22', '2018-02-15 18:15:39', '7e7b9a69-27f0-4936-b3e6-5631d31ece15'),
 ('133', '16', '16', '1', '2018-02-15 17:44:00', NULL, '2018-02-15 17:44:22', '2018-02-15 18:16:00', '2a2e0264-f4f7-4d87-9f79-bf45e755696b'),
 ('134', '16', '16', '1', '2018-02-15 17:44:00', NULL, '2018-02-15 17:44:22', '2018-02-15 18:16:12', '8602b4d5-8bbd-47d5-9018-da56ef5a3eee'),
 ('135', '16', '16', '1', '2018-02-15 17:44:00', NULL, '2018-02-15 17:44:22', '2018-02-15 18:16:24', '0b10a5bb-0b09-4732-b1ed-136334c1e5d2'),
 ('136', '16', '16', '1', '2018-02-15 17:44:00', NULL, '2018-02-15 17:44:22', '2018-02-15 18:16:34', 'f2627334-13d5-4ad0-bdf1-f2084d710d1e'),
 ('137', '16', '16', '1', '2018-02-15 17:44:00', NULL, '2018-02-15 17:44:23', '2018-02-15 18:16:44', '8b7a49a5-d673-44d1-8aae-db37f78636e8'),
 ('138', '16', '16', '1', '2018-02-15 17:44:00', NULL, '2018-02-15 17:44:23', '2018-02-15 18:16:54', '4f9d5df6-79b2-4991-a47c-1ad184c2d8d2'),
 ('139', '16', '16', '1', '2018-02-15 17:44:00', NULL, '2018-02-15 17:44:23', '2018-02-15 18:17:08', 'd70fa51b-06da-432b-8ea4-5842be05eb8e'),
 ('140', '16', '16', '1', '2018-02-15 17:44:00', NULL, '2018-02-15 17:44:23', '2018-02-15 18:17:26', '84ef775d-f41c-4376-b695-9d092c801df7'),
 ('141', '16', '16', '1', '2018-02-15 17:44:00', NULL, '2018-02-15 17:44:23', '2018-02-15 18:17:35', '945be9f9-21c5-4c3d-b85f-cb3c706adf30'),
 ('143', '17', '17', '1', '2018-02-15 17:45:00', NULL, '2018-02-15 17:45:29', '2018-02-15 18:00:44', '8638adaf-04d0-4d0c-b987-87017ec22424'),
 ('144', '17', '17', '1', '2018-02-15 17:45:00', NULL, '2018-02-15 17:45:29', '2018-02-15 18:01:13', '884bd431-bcd7-43f5-9655-bfe8ab2664a9'),
 ('145', '17', '17', '1', '2018-02-15 17:45:00', NULL, '2018-02-15 17:45:29', '2018-02-15 17:55:36', 'aea8956f-6f1b-4c3d-9351-245b5ad3b0e9'),
 ('146', '17', '17', '1', '2018-02-15 17:45:00', NULL, '2018-02-15 17:45:29', '2018-02-15 17:55:44', '00e09350-44ad-4bae-b2d6-ab68c56bc2e9'),
 ('147', '17', '17', '1', '2018-02-15 17:45:00', NULL, '2018-02-15 17:45:29', '2018-02-15 17:55:57', '29e4b2c3-6556-4c66-a4db-6aa20b1ded01'),
 ('148', '17', '17', '1', '2018-02-15 17:45:00', NULL, '2018-02-15 17:45:29', '2018-02-15 17:56:10', '020273f2-fd06-41ef-89fa-035798f4b592'),
 ('149', '17', '17', '1', '2018-02-15 17:45:00', NULL, '2018-02-15 17:45:29', '2018-02-15 17:57:25', '372db324-b967-4a86-b758-20076db8f07a'),
 ('150', '17', '17', '1', '2018-02-15 17:45:00', NULL, '2018-02-15 17:45:29', '2018-02-15 17:57:32', '0570c1c9-597e-4685-9de7-b3801fd2b4ac'),
 ('151', '17', '17', '1', '2018-02-15 17:45:00', NULL, '2018-02-15 17:45:29', '2018-02-15 17:57:40', '397f81ca-31ce-440f-8275-fd43a558fc4e'),
 ('152', '17', '17', '1', '2018-02-15 17:45:00', NULL, '2018-02-15 17:45:29', '2018-02-15 17:57:47', '5dd8971f-8b5d-4ab1-b779-05693763a3e4'),
 ('153', '17', '17', '1', '2018-02-15 17:45:00', NULL, '2018-02-15 17:45:29', '2018-02-15 17:57:57', 'bba6da78-6e52-4865-829a-e816a99c2a01'),
 ('154', '17', '17', '1', '2018-02-15 17:45:00', NULL, '2018-02-15 17:45:29', '2018-02-15 17:58:09', 'b1a0844e-30d8-4c59-866a-9689febfa9a7'),
 ('155', '17', '17', '1', '2018-02-15 17:45:00', NULL, '2018-02-15 17:45:29', '2018-02-15 17:58:18', '21c4fa81-a16e-446b-8645-525b8c9fe749'),
 ('156', '17', '17', '1', '2018-02-15 17:45:00', NULL, '2018-02-15 17:45:29', '2018-02-15 17:58:26', 'c1a5e8d5-b384-46fa-8f40-4576f3e32878'),
 ('157', '17', '17', '1', '2018-02-15 17:45:00', NULL, '2018-02-15 17:45:30', '2018-02-15 17:58:37', '9441f6ef-1e15-4b59-a1d2-29f63f1d30f4'),
 ('158', '17', '17', '1', '2018-02-15 17:45:00', NULL, '2018-02-15 17:45:30', '2018-02-15 17:58:48', 'de119f1e-0f75-45a7-9a82-d25a738429c4'),
 ('159', '17', '17', '1', '2018-02-15 17:45:00', NULL, '2018-02-15 17:45:30', '2018-02-16 01:55:06', 'd0d2153b-c367-4561-9571-ddbee078545b'),
 ('160', '17', '17', '1', '2018-02-15 17:45:00', NULL, '2018-02-15 17:45:30', '2018-02-16 01:55:26', '7cf2143f-54a2-44d2-a1d1-5d278be62a11'),
 ('202', '16', '16', '1', '2018-02-16 10:18:00', NULL, '2018-02-16 10:18:18', '2018-02-26 13:05:59', '447d7d49-6f72-474f-a5ff-d5bae1a8a243'),
 ('215', '18', '18', NULL, '2018-02-25 23:55:47', NULL, '2018-02-25 23:07:00', '2018-02-25 23:55:47', '3eecff97-3dff-4e9c-bf4a-cc526e9b7365');



DROP TABLE IF EXISTS `craft_entrydrafts`;


--
-- Schema for table `craft_entrydrafts`
--
CREATE TABLE `craft_entrydrafts` (
  `id` int(11) NOT NULL AUTO_INCREMENT,
  `entryId` int(11) NOT NULL,
  `sectionId` int(11) NOT NULL,
  `creatorId` int(11) NOT NULL,
  `locale` char(12) COLLATE utf8_unicode_ci NOT NULL,
  `name` varchar(255) COLLATE utf8_unicode_ci NOT NULL,
  `notes` tinytext COLLATE utf8_unicode_ci,
  `data` mediumtext COLLATE utf8_unicode_ci NOT NULL,
  `dateCreated` datetime NOT NULL,
  `dateUpdated` datetime NOT NULL,
  `uid` char(36) COLLATE utf8_unicode_ci NOT NULL DEFAULT '0',
  PRIMARY KEY (`id`),
  KEY `craft_entrydrafts_entryId_locale_idx` (`entryId`,`locale`),
  KEY `craft_entrydrafts_sectionId_fk` (`sectionId`),
  KEY `craft_entrydrafts_creatorId_fk` (`creatorId`),
  KEY `craft_entrydrafts_locale_fk` (`locale`)
) ENGINE=InnoDB DEFAULT CHARSET=utf8 COLLATE=utf8_unicode_ci;

DROP TABLE IF EXISTS `craft_entrytypes`;


--
-- Schema for table `craft_entrytypes`
--
CREATE TABLE `craft_entrytypes` (
  `id` int(11) NOT NULL AUTO_INCREMENT,
  `sectionId` int(11) NOT NULL,
  `fieldLayoutId` int(11) DEFAULT NULL,
  `name` varchar(255) COLLATE utf8_unicode_ci NOT NULL,
  `handle` varchar(255) COLLATE utf8_unicode_ci NOT NULL,
  `hasTitleField` tinyint(1) unsigned NOT NULL DEFAULT '1',
  `titleLabel` varchar(255) COLLATE utf8_unicode_ci DEFAULT 'Title',
  `titleFormat` varchar(255) COLLATE utf8_unicode_ci DEFAULT NULL,
  `sortOrder` smallint(6) unsigned DEFAULT NULL,
  `dateCreated` datetime NOT NULL,
  `dateUpdated` datetime NOT NULL,
  `uid` char(36) COLLATE utf8_unicode_ci NOT NULL DEFAULT '0',
  PRIMARY KEY (`id`),
  UNIQUE KEY `craft_entrytypes_name_sectionId_unq_idx` (`name`,`sectionId`),
  UNIQUE KEY `craft_entrytypes_handle_sectionId_unq_idx` (`handle`,`sectionId`),
  KEY `craft_entrytypes_sectionId_fk` (`sectionId`),
  KEY `craft_entrytypes_fieldLayoutId_fk` (`fieldLayoutId`)
) ENGINE=InnoDB AUTO_INCREMENT=19 DEFAULT CHARSET=utf8 COLLATE=utf8_unicode_ci;

--
-- Data for table `craft_entrytypes`
--

INSERT INTO `craft_entrytypes` (`id`, `sectionId`, `fieldLayoutId`, `name`, `handle`, `hasTitleField`, `titleLabel`, `titleFormat`, `sortOrder`, `dateCreated`, `dateUpdated`, `uid`) VALUES
 ('16', '16', '103', 'Case Studies', 'caseStudies', '1', 'Title', NULL, '1', '2018-02-15 17:36:14', '2018-02-15 18:18:31', 'ac899786-28e0-4140-9db6-6ea0a6b6ddec'),
 ('17', '17', '102', 'Team', 'team', '1', 'Title', NULL, '1', '2018-02-15 17:36:26', '2018-02-15 18:00:20', '8fa768be-da57-4c52-95e6-333db6a7b403'),
 ('18', '18', '105', 'Settings', 'settings', '0', NULL, '{section.name|raw}', '1', '2018-02-25 23:06:59', '2018-02-25 23:09:06', '8d7fbcd5-2ea8-4d92-9c5a-2c8b47532e86');



DROP TABLE IF EXISTS `craft_entryversions`;


--
-- Schema for table `craft_entryversions`
--
CREATE TABLE `craft_entryversions` (
  `id` int(11) NOT NULL AUTO_INCREMENT,
  `entryId` int(11) NOT NULL,
  `sectionId` int(11) NOT NULL,
  `creatorId` int(11) DEFAULT NULL,
  `locale` char(12) COLLATE utf8_unicode_ci NOT NULL,
  `num` smallint(6) unsigned NOT NULL,
  `notes` tinytext COLLATE utf8_unicode_ci,
  `data` mediumtext COLLATE utf8_unicode_ci NOT NULL,
  `dateCreated` datetime NOT NULL,
  `dateUpdated` datetime NOT NULL,
  `uid` char(36) COLLATE utf8_unicode_ci NOT NULL DEFAULT '0',
  PRIMARY KEY (`id`),
  KEY `craft_entryversions_entryId_locale_idx` (`entryId`,`locale`),
  KEY `craft_entryversions_sectionId_fk` (`sectionId`),
  KEY `craft_entryversions_creatorId_fk` (`creatorId`),
  KEY `craft_entryversions_locale_fk` (`locale`)
) ENGINE=InnoDB AUTO_INCREMENT=206 DEFAULT CHARSET=utf8 COLLATE=utf8_unicode_ci;

--
-- Data for table `craft_entryversions`
--

INSERT INTO `craft_entryversions` (`id`, `entryId`, `sectionId`, `creatorId`, `locale`, `num`, `notes`, `data`, `dateCreated`, `dateUpdated`, `uid`) VALUES
 ('48', '102', '16', '1', 'en_ie', '1', NULL, '{\"typeId\":\"16\",\"authorId\":\"1\",\"title\":\"21 Charlemont\",\"slug\":\"21-charlemont\",\"postDate\":1518716660,\"expiryDate\":null,\"enabled\":1,\"parentId\":null,\"fields\":{\"57\":\"Rohan Holdings is a leader in the complex business of developing prestige offices, high quality business parks and industrial premises. With over 40 years\\u2019 experience in land acquisition, design, planning, construction and tenant fit out, Rohan Holdings have a respected proven track record of delivering projects on time, within budget and to their clients\\u2019 satisfaction.\\n\\nWorking in the shell of the newly completed 21 Charlemont Place Office Block, our brief was to take the \\u201cGrey Box\\u201d finish to full Landlord CAT-A standard to LEED Gold and A3 BER Rating.\\n\\nSet against an aggressive time line driven by a signed single tenancy lease for the whole building, works included complete raised floor installation, soft floor finishes, partitions and ceilings, joinery and decorations. Our brief also extended the the complete M&E installations to include A\\/C, lighting, protective services, basement and roof plant, louvres & screening with full testing and commissioning.\",\"60\":\"Cat A Office Fitout\\nExtensive Green Roof\\nLEED Gold Certification and A3 BER\\nBalconies and Feature Roof Terrace\",\"56\":\"Dublin 2\",\"61\":\"\",\"62\":\"\",\"58\":\"3,420m2\",\"59\":\"2-week Pre-construction\\n10 weeks on-site\"}}', '2018-02-15 17:44:20', '2018-02-15 17:44:20', 'f011c17b-f1a6-40f7-99e3-a0aae3c55df7'),
 ('49', '103', '16', '1', 'en_ie', '1', NULL, '{\"typeId\":\"16\",\"authorId\":\"1\",\"title\":\"Private Client\",\"slug\":\"private-client\",\"postDate\":1518716660,\"expiryDate\":null,\"enabled\":1,\"parentId\":null,\"fields\":{\"57\":\"We are delighted to showcase the successful completion of a new 15k sq.ft. Corporate HQ office in Dublin\\u2019s City Centre for a Private Sonica Client, the results of which are absolutely stunning.\\n\\nOur brief took the project from an existing Landlord CAT-A finish (which was fully stripped out) to their fitted out Corporate HQ in 8 weeks from commencement.\\n\\nWorks were undertaken in a multi-tenanted office development with continual intensive daily co-ordination with the sitting Building Management Team. Added to the time sensitive nature of the project was the Client\\u2019s \\u201cnot-to-exceed\\u201d occupation date which was a key consideration in our aggressive construction programme.\\n\\nDue to the high degree of cellularisation to form the various offices, meeting spaces and executive boardrooms, the mechanical scope required considerable addition to the primary Landlord ventilation provisions via. intensive upgrades, modelling and building control integration.\\n\\nThe project scope also included a large specialist joinery component, extensive meeting spaces with feature exposed ceilings and feature lighting throughout, bespoke reception area, feature hard and soft floorings, substantial active IT solution, a fully redundant IT backbone install to main comms room, high-end Corporate level access control and security install, A\\/V delivery and a full furniture installation across the complete floor plate.\",\"60\":\"Design and VE development to suit budget parameters\\nInternational collaboration with multiple project stakeholders\\nCo-ordination with local Team on relocation deliverables\\nComms room commissioned and complete 2 weeks before handover to allow Client IT access.\\nLive building environment\\nFull M&E data & VC co-ordination\",\"56\":\"Dublin 4\",\"61\":\"\",\"62\":\"\",\"58\":\"1,500m2\",\"59\":\"1-week Pre-construction\\n7 weeks on-site\"}}', '2018-02-15 17:44:20', '2018-02-15 17:44:20', 'c0e9aaa5-e949-4cf3-9474-ee406f68aece'),
 ('50', '104', '16', '1', 'en_ie', '1', NULL, '{\"typeId\":\"16\",\"authorId\":\"1\",\"title\":\"Demonware\",\"slug\":\"demonware\",\"postDate\":1518716660,\"expiryDate\":null,\"enabled\":1,\"parentId\":null,\"fields\":{\"57\":\"Demonware are an Irish software development company specialising in creating networking software and services for computer game development, most notably for the Call of Duty on-line game franchise. The company were acquired by US game publisher Activision Blizzard in 2007 and have offices in Dublin, Vancouver and Shanghai.\\n\\nDue to the complexity of the works and the fact that the offices would remain LIVE through the refurbishment, the project was bid on a 2-stage basis with an open tender process to identify two preferred bidders followed by a post-tender interview process to select their final fitout partner. A large part of the Client Team\\u2019s decision making process also centered on input and commentary from the Contractor into the initial scheme design with recommendations on buildability and value engineering. We were suitably delighted to win out at interview stage and be appointed as Demonware\\u2019s contractor of choice \\u2013 with us on board, planning for their new European HQ officially kicked-off led by international architects, Urban Agency.\\n\\nThe scope of works included segregation of the existing floor plate into Live \\/ Under-Construction areas, the complete strip of the demised floor areas, full M&E, IT and A\\/V installation, a bespoke fabricated solution for Meeting Rooms (made from curved glass pods) and Team Huddle Rooms (machined birch faced plywood), full soft & hard flooring, extensive graphics package and the management & supervision of the Client\\u2019s furniture vendors. Of further note was the fact that the project was completed with the Client in full occupation on the 5th Floor of a multi-tenanted building.\\n\\nThe finished project is a fabulous addition to our portfolio of works and is a job that we are very proud to have been involved with.\",\"60\":\"Sonica PM\\nFull design realisation and co-ordination with International Design Team\\nStaff migration & move management\\nFull M&E and IT installations\\nTurnkey furniture package\\nCurved glass huddle rooms\\nBirch-faced plywood huddle pods\\nExposed building structure & ceiling\\nCorporate signage & brand identity\",\"56\":\"Parnell Street\\nDublin1\",\"61\":\"I just want take a breath to let you know how happy we\'ve been so far with how the build is being managed by your Team and with the quality of the work that is being done. Harry, Doug and Ray have been a pleasure to work with throughout these past 14 weeks. What could have been a very stressful experience for us, has turned out to be an education in how a professional renovation should run. Thanks to you and your Team for this.\",\"62\":\"Amy Smith, Business Services Manager, Demonware\",\"58\":\"1,800m2\",\"59\":\"4-week Pre-construction\\n14 weeks on-site\"}}', '2018-02-15 17:44:20', '2018-02-15 17:44:20', '9329e954-89b9-43aa-abad-fde7cf9c0a28'),
 ('51', '105', '16', '1', 'en_ie', '1', NULL, '{\"typeId\":\"16\",\"authorId\":\"1\",\"title\":\"Hubspot\",\"slug\":\"hubspot\",\"postDate\":1518716660,\"expiryDate\":null,\"enabled\":1,\"parentId\":null,\"fields\":{\"57\":\"We had the tremendous fortune to meet with and work alongside our friends in Hubspot when our MD PM\\u2019d their very first Dublin office for just 8-people five short years ago.\\u00a0 Since then, we\\u2019ve had the distinct honour to be part of their expansion year-on-year as the Sonica Team continued to service their ever increasing head count and office space requirements.\\u00a0 Their growth in Dublin has been simply astounding.\\u2028\\nIt is therefore with great pride, and shared enthusiasm for their continued future successes, that we announce the completion and launch of their new EMEA HQ in Dublin, which was opened in March 2016 with substantial (and well deserved) fanfare across the Irish media.\\n\\nWe look forward to working with Hubspot as their PM of choice here in Dublin, and wish them every good fortune in their fabulous new home. \\u00a0#HubSpotDigsDublin\",\"60\":\"Sonica PM\\nFull Design Realisation and Co-ordination with International Design Team\\nLandlord Approval and Grant of Licence to Alter\\nLocal Design Team Appointment & Management as Lead Consultant\\nComplete Project Financial Control & Package Management\\nClient Direct Vendor Engagement and Management\\nStaff Migration & Move Management\",\"56\":\"Dublin 1\",\"61\":\"Sonica has been a phenomenal partner to HubSpot - they always keep our interests front-and-centre and are beyond timely and thorough. If you wanted a partner that can do it all and give the attention these complex fitout projects command, it is Sonica Fitout - they simply get it, and get results.\",\"62\":\"Ken Papa, Facilities Director, Hubspot Inc.\",\"58\":\"2,750m2\",\"59\":\"12 weeks Design Co-ordination, Contract Formulation & Lease Management\\n10 weeks Build Management On-Site\"}}', '2018-02-15 17:44:20', '2018-02-15 17:44:20', 'cf3c9fb5-1df8-40be-95ec-6239fbc26211'),
 ('52', '106', '16', '1', 'en_ie', '1', NULL, '{\"typeId\":\"16\",\"authorId\":\"1\",\"title\":\"Private Client\",\"slug\":\"private-client-1\",\"postDate\":1518716660,\"expiryDate\":null,\"enabled\":1,\"parentId\":null,\"fields\":{\"57\":\"Our brief was to strip and refit the old Anglo Irish Bank space over two floors in St. Stephen\\u2019s Green House and transform it into an expansive, sophisticated, tech-savvy office for our Client\\u2019s expanded new HQ in Ireland.\\n\\nWorks were executed on a 10-week programme within a fully engaged, heavily trafficked, multi-tenanted building. With it\\u2019s location in the heart of Dublin\\u2019s shopping district on the iconic St. Stephen\\u2019s Green, the delivery of the finished project on an accelerated timeline formed a hugely important part of our project execution plan where the delivery \\/ collection logistics, overall traffic management, DCC liaison, out of hours works scheduling and compliance with strict building noise restrictions all required in-depth consideration.\\n\\nThe Architectural Design included a substantial joinery package, multiple floor finishes, open grid exposed ceilings, extensive Client direct vend supervision and migration management. Other packages included substantial upgrades to the Mechanical, Electrical, IT and AV installations with all service works demanding a high level of co-ordinated attention to guarantee that the vision for the completed space was realised.\",\"60\":\"Large open plan spaces with extensive perimeter cellularisation.\\nExtensive M&E & IT package with \\u201copen grid\\u201d M&E ceiling services\\nEngagement of specialist contractors to facilitate works in a time restricted programme.\\nCo-ordination with local teams and stakeholders on relocation deliverables.\\nCost and VE development to suit strict budget parameters.\",\"56\":\"Dublin 2\",\"61\":\"\",\"62\":\"\",\"58\":\"3,000m2\",\"59\":\"1-week Pre-construction\\n10 weeks on-site\"}}', '2018-02-15 17:44:20', '2018-02-15 17:44:20', 'fc22b423-47d3-44a0-8eff-695ad6fa3df9'),
 ('53', '107', '16', '1', 'en_ie', '1', NULL, '{\"typeId\":\"16\",\"authorId\":\"1\",\"title\":\"UDG Healthcare\",\"slug\":\"udg-healthcare\",\"postDate\":1518716660,\"expiryDate\":null,\"enabled\":1,\"parentId\":null,\"fields\":{\"57\":\"Designed by RKD Interiors, our brief took the assignment from an Existing Landlord CAT-A area over 2-separate tenancies, both of which were then fully stripped back to basic shell and core structure as part of our works, to become UDG Healthcare\\u2019s Corporate HQ within a 10-week period from Commencement on site.\\n\\nWorks were performed unobtrusively within a fully engaged, highly trafficked, multi-tenanted building with close overlap to Campus Management, Client Stakeholders and neighbouring tenants.\\n\\nPackages encompassed a sizeable stylish joinery element and complex Mechanical, Electrical & IT upgrades to service the open-plan work-space areas and segmental modular offices & meeting rooms. The main Reception features an inviting design element luring to a quirky \\u2018Breakout Area Canteen\\u2019 with feature brick internal facades, critall glazed screens, floating \\u2018wooden\\u2019 acoustic ceilings and matchless tiled flooring.\\n\\nDue to the nature and scale of the sharp trapezoidal shaped walls and ceilings, paired with the diverging display of flooring and wall colours, the detailing in the Architectural packages required a Sonica level of attention to guarantee that the Architects vision for the completed space was realised.\",\"60\":\"Design and VE development to suit strict budget parameters\\nComms room commissioned and complete 3 weeks before handover to allow Client IT access\\nLiaison and management of Client Direct vendors\\nProject acceleration to ensure no client \\u2018down-time\\u2019 and smooth, quick turn-around on staff migrations\\nCo-ordination with local Team on relocation deliverables\\nM&E and IT upgrades throughout\\nTurnkey furniture package\",\"56\":\"Citywest Business Campus\",\"61\":\"It was great to work with Hugh Ward and his team at Sonica Fitout on our new HQ in Riverwalk, Citywest. We were very impressed with the level of professionalism and attention to detail on every aspect of this project which produced a high standard of finish. Sonica Fitouts commitment to this project ensured that it came in on programme and within budget. Everyone is delighted with the final result.\",\"62\":\"Donal Burke, Head of Procurement\",\"58\":\"1,250m2\",\"59\":\"1-week Pre-Con\\n10 weeks on site\"}}', '2018-02-15 17:44:20', '2018-02-15 17:44:20', '95d1ec43-a490-4f2a-9081-da166b25ddca'),
 ('54', '108', '16', '1', 'en_ie', '1', NULL, '{\"typeId\":\"16\",\"authorId\":\"1\",\"title\":\"3 Arena\",\"slug\":\"3-arena\",\"postDate\":1518716660,\"expiryDate\":null,\"enabled\":1,\"parentId\":null,\"fields\":{\"57\":\"Full D&B project from receipt of Client outline brief to final delivery and handover. Development of a central defined theme to roll out across the complete rebrand project was the key deliverable.\\n\\n1672 individual ceiling suspended \\u201cCities\\u201d in the 4th floor bar, over 2,400 individually controlled LED lights per City (and that\\u2019s just one area on one floor..!)\\n\\n3m dia. \\u201cOculus\\u201d video back-projected onto VIP ceiling \\u2013 video specifically commissioned for the Kaleidoscope Bar fitout.\\n\\nFully programmable KNX Lighting system with user defined colour and dimming set points depending on event and scene setting requirements. This linked back to main venue DALI system for central control by Venue management.\\n\\nFully interactive Twitter feed linked to feature \\u201cfloating Megalopolis\\u201d to allow visitors Tweet their venue experiences directly into the bars in real time.\",\"60\":\"Conceptual development and full project design\\nGMP Contract Sum\\nIntricate project programming\\nLive venue interaction & co-ordination\",\"56\":\"North Wall Quay, Dublin 1\",\"61\":\"Have to say it looks absolutely incredible. Proud to have worked on such a prestigious project for such a prestigious company as\\nSonica Fitout. From all at Devlin in Design. Congratulations to Sonica.\",\"62\":\"Enda Devlin, Devlin in Design\",\"58\":\"4000m2 overall Venue Area. Works spread across three separate project sites running concurrently.\",\"59\":\"8 weeks on site\"}}', '2018-02-15 17:44:20', '2018-02-15 17:44:20', '26708bc0-9244-41a6-bd77-37a04962d50a'),
 ('55', '109', '16', '1', 'en_ie', '1', NULL, '{\"typeId\":\"16\",\"authorId\":\"1\",\"title\":\"Salesforce\",\"slug\":\"salesforce\",\"postDate\":1518716660,\"expiryDate\":null,\"enabled\":1,\"parentId\":null,\"fields\":{\"57\":\"Salesforce\\u00a0is the world\\u2019s leading CRM software and enterprise cloud ecosystem, their \\u201cCustomer Success Platform\\u201d helps businesses grow into a more streamlined, effective and efficient organisations across sales, service, marketing and more.\\n\\nThe Sonica Ops Team has had the pleasure of being part of SFDC\\u2019s expansion by servicing their ever increasing head count and office space requirements for the past 3-years.\\u00a0 It is therefore with great pride that we showcase the latest SFDC office completion, a 15,000 sq.ft. floor plate in Central Park.\\n\\nWorks involved the demolition and strip out of the previous tenant\\u2019s existing fitted offices to cater for the new Salesforce remodelled floor plate layout.\\u00a0 The office design placed emphasis on increased Team collaboration with all new open plan workstations, meeting rooms, offices, boardrooms, flexible spaces, staff kitchens & canteen areas, breakout areas and a number of bespoke \\u201cTechForce Bars\\u201d all part of the required brief.\\n\\nThey have since been voted Ireland\\u2019s Best Workplace \\u2013 the company was ranked No. 1 on the list of the Best Large Places to Work, a ranking based on employees\\u2019 own assessments of their experiences.\",\"60\":\"Full GMP Build Delivery\\nExtensive Feature Joinery Package procurement\\nComplete staff auditorium with extensive A\\/V\\nClient Direct Vendor Engagement and Management\\nStaff Migration & Move Management\",\"56\":\"Central Park, Dublin 18\",\"61\":\"Just a little note to say a BIG thank you to you and all the Sonica team. It was a real pleasure working with you all. Thanks for your guidance, assistance and patience! Fingers crossed for the next one.\",\"62\":\"Cathy Mooney, Senior Office Manager\",\"58\":\"1500m2\",\"59\":\"10 weeks Design Co-ordination, Procurement, GMP Formulation\\n12 weeks Build Management On-Site\"}}', '2018-02-15 17:44:20', '2018-02-15 17:44:20', '9a2ce437-a478-4cc1-b1d9-2725fea13710'),
 ('56', '110', '16', '1', 'en_ie', '1', NULL, '{\"typeId\":\"16\",\"authorId\":\"1\",\"title\":\"Wipro\",\"slug\":\"wipro\",\"postDate\":1518716661,\"expiryDate\":null,\"enabled\":1,\"parentId\":null,\"fields\":{\"57\":\"Since entering the Irish market in 2015, WIPRO have gone from strength to strength securing substantial projects for their ever increasing Client base. This success has been met with a rapid increase in head count and exponential office space requirement.\\n\\nHaving already completed over 50k sq.ft. of office space in Dublin for WIPRO since 2015, we were delighted to build upon and advance the great working relationship we had developed with both their International and Local Teams when they appointed us again as their Turnkey D&B Fitout Specialist for their new expansion offices in Ballsbridge.\\n\\nWorks were undertaken in a multi-tenanted office development with continual intensive daily co-ordination with the sitting Campus Management Team. Added to the time sensitive nature of the project was the Client\\u2019s \\u201cnot-to-exceed\\u201d occupation date which was a key consideration in our aggressive construction programme.\\n\\nDue to the high degree of cellularisation to form the various offices, meeting spaces, VC Rooms & Executive Boardrooms, the mechanical scope required considerable addition to the primary Landlord ventilation provisions via. intensive upgrades, modelling and building control integration.\\n\\nThe project scope also included a large specialist joinery component, exposed ceilings and feature lighting throughout, feature hard and soft floorings, substantial active IT solution, a fully redundant IT backbone install with UPS back up to main comms room, high-end Corporate level access control and security install, A\\/V delivery and a full furniture installation across the complete floor plate.\",\"60\":\"Sonica PM\\nFull Design Realisation and Co-ordination with International Design Team\\nLandlord Approval and Grant of Licence to Alter\\nLocal Design Team Appointment & Management as Lead Consultant\\nComplete Project Financial Control & Package Management\\nClient Direct Vendor Engagement and Management\\nStaff Migration & Move Management\",\"56\":\"Ballsbridge\",\"61\":\"\",\"62\":\"\",\"58\":\"1000m2\",\"59\":\"1-week Pre-construction\\n8 weeks on-site\"}}', '2018-02-15 17:44:21', '2018-02-15 17:44:21', '464ebd44-acc6-45c3-a13c-0118e438ada9'),
 ('57', '111', '16', '1', 'en_ie', '1', NULL, '{\"typeId\":\"16\",\"authorId\":\"1\",\"title\":\"Private Client\",\"slug\":\"private-client-2\",\"postDate\":1518716661,\"expiryDate\":null,\"enabled\":1,\"parentId\":null,\"fields\":{\"57\":\"Sonica Fitout were contracted to completely refurbish the Ground Floor lobby of the headquarters of one of Ireland\\u2019s leading providers of wealth management and financial advisory services. Clients of this prestigious private client are used to a meticulous attention to detail and as such this was reflected in the design and level of finish expected.\\n\\nThe intent was to provide enclosed, private areas throughout the space with which to hold impromptu, private meetings while maintaining a bright, open and modern feel throughout. Combined with the extremely well-appointed joinery package the overall feel of the space was one of practical opulence and luxury.\\n\\nThe scope of works was a complete refurbishment with curved recessed bulkheads all LED backlit, stone tiling throughout, new security gates and curved glazed meeting rooms all surrounding the walnut clad lift core that integrated seamlessly with an oversized reception desk. In addition new bathroom and kitchen facilities were completed as well as all new air conditioning throughout the floor.\\n\\nFollowing a week\\u2019s pre construction this project was delivered in 5 weeks over multiple phases keeping live access available to staff members 24 hours a day 7 days a week with minimal disruption.\",\"60\":\"Natural Stone floor\\nBespoke Walnut wall cladding\\nCurved glazed partitions throughout\\nOversized feature reception desk\\nBacklit feature ceilings throughout\\nNew staff \\u201cspeedlanes\\u201d\\nNew facilities\\nCompletely revamped AC system.\",\"56\":\"Dublin 2\",\"61\":\"\",\"62\":\"\",\"58\":\"Reception areas\",\"59\":\"1-week Pre-Con\\n5 weeks on site\"}}', '2018-02-15 17:44:21', '2018-02-15 17:44:21', '8b4384f6-b9d5-4590-b549-f8583a0f7618'),
 ('58', '112', '16', '1', 'en_ie', '1', NULL, '{\"typeId\":\"16\",\"authorId\":\"1\",\"title\":\"SAS\",\"slug\":\"sas\",\"postDate\":1518716661,\"expiryDate\":null,\"enabled\":1,\"parentId\":null,\"fields\":{\"57\":\"SAS is a global market leader in business analytics software and services and is listed as being in the Top-100 Best Companies to work for worldwide. We were delighted to complete their prestigious new 1,300m2 HQ office in Dublin\\u2019s IFSC complex.\\n\\nWorks were undertaken in a multi-tenanted, fully occupied building with extensive noise restriction in place to avoid disruption to other businesses on-site.\\n\\nThe scope included complete demolitions of the existing floor plate with subsequent re-fit of partitions, glazing, managers offices, corporate meeting rooms, multiple floor finishes, decorations and a bespoke branding and graphics package. The brief also extended to the supply & installation of all new operator workstations, cellular office stations and boardroom furniture with completion of all M&E, IT and A\\/V services.\\n\\nThe completed project truly reflects SAS\\u2019s strong corporate identity through the entire space and we were delighted to hand over the finished article to the Client\\u2019s exacting standards and expectations.\",\"60\":\"Fully occupied Building Environment\\nManagement of Client Direct Vend Packages\\nComplete M&E, IT and A\\/V service installations\\nCorporate Brand Package co-ordination & implementation\\nExtensive corporate office cellularisation\",\"56\":\"La Touche House IFSC, Dublin 1\",\"61\":\"I can highly recommend Sonica Fit Out, their professionalism and flexible approach in challenging circumstances resulted in a smooth and timely delivery of SAS project, the entire team were a pleasure to work with.\",\"62\":\"Karen Chisman, Head of Corporate Services at SAS\",\"58\":\"1,300m2\",\"59\":\"1-week Pre-construction\\n8 weeks on-site\"}}', '2018-02-15 17:44:21', '2018-02-15 17:44:21', '9a422943-01c8-4cb3-895e-f9ebc9d9d752'),
 ('59', '113', '16', '1', 'en_ie', '1', NULL, '{\"typeId\":\"16\",\"authorId\":\"1\",\"title\":\"Calvin Klein\",\"slug\":\"calvin-klein\",\"postDate\":1518716661,\"expiryDate\":null,\"enabled\":1,\"parentId\":null,\"fields\":{\"57\":\"Calvin Klein is one of the leading fashion design and marketing studios in the world. They are a global lifestyle brand that exemplifies bold, progressive ideals and a seductive, and often minimal, aesthetic. After nearly 50 years of trading, Calvin Klein continues to be a cultural catalyst across the globe today.\\n\\nWe were delighted to be selected by Calvin Klein to carry out the complete relocation and fitout of their new flagship stores (CK Jeans & CK Underwear) in Irelands Premier Shopping destination, Kildare Village. Our brief was to create a completed space that combines the retail experience with the architectural aesthetic of this refined fashion collection.\\n\\nWorks were undertaken concurrently in both stores and included the full strip out of the existing premises with subsequent re-installation of new partitions and floor finishes, complete M&E & IT rework, co-ordination of a bespoke high-end joinery package and management of the internal and external CK signage install. In addition, the relocation to a temporary \\u201cGo Live\\u201d space while our refurbishment works were progressing (as well as relocation back to stores upon completion) also formed part of our project brief.\\n\\nThe finished product succeeds in promoting the Calvin Klein identity within Kildare Village and provides a top of the range retail experience for shoppers within both stores.\",\"60\":\"Extensive feature joinery package\\nBespoke feature lighting installation\\nFull move management\\nExtensive floor finishes\\nPOS selection, install and commisisoning\\nConstruction of all fixed merchandise and sales displays\",\"56\":\"Kildare Village\",\"61\":\"Our goal is always to create a space that combines the retail experience with the architectural aesthetic our fashion collection represents. We had the tremendous pleasure to collaborate with Sonica Fitout to accomplish this in our new Kildare Village stores - the finished results speak entirely for themselves.\",\"62\":\"Antonios Krantidis, CK Project Manager\",\"58\":\"400m2\",\"59\":\"1-week Pre-construction\\n5 weeks on-site\"}}', '2018-02-15 17:44:21', '2018-02-15 17:44:21', 'a7122ac9-3a07-457b-827a-cb0500a1e088'),
 ('60', '114', '16', '1', 'en_ie', '1', NULL, '{\"typeId\":\"16\",\"authorId\":\"1\",\"title\":\"100 Stephen\\u2019s Green\",\"slug\":\"100-stephens-green\",\"postDate\":1518716661,\"expiryDate\":null,\"enabled\":1,\"parentId\":null,\"fields\":{\"57\":\"100 St. Stephen\\u2019s Green, a red brick Georgian located in the iconic South West corner of the Green, was originally sub-divided into six dated apartments. Sonica were engaged by property owners DAVY to develop the building into a prestigious single tenancy office above a 1 bedroom apartment in the basement.\\n\\nThe nature of the premises, and it\\u2019s status as a listed building, meant the project had to be handled with the utmost care. Working hand-in-hand with Neasa Donnellan Architects and Dublin City Council, each element of the build was scrutinised for compliance of FSC, DAC, heritage protection and quality.\\n\\nThe work scope included full glazing replacement with all new sliding sash windows with slimlite double glazed panels in keeping with the original, full facade restoration and re-pointing, roof replacement, extensive structural works, removal of the existing basement slab and replacement with complete tanking system and new drainage and fire protection to existing staircore as per current regulations.\\n\\nInternally the high-end office interiors include full power and data cabling and floor boxes throughout, bespoke joinery and panelling in every space, restored original Georgian features on all floors, newly landscaped rear yard, high quality floor finishes and a luxury, own door, 1-bed 2-bath self contained apartment in the basement.\",\"60\":\"Protected Georgian structure\\nHardwood sash windows with Slimlite glazing\\nFacade and roof restoration\\nFull internal strip out\\nData cabling throughout to central rack location\\nNew gas fired rad heating system\\nHand made crown mouldings from sample of original\\nPeriod correct feature joinery throughout\\nProtection and restoration of existing Georgian features\\nLuxury floor finishes\\nSelf contained apartment\",\"56\":\"Dublin 2\",\"61\":\"With Sonica at the helm, the project ran seamlessly on-site - any unforeseen events were dealt with quickly and programme was never compromised. We were very impressed with the quality of their finishes and found the whole Company to be very well organised and efficient. We would be very happy to work with them again.\",\"62\":\"Neasa Donnellan\\nProject Architect\",\"58\":\"350m2\",\"59\":\"1-week Pre-construction\\n18 weeks on-site\"}}', '2018-02-15 17:44:21', '2018-02-15 17:44:21', '14113f24-cca3-49c0-b5fe-36aa3ecb4f0b'),
 ('61', '115', '16', '1', 'en_ie', '1', NULL, '{\"typeId\":\"16\",\"authorId\":\"1\",\"title\":\"City North Hotel\",\"slug\":\"city-north-hotel\",\"postDate\":1518716661,\"expiryDate\":null,\"enabled\":1,\"parentId\":null,\"fields\":{\"57\":\"The City North Hotel & Conference Centre is a prestigious 4-Star Hotel located 30-mins North of Dublin City Center which offers luxury accommodation and an exquisite Ballroom for Conferences, Events and Weddings.\\n\\nAs part of the Hotel\\u2019s recent redevelopment, we were appointed to manage the extensive restructure of all of their main front of house Client facing spaces comprising of a new warm and welcoming Reception area, a fully refitted Hotel Bar and Lounge area, a Restaurant and an exclusive new Conference & Ballroom facility.\\n\\nWorks were carried out in a live working environment (the hotel remained fully functional during the refit) and was divided into multiple phases to ensure minimal restriction & disruption to guests during construction. All phases included substantial demolition works, full M&E installations, new partitions and feature ceilings, bespoke lighting with textured high-end joinery and exquisite segmented hardwood flooring.\\n\\nDue to the nature of the works, the project required extensive management of multiple on-site trades and was completed against an aggressive programme to coincide with media published announcements on the rebrand and official launch date.\",\"60\":\"High-end joinery package\\nExquisite segmented flooring\\nManagement of multiple trades\\nProject multi-phasing\\nFull M&E installation\",\"56\":\"M1 Corridor, North Co. Dublin\",\"61\":\"\",\"62\":\"\",\"58\":\"1,500m2\",\"59\":\"1 Week Pre-construction\\n12 Weeks on-site\"}}', '2018-02-15 17:44:21', '2018-02-15 17:44:21', '5ac628bb-47aa-47ec-b5b5-8adae6eafc31'),
 ('62', '116', '16', '1', 'en_ie', '1', NULL, '{\"typeId\":\"16\",\"authorId\":\"1\",\"title\":\"RKD Interiors\",\"slug\":\"rkd-interiors\",\"postDate\":1518716661,\"expiryDate\":null,\"enabled\":1,\"parentId\":null,\"fields\":{\"57\":\"RKD Interiors is a market leading interior architecture firm based in Dublin. The team, led by Justin Treacy, consists of the very best in creative Architects and Interior Designers who work collaboratively with the in-house support team of Designers, Technicians & CAD \\/ BIM Coordinators and the wider resource and expertise of RKD Architects. At the core of their philosophy is a practical and pragmatic approach to delivering the best environments for the most appropriate capital outlay. Having worked with RKD Interiors on numerous occasions in the past, we were aware of the exacting standards that were expected from the outset on this collaboration.\\n\\nThe project was pitched as a real shop window fitout to showcase RKD\\u2019s standard and design capability to prospective visiting RKD Clients and we approached the project like any other: to deliver best in market product with zero defects at handover. Covering 6,000 sq ft over 3 floors, the work scope comprised of inspirational studios to the 1st and 2nd floors, with areas designated for collaboration and huddle meetings allowing the designers to get creative with a bespoke staff caf\\u00e9, meeting rooms and social spaces based on the Ground Floor.\\n\\nThe overall brief was to produce a comfortable, modern and above all functional workspace with a professional design that exceeds expectations even in an area such as Baggot St. where high end eateries and businesses are the norm. One of the key features, as part of RKD interiors on-going commitment to a greener work environment, was to provide ample, secure bike storage for staff. Not only has this been achieved but it has also become a real design focal point, which upon entry sets a modern and progressive tone. Other features include the herringbone flooring which seamlessly combines durability with design, the increasingly popular crittal glazing and bespoke joinery throughout. In addition, you will find numerous design touches, as you would expect of an RKD interiors design, such as the exposed swag cabling to the lights in the cafe to give the illusion of extra height, the plywood routered RKD logo at entry with integrated shelving and the comfortable lounge located midway through the ground floor.\\n\\nThe project was delivered in 5 weeks following a 1-week pre-construction and mobilisation period.\",\"60\":\"Bespoke feature joinery and glazed partition packages\\nNumerous floor finishes running seamlessly throughout\\nStaff \\u201cCafe\\u201d\\nInternal, secure bike park\\n2 floors of bright, modern studio space\\nM&E and IT upgrades throughout\\nTurnkey furniture package\",\"56\":\"Ballsbridge, Dublin 4\",\"61\":\"Working with Sonica was a great experience. We would like to thank the team for delivering for such demanding taskmasters, for working with us to realise and achieve our design in a very tight timeframe, and for making the whole delivery process a thoroughly enjoyable and fun experience for us all.\",\"62\":\"Liat Greenhot, RKD Interiors\",\"58\":\"600m2 over 3 floors\",\"59\":\"1-week pre-construction\\n5 weeks on-site\"}}', '2018-02-15 17:44:21', '2018-02-15 17:44:21', '3ab9269e-253c-4bce-b7c9-bf08ead0dfbd'),
 ('63', '117', '16', '1', 'en_ie', '1', NULL, '{\"typeId\":\"16\",\"authorId\":\"1\",\"title\":\"Fitter Faster Stronger\",\"slug\":\"fitter-faster-stronger\",\"postDate\":1518716661,\"expiryDate\":null,\"enabled\":1,\"parentId\":null,\"fields\":{\"57\":\"Established only 3-years ago, Fitter Faster Stronger (FFS)\\u00a0is now one of the leading specialist facilities in Dublin providing personal one-on-one or group training\\u00a0across a range of classes and exercise types, from total body strength to full metabolic conditioning.\\n\\nHaving successfully completed FFS\\u2019s original gym refurbishment in 2016, and due to their phenomenal expansion and growth, we were delighted to be appointed by the Management Team in FFS to develop and complete their 2nd bespoke premises inside of 18-months.\\u00a0 Working with Courtney McDonnell Design, we were delighted to take on the brief of creating a new space which motivates, engages and pushes personal goals to the highest level whilst also realising the strong branding the FFS model carries.\\n\\nThe space is divided into three main parts \\u2013 the gym, utility space and break & members areas. \\u00a0Works included the strip out & demolitions of the entire old premises followed by full M&E installation (to include a DMX programmable lighting system defined by gym instructors to suit mood or event), bespoke feature flooring across\\u00a0different surfaces, extensive landscaping works at the rear gardens to become an outdoor training area, complete joinery co-ordination of utility space and members area and a personalised graphics package to enhance the members workouts and provide guidance through the whole space.\",\"60\":\"Complete strip out of all incumbent areas\\nFull M&E installation with programmable DMX ambiance lighting\\nBespoke feature flooring\\nExtensive landscaping works to external gym area\\nD&B joinery & upholstery package\\nGraphics co-ord and installation\",\"56\":\"Leeson Street\",\"61\":\"The level of professionalism and proficiency on the first project we carried out with Sonica Fitout really impressed us, hence the reason why we went back to them for our 2nd premises. The entire fitout was completed on an aggressive timeline with multiple moving parts, but the team here at FFS are once again delighted with the finished product that was achieved, it looks awesome!\",\"62\":\"Rory McInerney, Managing Director, FFS\",\"58\":\"Complete Basement to Georgian Building, Lesson St.\",\"59\":\"1-week Pre-construction\\n6 weeks on-site\"}}', '2018-02-15 17:44:21', '2018-02-15 17:44:21', 'c5d6ebc0-d23d-4441-b5cf-acd68d985c55'),
 ('64', '118', '16', '1', 'en_ie', '1', NULL, '{\"typeId\":\"16\",\"authorId\":\"1\",\"title\":\"Private Client\",\"slug\":\"private-client-3\",\"postDate\":1518716661,\"expiryDate\":null,\"enabled\":1,\"parentId\":null,\"fields\":{\"57\":\"Sonica Fitout was appointed by CBRE to act as Main Contractor for the refurbishment and upgrade of this 5th floor Corporate office space located at East Point Business Park in Dublin.\\n\\nThe Client\\u2019s fitout requirements were driven by an internal review to develop new ways of working. The challenge was to take these findings and ideas and bring them into a layout scheme that realised all their requirements whilst also increasing headcount within the floor space. Our project brief then consisted of the demolition and re-build of the existing layouts, installation of new branded specialist joinery items throughout the floor, a vibrant colour theming and graphics package co-ordination, installation of new glazed partitions including folding walls with modifications to the existing data infrastructure and the mechanical and electrical services of the space.\\n\\nThe completed office space now promotes the Client\\u2019s identity and provides a new fresh working space for staff.\",\"60\":\"Extensive Feature Joinery Package\\nData Infrastructure Installation\\nM&E Services Modification\\nNumerous Floor Finishes running seamlessly throughout\\nCorporate Signage & Brand Identity\",\"56\":\"East Point Business Park, Dublin 3\",\"61\":\"\",\"62\":\"\",\"58\":\"1,500m2\",\"59\":\"2-week Pre-Construction\\n5 weeks Build Management On-Site\"}}', '2018-02-15 17:44:21', '2018-02-15 17:44:21', '1ba04e25-98bc-4ace-8f43-2435900531f2'),
 ('65', '119', '16', '1', 'en_ie', '1', NULL, '{\"typeId\":\"16\",\"authorId\":\"1\",\"title\":\"M & S Simply Food\",\"slug\":\"m-s-simply-food\",\"postDate\":1518716661,\"expiryDate\":null,\"enabled\":1,\"parentId\":null,\"fields\":{\"57\":\"M&S Simply Food are an off-shoot of the famous high street British multinational specialising on high quality grab-and-go ready meal ranges and every day food selections.\\n\\nThis project consisted of the fitout from shell and core of the new M&S Simply Food outlet in Dublin\\u2019s Heuston Train Station. Works revolved around the installation of new M&E services, flooring, internal partitions, decorations, PoS counters, feature joinery, product refrigeration, the co-ordination of Client direct vendors and the installation of internal and external corporate graphics.\\n\\nA carefully considered site management & works execution plan was key to the success of the project with close co-ordination with Station management while works progressed in the busy station.\",\"60\":\"New M&E services installation\\nFeature joinery package\\nM&S corporate graphics install\\nExposed ceilings throughout\\nLIVE station working environment\\nClient Direct vendor management\",\"56\":\"Dublin 8\",\"61\":\"Just a quick note to compliment and acknowledge the efforts of your Team on the Heuston Station M&S project. These types of projects are not simple, particularly from a co-ordination view point, but your Team demonstrated professionalism and proactive thinking in dealing with any issue that arose and delivered the project on programme. It has been great working with you right through the project and we look forward to working with Sonica again in the future.\",\"62\":\"Stephen Crean, Linesight PM\",\"58\":\"200m2\",\"59\":\"1-week Pre-construction\\n5 weeks on-site\"}}', '2018-02-15 17:44:21', '2018-02-15 17:44:21', '4838d902-3171-487c-8951-6f17a5ffe859'),
 ('66', '120', '16', '1', 'en_ie', '1', NULL, '{\"typeId\":\"16\",\"authorId\":\"1\",\"title\":\"Wipro\",\"slug\":\"wipro-1\",\"postDate\":1518716661,\"expiryDate\":null,\"enabled\":1,\"parentId\":null,\"fields\":{\"57\":\"Since entering the Irish market in 2015, WIPRO have gone from strength to strength securing substantial projects for their ever increasing Client base. This success has been met with a rapid increase in head count and exponential office space requirement.\\n\\nHaving just completed their initial 30k sq.ft. office in Dublin\\u2019s Elm Park in 2015, we were delighted to build upon and advance the great working relationship we had developed with both their International and Local Teams when they appointed us again as their Turnkey D&B Fitout Specialist for their new expansion offices in Ballsbridge.\\n\\nThe brief was to capture the look and feel of what we had been previously delivered for them on the Elm Park project, but to take that blue print and move it on to the next level again \\u2013 no easy task if you were to look at the completed space in Elm Park!\\n\\nAt 20k sq.ft. and running concurrently over two floors, works were undertaken in a multi-tenanted office development with continual intensive daily co-ordination with the sitting Campus Management Team. Added to the time sensitive nature of the project was the Client\\u2019s \\u201cnot-to-exceed\\u201d occupation date which was a key consideration in our aggressive construction programme.\\n\\nDue to the high degree of cellularisation to form the various offices, meeting spaces, VC Rooms & Executive Boardrooms, the mechanical scope required considerable addition to the primary Landlord ventilation provisions via. intensive upgrades, modelling and building control integration.\\n\\nThe project scope also included a large specialist joinery component, an extensive canteen space with exposed ceilings and feature lighting throughout, bespoke reception area, feature hard and soft floorings, substantial active IT solution, a fully redundant IT backbone install with UPS back up to main comms room, high-end Corporate level access control and security install, A\\/V delivery and a full furniture installation across the complete dual floor plate.\\n\\nWe wish Wipro continued success in their newest home and look forward to representing them again in their next round of expansions.\",\"60\":\"Sonica PM\\nFull Design Realisation and Co-ordination with International Design Team\\nLandlord Approval and Grant of Licence to Alter\\nLocal Design Team Appointment & Management as Lead Consultant\\nComplete Project Financial Control & Package Management\\nClient Direct Vendor Engagement and Management\\nStaff Migration & Move Management\",\"56\":\"Ballsbridge\",\"61\":\"The bittersweet time has come to say thank you and farewell (albeit for now!) to the formidable & fantastic team that is Sonica. We can\\u2019t thank you enough for your dedication, enthusiasm and flexibility over the last year. We have worked together through different time zones, deadlines and (at times!) style preferences to ultimately create two unique Office environments which epitomise the Spirit of Wipro.\\n\\nThanks for sharing your vision with us and for the friendship that we\\u2019ve formed.\",\"62\":\"Trish Buckley, Admin. Manager, WIPRO Europe\",\"58\":\"2,000m2\",\"59\":\"6 weeks design\\n4 weeks pre-con\\n10 weeks on-site\"}}', '2018-02-15 17:44:21', '2018-02-15 17:44:21', '85bbecd0-2570-4007-bbca-50001a63d505'),
 ('67', '121', '16', '1', 'en_ie', '1', NULL, '{\"typeId\":\"16\",\"authorId\":\"1\",\"title\":\"Anya Hindmarch\",\"slug\":\"anya-hindmarch\",\"postDate\":1518716661,\"expiryDate\":null,\"enabled\":1,\"parentId\":null,\"fields\":{\"57\":\"Founded in 1987, Anya Hindmarch has grown into a global brand with more than 45 stores including flagship outlets in New York, London, Tokyo and LA. Known for blending wit and creativity with the finest craftsmanship and innovative leatherwork techniques, they are stocked in many of the world\\u2019s best retail stores, from Barney\\u2019s in New York to BoonTheShop in Korea.\\n\\nFollowing receipt of our outline brief, we were appointed to create a unique, bespoke new store for the brand in Kildare Village coupled with the strip out, surrender and relocation of the existing store within the campus. The new store was a complete turn key fitout from \\u201cgrey box\\u201d to open for business. The works comprised of new flooring details, changing room marketing and sales displays and complete joinery coordination as well as mechanical and electrical installation.\\n\\nThe completed project reflects Anya Hindmarch\\u2019s extraordinary identity with strong emphasis on minimalistic detail and a high level of finishes throughout.\",\"60\":\"Extensive feature joinery package\\nStunning solid oak herringbone flooring\\nBespoke glazed partition solution\\nM&E and IT upgrades throughout\\nLive Building working environment\\nTurnkey furniture package and Client migration\",\"56\":\"Kildare Village\",\"61\":\"\",\"62\":\"\",\"58\":\"100m2\",\"59\":\"1-week pre-construction\\n8 weeks on-site\"}}', '2018-02-15 17:44:21', '2018-02-15 17:44:21', '6b1915fb-f0f3-48f5-b967-670a46a2a3f4'),
 ('68', '122', '16', '1', 'en_ie', '1', NULL, '{\"typeId\":\"16\",\"authorId\":\"1\",\"title\":\"Private Client\",\"slug\":\"private-client-4\",\"postDate\":1518716661,\"expiryDate\":null,\"enabled\":1,\"parentId\":null,\"fields\":{\"57\":\"We are delighted to showcase the successful completion of a new 30k sq.ft. Corporate HQ office in Dublin\\u2019s Citywest Business Campus for a Private Sonica Client, the results of which are absolutely stunning.\\n\\nOur brief took the project from an existing Landlord CAT-A finish (which was fully stripped out) to their fitted out Corporate HQ in 14 weeks from appointment.\\n\\nWorks were undertaken in a multi-tenanted office development with continual intensive daily co-ordination with the sitting Campus Management Team. Added to the time sensitive nature of the project was the Client\\u2019s \\u201cnot-to-exceed\\u201d occupation date which was a key consideration in our aggressive construction programme.\\n\\nDue to the high degree of cellularisation to form the various offices, meeting spaces and executive boardrooms, the mechanical scope required considerable addition to the primary Landlord ventilation provisions via. intensive upgrades, modelling and building control integration.\\n\\nThe project scope also included a large specialist joinery component, an extensive \\u201cTown Hall\\u201d meeting space with feature exposed ceilings and feature lighting throughout, bespoke reception area, feature hard and soft floorings, substantial active IT solution, a fully redundant IT backbone install with UPS back up to main comms room, gymnasium installation, high-end Corporate level access control and security install, A\\/V delivery and a full furniture installation across the complete floor plate.\",\"60\":\"Design and VE development to suit budget parameters\\nInternational collaboration with multiple project stakeholders\\nCo-ordination with local Team on relocation deliverables\\nComms room commissioned and complete 2 weeks before handover to allow Client IT access.\",\"56\":\"Citywest\",\"61\":\"\",\"62\":\"\",\"58\":\"3,000m2\",\"59\":\"4 weeks pre-construction\\n10 weeks on site\"}}', '2018-02-15 17:44:21', '2018-02-15 17:44:21', '6a2fcf9c-5a20-4921-94f3-daa526c1b5d1'),
 ('69', '123', '16', '1', 'en_ie', '1', NULL, '{\"typeId\":\"16\",\"authorId\":\"1\",\"title\":\"AIG\",\"slug\":\"aig\",\"postDate\":1518716661,\"expiryDate\":null,\"enabled\":1,\"parentId\":null,\"fields\":{\"57\":\"AIG Europe Limited is a provider of innovative products and services, including car, property, travel, health and identity theft insurance products to more than half of the country\\u2019s top 100 companies as well as many public and private sector organisations and tens of thousands of individuals. They are also the proud main sponsor of the Dublin GAA Team #BackingEveryStep\\n\\nWorking in their Irish HQ offices in the IFSC, our brief comprised of the removal and replacement of the complete existing building ventilation system followed by retro-install of a new AC system with associated architectural and electrical works. The brief also included a full upgrade of all WCs throughout the building, installation of new mechanical chilling plant at roof level, a fixed line system for roof access, Landlord common area refurbishment and a complete re-design and fitout of the 3rd Floor office space. All works were conducted within a live, fully occupied building environment.\\n\\nThe new office design placed emphasis on increased Team collaboration with all new open plan workstations, meeting rooms, offices, boardrooms, flexible spaces, staff kitchens & canteen areas, breakout areas and a number of bespoke \\u201cTech Bars\\u201d all part of the required brief.\\n\\nEffective use of space was an issue in the previous office so the new office was designed with ample storage capabilities to reduce clutter. The overall look and feel of the completed offices are fresh, professional and welcoming with spectacular views across Dublin city.\\n\\nThe whole project was completed within the agreed tender time frame of 22 weeks.\",\"60\":\"Variety of work settings and collaboration spaces\\nExtensive M&E Remodel & Upgrade\\nHigh quality joinery\\nWorks in fully occupied building over 5-floor plates\\nManagement of Client Direct vendors into master programme of works\",\"56\":\"IFSC, Dublin\",\"61\":\"On behalf of the PM team, I would like to convey our thanks to the Sonica team for a job well done. A special word of thanks to your Construction Manager, Ray McCaul, for his 100% commitment in achieving PC. This was a challenging project on a number of fronts and this achievement is not to be underestimated.\",\"62\":\"Allan Murphy, Director, Scott-Murphy. Client PM\",\"58\":\"8,000m2\",\"59\":\"22 weeks on site\"}}', '2018-02-15 17:44:21', '2018-02-15 17:44:21', '7493a59c-16f7-42d5-88a5-fc6c0fe95373'),
 ('70', '124', '16', '1', 'en_ie', '1', NULL, '{\"typeId\":\"16\",\"authorId\":\"1\",\"title\":\"Sonica Fitout\",\"slug\":\"sonica-fitout\",\"postDate\":1518716661,\"expiryDate\":null,\"enabled\":1,\"parentId\":null,\"fields\":{\"57\":\"We are delighted to showcase the completion of our new Head Office in Kingram Place, at the heart of Fitzwilliam Square in Dublin City Center.\\n\\nWorks commenced in January 2016 and were completed in a hugely impressive 5-week programme led by our D&B CM Colin Kirwan. Calling on our most trusted of trade contract partners, we have succeeded in creating what we feel is an office that\\u2019s truly worthy of the people that occupy it. It is everything we are as a Company: unique, unconventional, unexpected, refreshingly modern and forward thinking.\\n\\nThe fitout is nothing short of breath taking. Justin Treacy and Liat Greenhot of RKD Interiors have taken the vibrancy and energy of the Sonica brand and brought it to life with a myriad of individual features and wonderful ideas. From the floor-to-ceiling trapezoidal wall panelled boardroom to a 10m long 3-D snake bench with over 300 individually milled vertical components in the Ops Area, there is simply nothing like it in the City.\\n\\nWe can\\u2019t wait to show you around what is a great place to work and even better place to visit!\",\"60\":\"Unique custom made trapezoidal Boardroom wall panelling\\nCompletely bespoke joinery throughout the entire office\\nFeature operator workstation desking & storage units\\nWifi controlled lighting control system for user defined mood and colour settings\\nExtensive graphics and artwork package\\nCustom laid vinyl plank flooring to feature guest Reception\\nComplete A\\/V solution to Boardroom, Breakouts and Reception.\",\"56\":\"Kingram Place, Dublin 2\",\"61\":\"This office is our showroom, our statement of \\\"Hey, look what we can do!\\\" and it does that all in spades. We love seeing peoples reactions when they visit because they are just simply blown away with the ideas and concepts, the intricacies of the work and the overall finished product. In almost 20-years of fitout, I\'m happy to say there is simply nothing like it anywhere else, which is what we at Sonica are all about.\",\"62\":\"Donnacha Neary, Managing Director\",\"58\":\"350m2\",\"59\":\"5 weeks on site\"}}', '2018-02-15 17:44:22', '2018-02-15 17:44:22', 'cdbbc1ba-23bd-4d9b-8cc3-48e78ad5caf1'),
 ('71', '125', '16', '1', 'en_ie', '1', NULL, '{\"typeId\":\"16\",\"authorId\":\"1\",\"title\":\"Ellucian\",\"slug\":\"ellucian\",\"postDate\":1518716662,\"expiryDate\":null,\"enabled\":1,\"parentId\":null,\"fields\":{\"57\":\"Ellucian provide the software, services and analytics needed to manage campus businesses faster, easier and more effectively. Serving 2,400 institutions in 40 countries across the globe, they selected Sonica Fitout as their partner for the fitout of their new Irish HQ in Dublin.\\n\\nThe project commenced with the demolition and strip out of existing finishes and M&E services on one of the upper floors of this multi-tenanted, fully occupied live building. The pre-planning and logistical management of this significant operation ran hand-in-hand with the simultaneous upfront procurement of specialist packages required for the fitout.\\n\\nThe intricate design of the space encompassed features on all flat surfaces, from the multi-layered flooring finishes to the varied hard and soft textures on partitions and walls throughout. The open plan desking has privacy screens and operator chairs matched with selected fabrics to accentuate the colour scheme of the Company\\u2019s brand. Ceilings were a blend of exposed concrete slabs interspersed with raft formed lay in grids to pick out areas below. A full M&E, IT and A\\/V brief fell under our remit with Sonica also co-ordinating the Client furniture delivery, load-out and installation.\\n\\nThe completed space gives staff the use of finished huddle rooms, spacious canteens and tea stations, open collaboration areas, V-Con Rooms, Exec Boardrooms and quiet cellular offices. The project was delivered on-programme and within the agreed Contract Sum. More importantly, it was a hugely enjoyable experience for us thanks to a fantastic Client that empowered their Design Team to \\u201cgo big\\u201d with their imagination and trusted us to realise their vision for the completed work space.\\n\\nThe end product is truly spectacular, one that we are hugely proud of and delighted to show case.\",\"60\":\"Substantial feature joinery package\\nAcoustically rated glazed partition solution with bespoke manifestations\\nComplete M&E refit with Data \\/ Active IT rewire part of brief\\nMultiple floor finishes, hard and soft\\nCo-ordination with sitting tennants and Landlord teams all through construction\\nSnag free hand back\",\"56\":\"Marine House, Dublin 2\",\"61\":\"A very detailed piece of work taken on and delivered against an aggressive programme driven by our Client\'s not to be missed occupational requirements. You guys made it all look easy.\",\"62\":\"Neil McGovern, Project Manager & Client Rep. Jones Lang LaSalle\",\"58\":\"1000m2 floor plate\",\"59\":\"7 weeks on-site from start to full Client occupation\"}}', '2018-02-15 17:44:22', '2018-02-15 17:44:22', '3f8fa514-d4f5-43e9-a448-e81404245cc8'),
 ('72', '126', '16', '1', 'en_ie', '1', NULL, '{\"typeId\":\"16\",\"authorId\":\"1\",\"title\":\"Ticket Master\",\"slug\":\"ticket-master\",\"postDate\":1518716662,\"expiryDate\":null,\"enabled\":1,\"parentId\":null,\"fields\":{\"57\":\"Ticketmaster is the world\\u2019s largest ticket distribution company,\\u00a0providing event\\u00a0tickets for more than 10,000 Promotors whose productions range from professional wrestling matches and rock concerts to Broadway shows and operas.\\n\\nOur brief was to deliver a vibrant and invigorating work space for the Company\\u2019s employees at the new Ticketmaster Ireland HQ. \\u00a0The works entailed the fit-out to an existing unit which involved strip out and demolitions of the previously occupied space, the installation of all new wall partitions, floor finishes, internal decoration, M&E service\\u00a0installations and a complete office furniture solution. \\u00a0The design of the working environment is predominantly open plan to allow for collaborative interaction and employee connectivity, but strategically placed workstations and cellular meeting spaces ensure that teams retain their structure within the overall environment.\\n\\nFeatures of the design include a spacious staff kitchen and breakout area, a specialised digital meeting \\/ training room, boardroom, numerous meeting rooms, a secure ticket print \\/ store room and a reception area with \\u201cBolon\\u201d wall and bespoke desk. \\u00a0In keeping with Ticketmasters corporate brand identity, large scale graphics fill the walls at every vantage point, reinforcing the culture of the company and adding energy and colour to the space.\\n\\nThe project was delivered in\\u00a06 weeks following an accelerated pre-construction and mobilisation period to meet the Clients set in stone move in date.\",\"60\":\"Bespoke specialised joinery with numerous unique finishes and materials\\nInternational collaboration with Ticket Master\\u2019s overseas steering group\\nCorporate signage & brand identity\\nManagement of Client direct vend packages\",\"56\":\"Grafton House, Grafton Street\",\"61\":\"\",\"62\":\"\",\"58\":\"600m2\",\"59\":\"2 weeks pre-con\\n6 weeks on site\"}}', '2018-02-15 17:44:22', '2018-02-15 17:44:22', 'ec685a82-fbb2-45b6-9298-d473fdcd3afb'),
 ('73', '127', '16', '1', 'en_ie', '1', NULL, '{\"typeId\":\"16\",\"authorId\":\"1\",\"title\":\"Wipro\",\"slug\":\"wipro-2\",\"postDate\":1518716662,\"expiryDate\":null,\"enabled\":1,\"parentId\":null,\"fields\":{\"57\":\"Wipro Ltd is a global information technology, consulting and outsourcing company with 158,217 employees serving clients in 175+ cities across 6 continents. The company posted revenues of $7.5 billion for the financial year ended Mar 31, 2015.\\n\\nFollowing their announcement to move into the Irish market, they selected Sonica as their turn key D&B contractor for the design and fitout of their new 240-seater office in the spectacular Elm Park OBA in Dublin.\\n\\nOur Design and Build brief took the project from initial space planning for Lease negotiation, to Landlord consent phase, through to detailed design, costing, planning, constructing and overall hand-back. The complete project life cycle, managed from start-to-finish by Sonica.\\n\\nWorks were undertaken in the top 3-floors of the OBA building with management of logistics and daily co-ordination with the sitting Building Management Team a key consideration in the development of our aggressive construction programme.\\n\\nA high degree of cellularisation in forming the various manager offices, meeting spaces, huddle rooms and executive boardrooms required considerable addition to the Landlords naturally conditioned eco-building ventilation strategy via. intensive modelling and BMS integration. The project scope also included a large specialist joinery component, stone flooring, substantial active IT solution, a fully redundant IT backbone install, Comms Room UPS, digital monitoring, building security, A\\/V delivery and a complete furniture installation across 3-floor plates.\\n\\nThe project was run with fully transparent financials, with the Client retaining all expenditure authorisation throughout the build process via their internationally issued PO\\u2019s. The completed works were delivered below the original approved budget tabled at Design completion stage.\",\"60\":\"International collaboration at design phase to achieve Client design goals.\\nOpen plan financials with project delivered on time and below budget.\\nComms room commissioned and complete 3 weeks before handover to allow Client IT access.\\nClient direct vendors were managed into our overall programme to ensure complete co-ordination of overall project completion.\",\"56\":\"Elm Park, Dublin\",\"61\":\"Every member of their Project Delivery Team remained a hugely visible resource to us all through the complete project life cycle and the final results speak for themselves. We cannot speak highly enough of the manner in which they completed this project.\",\"62\":\"Paul Quinn, BKD Architects.\",\"58\":\"3,000m2\",\"59\":\"6 weeks design\\n8 weeks on site\"}}', '2018-02-15 17:44:22', '2018-02-15 17:44:22', '1ba4a108-f291-4ea4-9dcc-eb5c4f51b172'),
 ('74', '128', '16', '1', 'en_ie', '1', NULL, '{\"typeId\":\"16\",\"authorId\":\"1\",\"title\":\"Blackrock Investments\",\"slug\":\"blackrock-investments\",\"postDate\":1518716662,\"expiryDate\":null,\"enabled\":1,\"parentId\":null,\"fields\":{\"57\":\"Blackrock is trusted to manage more money than any other investment firm with over 135 teams in 30 countries sharing their best thinking to seek better returns for their clients. As the worlds largest investor, they currently manage in excess of 7,700 portfolios comprising $4.72T of assets.\\n\\nFollowing the expansion of their Irish Team, they selected Sonica as main contractor for their office relocation project as they transferred their Dublin operation from Barrow St. to larger offices in Ballsbridge.\\n\\nOur brief took the project from an empty \\u201cgrey box\\u201d to their fully fitted out Corporate HQ in 14 weeks from appointment.\\n\\nWorks were undertaken in a multi-tenanted fully occupied building with continual intensive daily co-ordination with the sitting Building Management Team and other tenants a key consideration in the development of our aggressive construction programme.\\n\\nDue to the high degree of cellularisation to form the various manager offices, meeting spaces and executive boardrooms, the mechanical scope required considerable addition to the primary Landlord ventilation provisions via. intensive upgrades, modelling and BMS integration. The project scope also included a large specialist joinery component, a bespoke reception area, feature hard and soft floorings, substantial active IT solution, a fully redundant IT backbone install, Comms Room UPS & downflow A\\/C, programmable SCADA digital monitoring, high-end Corporate level access control and security install, A\\/V delivery and a full furniture installation across the complete floor plate.\\nAll works were completed on-time against an aggressive delivery programme and within the agreed budget parameters.\",\"60\":\"International collaboration with UK led Design Team\\nCo-ordination with sitting tenants and Landlord Teams throughout the construction period\\nComms room commissioned and complete 2 weeks before handover to allow Client IT access.\\nClient direct vendors were managed into our overall programme to ensure complete co-ordination of the overall project completion\",\"56\":\"Ballsbridge\",\"61\":\"\",\"62\":\"\",\"58\":\"1,000m2\",\"59\":\"4 weeks Pre-Con\\n10 weeks on site\"}}', '2018-02-15 17:44:22', '2018-02-15 17:44:22', 'ac871e80-e16f-499e-a091-0079781e2bb9'),
 ('75', '129', '16', '1', 'en_ie', '1', NULL, '{\"typeId\":\"16\",\"authorId\":\"1\",\"title\":\"Nissan\",\"slug\":\"nissan\",\"postDate\":1518716662,\"expiryDate\":null,\"enabled\":1,\"parentId\":null,\"fields\":{\"57\":\"Nissan has been at the forefront of the Irish motor industry since their arrival into Ireland in 1977, a feat that is achieved by a potent combination of aggressive sales and marketing strategies coupled with an extremely strong customer service philosophy.\\n\\nAs part of their continual commitment to maintaining top-end customer experiences in their network of dealer garages, the Company embarked on a programme of refurbishment on four of their flag-ship premises in Deansgrange, Liffey Valley, Airside Swords and Tallaght. We were delighted to be selected by Nissan and their extended Professional Team to carry out this exciting multi-location works programme.\\n\\nThe works centred on the strip out and replacement of key features and finishes in the existing garages to raise their already impressive profiles. This was achieved by the introduction of a new bespoke A\\/V installation, a feature lighting overhaul, addition of glazed meeting rooms for customer interaction, a total hard-flooring uplift and replacement, new joinery, soft furnishings and a full redecoration to create a completely new look-and-feel.\\n\\nThe biggest challenge was to carry out these works, against 4-separate and standalone aggressive installation programmes, whilst the garages remained open for business during the refurbishment process.\\n\\nIt is a testament to the on-site management from the Sonica Operations Team that the projects were not only all completed on-time, but the positive impact achieved through the high-quality of the finished works exceeded Nissan\\u2019s initial expectations for these flag-ship finished garages.\",\"60\":\"Full strip out of existing finishes carried out inside LIVE working garages\\nSubstantial out of hours working to facilitate Sales Operations\\nCo-ordination of Client direct international suppliers\\nPhased programming to allow staggered completion of garages\",\"56\":\"Dublin\",\"61\":\"We developed a very good relationship with Sonica during the course of our recent multi-location refurbishments. We felt that the lines of communication were always open, their Team were very responsive to our various queries whilst remaining extremely flexible, but most importantly they shared our passion and commitment for the project at hand. We are simply delighted with the final product.\",\"62\":\"Ian Moran, Group Financial Accountant\",\"58\":\"4 no. garages of 1500m2 each\",\"59\":\"4 weeks per garage\\n16-week overall programme\"}}', '2018-02-15 17:44:22', '2018-02-15 17:44:22', 'a974c7a5-39a9-4a4d-8afe-70c7c450db90'),
 ('76', '130', '16', '1', 'en_ie', '1', NULL, '{\"typeId\":\"16\",\"authorId\":\"1\",\"title\":\"Private Client\",\"slug\":\"private-client-5\",\"postDate\":1518716662,\"expiryDate\":null,\"enabled\":1,\"parentId\":null,\"fields\":{\"57\":\"Our Client is one of Ireland\\u2019s leading providers of advanced information technology, products, services and business consulting expertise. They are dedicated to helping their Clients innovate and succeed through the end-to-end transformation of their business models and the application of innovative technology and business solutions.\\n\\nOur brief comprised of the creation of a new customer experience room at their main operations facility in Dublin. Works were undertaken within this heavily occupied building with continual intensive daily co-ordination with the on-site Building Management Team. The existing space was previously used as a games area, the new fit-out required strip out of all existing finishes to provide a significant AV installation to the room, together with extensive modifications to the \\u201cStreet\\u201d circulation and access areas. An associated AV room and Store Room was also constructed.\\n\\nThe finished product is a sleek modern fitout and the use of corporate colours throughout the design is a bold injection into what was previosuly a neutral space. Some highly technical features on the project included a bespoke free standing feature wall that was constructed with a steel frame and wrapped in toughened back painted glass to act as a divider in the room to separate the space. A custom built curved glass ramp was also provided and hanging feature oval lights are an uplifting addition.\\n\\nThe project was completed within the agreed tender time frame of 5 weeks.\",\"60\":\"Bespoke free standing feature wall\\nSpecialist feature lighting\\nHi-Tech AV interactive and communications systems\\nCurved glass access ramp\",\"56\":\"Dublin\",\"61\":\"\",\"62\":\"\",\"58\":\"150m2\",\"59\":\"5 weeks on site\"}}', '2018-02-15 17:44:22', '2018-02-15 17:44:22', 'ab1e6155-1b4d-4530-b2cc-6b39e8e45a6f'),
 ('77', '131', '16', '1', 'en_ie', '1', NULL, '{\"typeId\":\"16\",\"authorId\":\"1\",\"title\":\"Guinness Storehouse\",\"slug\":\"guinness-storehouse\",\"postDate\":1518716662,\"expiryDate\":null,\"enabled\":1,\"parentId\":null,\"fields\":{\"57\":\"Spread over 4-floors, works ran concurrently in Ireland\\u2019s No. 1 Tourist attraction \\u2013 a building with 5,000 visitors daily.\\n\\nIndividual work areas were the Visitor Experience Center, Group Orientation area, Arthur Guinness Room, Business Center refurbishment, Project Taste Experience, Arrol Bar refurbishment, Red Jacket retail Fitout, Ground Floor signature St. James\\u2019s Gate Replica and a full mezzanine retail area re-fit.\\n\\nProject Taste included conceptual \\u201cScent Oscillator\\u201d columns, developed and designed specifically for the new Taste Experience exhibition. The main ingredients used to brew Guinness were vaporized to enhance the overall visitor sensory experience in tasting the beer.\\n\\nInteractive A\\/V screens in The Arthur Guinness Room that speak to visitors as they pass. Screen chassis\\u2019s concealed within feature wall paneling and triggered from ceiling disguised presence detectors.\\n\\nA full size replica of the iconic St. James\\u2019s Gate was installed in the main Ground Floor visitor reception area.\\n\\nRestoration of historic Guinness photography for scanning and printing onto full size extended wall murals installed in the Group Reception Area.\\n\\nMillwork fabricated from reclaimed sources to preserve the antique feel of several feature joinery pieces.\",\"60\":\"Multi-Trade Interaction and Co-ordination\\nManagement of incumbent contractors within main fitout programme\\nExtensive OOH Works to accommodate visitor traffic\\nConcept Design Development\\nInteraction with Several Design Teams across concurrent projects\",\"56\":\"St James\\u2019s Gate, Dublin 8\",\"61\":\"We wanted this scheme to become the best place to taste Guiness Worldwide. The outcome conceived and developed by your installation team is simply outstanding. It has exceeded all my expectations. I love Taste, but more importantly, our visitors love it.\",\"62\":\"Paul Carthy, Managing Director, Guinness Storehouse\",\"58\":\"Multiple individual work areas spread over 4-separate floors.\",\"59\":\"22 weeks on site\"}}', '2018-02-15 17:44:22', '2018-02-15 17:44:22', 'aaa53f80-7c7f-4682-9788-856e6cc0299e'),
 ('78', '132', '16', '1', 'en_ie', '1', NULL, '{\"typeId\":\"16\",\"authorId\":\"1\",\"title\":\"Fitter Faster Stronger\",\"slug\":\"fitter-faster-stronger-1\",\"postDate\":1518716662,\"expiryDate\":null,\"enabled\":1,\"parentId\":null,\"fields\":{\"57\":\"Having only formed in 2013, Fitter Faster Stronger (FFS) is now widely regarded as the pre-eminent Strength, Metabolic Conditioning and Functional Training Facility in the Capital.\\u00a0 Founded by Rory McInerney and Ciaran Ruddock, they have already cultivated a unique brand, a large Twitter following and a dedicated membership that has christened their training facility \\u201cThe Home of Hard Work\\u201c.\\n\\nAs part of their expansion and continual brand development, we were hugely enthusiastic to be engaged for their gym refurbishment project on Leeson St.\\u00a0 With three of the Senior Sonica management staff already dedicated members of the gym, we were delighted to be able to offer some of our expertise back in return for the countless hours of training and coaching we had received from the FFS Team.\\n\\nThe brief was to draw heavily from the already established branding and colouring of the FFS logo, and transfer that strength of identity into the various training areas of the gym.\\u00a0 The results are clean, sharp surfaces throughout with extensive motivational branding & calls to action.\",\"60\":\"Concept development\\nDesign and off-site fabrication\\nExtensive branding and signage\\nBespoke branded cabinetry and joinery\\nFeature Gym Flooring\",\"56\":\"Leeson Street\",\"61\":\"The level of professionalism and proficiency astounded us on this project. The entire revamp was completed on an aggressive timeline, a 36 hour period, in order to minimise downtime for our Clients. The team at FFS are all delighted with a gym that is now more functional, but also looks awesome!\",\"62\":\"Rory McInerney, Managing Director, FFS\",\"58\":\"Basement area, City Centre Location.\",\"59\":\"The project was fully designed and off-site fabricated, assembly occurred on-site over a single out-of-hours weekend to accommodate the extensive gym class schedule.\"}}', '2018-02-15 17:44:22', '2018-02-15 17:44:22', '9934283a-7e2d-4d61-a810-f498c592c104'),
 ('79', '133', '16', '1', 'en_ie', '1', NULL, '{\"typeId\":\"16\",\"authorId\":\"1\",\"title\":\"Ballsbridge Park\",\"slug\":\"ballsbridge-park\",\"postDate\":1518716662,\"expiryDate\":null,\"enabled\":1,\"parentId\":null,\"fields\":{\"57\":\"Landlord refurbishment project to recondition the building atrium and main reception, all lift cores, common areas, bathrooms and staircores spread over 6-floors in a Live occupied working environment.\\n\\nWorks also extended to the complete demolition and refitting of the Ground Floor Open Plan Offices to act as the building marketing suite.\\nFormation of ground floor meeting rooms for anchor tenant, specifically designed for maximum privacy with increased acoustic properties.\\nReflooring complete atrium with new stone tiling \\u2013 all works carried out by nights to minimize disruption to existing tenants.\\n\\nInstallation of new enlarged multi-operator reception desk, double height feature atrium wall paneling and glazing.\\n\\nBuilding fabric surveying and development of repair and maintenance programme.\\n\\nInstallation of new security speed lanes with supply of access control systems tailored to multitenant \\/ multi-card operation.\\n\\nComplete M&E brief to include all services associated with bathroom and shower upgrades, A\\/C to open plan offices and power upgrades to suit new tenancy requirements.\",\"60\":\"Landlord \\/ Tennant liaison in programme development\\nLarge proportion of works undertaken out of hours\\nFeature package design development with architect to align with budget provisions\\nInterfacing with multiple stake holders\",\"56\":\"Sweepstakes Building, Dublin 4\",\"61\":\"We were very impressed by the manner in which you undertook the project and advanced your works \\u2013 nothing was ever an issue, \\u201cNo\\u201d was never an answer.\",\"62\":\"Frank Doyle, Studio 3 Architects\",\"58\":\"Multiple individual work areas spread over 6-separate floors.\",\"59\":\"14 weeks on site\"}}', '2018-02-15 17:44:22', '2018-02-15 17:44:22', '9da2f12f-23f4-4b01-9d36-c732551ae4f5'),
 ('80', '134', '16', '1', 'en_ie', '1', NULL, '{\"typeId\":\"16\",\"authorId\":\"1\",\"title\":\"Aspen Pharma\",\"slug\":\"aspen-pharma\",\"postDate\":1518716662,\"expiryDate\":null,\"enabled\":1,\"parentId\":null,\"fields\":{\"57\":\"Design and Build project from initial space planning for Lease negotiation, to Landlord consent phase, through to detailed design, costing, planning, constructing and overall hand-back. The complete project life cycle, managed from start-to-finish by Sonica.\\n\\nOpen plan spaces were developed off the Client\\u2019s international office templates, with the expressed requirement to improve existing flow and promote productivity. Our designers took the starting point from a Dubai based plan and streamlined it into an improved Dublin model to achieve these goals.\\n\\nWorks were undertaken inside a 12-storey multi tenanted building. Management of logistics and daily co-ordination with the sitting Building Management Team was a key consideration in the development of our aggressive construction programme which was led by Client early occupational requirements.\\n\\nA high degree of cellularisation in the offices required considerable addition to the Landlord provided A\\/C and lighting control systems. These A\\/C & lighting upgrades were carried out to provide local dedicated user defined control and were simultaneously linked back to the head end BMS system for Landlord energy monitoring.\\n\\nThe project was run as an open book Management Contract, with the Client retaining all expenditure authorization throughout the build process. The completed works were delivered below the original approved budget tabled at Design completion stage.\",\"60\":\"International collaboration at design phase to achieve Client design goals.\\nOpen plan financials with project delivered on time and below budget.\\nComms room commissioned and complete 3 weeks before handover to allow Client IT access.\\nClient direct vendors were managed into our overall programme to ensure complete co-ordination of overall project completion.\",\"56\":\"Custom House Quay, Dublin 2\",\"61\":\"From initial meeting to final handback, we knew that in Sonica Fitout we had a Design & Build Contractor that could translate the multi-faceted requirements of our business needs into a single, co-ordinated and stream lined project action plan. They listened, they advised and they delivered a space that has gone way beyoned all of our expectations.\",\"62\":\"Elisha O\' Keeffe, Aspen Pharma Ireland\",\"58\":\"750m2\",\"59\":\"8 weeks on site\"}}', '2018-02-15 17:44:22', '2018-02-15 17:44:22', 'de1aac02-71b8-446c-9b60-cef503e86e4b'),
 ('81', '135', '16', '1', 'en_ie', '1', NULL, '{\"typeId\":\"16\",\"authorId\":\"1\",\"title\":\"Sonica HQ\",\"slug\":\"sonica-hq\",\"postDate\":1518716662,\"expiryDate\":null,\"enabled\":1,\"parentId\":null,\"fields\":{\"57\":\"The brief was to capture the vibrancy and energy of the Sonica Fitout brand, while showcasing our talent for design and fitout.\\n\\nThe completed office had to deliver a working area that would encourage open collaboration between departments and provide an environment where staff could discuss fresh ideas and develop new systems.\\n\\nThe Company branding and instantly recognisable \\u201cSonica Rainbow\\u201d colouring were used as the central theme in the fitout, with graphics and murals developed specifically to enhance the fabrics, wall and floor colorings used throughout.\\n\\nStaff & Client individuality was celebrated with offices and meeting rooms designed with personality.\\n\\nThe canteen has a \\u201cCatch Phrase Wall\\u201d dedicated to valued Company friend.\\n\\nThe sauna styled Collab Room succeeds in forming the central hub \\u2013 a place we gravitate to for both informal internal meetings and TGI Friday beers.\\n\\nThe Strong Room is a \\u201cDo Not Disturb Zone\\u201d where we can go to crash out a tender or just think in peace and quiet.\\n\\nOur Client\\u2019s love it too \\u2013 we\\u2019ve lost track of the amount of people that have called in to us, just to hang out (and to make sure they get their names onto the Sonica Tube Map!)\",\"60\":\"Sauna style Collab area\\nExtensive bespoke murals and wall art\\nFeature wall tiling and lighting throughout\\nExecutive Boardroom with full A\\/V\\nStrong Room \\/ Phone Free Zone for thinking.\",\"56\":\"10-12 Hogan Place, Dublin 2\",\"61\":\"It\\u2019s a really nice space, an office we all feel comfortable in, a place we love to work in, our home away from home.\",\"62\":\"Donnacha Neary, MD, Sonica Fitout\",\"58\":\"300m2\",\"59\":\"3 weeks on site.\"}}', '2018-02-15 17:44:22', '2018-02-15 17:44:22', 'd8375804-6090-4636-b2ea-3418dc51fe75'),
 ('82', '136', '16', '1', 'en_ie', '1', NULL, '{\"typeId\":\"16\",\"authorId\":\"1\",\"title\":\"Axway\",\"slug\":\"axway\",\"postDate\":1518716662,\"expiryDate\":null,\"enabled\":1,\"parentId\":null,\"fields\":{\"57\":\"Over 11,000 Companies Worldwide rely on AXWAY for their B2B software solutions. Axway relied on just one, Sonica Fitout, for their new Dublin HQ office fitout.\\n\\nSonica appointed the Architectural and M&E Design Teams and also acted as traditional Main Contractor for the fitout with responsibility for overall design verification and certification of the M&E systems.\\n\\nWorks involved the full strip out of the existing floor plate in preparation for the formation of open plan offices, manager cellular offices, boardroom facilities with full A\\/V capability, new staff canteen, comms room, bathrooms & staff shower rooms.\\n\\nSonica also engaged a Graphic Design company to develop wall art and murals throughout the office space that reflected the Company\\u2019s vision and message.\\n\\nWorks were conducted on the 1st floor of Investment House in Dublin, a multi tenanted fully occupied Live office block, with all logistics for these operations managed by the Sonica Site Team.\",\"60\":\"Full bathroom and shower room installations\\nExtensive Graphics and Wall Art Design\\nLead role in Design verification and certification\\nAggressive programme delivered in a fully occupied multi-tennanted environment\",\"56\":\"Pembroke Street Upper, Dublin\",\"61\":\"To invest our time best in on our role as Client Representatives, we need a Contractor that makes the successful completion of the project their main and only focus. We get that every time we work with Sonica - it makes the whole process a pleasure for all concerned.\",\"62\":\"Andrew McCracken, Director, Jones Lang LaSalle\",\"58\":\"1200m2\",\"59\":\"8 weeks on site\"}}', '2018-02-15 17:44:22', '2018-02-15 17:44:22', 'a7eacc85-b025-410b-aea5-82f506729b9a'),
 ('83', '137', '16', '1', 'en_ie', '1', NULL, '{\"typeId\":\"16\",\"authorId\":\"1\",\"title\":\"Allied World\",\"slug\":\"allied-world\",\"postDate\":1518716662,\"expiryDate\":null,\"enabled\":1,\"parentId\":null,\"fields\":{\"57\":\"Since their formation in 2001, Allied World have built a reputation as a strong supplier of insurance and reinsurance solutions globally with a worldwide network of offices and a NYSE listing.\\n\\nAppointed as Main Contractor, Sonica\\u2019s brief was to modernize Allied\\u2019s existing Dublin office while they remained in situ during the course of the works. The phased approach to the process involved meticulous planning with Allied\\u2019s appointed management team so that the overall programme could be broken down into daily milestones.\\n\\nThe scope involved increasing the level of open plan allowances in the space via. removal of existing cellular offices, M&E augmentations to supplement the additional head count, new canteen facilities, meeting facilities, floor finishes and a complete workstation package renewal.\\n\\nThe bulk of the works were conducted outside of normal office hours to minimize the impact to the Client\\u2019s day-to-day operations, with the Sonica Site Team delivering against every milestone in the process from start to finish.\",\"60\":\"In Depth Planning for substantial Out of Hours workscope\\nUpgraded M&E for increased staff head count\\nRe-cellularisation of Manager Offices and Meeting Rooms\\nFull new staff canteen facilities\",\"56\":\"Custom House Quay, Dublin 2\",\"61\":\"You kept us informed through the whole process, we knew what was happening, when it was happening, what task was next in the chain and when it was successfully completed. We always felt like we were in good hands.\",\"62\":\"Aideen Quinn, VP for HR, Europe & Asia, Allied World\",\"58\":\"800m2\",\"59\":\"8 weeks on site\"}}', '2018-02-15 17:44:23', '2018-02-15 17:44:23', '70fc505b-ab1b-46f7-9c38-04d432b5c5c4'),
 ('84', '138', '16', '1', 'en_ie', '1', NULL, '{\"typeId\":\"16\",\"authorId\":\"1\",\"title\":\"SCA\",\"slug\":\"sca\",\"postDate\":1518716663,\"expiryDate\":null,\"enabled\":1,\"parentId\":null,\"fields\":{\"57\":\"Sonica acted as traditional Main Contractor for the fitout of SCA Ireland\\u2019s new offices with responsibility for design and certification of the M&E systems forming part of the overall brief.\\n\\nTaken from Landlord CAT-A condition, works involved formation of open plan offices, manager cellular offices, boardroom facilities with full A\\/V capability, new staff canteen, post room & store rooms.\\n\\nWe also had responsibility for securing Landlord consent for the M&E alterations involved in supplementing and modifying the A\\/C and lighting control systems to suit our finalized layouts.\",\"60\":\"Buzzifelt feature acoustic attenuation\\nFeature graphics and wall murals\\nM&E Design and Build\\nManagement of Client Direct furniture vendor\\nLandlord consent applications\",\"56\":\"Blanchardstown Corporate Park 2, Dublin 15\",\"61\":\"We have been very impressed with your company\\u2019s overall professionalism from the cleanliness of the site, management of contractors, general can-do attitude and most importantly; the ahead of schedule completion of the job. The new office looks fantastic and the whole team are looking forward to moving into their new home!\",\"62\":\"Simon Pickering, SCA \\/ Tork\",\"58\":\"400m2\",\"59\":\"4 weeks on site\"}}', '2018-02-15 17:44:23', '2018-02-15 17:44:23', '0b804bd4-ee10-4969-a164-d0b28af644d8'),
 ('85', '139', '16', '1', 'en_ie', '1', NULL, '{\"typeId\":\"16\",\"authorId\":\"1\",\"title\":\"Cartrawler\",\"slug\":\"cartrawler\",\"postDate\":1518716663,\"expiryDate\":null,\"enabled\":1,\"parentId\":null,\"fields\":{\"57\":\"Cartrawler provides travel-related retailers with a fully managed gateway to over 800 car rental agents at 30,000 locations in 174 different countries.\\n\\nSonica completed the fitout of their new offices in Dublin comprising cellular offices, meeting rooms, staff canteens, an All Hands Town Hall meeting area, chill out room and open plan workspace to accommodate up to 235 staff.\\n\\nM&E works were carried out under a domestic sub-contract with Sonica offering a turn key project developed from initial tender drawings and specifications. Works involved supplementing the landlord A\\/C systems, a full data installation to a central comms room, electrical power distribution to desk mounted furniture solution and full lighting augmentation to include scene setting in selected areas.\",\"60\":\"\",\"56\":\"Dundrum Business Park, Dublin 14\",\"61\":\"You took the stress out of the whole process for us \\u2013 the fitout was handed over as we wanted it when we wanted it.\",\"62\":\"Lynsey Egan, Cartrawler\",\"58\":\"1,200m2\",\"59\":\"8 weeks on site\"}}', '2018-02-15 17:44:23', '2018-02-15 17:44:23', '80c77f24-a90a-4d91-879d-01e0c63dce5f'),
 ('86', '140', '16', '1', 'en_ie', '1', NULL, '{\"typeId\":\"16\",\"authorId\":\"1\",\"title\":\"Lisney\",\"slug\":\"lisney\",\"postDate\":1518716663,\"expiryDate\":null,\"enabled\":1,\"parentId\":null,\"fields\":{\"57\":\"When relocating from their home of c. 20-years on Dublin\\u2019s St. Stephen\\u2019s Green, Lisney appointed Sonica to act as their Main Contractor and Partner to deliver their modern new office space over two floors on Earlsfort Terrace.\\n\\nWorks involved the strip out of 2 existing floors in the building in preparation for the new office layouts. The first floor was fitted out as the Corporate Reception and Meeting space, a place for Lisney to receive their Clients, hold large meetings and conduct auctions. The second floor comprised the open plan office space, internal meeting space, staff canteen facilities, file storage and desking for 80 staff members.\\n\\nWorks were conducted on the upper floors of St. Stephens Green House, a multi tenanted office block, with all logistics and day-to-day site issues managed by the on-site Sonica Operations Team.\",\"60\":\"High End Corporate reception area\\nStone flooring and bespoke branded joinery\\nManagement of Client direct Furniture and A\\/V vendors\\nAggressive programme delivered in multi-tenanted building\",\"56\":\"Earlsford Terrance, Dublin 4\",\"61\":\"Your staff were exceptionally courteous to all our sitting building tenants through the whole fitout process, we hardly noticed you were even here.\",\"62\":\"David Hogan, SSG Building Manager\",\"58\":\"1200m2\",\"59\":\"8 weeks onsite\"}}', '2018-02-15 17:44:23', '2018-02-15 17:44:23', 'e7adf711-32cc-4ea7-a8d6-6d89d214deda'),
 ('87', '141', '16', '1', 'en_ie', '1', NULL, '{\"typeId\":\"16\",\"authorId\":\"1\",\"title\":\"Apollo Aviation\",\"slug\":\"apollo-aviation\",\"postDate\":1518716663,\"expiryDate\":null,\"enabled\":1,\"parentId\":null,\"fields\":{\"57\":\"Founded in 2002, Apollo Aviation Group is a multi-strategy alternative investment firm specializing in commercial aviation investing, creating and extracting value by investing in mid-life and mature commercial aircraft and engines.\\n\\nSonica were appointed as traditional Main Contractor for the fitout, which was carried out on the top floor of Connaught House, the exclusive multi-tenanted corporate HQ building off Mespil Road in Dublin 2.\\nWith stunning views over Dublin, the works involved the complete strip out of the existing finishes in preparation for the new Apollo layouts. Several key building features were identified to be retained and incorporated within the completed office works, all others were promptly cleared in the opening days on site.\\n\\nThe completed offices comprise open plan work areas, cellular offices and meeting rooms, a bespoke Client reception area, staff canteen & break out area, full data rewire back to a new comms room, complete A\\/V & VC installation and a thorough M&E upgrade to accommodate the new layouts.\\n\\nWorking on the top floor of one of the most prestigious buildings in Dublin presented it\\u2019s own challenges, but through the daily co-ordination and management of works by the sitting Sonica Site Team, the project ran smoothly for start to finish. The completed office is considered by the Professional Team as one of the finest small office fitout examples conducted in Dublin in recent years.\",\"60\":\"Bespoke joinery installations to Client Reception Area & Corporate Meeting Space\\nIdentification, retention and re-use of core building fabrics to augment the fitout\\nComplete M&E overhaul to suit new office layouts\\nIntense co-ordination with sitting Building Management through the fitout process.\",\"56\":\"Connaught House, Burlington Road, Dublin 4\",\"61\":\"Very easy to work with and extremely professional from start to finish. Completed the job to a very high quality on time and within budget \\u2013\\u00a0\\ncouldn\\u2019t ask for any more.\",\"62\":\"Marcus Miller, VP Dublin Operations, Apollo Aviation\",\"58\":\"1000m2\",\"59\":\"8 weeks on site\"}}', '2018-02-15 17:44:23', '2018-02-15 17:44:23', '4f30bb68-3981-4a4e-bd73-4b65eebc5cc2'),
 ('88', '143', '17', '1', 'en_ie', '1', NULL, '{\"typeId\":\"17\",\"authorId\":\"1\",\"title\":\"Donnacha Neary\",\"slug\":\"donnacha-neary\",\"postDate\":1518716729,\"expiryDate\":null,\"enabled\":1,\"parentId\":null,\"fields\":{\"69\":\"dneary@sonica-fitout.com\",\"66\":\"As Managing Director, I\'m actively involved in everything that we do here at Sonica, leading the Team by example through dedication and commitment to exceeding our Client\'s expectations. I\'m a visible resource to our Client\'s, equally at home walking the job sites as I am sitting in the Boardroom.\",\"65\":\"Managing Director\",\"68\":\"Motivating my guys, encouraging their development, celebrating their achievements and pushing them to be the very best they can be. The real excitement for me comes when I see how their hard work and dedication directly impacts the overall success of a project.\",\"67\":\"Our unwavering desire to continually improve our business, to strive to make your project our best project yet, means that in Sonica you have a firm of fitout experts dedicated to going far beyond what typically passes for Client service. It\'s that desire that makes Sonica a great place to work, and Sonica a great Team to work with.\"}}', '2018-02-15 17:45:29', '2018-02-15 17:45:29', '8b9b303f-7a06-4504-9add-32c475af0bd0'),
 ('89', '144', '17', '1', 'en_ie', '1', NULL, '{\"typeId\":\"17\",\"authorId\":\"1\",\"title\":\"Marie Halpenny\",\"slug\":\"marie-halpenny\",\"postDate\":1518716729,\"expiryDate\":null,\"enabled\":1,\"parentId\":null,\"fields\":{\"69\":\"mhalpenny@sonica-fitout.com\",\"66\":\"As Senior Surveyor and Commercial Manager, I am responsible for developing the surveying department and for the profitable management of all our projects from inception to completion.\",\"65\":\"Head of Surveying\",\"68\":\"The nature of the fit-out industry introduces us to new Clients and Design Team members every day. This diversity allows us to continuously develop new friendships and forge new working relations which makes every day different.\",\"67\":\"Clients should engage Sonica if they are looking for a recognised name in the industry, recognition that was earned as a result of hard work and forging good relations. We are a formidable Team with vast cumulative experience in the fitout market - experience we are delighted to share with our Professional Teams and Clients.\"}}', '2018-02-15 17:45:29', '2018-02-15 17:45:29', 'b55d0643-3dde-4e7b-bce7-10f268f16434'),
 ('90', '145', '17', '1', 'en_ie', '1', NULL, '{\"typeId\":\"17\",\"authorId\":\"1\",\"title\":\"Douglas Ito\",\"slug\":\"douglas-ito\",\"postDate\":1518716729,\"expiryDate\":null,\"enabled\":1,\"parentId\":null,\"fields\":{\"69\":\"dito@sonica-fitout.com\",\"66\":\"As Senior PM, I assume both off and on-site control of large stand alone projects the Company undertakes through our major works division.\",\"65\":\"Senior Project Manager\",\"68\":\"Working on site with large construction teams to deliver challenging projects within tight time lines.\",\"67\":\"Sonica Fitout has a wealth of knowledge and experience in high-end retail and commercial office fit outs. The Senior Management Team have been involved in the Irish, UK and European fitout industry for the past 16 years and worked on some of the largest, complex and most challenging projects undertaken across those operating regions. Sonica Fitout prides itself with the ability to deliver a project on time and within budget - we continually go the extra mile to assist Clients achieve their goals.\"}}', '2018-02-15 17:45:29', '2018-02-15 17:45:29', '539997a4-9c4b-49f6-ac81-b6b7620b477d'),
 ('91', '146', '17', '1', 'en_ie', '1', NULL, '{\"typeId\":\"17\",\"authorId\":\"1\",\"title\":\"Hugh Ward\",\"slug\":\"hugh-ward\",\"postDate\":1518716729,\"expiryDate\":null,\"enabled\":1,\"parentId\":null,\"fields\":{\"69\":\"hward@sonica-fitout.com\",\"66\":\"As Head of Operations, it is my responsibility to develop the Company\'s Operations Department and implement structures to allow our people develop and grow within the organisation.\",\"65\":\"Head of Operations\",\"68\":\"I relish the opportunity to develop personal relationships with existing clients and contractor partners. Meeting new people and building relationships based on trust is the part of my job that I enjoy the most.\",\"67\":\"We pride ourselves on the level of service we give our Clients, from initial project inception to project completion and beyond. We will work harder and faster than our competition to deliver a higher quality product time and time again.\"}}', '2018-02-15 17:45:29', '2018-02-15 17:45:29', 'e2241df5-61aa-4e35-8e02-09301633725b'),
 ('92', '147', '17', '1', 'en_ie', '1', NULL, '{\"typeId\":\"17\",\"authorId\":\"1\",\"title\":\"Declan Gorman\",\"slug\":\"declan-gorman\",\"postDate\":1518716729,\"expiryDate\":null,\"enabled\":1,\"parentId\":null,\"fields\":{\"69\":\"dgorman@sonica-fitout.com\",\"66\":\"As Construction Manager, I look after and monitor every aspect of the day-to-day running of the site including tracking programme, H&S management, supervising subcontractors, liaising with Clients and executing their requests.\",\"65\":\"Construction Manager\",\"68\":\"I enjoy multi-tasking and executing different jobs simultaneously. The pride I take in the finish of my sites shows through in all my work and I love the reward of overseeing exciting projects from start to finish.\",\"67\":\"We have built a great relationship with all our subcontractors and Clients. Our dynamic team is specifically assembled to meet our Client\'s needs in an ever changing environment. The real questions should be: Why would you not choose Sonica?!\"}}', '2018-02-15 17:45:29', '2018-02-15 17:45:29', '444ffab2-bf6e-4105-93f6-1970cfac79a9'),
 ('93', '148', '17', '1', 'en_ie', '1', NULL, '{\"typeId\":\"17\",\"authorId\":\"1\",\"title\":\"Ray McCaul\",\"slug\":\"ray-mccaul\",\"postDate\":1518716729,\"expiryDate\":null,\"enabled\":1,\"parentId\":null,\"fields\":{\"69\":\"rmccaul@sonica-fitout.com\",\"66\":\"As Construction Manager, my role centres around establishing and managing a site workforce capable of delivering to the high standards that Sonica Fitout set ourselves on each project.\",\"65\":\"Construction Manager\",\"68\":\"Total quality control over every aspect of a project is what I love doing. From initially receiving a brief and plans at the beginning of each job, to handing it back to the Client at the end knowing that I have overseen a project that has exceeded the Client\'s expectations gives me immense satisfaction.\",\"67\":\"Sonica Fitout encompasses everything that is fitout done correctly. Our continuous goal is to provide flexibility, expert advice and access to the best trades in order to reach our Clients budgetary and scheduling expectations. The experience and dedication provided by us as a Team is what allows Sonica Fitout to guarantee a solid and reliable build experience.\"}}', '2018-02-15 17:45:29', '2018-02-15 17:45:29', 'db947691-8d7e-471c-8460-51461361f1ed'),
 ('94', '149', '17', '1', 'en_ie', '1', NULL, '{\"typeId\":\"17\",\"authorId\":\"1\",\"title\":\"Harry Murphy\",\"slug\":\"harry-murphy\",\"postDate\":1518716729,\"expiryDate\":null,\"enabled\":1,\"parentId\":null,\"fields\":{\"69\":\"hmurphy@sonica-fitout.com\",\"66\":\"As Site Manager, I am responsible for managing all on-site activities from inception through to completion, ensuring that all Health & Safety aspects are to the highest standards while also ensuring that the build programme is achieved at all stages of construction.\",\"65\":\"Site Manager\",\"68\":\"I enjoy working closely with the associated design and management teams on a daily basis, to deliver projects of the highest quality to our Clients on time and on budget.\",\"67\":\"Sonica provides a great working environment with great people that share the same value system. At Sonica, we have the proven ability to plan, organize, programme and resource large projects for multi-national firms. Sonica\\u2019s management team have the competence and experience to operate effectively at all levels of our Client\'s organisation.\"}}', '2018-02-15 17:45:29', '2018-02-15 17:45:29', 'e0db0b08-6859-4aa6-bc34-d417e163df06'),
 ('95', '150', '17', '1', 'en_ie', '1', NULL, '{\"typeId\":\"17\",\"authorId\":\"1\",\"title\":\"Conor Doyle\",\"slug\":\"conor-doyle\",\"postDate\":1518716729,\"expiryDate\":null,\"enabled\":1,\"parentId\":null,\"fields\":{\"69\":\"cdoyle@sonica-fitout.com\",\"66\":\"It is my responsibility to ensure that the vision of the design team becomes a reality within the given parameters while also ensuring the Client remains involved, engaged and satisfied throughout the entire process.\",\"65\":\"Construction Manager\",\"68\":\"Understanding and developing relationships with the people I work with daily. Be it trades, design team or Clients I relish learning how to walk that fine line of getting what it is I need from the interaction while still making their individual experience of the entire process the best it can be.\",\"67\":\"One of the fundamental requirements that allows a project manager to operate as demanded of them, is a high level of organization. The infrastructure in place within Sonica to facilitate operations, surveying, Health and Safety and many more, are like none I\\u2019ve come across in my career.\\n\\nThe fact that they are all great people is just a bonus!\"}}', '2018-02-15 17:45:29', '2018-02-15 17:45:29', 'd7755b7b-c9c9-43ea-879c-0268788a683b'),
 ('96', '151', '17', '1', 'en_ie', '1', NULL, '{\"typeId\":\"17\",\"authorId\":\"1\",\"title\":\"Stephen Keane\",\"slug\":\"stephen-keane\",\"postDate\":1518716729,\"expiryDate\":null,\"enabled\":1,\"parentId\":null,\"fields\":{\"69\":\"skeane@sonica-fitout.com\",\"66\":\"As a quantity surveyor I am involved in preparing tender and contract documents, including bills of quantities with the architect and \\/ or the Client along with assisting in establishing a Client\'s requirements and undertaking feasibility studies.\",\"65\":\"Quantity Surveyor\",\"68\":\"I love being part of projects from initial architect\\u2019s drawings to handover of keys on the final day, building lifelong relationships and friends with our Clients and co-workers.\",\"67\":\"Choosing Sonica is a choice that puts you at the forefront of the Fitout industry within a company that has strong relationships with all major suppliers and professional teams throughout this area. Sonica can provide you with a proven track record and impressive portfolio that grows with every project we complete. We strive to meet ambitious deadlines with cutting edge technology and designs that propel Sonica to be one of the award winning leaders in the fit-out industry.\"}}', '2018-02-15 17:45:29', '2018-02-15 17:45:29', '6dab12b8-3a5c-404e-8f77-d5cc9d11d77e'),
 ('97', '152', '17', '1', 'en_ie', '1', NULL, '{\"typeId\":\"17\",\"authorId\":\"1\",\"title\":\"Colin Kirwan\",\"slug\":\"colin-kirwan\",\"postDate\":1518716729,\"expiryDate\":null,\"enabled\":1,\"parentId\":null,\"fields\":{\"69\":\"ckirwan@sonica-fitout.com\",\"66\":\"As Construction Project Manager, my function is to orchestrate and execute a diverse variety of Commercial Fitout ventures that Sonica Fitout attracts in a fast paced and inviting market place. My daily procedural tasks include management of site teams, project quality and directing all administrative and technical workings required to fulfill each unique project endeavour.\",\"65\":\"Project Manager\",\"68\":\"I enjoy the forensic dissection and distribution of all project information required to achieve absolute completion and Client satisfaction in each project. I enjoy deliberating and advancing Client\\u2019s expectations by encouraging all team members to expect and deliver more. My ultimate gratification is undraping the final product having directed and monitored it in a digital format since early materialisation. I love the comradery and solidarity often experienced within our team upon completion of each project\",\"67\":\"As a collective team with merged aspirations, we have developed a passionate desire to incessantly enrich and improve our company, to aim for absolution in fulfillment of each project and to augment Client expectation by surpassing what is classically assented as Client service. It\\u2019s this appetite and industry foresight that makes Sonica Fitout a great place to work, and Sonica a prodigious team to be a part of.\"}}', '2018-02-15 17:45:29', '2018-02-15 17:45:29', '19f986b7-89af-4b9f-999a-49aabdcc8d98'),
 ('98', '153', '17', '1', 'en_ie', '1', NULL, '{\"typeId\":\"17\",\"authorId\":\"1\",\"title\":\"Margo Lynch\",\"slug\":\"margo-lynch\",\"postDate\":1518716729,\"expiryDate\":null,\"enabled\":1,\"parentId\":null,\"fields\":{\"69\":\"mlynch@sonica-fitout.com\",\"66\":\"A large part of my role is looking after the administrative activities of the company to ensure the smooth running of our office on a daily basis. I also look after the accounts and work closely with our Surveying Team and accountants to ensure our accounts are kept fully up to date.\",\"65\":\"Office Manager\",\"68\":\"I love being part of a team and Sonica gives me that. Working on the accounts gives me the opportunity to be involved in each project and see how it all comes together.\",\"67\":\"By choosing Sonica you know your project is in the right hands, all employees are passionate about the company and show the same drive, motivation and commitment on every project no matter how big or small it is. Sonica has a proven track record and clients come back to us because they know they can entrust their project to us.\"}}', '2018-02-15 17:45:29', '2018-02-15 17:45:29', 'e762eac5-6be5-4634-9a50-16214bf7d824'),
 ('99', '154', '17', '1', 'en_ie', '1', NULL, '{\"typeId\":\"17\",\"authorId\":\"1\",\"title\":\"Alin Buzgo\",\"slug\":\"alin-buzgo\",\"postDate\":1518716729,\"expiryDate\":null,\"enabled\":1,\"parentId\":null,\"fields\":{\"69\":\"-\",\"66\":\"As Site Manager, my role is to maintain quality control procedures, check and verify site reports, meet and supervise subcontractor site staff and to make regular and routine safety inspections to ensure overall construction site safety. l also liaise with Clients and the Professional Team on progress reporting, producing detailed weekly reports through our customised Construction Management applications for issue at the weekly site meetings.\",\"65\":\"Site Manager\",\"68\":\"Setting high goals at the start of each project, and working hard to motivate the Team around me to achieve them.\",\"67\":\"Treating each project as unique, Sonica Fitout develops individual plans to contribute to and meet the tailored requirements of each project and Client. Our experienced Team ensures that our Clients consistently get the highest quality end product.\"}}', '2018-02-15 17:45:29', '2018-02-15 17:45:29', '46ed7df8-b7a8-4530-8fda-c394d42992d4'),
 ('100', '155', '17', '1', 'en_ie', '1', NULL, '{\"typeId\":\"17\",\"authorId\":\"1\",\"title\":\"Marc McHugh\",\"slug\":\"marc-mchugh\",\"postDate\":1518716729,\"expiryDate\":null,\"enabled\":1,\"parentId\":null,\"fields\":{\"69\":\"mmchugh@sonica-fitout.com\",\"66\":\"As Site Manager, my role is to oversee all aspects includes of H&S on site, carrying out risk assessments, issuing permits of work and attending all progress meetings with site team and subcontractors to ensure all the Client needs are met. My responsibility is also to take care of work implementation and quality control measures.\",\"65\":\"Site Manager\",\"68\":\"Working with subcontractors on both large and small construction sites with tight deadlines.\",\"67\":\"Sonica is one of the top companies in the Fitout game with number of awards. By choosing Sonica, you sign up for a high level of both standard and commitment from all members of the Sonica family. Sonica provide the next level in fitout and will leave you with a product that will last a life time.\"}}', '2018-02-15 17:45:29', '2018-02-15 17:45:29', 'f600e2e9-d929-44aa-bb02-379958ff42d4'),
 ('101', '156', '17', '1', 'en_ie', '1', NULL, '{\"typeId\":\"17\",\"authorId\":\"1\",\"title\":\"Eliska Valtrova\",\"slug\":\"eliska-valtrova\",\"postDate\":1518716729,\"expiryDate\":null,\"enabled\":1,\"parentId\":null,\"fields\":{\"69\":\"evaltrova@sonica-fitout.com\",\"66\":\"As a Design Lead Client Executive, I am responsible for Sonica design tasks. My role involves dealing with Clients and understanding their needs as well as working with the Sonica Team to carry out every project from cradle to grave. My work demands strong creative flair with good technical knowledge and professional approach to deadlines and costs.\",\"65\":\"Design Lead Client Executive\",\"68\":\"I love working in fast-paced environment. I enjoy being free to develop and improve all kinds of design solutions as well as trying to meet Clients expectations and to see successfully completed projects handed back into Customer hands.\",\"67\":\"Sonica is one of the fastest growing and award winning fitout company on the current market with a great team to work with on every single project. Professional attitude and an open minded approach to reach the top in the fitout industry make Sonica stand out from the crowd.\"}}', '2018-02-15 17:45:29', '2018-02-15 17:45:29', '1b236a7b-c827-4c2a-9a18-da850a3e8d51'),
 ('102', '157', '17', '1', 'en_ie', '1', NULL, '{\"typeId\":\"17\",\"authorId\":\"1\",\"title\":\"Ray Argue\",\"slug\":\"ray-argue\",\"postDate\":1518716729,\"expiryDate\":null,\"enabled\":1,\"parentId\":null,\"fields\":{\"69\":\"rargue@sonica-fitout.com\",\"66\":\"As Technical Services Manager it is my responsibility to coordinate the general and specialist services for each project. Due to Sonica\\u2019s diverse client base this can range from an office fit-out to Optics laboratories. Each new project brings its own challenge which is what keeps me going.\",\"65\":\"Technical Services Manager\",\"68\":\"For me it\\u2019s the project review, when we get into the detail of the design. Understanding the process flow of multi serviced designs and developing programs to delivery it on time and within budget. Integrating client direct specialist services and ensuring seamless cohesion to produce the clients once notional dream.\",\"67\":\"Sonica has been built from a solid base, by proven industry professionals. There is a drive in this company that carries you along wanting to deliver more, produce better and never stop expecting more.\"}}', '2018-02-15 17:45:30', '2018-02-15 17:45:30', 'eff2f67b-e132-479d-a9ae-3df4c4094305'),
 ('103', '158', '17', '1', 'en_ie', '1', NULL, '{\"typeId\":\"17\",\"authorId\":\"1\",\"title\":\"John Donnelly\",\"slug\":\"john-donnelly\",\"postDate\":1518716730,\"expiryDate\":null,\"enabled\":1,\"parentId\":null,\"fields\":{\"69\":\"jdonnelly@sonica-fitout.com\",\"66\":\"As Site Manager, my role orientates around all aspects of the construction site from project planning and H&S to client liaison and quality control. Communication to all parties is vital.\",\"65\":\"Site Manager\",\"68\":\"I love seeing how all the different trades in construction work alongside each other and help to bring the architects drawing from concept to reality.\",\"67\":\"What has impressed me most about Sonica is the structured approach they take to run all their projects. They have a simple five step process which is custom built to every one of our clients. This project organisation is a pivotal reason why our clients keep coming back to us\"}}', '2018-02-15 17:45:30', '2018-02-15 17:45:30', 'a5577c2e-e298-4fb5-a88d-81e172a4e64d'),
 ('104', '159', '17', '1', 'en_ie', '1', NULL, '{\"typeId\":\"17\",\"authorId\":\"1\",\"title\":\"Yemisi Onasanya\",\"slug\":\"yemisi-onasanya\",\"postDate\":1518716730,\"expiryDate\":null,\"enabled\":1,\"parentId\":null,\"fields\":{\"69\":\"yonasanya@sonica-fitout.com\",\"66\":\"My role in a nutshell involves managing all costs relating to a construction project through its entire lifecycle whilst ensuring optimum return is achieved on the project. I am responsible for managing multi-projects and undertaking all commercial duties and contract administration as required on a project.\",\"65\":\"Quantity Surveyor\",\"68\":\"I enjoy the fast-paced nature and project variety of the fit-out market, with no two projects ever the same and with its daily challenges which keeps me on my toes. I enjoy the opportunity to form and cultivate new relationships with clients and project teams as well as the satisfaction to be part of project from inception right to its successful completion for the satisfaction of both the client and the organisation I represent.\",\"67\":\"With over 15 years in the Construction Industry and with varied experience across different sectors and industries, I find my passion to be in the fit-out industry. Sonica Fitout provides the right avenue to make a positive and progressive contribution within a fast growing and thriving organisation. I was attracted to Sonica\\u2019s business model, its commitment to strong leadership and development and with a high order book of project, it means I can further advance my career whilst doing what I genuinely enjoy and work with a great team of other like-minded professionals.\"}}', '2018-02-15 17:45:30', '2018-02-15 17:45:30', 'd5ed26b8-d698-4bcc-b982-4e2ea40bf82c'),
 ('105', '160', '17', '1', 'en_ie', '1', NULL, '{\"typeId\":\"17\",\"authorId\":\"1\",\"title\":\"Aaron Forde\",\"slug\":\"aaron-forde\",\"postDate\":1518716730,\"expiryDate\":null,\"enabled\":1,\"parentId\":null,\"fields\":{\"69\":\"aforde@sonica-fitout.com\",\"66\":\"As Bid manager I am responsible for the preparation of bids in response to Request for Proposals (RFPs) from potential clients. I work with all relevant stakeholders to ensure the delivery of a successful bid.\",\"65\":\"Bid & Pre-Construction Manager\",\"68\":\"The fact that every project is different and every client has different expectations really interests me. I really enjoy the fact that I am one of the first people to see a project design at tender stage, fresh off the drawing board.\",\"67\":\"The opportunity to join this fast growing fit out company was a really easy decision. Its a fast moving and exciting environment to be in and the quality of projects are second to none.\"}}', '2018-02-15 17:45:30', '2018-02-15 17:45:30', '79554679-e17b-4788-8ea3-8f4d729f5075'),
 ('106', '143', '17', '1', 'en_ie', '2', '', '{\"typeId\":\"17\",\"authorId\":\"1\",\"title\":\"Donnacha Neary\",\"slug\":\"donnacha-neary\",\"postDate\":1518716700,\"expiryDate\":null,\"enabled\":1,\"parentId\":\"\",\"fields\":{\"69\":\"dneary@sonica-fitout.com\",\"71\":\"\",\"66\":\"As Managing Director, I\'m actively involved in everything that we do here at Sonica, leading the Team by example through dedication and commitment to exceeding our Client\'s expectations. I\'m a visible resource to our Client\'s, equally at home walking the job sites as I am sitting in the Boardroom.\",\"70\":[\"169\"],\"65\":\"Managing Director\",\"68\":\"Motivating my guys, encouraging their development, celebrating their achievements and pushing them to be the very best they can be. The real excitement for me comes when I see how their hard work and dedication directly impacts the overall success of a project.\",\"67\":\"Our unwavering desire to continually improve our business, to strive to make your project our best project yet, means that in Sonica you have a firm of fitout experts dedicated to going far beyond what typically passes for Client service. It\'s that desire that makes Sonica a great place to work, and Sonica a great Team to work with.\"}}', '2018-02-15 17:55:17', '2018-02-15 17:55:17', 'ebdf29ea-e2d5-4340-bccf-1d82fe2cef8a'),
 ('107', '144', '17', '1', 'en_ie', '2', '', '{\"typeId\":\"17\",\"authorId\":\"1\",\"title\":\"Marie Halpenny\",\"slug\":\"marie-halpenny\",\"postDate\":1518716700,\"expiryDate\":null,\"enabled\":1,\"parentId\":\"\",\"fields\":{\"69\":\"mhalpenny@sonica-fitout.com\",\"71\":\"\",\"66\":\"As Senior Surveyor and Commercial Manager, I am responsible for developing the surveying department and for the profitable management of all our projects from inception to completion.\",\"70\":[\"183\"],\"65\":\"Head of Surveying\",\"68\":\"The nature of the fit-out industry introduces us to new Clients and Design Team members every day. This diversity allows us to continuously develop new friendships and forge new working relations which makes every day different.\",\"67\":\"Clients should engage Sonica if they are looking for a recognised name in the industry, recognition that was earned as a result of hard work and forging good relations. We are a formidable Team with vast cumulative experience in the fitout market - experience we are delighted to share with our Professional Teams and Clients.\"}}', '2018-02-15 17:55:28', '2018-02-15 17:55:28', '8354fbb7-f8e3-435e-b3df-1ea5c6647759'),
 ('108', '145', '17', '1', 'en_ie', '2', '', '{\"typeId\":\"17\",\"authorId\":\"1\",\"title\":\"Douglas Ito\",\"slug\":\"douglas-ito\",\"postDate\":1518716700,\"expiryDate\":null,\"enabled\":1,\"parentId\":\"\",\"fields\":{\"69\":\"dito@sonica-fitout.com\",\"71\":\"\",\"66\":\"As Senior PM, I assume both off and on-site control of large stand alone projects the Company undertakes through our major works division.\",\"70\":[\"171\"],\"65\":\"Senior Project Manager\",\"68\":\"Working on site with large construction teams to deliver challenging projects within tight time lines.\",\"67\":\"Sonica Fitout has a wealth of knowledge and experience in high-end retail and commercial office fit outs. The Senior Management Team have been involved in the Irish, UK and European fitout industry for the past 16 years and worked on some of the largest, complex and most challenging projects undertaken across those operating regions. Sonica Fitout prides itself with the ability to deliver a project on time and within budget - we continually go the extra mile to assist Clients achieve their goals.\"}}', '2018-02-15 17:55:36', '2018-02-15 17:55:36', 'a71bb5f2-d2a7-4405-b962-d4717328e32f'),
 ('109', '146', '17', '1', 'en_ie', '2', '', '{\"typeId\":\"17\",\"authorId\":\"1\",\"title\":\"Hugh Ward\",\"slug\":\"hugh-ward\",\"postDate\":1518716700,\"expiryDate\":null,\"enabled\":1,\"parentId\":\"\",\"fields\":{\"69\":\"hward@sonica-fitout.com\",\"71\":\"\",\"66\":\"As Head of Operations, it is my responsibility to develop the Company\'s Operations Department and implement structures to allow our people develop and grow within the organisation.\",\"70\":[\"175\"],\"65\":\"Head of Operations\",\"68\":\"I relish the opportunity to develop personal relationships with existing clients and contractor partners. Meeting new people and building relationships based on trust is the part of my job that I enjoy the most.\",\"67\":\"We pride ourselves on the level of service we give our Clients, from initial project inception to project completion and beyond. We will work harder and faster than our competition to deliver a higher quality product time and time again.\"}}', '2018-02-15 17:55:44', '2018-02-15 17:55:44', '7a0c6d14-1bc2-4999-bb94-3ebc6eef4960'),
 ('110', '147', '17', '1', 'en_ie', '2', '', '{\"typeId\":\"17\",\"authorId\":\"1\",\"title\":\"Declan Gorman\",\"slug\":\"declan-gorman\",\"postDate\":1518716700,\"expiryDate\":null,\"enabled\":1,\"parentId\":\"\",\"fields\":{\"69\":\"dgorman@sonica-fitout.com\",\"71\":\"\",\"66\":\"As Construction Manager, I look after and monitor every aspect of the day-to-day running of the site including tracking programme, H&S management, supervising subcontractors, liaising with Clients and executing their requests.\",\"70\":[\"167\"],\"65\":\"Construction Manager\",\"68\":\"I enjoy multi-tasking and executing different jobs simultaneously. The pride I take in the finish of my sites shows through in all my work and I love the reward of overseeing exciting projects from start to finish.\",\"67\":\"We have built a great relationship with all our subcontractors and Clients. Our dynamic team is specifically assembled to meet our Client\'s needs in an ever changing environment. The real questions should be: Why would you not choose Sonica?!\"}}', '2018-02-15 17:55:57', '2018-02-15 17:55:57', 'f9762e73-ad5a-4d23-96bb-a16c666b0f52'),
 ('111', '148', '17', '1', 'en_ie', '2', '', '{\"typeId\":\"17\",\"authorId\":\"1\",\"title\":\"Ray McCaul\",\"slug\":\"ray-mccaul\",\"postDate\":1518716700,\"expiryDate\":null,\"enabled\":1,\"parentId\":\"\",\"fields\":{\"69\":\"rmccaul@sonica-fitout.com\",\"71\":\"\",\"66\":\"As Construction Manager, my role centres around establishing and managing a site workforce capable of delivering to the high standards that Sonica Fitout set ourselves on each project.\",\"70\":[\"191\"],\"65\":\"Construction Manager\",\"68\":\"Total quality control over every aspect of a project is what I love doing. From initially receiving a brief and plans at the beginning of each job, to handing it back to the Client at the end knowing that I have overseen a project that has exceeded the Client\'s expectations gives me immense satisfaction.\",\"67\":\"Sonica Fitout encompasses everything that is fitout done correctly. Our continuous goal is to provide flexibility, expert advice and access to the best trades in order to reach our Clients budgetary and scheduling expectations. The experience and dedication provided by us as a Team is what allows Sonica Fitout to guarantee a solid and reliable build experience.\"}}', '2018-02-15 17:56:10', '2018-02-15 17:56:10', '7df117e8-90f1-4ccc-b5df-b0cf3e004345'),
 ('112', '149', '17', '1', 'en_ie', '2', '', '{\"typeId\":\"17\",\"authorId\":\"1\",\"title\":\"Harry Murphy\",\"slug\":\"harry-murphy\",\"postDate\":1518716700,\"expiryDate\":null,\"enabled\":0,\"parentId\":\"\",\"fields\":{\"69\":\"hmurphy@sonica-fitout.com\",\"71\":\"\",\"66\":\"As Site Manager, I am responsible for managing all on-site activities from inception through to completion, ensuring that all Health & Safety aspects are to the highest standards while also ensuring that the build programme is achieved at all stages of construction.\",\"70\":\"\",\"65\":\"Site Manager\",\"68\":\"I enjoy working closely with the associated design and management teams on a daily basis, to deliver projects of the highest quality to our Clients on time and on budget.\",\"67\":\"Sonica provides a great working environment with great people that share the same value system. At Sonica, we have the proven ability to plan, organize, programme and resource large projects for multi-national firms. Sonica\\u2019s management team have the competence and experience to operate effectively at all levels of our Client\'s organisation.\"}}', '2018-02-15 17:57:25', '2018-02-15 17:57:25', 'f1ea13d3-996a-418a-8f33-7d0bb66c94b1'),
 ('113', '150', '17', '1', 'en_ie', '2', '', '{\"typeId\":\"17\",\"authorId\":\"1\",\"title\":\"Conor Doyle\",\"slug\":\"conor-doyle\",\"postDate\":1518716700,\"expiryDate\":null,\"enabled\":1,\"parentId\":\"\",\"fields\":{\"69\":\"cdoyle@sonica-fitout.com\",\"71\":\"\",\"66\":\"It is my responsibility to ensure that the vision of the design team becomes a reality within the given parameters while also ensuring the Client remains involved, engaged and satisfied throughout the entire process.\",\"70\":[\"165\"],\"65\":\"Construction Manager\",\"68\":\"Understanding and developing relationships with the people I work with daily. Be it trades, design team or Clients I relish learning how to walk that fine line of getting what it is I need from the interaction while still making their individual experience of the entire process the best it can be.\",\"67\":\"One of the fundamental requirements that allows a project manager to operate as demanded of them, is a high level of organization. The infrastructure in place within Sonica to facilitate operations, surveying, Health and Safety and many more, are like none I\\u2019ve come across in my career.\\r\\n\\r\\nThe fact that they are all great people is just a bonus!\"}}', '2018-02-15 17:57:32', '2018-02-15 17:57:32', '48b1faad-1522-446b-b10a-aad0726f8682'),
 ('114', '151', '17', '1', 'en_ie', '2', '', '{\"typeId\":\"17\",\"authorId\":\"1\",\"title\":\"Stephen Keane\",\"slug\":\"stephen-keane\",\"postDate\":1518716700,\"expiryDate\":null,\"enabled\":1,\"parentId\":\"\",\"fields\":{\"69\":\"skeane@sonica-fitout.com\",\"71\":\"\",\"66\":\"As a quantity surveyor I am involved in preparing tender and contract documents, including bills of quantities with the architect and \\/ or the Client along with assisting in establishing a Client\'s requirements and undertaking feasibility studies.\",\"70\":[\"193\"],\"65\":\"Quantity Surveyor\",\"68\":\"I love being part of projects from initial architect\\u2019s drawings to handover of keys on the final day, building lifelong relationships and friends with our Clients and co-workers.\",\"67\":\"Choosing Sonica is a choice that puts you at the forefront of the Fitout industry within a company that has strong relationships with all major suppliers and professional teams throughout this area. Sonica can provide you with a proven track record and impressive portfolio that grows with every project we complete. We strive to meet ambitious deadlines with cutting edge technology and designs that propel Sonica to be one of the award winning leaders in the fit-out industry.\"}}', '2018-02-15 17:57:40', '2018-02-15 17:57:40', 'e8265133-be25-4083-876d-6971d67ff8aa'),
 ('115', '152', '17', '1', 'en_ie', '2', '', '{\"typeId\":\"17\",\"authorId\":\"1\",\"title\":\"Colin Kirwan\",\"slug\":\"colin-kirwan\",\"postDate\":1518716700,\"expiryDate\":null,\"enabled\":1,\"parentId\":\"\",\"fields\":{\"69\":\"ckirwan@sonica-fitout.com\",\"71\":\"\",\"66\":\"As Construction Project Manager, my function is to orchestrate and execute a diverse variety of Commercial Fitout ventures that Sonica Fitout attracts in a fast paced and inviting market place. My daily procedural tasks include management of site teams, project quality and directing all administrative and technical workings required to fulfill each unique project endeavour.\",\"70\":[\"163\"],\"65\":\"Project Manager\",\"68\":\"I enjoy the forensic dissection and distribution of all project information required to achieve absolute completion and Client satisfaction in each project. I enjoy deliberating and advancing Client\\u2019s expectations by encouraging all team members to expect and deliver more. My ultimate gratification is undraping the final product having directed and monitored it in a digital format since early materialisation. I love the comradery and solidarity often experienced within our team upon completion of each project\",\"67\":\"As a collective team with merged aspirations, we have developed a passionate desire to incessantly enrich and improve our company, to aim for absolution in fulfillment of each project and to augment Client expectation by surpassing what is classically assented as Client service. It\\u2019s this appetite and industry foresight that makes Sonica Fitout a great place to work, and Sonica a prodigious team to be a part of.\"}}', '2018-02-15 17:57:47', '2018-02-15 17:57:47', 'cb420f13-94d4-49ab-9c0a-aa81be7cd3d3'),
 ('116', '153', '17', '1', 'en_ie', '2', '', '{\"typeId\":\"17\",\"authorId\":\"1\",\"title\":\"Margo Lynch\",\"slug\":\"margo-lynch\",\"postDate\":1518716700,\"expiryDate\":null,\"enabled\":1,\"parentId\":\"\",\"fields\":{\"69\":\"mlynch@sonica-fitout.com\",\"71\":\"\",\"66\":\"A large part of my role is looking after the administrative activities of the company to ensure the smooth running of our office on a daily basis. I also look after the accounts and work closely with our Surveying Team and accountants to ensure our accounts are kept fully up to date.\",\"70\":[\"181\"],\"65\":\"Office Manager\",\"68\":\"I love being part of a team and Sonica gives me that. Working on the accounts gives me the opportunity to be involved in each project and see how it all comes together.\",\"67\":\"By choosing Sonica you know your project is in the right hands, all employees are passionate about the company and show the same drive, motivation and commitment on every project no matter how big or small it is. Sonica has a proven track record and clients come back to us because they know they can entrust their project to us.\"}}', '2018-02-15 17:57:57', '2018-02-15 17:57:57', 'a4290b3b-044b-4d3f-8f59-4921edc0b271'),
 ('117', '154', '17', '1', 'en_ie', '2', '', '{\"typeId\":\"17\",\"authorId\":\"1\",\"title\":\"Alin Buzgo\",\"slug\":\"alin-buzgo\",\"postDate\":1518716700,\"expiryDate\":null,\"enabled\":1,\"parentId\":\"\",\"fields\":{\"69\":\"-\",\"71\":\"\",\"66\":\"As Site Manager, my role is to maintain quality control procedures, check and verify site reports, meet and supervise subcontractor site staff and to make regular and routine safety inspections to ensure overall construction site safety. l also liaise with Clients and the Professional Team on progress reporting, producing detailed weekly reports through our customised Construction Management applications for issue at the weekly site meetings.\",\"70\":[\"161\"],\"65\":\"Site Manager\",\"68\":\"Setting high goals at the start of each project, and working hard to motivate the Team around me to achieve them.\",\"67\":\"Treating each project as unique, Sonica Fitout develops individual plans to contribute to and meet the tailored requirements of each project and Client. Our experienced Team ensures that our Clients consistently get the highest quality end product.\"}}', '2018-02-15 17:58:09', '2018-02-15 17:58:09', '20fe5efa-6780-40f9-8375-b31f935a21ec'),
 ('118', '155', '17', '1', 'en_ie', '2', '', '{\"typeId\":\"17\",\"authorId\":\"1\",\"title\":\"Marc McHugh\",\"slug\":\"marc-mchugh\",\"postDate\":1518716700,\"expiryDate\":null,\"enabled\":1,\"parentId\":\"\",\"fields\":{\"69\":\"mmchugh@sonica-fitout.com\",\"71\":\"\",\"66\":\"As Site Manager, my role is to oversee all aspects includes of H&S on site, carrying out risk assessments, issuing permits of work and attending all progress meetings with site team and subcontractors to ensure all the Client needs are met. My responsibility is also to take care of work implementation and quality control measures.\",\"70\":[\"179\"],\"65\":\"Site Manager\",\"68\":\"Working with subcontractors on both large and small construction sites with tight deadlines.\",\"67\":\"Sonica is one of the top companies in the Fitout game with number of awards. By choosing Sonica, you sign up for a high level of both standard and commitment from all members of the Sonica family. Sonica provide the next level in fitout and will leave you with a product that will last a life time.\"}}', '2018-02-15 17:58:18', '2018-02-15 17:58:18', 'aa72cd18-2104-402b-ac90-fe0789cfa9ec'),
 ('119', '156', '17', '1', 'en_ie', '2', '', '{\"typeId\":\"17\",\"authorId\":\"1\",\"title\":\"Eliska Valtrova\",\"slug\":\"eliska-valtrova\",\"postDate\":1518716700,\"expiryDate\":null,\"enabled\":1,\"parentId\":\"\",\"fields\":{\"69\":\"evaltrova@sonica-fitout.com\",\"71\":\"\",\"66\":\"As a Design Lead Client Executive, I am responsible for Sonica design tasks. My role involves dealing with Clients and understanding their needs as well as working with the Sonica Team to carry out every project from cradle to grave. My work demands strong creative flair with good technical knowledge and professional approach to deadlines and costs.\",\"70\":[\"173\"],\"65\":\"Design Lead Client Executive\",\"68\":\"I love working in fast-paced environment. I enjoy being free to develop and improve all kinds of design solutions as well as trying to meet Clients expectations and to see successfully completed projects handed back into Customer hands.\",\"67\":\"Sonica is one of the fastest growing and award winning fitout company on the current market with a great team to work with on every single project. Professional attitude and an open minded approach to reach the top in the fitout industry make Sonica stand out from the crowd.\"}}', '2018-02-15 17:58:26', '2018-02-15 17:58:26', '0c5f10e9-5f95-49b0-98d9-f09f5acef9d6'),
 ('120', '157', '17', '1', 'en_ie', '2', '', '{\"typeId\":\"17\",\"authorId\":\"1\",\"title\":\"Ray Argue\",\"slug\":\"ray-argue\",\"postDate\":1518716700,\"expiryDate\":null,\"enabled\":1,\"parentId\":\"\",\"fields\":{\"69\":\"rargue@sonica-fitout.com\",\"71\":\"\",\"66\":\"As Technical Services Manager it is my responsibility to coordinate the general and specialist services for each project. Due to Sonica\\u2019s diverse client base this can range from an office fit-out to Optics laboratories. Each new project brings its own challenge which is what keeps me going.\",\"70\":[\"189\"],\"65\":\"Technical Services Manager\",\"68\":\"For me it\\u2019s the project review, when we get into the detail of the design. Understanding the process flow of multi serviced designs and developing programs to delivery it on time and within budget. Integrating client direct specialist services and ensuring seamless cohesion to produce the clients once notional dream.\",\"67\":\"Sonica has been built from a solid base, by proven industry professionals. There is a drive in this company that carries you along wanting to deliver more, produce better and never stop expecting more.\"}}', '2018-02-15 17:58:37', '2018-02-15 17:58:37', '91012d5a-2966-4a0a-b5e2-aae10717cf3e'),
 ('121', '158', '17', '1', 'en_ie', '2', '', '{\"typeId\":\"17\",\"authorId\":\"1\",\"title\":\"John Donnelly\",\"slug\":\"john-donnelly\",\"postDate\":1518716700,\"expiryDate\":null,\"enabled\":1,\"parentId\":\"\",\"fields\":{\"69\":\"jdonnelly@sonica-fitout.com\",\"71\":\"\",\"66\":\"As Site Manager, my role orientates around all aspects of the construction site from project planning and H&S to client liaison and quality control. Communication to all parties is vital.\",\"70\":[\"177\"],\"65\":\"Site Manager\",\"68\":\"I love seeing how all the different trades in construction work alongside each other and help to bring the architects drawing from concept to reality.\",\"67\":\"What has impressed me most about Sonica is the structured approach they take to run all their projects. They have a simple five step process which is custom built to every one of our clients. This project organisation is a pivotal reason why our clients keep coming back to us\"}}', '2018-02-15 17:58:48', '2018-02-15 17:58:48', '308306c0-3e3d-4c82-b826-9cc811a0fe7f'),
 ('122', '143', '17', '1', 'en_ie', '3', '', '{\"typeId\":\"17\",\"authorId\":\"1\",\"title\":\"Donnacha Neary\",\"slug\":\"donnacha-neary\",\"postDate\":1518716700,\"expiryDate\":null,\"enabled\":1,\"parentId\":\"\",\"fields\":{\"69\":\"dneary@sonica-fitout.com\",\"66\":\"As Managing Director, I\'m actively involved in everything that we do here at Sonica, leading the Team by example through dedication and commitment to exceeding our Client\'s expectations. I\'m a visible resource to our clients, equally at home walking the job sites as I am sitting in the Boardroom.\",\"70\":[\"169\"],\"65\":\"Managing Director\",\"68\":\"Motivating my guys, encouraging their development, celebrating their achievements and pushing them to be the very best they can be. The real excitement for me comes when I see how their hard work and dedication directly impacts the overall success of a project.\",\"67\":\"Our unwavering desire to continually improve our business, to strive to make your project our best project yet, means that in Sonica you have a firm of fitout experts dedicated to going far beyond what typically passes for Client service. It\'s that desire that makes Sonica a great place to work, and Sonica a great Team to work with.\"}}', '2018-02-15 18:00:44', '2018-02-15 18:00:44', '4ece0bb6-271e-4881-801c-6ed3370c3770'),
 ('123', '144', '17', '1', 'en_ie', '3', '', '{\"typeId\":\"17\",\"authorId\":\"1\",\"title\":\"Marie Halpenny\",\"slug\":\"marie-halpenny\",\"postDate\":1518716700,\"expiryDate\":null,\"enabled\":1,\"parentId\":\"\",\"fields\":{\"69\":\"mhalpenny@sonica-fitout.com\",\"66\":\"As Senior Surveyor and Commercial Manager, I am responsible for developing the surveying department and for the profitable management of all our projects from inception to completion.\",\"70\":[\"183\"],\"65\":\"Head of Surveying\",\"68\":\"The nature of the fit-out industry introduces us to new Clients and Design Team members every day. This diversity allows us to continuously develop new friendships and forge new working relations which makes every day different.\",\"67\":\"Clients should engage Sonica if they are looking for a recognised name in the industry, recognition that was earned as a result of hard work and forging good relations. We are a formidable team with vast cumulative experience in the fitout market - experience we are delighted to share with our Professional Teams and Clients.\"}}', '2018-02-15 18:01:13', '2018-02-15 18:01:13', '557d6f0c-2fee-43a4-b559-46801786bb33'),
 ('124', '102', '16', '1', 'en_ie', '2', '', '{\"typeId\":\"16\",\"authorId\":\"1\",\"title\":\"21 Charlemont\",\"slug\":\"21-charlemont\",\"postDate\":1518716640,\"expiryDate\":null,\"enabled\":1,\"parentId\":\"\",\"fields\":{\"57\":\"<p>Rohan Holdings is a leader in the complex business of developing prestige offices, high quality business parks and industrial premises. With over 40 years\\u2019 experience in land acquisition, design, planning, construction and tenant fit out, Rohan Holdings have a respected proven track record of delivering projects on time, within budget and to their clients\\u2019 satisfaction.<\\/p>\\r\\n<p>Working in the shell of the newly completed 21 Charlemont Place Office Block, our brief was to take the \\u201cGrey Box\\u201d finish to full Landlord CAT-A standard to LEED Gold and A3 BER Rating.<\\/p>\\r\\n<p>Set against an aggressive time line driven by a signed single tenancy lease for the whole building, works included complete raised floor installation, soft floor finishes, partitions and ceilings, joinery and decorations. Our brief also extended the the complete M&E installations to include A\\/C, lighting, protective services, basement and roof plant, louvres & screening with full testing and commissioning.<\\/p>\",\"60\":\"<ul><li>Cat A Office Fitout<\\/li><li>Extensive Green Roof<\\/li><li>LEED Gold Certification and A3 BER<\\/li><li>Balconies and Feature Roof Terrace<\\/li><\\/ul>\",\"63\":\"\",\"56\":\"Dublin 2\",\"64\":\"\",\"61\":\"\",\"62\":\"\",\"58\":\"<ul><li>3,420m2<\\/li><\\/ul>\",\"59\":\"<ul><li>2-week Pre-construction<\\/li><li>10 weeks on-site<\\/li><\\/ul>\"}}', '2018-02-15 18:07:50', '2018-02-15 18:07:50', '82d3e7b2-6c04-4bbd-85be-ebc3fbfa2206'),
 ('125', '103', '16', '1', 'en_ie', '2', '', '{\"typeId\":\"16\",\"authorId\":\"1\",\"title\":\"Private Client\",\"slug\":\"private-client\",\"postDate\":1518716640,\"expiryDate\":null,\"enabled\":1,\"parentId\":\"\",\"fields\":{\"57\":\"<p>We are delighted to showcase the successful completion of a new 15k sq.ft. Corporate HQ office in Dublin\\u2019s City Centre for a Private Sonica Client, the results of which are absolutely stunning.<\\/p>\\r\\n<p>Our brief took the project from an existing Landlord CAT-A finish (which was fully stripped out) to their fitted out Corporate HQ in 8 weeks from commencement.<\\/p>\\r\\n<p>Works were undertaken in a multi-tenanted office development with continual intensive daily co-ordination with the sitting Building Management Team. Added to the time sensitive nature of the project was the Client\\u2019s \\u201cnot-to-exceed\\u201d occupation date which was a key consideration in our aggressive construction programme.<\\/p>\\r\\n<p>Due to the high degree of cellularisation to form the various offices, meeting spaces and executive boardrooms, the mechanical scope required considerable addition to the primary Landlord ventilation provisions via. intensive upgrades, modelling and building control integration.<\\/p>\\r\\n<p>The project scope also included a large specialist joinery component, extensive meeting spaces with feature exposed ceilings and feature lighting throughout, bespoke reception area, feature hard and soft floorings, substantial active IT solution, a fully redundant IT backbone install to main comms room, high-end Corporate level access control and security install, A\\/V delivery and a full furniture installation across the complete floor plate.<\\/p>\",\"60\":\"<ul><li><sub>Design and VE development to suit budget parameters<br><\\/sub><\\/li><li><sub>International collaboration with multiple project stakeholders<br><\\/sub><\\/li><li><sub>Co-ordination with local Team on relocation deliverables<br><\\/sub><\\/li><li><sub>Comms room commissioned and complete 2 weeks before handover to allow Client IT access.<br><\\/sub><\\/li><li><sub>Live building environment<br><\\/sub><\\/li><li><sub>Full M&E data & VC co-ordination<\\/sub><\\/li><\\/ul>\",\"63\":\"\",\"56\":\"Dublin 4\",\"64\":\"\",\"61\":\"\",\"62\":\"\",\"58\":\"<ul><li>1,500m2<\\/li><\\/ul>\",\"59\":\"<ul><li>1-week Pre-construction<\\/li><li>7 weeks on-site<\\/li><\\/ul>\"}}', '2018-02-15 18:08:13', '2018-02-15 18:08:13', '32bfb8a7-7881-4b63-924d-61f8a386352f'),
 ('126', '104', '16', '1', 'en_ie', '2', '', '{\"typeId\":\"16\",\"authorId\":\"1\",\"title\":\"Demonware\",\"slug\":\"demonware\",\"postDate\":1518716640,\"expiryDate\":null,\"enabled\":1,\"parentId\":\"\",\"fields\":{\"57\":\"<p>Demonware are an Irish software development company specialising in creating networking software and services for computer game development, most notably for the Call of Duty on-line game franchise. The company were acquired by US game publisher Activision Blizzard in 2007 and have offices in Dublin, Vancouver and Shanghai.<\\/p>\\r\\n<p>Due to the complexity of the works and the fact that the offices would remain LIVE through the refurbishment, the project was bid on a 2-stage basis with an open tender process to identify two preferred bidders followed by a post-tender interview process to select their final fitout partner. A large part of the Client Team\\u2019s decision making process also centered on input and commentary from the Contractor into the initial scheme design with recommendations on buildability and value engineering. We were suitably delighted to win out at interview stage and be appointed as Demonware\\u2019s contractor of choice \\u2013 with us on board, planning for their new European HQ officially kicked-off led by international architects, Urban Agency.<\\/p>\\r\\n<p>The scope of works included segregation of the existing floor plate into Live \\/ Under-Construction areas, the complete strip of the demised floor areas, full M&E, IT and A\\/V installation, a bespoke fabricated solution for Meeting Rooms (made from curved glass pods) and Team Huddle Rooms (machined birch faced plywood), full soft & hard flooring, extensive graphics package and the management & supervision of the Client\\u2019s furniture vendors. Of further note was the fact that the project was completed with the Client in full occupation on the 5th Floor of a multi-tenanted building.<\\/p>\\r\\n<p>The finished project is a fabulous addition to our portfolio of works and is a job that we are very proud to have been involved with.<\\/p>\",\"60\":\"<ul><li>Sonica PM<\\/li><li>Full design realisation and co-ordination with International Design Team<\\/li><li>Staff migration & move management<\\/li><li>Full M&E and IT installations<\\/li><li>Turnkey furniture package<\\/li><li>Curved glass huddle rooms<\\/li><li>Birch-faced plywood huddle pods<\\/li><li>Exposed building structure & ceiling<\\/li><li>Corporate signage & brand identity<\\/li><\\/ul>\",\"63\":\"\",\"56\":\"Parnell Street\\r\\nDublin1\",\"64\":\"\",\"61\":\"I just want take a breath to let you know how happy we\'ve been so far with how the build is being managed by your Team and with the quality of the work that is being done. Harry, Doug and Ray have been a pleasure to work with throughout these past 14 weeks. What could have been a very stressful experience for us, has turned out to be an education in how a professional renovation should run. Thanks to you and your Team for this.\",\"62\":\"Amy Smith, Business Services Manager, Demonware\",\"58\":\"<ul><li>1,800m2<\\/li><\\/ul>\",\"59\":\"<ul><li>4-week Pre-construction<\\/li><li>14 weeks on-site<\\/li><\\/ul>\"}}', '2018-02-15 18:08:27', '2018-02-15 18:08:27', '096747cd-4332-4ac8-864d-de2ca076bbca'),
 ('127', '105', '16', '1', 'en_ie', '2', '', '{\"typeId\":\"16\",\"authorId\":\"1\",\"title\":\"Hubspot\",\"slug\":\"hubspot\",\"postDate\":1518716640,\"expiryDate\":null,\"enabled\":1,\"parentId\":\"\",\"fields\":{\"57\":\"<p>We had the tremendous fortune to meet with and work alongside our friends in Hubspot when our MD PM\\u2019d their very first Dublin office for just 8-people five short years ago.&nbsp; Since then, we\\u2019ve had the distinct honour to be part of their expansion year-on-year as the Sonica Team continued to service their ever increasing head count and office space requirements.&nbsp; Their growth in Dublin has been simply astounding.&nbsp;<\\/p><p>It is therefore with great pride, and shared enthusiasm for their continued future successes, that we announce the completion and launch of their new EMEA HQ in Dublin, which was opened in March 2016 with substantial (and well deserved) fanfare across the Irish media.<\\/p>\\r\\n<p>We look forward to working with Hubspot as their PM of choice here in Dublin, and wish them every good fortune in their fabulous new home. #HubSpotDigsDublin<\\/p>\",\"60\":\"<ul><li>Sonica PM<\\/li><li>Full Design Realisation and Co-ordination with International Design Team<\\/li><li>Landlord Approval and Grant of Licence to Alter<\\/li><li>Local Design Team Appointment & Management as Lead Consultant<\\/li><li>Complete Project Financial Control & Package Management<\\/li><li>Client Direct Vendor Engagement and Management<\\/li><li>Staff Migration & Move Management<\\/li><\\/ul>\",\"63\":\"\",\"56\":\"Dublin 1\",\"64\":\"\",\"61\":\"Sonica has been a phenomenal partner to HubSpot - they always keep our interests front-and-centre and are beyond timely and thorough. If you wanted a partner that can do it all and give the attention these complex fitout projects command, it is Sonica Fitout - they simply get it, and get results.\",\"62\":\"Ken Papa, Facilities Director, Hubspot Inc.\",\"58\":\"<ul><li>2,750m2<\\/li><\\/ul>\",\"59\":\"<ul><li>12 weeks Design Co-ordination, Contract Formulation & Lease Management<\\/li><li>10 weeks Build Management On-Site<\\/li><\\/ul>\"}}', '2018-02-15 18:08:46', '2018-02-15 18:08:46', '879b7497-dc34-4b1c-88f7-ccb5b62dae43'),
 ('128', '106', '16', '1', 'en_ie', '2', '', '{\"typeId\":\"16\",\"authorId\":\"1\",\"title\":\"Private Client\",\"slug\":\"private-client-1\",\"postDate\":1518716640,\"expiryDate\":null,\"enabled\":1,\"parentId\":\"\",\"fields\":{\"57\":\"<p>Our brief was to strip and refit the old Anglo Irish Bank space over two floors in St. Stephen\\u2019s Green House and transform it into an expansive, sophisticated, tech-savvy office for our Client\\u2019s expanded new HQ in Ireland.<\\/p>\\r\\n<p>Works were executed on a 10-week programme within a fully engaged, heavily trafficked, multi-tenanted building. With it\\u2019s location in the heart of Dublin\\u2019s shopping district on the iconic St. Stephen\\u2019s Green, the delivery of the finished project on an accelerated timeline formed a hugely important part of our project execution plan where the delivery \\/ collection logistics, overall traffic management, DCC liaison, out of hours works scheduling and compliance with strict building noise restrictions all required in-depth consideration.<\\/p>\\r\\n<p>The Architectural Design included a substantial joinery package, multiple floor finishes, open grid exposed ceilings, extensive Client direct vend supervision and migration management. Other packages included substantial upgrades to the Mechanical, Electrical, IT and AV installations with all service works demanding a high level of co-ordinated attention to guarantee that the vision for the completed space was realised.<\\/p>\",\"60\":\"<ul><li>Large open plan spaces with extensive perimeter cellularisation.<\\/li><li>Extensive M&E & IT package with \\u201copen grid\\u201d M&E ceiling services<\\/li><li>Engagement of specialist contractors to facilitate works in a time restricted programme.<\\/li><li>Co-ordination with local teams and stakeholders on relocation deliverables.<\\/li><li>Cost and VE development to suit strict budget parameters.<\\/li><\\/ul>\",\"63\":\"\",\"56\":\"Dublin 2\",\"64\":\"\",\"61\":\"\",\"62\":\"\",\"58\":\"<ul><li>3,000m2<\\/li><\\/ul>\",\"59\":\"<ul><li>1-week Pre-construction<\\/li><li>10 weeks on-site<\\/li><\\/ul>\"}}', '2018-02-15 18:08:54', '2018-02-15 18:08:54', 'f5e6a0d7-9b54-4f4e-9fac-f22d6f6b188d'),
 ('129', '107', '16', '1', 'en_ie', '2', '', '{\"typeId\":\"16\",\"authorId\":\"1\",\"title\":\"UDG Healthcare\",\"slug\":\"udg-healthcare\",\"postDate\":1518716640,\"expiryDate\":null,\"enabled\":1,\"parentId\":\"\",\"fields\":{\"57\":\"<p>Designed by RKD Interiors, our brief took the assignment from an Existing Landlord CAT-A area over 2-separate tenancies, both of which were then fully stripped back to basic shell and core structure as part of our works, to become UDG Healthcare\\u2019s Corporate HQ within a 10-week period from Commencement on site.<\\/p>\\r\\n<p>Works were performed unobtrusively within a fully engaged, highly trafficked, multi-tenanted building with close overlap to Campus Management, Client Stakeholders and neighbouring tenants.<\\/p>\\r\\n<p>Packages encompassed a sizeable stylish joinery element and complex Mechanical, Electrical & IT upgrades to service the open-plan work-space areas and segmental modular offices & meeting rooms. The main Reception features an inviting design element luring to a quirky \\u2018Breakout Area Canteen\\u2019 with feature brick internal facades, critall glazed screens, floating \\u2018wooden\\u2019 acoustic ceilings and matchless tiled flooring.<\\/p>\\r\\n<p>Due to the nature and scale of the sharp trapezoidal shaped walls and ceilings, paired with the diverging display of flooring and wall colours, the detailing in the Architectural packages required a Sonica level of attention to guarantee that the Architects vision for the completed space was realised.<\\/p>\",\"60\":\"<ul><li>Design and VE development to suit strict budget parameters<\\/li><li>Comms room commissioned and complete 3 weeks before handover to allow Client IT access<\\/li><li>Liaison and management of Client Direct vendors<\\/li><li>Project acceleration to ensure no client \\u2018down-time\\u2019 and smooth, quick turn-around on staff migrations<\\/li><li>Co-ordination with local Team on relocation deliverables<\\/li><li>M&E and IT upgrades throughout<\\/li><li>Turnkey furniture package<\\/li><\\/ul>\",\"63\":\"\",\"56\":\"Citywest Business Campus\",\"64\":\"\",\"61\":\"It was great to work with Hugh Ward and his team at Sonica Fitout on our new HQ in Riverwalk, Citywest. We were very impressed with the level of professionalism and attention to detail on every aspect of this project which produced a high standard of finish. Sonica Fitouts commitment to this project ensured that it came in on programme and within budget. Everyone is delighted with the final result.\",\"62\":\"Donal Burke, Head of Procurement\",\"58\":\"<ul><li>1,250m2<\\/li><\\/ul>\",\"59\":\"<ul><li>1-week Pre-Con<\\/li><li>10 weeks on site<\\/li><\\/ul>\"}}', '2018-02-15 18:09:06', '2018-02-15 18:09:06', '10f800c3-8265-4ec8-ad8a-cddfa4389e76'),
 ('130', '108', '16', '1', 'en_ie', '2', '', '{\"typeId\":\"16\",\"authorId\":\"1\",\"title\":\"3 Arena\",\"slug\":\"3-arena\",\"postDate\":1518716640,\"expiryDate\":null,\"enabled\":1,\"parentId\":\"\",\"fields\":{\"57\":\"<p>Full D&B project from receipt of Client outline brief to final delivery and handover. Development of a central defined theme to roll out across the complete rebrand project was the key deliverable.<\\/p>\\r\\n<p>1672 individual ceiling suspended \\u201cCities\\u201d in the 4th floor bar, over 2,400 individually controlled LED lights per City (and that\\u2019s just one area on one floor..!)<\\/p>\\r\\n<p>3m dia. \\u201cOculus\\u201d video back-projected onto VIP ceiling \\u2013 video specifically commissioned for the Kaleidoscope Bar fitout.<\\/p>\\r\\n<p>Fully programmable KNX Lighting system with user defined colour and dimming set points depending on event and scene setting requirements. This linked back to main venue DALI system for central control by Venue management.<\\/p>\\r\\n<p>Fully interactive Twitter feed linked to feature \\u201cfloating Megalopolis\\u201d to allow visitors Tweet their venue experiences directly into the bars in real time.<\\/p>\",\"60\":\"<ul><li>Conceptual development and full project design<\\/li><li>GMP Contract Sum<\\/li><li>Intricate project programming<\\/li><li>Live venue interaction & co-ordination<\\/li><\\/ul>\",\"63\":\"\",\"56\":\"North Wall Quay, Dublin 1\",\"64\":\"\",\"61\":\"Have to say it looks absolutely incredible. Proud to have worked on such a prestigious project for such a prestigious company as\\r\\nSonica Fitout. From all at Devlin in Design. Congratulations to Sonica.\",\"62\":\"Enda Devlin, Devlin in Design\",\"58\":\"<ul><li>4000m2 overall Venue Area.<\\/li><li>Works spread across three separate project sites running concurrently.<\\/li><\\/ul>\",\"59\":\"<ul><li>8 weeks on site<\\/li><\\/ul>\"}}', '2018-02-15 18:09:27', '2018-02-15 18:09:27', 'c10ef339-2778-4bea-aa9d-e7800c9593dc'),
 ('131', '109', '16', '1', 'en_ie', '2', '', '{\"typeId\":\"16\",\"authorId\":\"1\",\"title\":\"Salesforce\",\"slug\":\"salesforce\",\"postDate\":1518716640,\"expiryDate\":null,\"enabled\":1,\"parentId\":\"\",\"fields\":{\"57\":\"<p>Salesforce&nbsp;is the world\\u2019s leading CRM software and enterprise cloud ecosystem, their \\u201cCustomer Success Platform\\u201d helps businesses grow into a more streamlined, effective and efficient organisations across sales, service, marketing and more.<\\/p>\\r\\n<p>The Sonica Ops Team has had the pleasure of being part of SFDC\\u2019s expansion by servicing their ever increasing head count and office space requirements for the past 3-years.&nbsp; It is therefore with great pride that we showcase the latest SFDC office completion, a 15,000 sq.ft. floor plate in Central Park.<\\/p>\\r\\n<p>Works involved the demolition and strip out of the previous tenant\\u2019s existing fitted offices to cater for the new Salesforce remodelled floor plate layout.&nbsp; The office design placed emphasis on increased Team collaboration with all new open plan workstations, meeting rooms, offices, boardrooms, flexible spaces, staff kitchens & canteen areas, breakout areas and a number of bespoke \\u201cTechForce Bars\\u201d all part of the required brief.<\\/p>\\r\\n<p>They have since been voted Ireland\\u2019s Best Workplace \\u2013 the company was ranked No. 1 on the list of the Best Large Places to Work, a ranking based on employees\\u2019 own assessments of their experiences.<\\/p>\",\"60\":\"<ul><li>Full GMP Build Delivery<\\/li><li>Extensive Feature Joinery Package procurement<\\/li><li>Complete staff auditorium with extensive A\\/V<\\/li><li>Client Direct Vendor Engagement and Management<\\/li><li>Staff Migration & Move Management<\\/li><\\/ul>\",\"63\":\"\",\"56\":\"Central Park, Dublin 18\",\"64\":\"\",\"61\":\"Just a little note to say a BIG thank you to you and all the Sonica team. It was a real pleasure working with you all. Thanks for your guidance, assistance and patience! Fingers crossed for the next one.\",\"62\":\"Cathy Mooney, Senior Office Manager\",\"58\":\"<ul><li>1500m2<\\/li><\\/ul>\",\"59\":\"<ul><li>10 weeks Design Co-ordination, Procurement, GMP Formulation<\\/li><li>12 weeks Build Management On-Site<\\/li><\\/ul>\"}}', '2018-02-15 18:09:38', '2018-02-15 18:09:38', 'b5dbe6f7-4250-4641-8032-2f6e5d7ae3f5'),
 ('132', '110', '16', '1', 'en_ie', '2', '', '{\"typeId\":\"16\",\"authorId\":\"1\",\"title\":\"Wipro\",\"slug\":\"wipro\",\"postDate\":1518716640,\"expiryDate\":null,\"enabled\":1,\"parentId\":\"\",\"fields\":{\"57\":\"<p>Since entering the Irish market in 2015, WIPRO have gone from strength to strength securing substantial projects for their ever increasing Client base. This success has been met with a rapid increase in head count and exponential office space requirement.<\\/p>\\r\\n<p>Having already completed over 50k sq.ft. of office space in Dublin for WIPRO since 2015, we were delighted to build upon and advance the great working relationship we had developed with both their International and Local Teams when they appointed us again as their Turnkey D&B Fitout Specialist for their new expansion offices in Ballsbridge.<\\/p>\\r\\n<p>Works were undertaken in a multi-tenanted office development with continual intensive daily co-ordination with the sitting Campus Management Team. Added to the time sensitive nature of the project was the Client\\u2019s \\u201cnot-to-exceed\\u201d occupation date which was a key consideration in our aggressive construction programme.<\\/p>\\r\\n<p>Due to the high degree of cellularisation to form the various offices, meeting spaces, VC Rooms & Executive Boardrooms, the mechanical scope required considerable addition to the primary Landlord ventilation provisions via. intensive upgrades, modelling and building control integration.<\\/p>\\r\\n<p>The project scope also included a large specialist joinery component, exposed ceilings and feature lighting throughout, feature hard and soft floorings, substantial active IT solution, a fully redundant IT backbone install with UPS back up to main comms room, high-end Corporate level access control and security install, A\\/V delivery and a full furniture installation across the complete floor plate.<\\/p>\",\"60\":\"<ul><li>Sonica PM<\\/li><li>Full Design Realisation and Co-ordination with International Design Team<\\/li><li>Landlord Approval and Grant of Licence to Alter<\\/li><li>Local Design Team Appointment & Management as Lead Consultant<\\/li><li>Complete Project Financial Control & Package Management<\\/li><li>Client Direct Vendor Engagement and Management<\\/li><li>Staff Migration & Move Management<\\/li><\\/ul>\",\"63\":\"\",\"56\":\"Ballsbridge\",\"64\":\"\",\"61\":\"\",\"62\":\"\",\"58\":\"<ul><li>1000m2<\\/li><\\/ul>\",\"59\":\"<ul><li>1-week Pre-construction<\\/li><li>8 weeks on-site<\\/li><\\/ul>\"}}', '2018-02-15 18:09:46', '2018-02-15 18:09:46', 'a76e2e5e-710f-4377-9765-b04f30bb88b6'),
 ('133', '111', '16', '1', 'en_ie', '2', '', '{\"typeId\":\"16\",\"authorId\":\"1\",\"title\":\"Private Client\",\"slug\":\"private-client-2\",\"postDate\":1518716640,\"expiryDate\":null,\"enabled\":1,\"parentId\":\"\",\"fields\":{\"57\":\"<p>Sonica Fitout were contracted to completely refurbish the Ground Floor lobby of the headquarters of one of Ireland\\u2019s leading providers of wealth management and financial advisory services. Clients of this prestigious private client are used to a meticulous attention to detail and as such this was reflected in the design and level of finish expected.<\\/p>\\r\\n<p>The intent was to provide enclosed, private areas throughout the space with which to hold impromptu, private meetings while maintaining a bright, open and modern feel throughout. Combined with the extremely well-appointed joinery package the overall feel of the space was one of practical opulence and luxury.<\\/p>\\r\\n<p>The scope of works was a complete refurbishment with curved recessed bulkheads all LED backlit, stone tiling throughout, new security gates and curved glazed meeting rooms all surrounding the walnut clad lift core that integrated seamlessly with an oversized reception desk. In addition new bathroom and kitchen facilities were completed as well as all new air conditioning throughout the floor.<\\/p>\\r\\n<p>Following a week\\u2019s pre construction this project was delivered in 5 weeks over multiple phases keeping live access available to staff members 24 hours a day 7 days a week with minimal disruption.<\\/p>\",\"60\":\"<ul><li>Natural Stone floor<\\/li><li>Bespoke Walnut wall cladding<\\/li><li>Curved glazed partitions throughout<\\/li><li>Oversized feature reception desk<\\/li><li>Backlit feature ceilings throughout<\\/li><li>New staff \\u201cspeedlanes\\u201d<\\/li><li>New facilities<\\/li><li>Completely revamped AC system.<\\/li><\\/ul>\",\"63\":\"\",\"56\":\"Dublin 2\",\"64\":\"\",\"61\":\"\",\"62\":\"\",\"58\":\"<ul><li>Reception areas<\\/li><\\/ul>\",\"59\":\"<ul><li>1-week Pre-Con<\\/li><li>5 weeks on site<\\/li><\\/ul>\"}}', '2018-02-15 18:09:56', '2018-02-15 18:09:56', 'df25cc3b-e80e-48a0-b9a8-f170f4fc1c8d'),
 ('134', '112', '16', '1', 'en_ie', '2', '', '{\"typeId\":\"16\",\"authorId\":\"1\",\"title\":\"SAS\",\"slug\":\"sas\",\"postDate\":1518716640,\"expiryDate\":null,\"enabled\":1,\"parentId\":\"\",\"fields\":{\"57\":\"<p>SAS is a global market leader in business analytics software and services and is listed as being in the Top-100 Best Companies to work for worldwide. We were delighted to complete their prestigious new 1,300m2 HQ office in Dublin\\u2019s IFSC complex.<\\/p>\\r\\n<p>Works were undertaken in a multi-tenanted, fully occupied building with extensive noise restriction in place to avoid disruption to other businesses on-site.<\\/p>\\r\\n<p>The scope included complete demolitions of the existing floor plate with subsequent re-fit of partitions, glazing, managers offices, corporate meeting rooms, multiple floor finishes, decorations and a bespoke branding and graphics package. The brief also extended to the supply & installation of all new operator workstations, cellular office stations and boardroom furniture with completion of all M&E, IT and A\\/V services.<\\/p>\\r\\n<p>The completed project truly reflects SAS\\u2019s strong corporate identity through the entire space and we were delighted to hand over the finished article to the Client\\u2019s exacting standards and expectations.<\\/p>\",\"60\":\"<ul><li>Fully occupied Building Environment<\\/li><li>Management of Client Direct Vend Packages<\\/li><li>Complete M&E, IT and A\\/V service installations<\\/li><li>Corporate Brand Package co-ordination & implementation<\\/li><li>Extensive corporate office cellularisation<\\/li><\\/ul>\",\"63\":\"\",\"56\":\"La Touche House IFSC, Dublin 1\",\"64\":\"\",\"61\":\"I can highly recommend Sonica Fit Out, their professionalism and flexible approach in challenging circumstances resulted in a smooth and timely delivery of SAS project, the entire team were a pleasure to work with.\",\"62\":\"Karen Chisman, Head of Corporate Services at SAS\",\"58\":\"<ul><li>1,300m2<\\/li><\\/ul>\",\"59\":\"<ul><li>1-week Pre-construction<\\/li><li>8 weeks on-site<\\/li><\\/ul>\"}}', '2018-02-15 18:10:08', '2018-02-15 18:10:08', 'c9fddbf5-a839-477c-8893-99ae1b6ac780'),
 ('135', '113', '16', '1', 'en_ie', '2', '', '{\"typeId\":\"16\",\"authorId\":\"1\",\"title\":\"Calvin Klein\",\"slug\":\"calvin-klein\",\"postDate\":1518716640,\"expiryDate\":null,\"enabled\":1,\"parentId\":\"\",\"fields\":{\"57\":\"<p>Calvin Klein is one of the leading fashion design and marketing studios in the world. They are a global lifestyle brand that exemplifies bold, progressive ideals and a seductive, and often minimal, aesthetic. After nearly 50 years of trading, Calvin Klein continues to be a cultural catalyst across the globe today.<\\/p>\\r\\n<p>We were delighted to be selected by Calvin Klein to carry out the complete relocation and fitout of their new flagship stores (CK Jeans & CK Underwear) in Irelands Premier Shopping destination, Kildare Village. Our brief was to create a completed space that combines the retail experience with the architectural aesthetic of this refined fashion collection.<\\/p>\\r\\n<p>Works were undertaken concurrently in both stores and included the full strip out of the existing premises with subsequent re-installation of new partitions and floor finishes, complete M&E & IT rework, co-ordination of a bespoke high-end joinery package and management of the internal and external CK signage install. In addition, the relocation to a temporary \\u201cGo Live\\u201d space while our refurbishment works were progressing (as well as relocation back to stores upon completion) also formed part of our project brief.<\\/p>\\r\\n<p>The finished product succeeds in promoting the Calvin Klein identity within Kildare Village and provides a top of the range retail experience for shoppers within both stores.<\\/p>\",\"60\":\"<ul><li>Extensive feature joinery package<\\/li><li>Bespoke feature lighting installation<\\/li><li>Full move management<\\/li><li>Extensive floor finishes<\\/li><li>POS selection, install and commisisoning<\\/li><li>Construction of all fixed merchandise and sales displays<\\/li><\\/ul>\",\"63\":\"\",\"56\":\"Kildare Village\",\"64\":\"\",\"61\":\"Our goal is always to create a space that combines the retail experience with the architectural aesthetic our fashion collection represents. We had the tremendous pleasure to collaborate with Sonica Fitout to accomplish this in our new Kildare Village stores - the finished results speak entirely for themselves.\",\"62\":\"Antonios Krantidis, CK Project Manager\",\"58\":\"<ul><li>400m2<\\/li><\\/ul>\",\"59\":\"<ul><li>1-week Pre-construction<\\/li><li>5 weeks on-site<\\/li><\\/ul>\"}}', '2018-02-15 18:10:17', '2018-02-15 18:10:17', '641de288-8be2-40fd-a935-31dfe06521ba'),
 ('136', '114', '16', '1', 'en_ie', '2', '', '{\"typeId\":\"16\",\"authorId\":\"1\",\"title\":\"100 Stephen\\u2019s Green\",\"slug\":\"100-stephens-green\",\"postDate\":1518716640,\"expiryDate\":null,\"enabled\":1,\"parentId\":\"\",\"fields\":{\"57\":\"<p>100 St. Stephen\\u2019s Green, a red brick Georgian located in the iconic South West corner of the Green, was originally sub-divided into six dated apartments. Sonica were engaged by property owners DAVY to develop the building into a prestigious single tenancy office above a 1 bedroom apartment in the basement.<\\/p>\\r\\n<p>The nature of the premises, and it\\u2019s status as a listed building, meant the project had to be handled with the utmost care. Working hand-in-hand with Neasa Donnellan Architects and Dublin City Council, each element of the build was scrutinised for compliance of FSC, DAC, heritage protection and quality.<\\/p>\\r\\n<p>The work scope included full glazing replacement with all new sliding sash windows with slimlite double glazed panels in keeping with the original, full facade restoration and re-pointing, roof replacement, extensive structural works, removal of the existing basement slab and replacement with complete tanking system and new drainage and fire protection to existing staircore as per current regulations.<\\/p>\\r\\n<p>Internally the high-end office interiors include full power and data cabling and floor boxes throughout, bespoke joinery and panelling in every space, restored original Georgian features on all floors, newly landscaped rear yard, high quality floor finishes and a luxury, own door, 1-bed 2-bath self contained apartment in the basement.<\\/p>\",\"60\":\"<ul><li>Protected Georgian structure<\\/li><\\/ul>Hardwood sash windows with Slimlite glazing<br>Facade and roof restoration<br>Full internal strip out<br>Data cabling throughout to central rack location<br>New gas fired rad heating system<br>Hand made crown mouldings from sample of original<br>Period correct feature joinery throughout<br>Protection and restoration of existing Georgian features<br>Luxury floor finishes<br>Self contained apartment\",\"63\":\"\",\"56\":\"Dublin 2\",\"64\":\"\",\"61\":\"With Sonica at the helm, the project ran seamlessly on-site - any unforeseen events were dealt with quickly and programme was never compromised. We were very impressed with the quality of their finishes and found the whole Company to be very well organised and efficient. We would be very happy to work with them again.\",\"62\":\"Neasa Donnellan\\r\\nProject Architect\",\"58\":\"<ul><li>350m2<\\/li><\\/ul>\",\"59\":\"<ul><li>1-week Pre-construction<\\/li><li>18 weeks on-site<\\/li><\\/ul>\"}}', '2018-02-15 18:10:34', '2018-02-15 18:10:34', '98ce0d62-7a0d-4e36-a1f8-a3cdb959ff18'),
 ('137', '115', '16', '1', 'en_ie', '2', '', '{\"typeId\":\"16\",\"authorId\":\"1\",\"title\":\"City North Hotel\",\"slug\":\"city-north-hotel\",\"postDate\":1518716640,\"expiryDate\":null,\"enabled\":1,\"parentId\":\"\",\"fields\":{\"57\":\"<p>The City North Hotel & Conference Centre is a prestigious 4-Star Hotel located 30-mins North of Dublin City Center which offers luxury accommodation and an exquisite Ballroom for Conferences, Events and Weddings.<\\/p>\\r\\n<p>As part of the Hotel\\u2019s recent redevelopment, we were appointed to manage the extensive restructure of all of their main front of house Client facing spaces comprising of a new warm and welcoming Reception area, a fully refitted Hotel Bar and Lounge area, a Restaurant and an exclusive new Conference & Ballroom facility.<\\/p>\\r\\n<p>Works were carried out in a live working environment (the hotel remained fully functional during the refit) and was divided into multiple phases to ensure minimal restriction & disruption to guests during construction. All phases included substantial demolition works, full M&E installations, new partitions and feature ceilings, bespoke lighting with textured high-end joinery and exquisite segmented hardwood flooring.<\\/p>\\r\\n<p>Due to the nature of the works, the project required extensive management of multiple on-site trades and was completed against an aggressive programme to coincide with media published announcements on the rebrand and official launch date.<\\/p>\",\"60\":\"<ul><li>High-end joinery package<\\/li><li>Exquisite segmented flooring<\\/li><li>Management of multiple trades<\\/li><li>Project multi-phasing<\\/li><li>Full M&E installation<\\/li><\\/ul>\",\"63\":\"\",\"56\":\"M1 Corridor, North Co. Dublin\",\"64\":\"\",\"61\":\"\",\"62\":\"\",\"58\":\"<ul><li>1,500m2<\\/li><\\/ul>\",\"59\":\"<ul><li>1 Week Pre-construction<\\/li><li>12 Weeks on-site<\\/li><\\/ul>\"}}', '2018-02-15 18:10:43', '2018-02-15 18:10:43', '81b0c511-dc17-4ffc-8f91-02c50721a4b9'),
 ('138', '116', '16', '1', 'en_ie', '2', '', '{\"typeId\":\"16\",\"authorId\":\"1\",\"title\":\"RKD Interiors\",\"slug\":\"rkd-interiors\",\"postDate\":1518716640,\"expiryDate\":null,\"enabled\":1,\"parentId\":\"\",\"fields\":{\"57\":\"<p>RKD Interiors is a market leading interior architecture firm based in Dublin. The team, led by Justin Treacy, consists of the very best in creative Architects and Interior Designers who work collaboratively with the in-house support team of Designers, Technicians & CAD \\/ BIM Coordinators and the wider resource and expertise of RKD Architects. At the core of their philosophy is a practical and pragmatic approach to delivering the best environments for the most appropriate capital outlay. Having worked with RKD Interiors on numerous occasions in the past, we were aware of the exacting standards that were expected from the outset on this collaboration.<\\/p>\\r\\n<p>The project was pitched as a real shop window fitout to showcase RKD\\u2019s standard and design capability to prospective visiting RKD Clients and we approached the project like any other: to deliver best in market product with zero defects at handover. Covering 6,000 sq ft over 3 floors, the work scope comprised of inspirational studios to the 1st and 2nd floors, with areas designated for collaboration and huddle meetings allowing the designers to get creative with a bespoke staff caf\\u00e9, meeting rooms and social spaces based on the Ground Floor.<\\/p>\\r\\n<p>The overall brief was to produce a comfortable, modern and above all functional workspace with a professional design that exceeds expectations even in an area such as Baggot St. where high end eateries and businesses are the norm. One of the key features, as part of RKD interiors on-going commitment to a greener work environment, was to provide ample, secure bike storage for staff. Not only has this been achieved but it has also become a real design focal point, which upon entry sets a modern and progressive tone. Other features include the herringbone flooring which seamlessly combines durability with design, the increasingly popular crittal glazing and bespoke joinery throughout. In addition, you will find numerous design touches, as you would expect of an RKD interiors design, such as the exposed swag cabling to the lights in the cafe to give the illusion of extra height, the plywood routered RKD logo at entry with integrated shelving and the comfortable lounge located midway through the ground floor.<\\/p>\\r\\n<p>The project was delivered in 5 weeks following a 1-week pre-construction and mobilisation period.<\\/p>\",\"60\":\"<ul><li>Bespoke feature joinery and glazed partition packages<\\/li><li>Numerous floor finishes running seamlessly throughout<\\/li><li>Staff \\u201cCafe\\u201d<\\/li><li>Internal, secure bike park<\\/li><li>2 floors of bright, modern studio space<\\/li><li>M&E and IT upgrades throughout<\\/li><li>Turnkey furniture package<\\/li><\\/ul>\",\"63\":\"\",\"56\":\"Ballsbridge, Dublin 4\",\"64\":\"\",\"61\":\"Working with Sonica was a great experience. We would like to thank the team for delivering for such demanding taskmasters, for working with us to realise and achieve our design in a very tight timeframe, and for making the whole delivery process a thoroughly enjoyable and fun experience for us all.\",\"62\":\"Liat Greenhot, RKD Interiors\",\"58\":\"<ul><li>600m2 over 3 floors<\\/li><\\/ul>\",\"59\":\"<ul><li>1-week pre-construction<\\/li><li>5 weeks on-site<\\/li><\\/ul>\"}}', '2018-02-15 18:10:52', '2018-02-15 18:10:52', 'd1e91248-bedf-4492-90b6-03aed5314be0'),
 ('139', '117', '16', '1', 'en_ie', '2', '', '{\"typeId\":\"16\",\"authorId\":\"1\",\"title\":\"Fitter Faster Stronger\",\"slug\":\"fitter-faster-stronger\",\"postDate\":1518716640,\"expiryDate\":null,\"enabled\":1,\"parentId\":\"\",\"fields\":{\"57\":\"<p>Established only 3-years ago, Fitter Faster Stronger (FFS)&nbsp;is now one of the leading specialist facilities in Dublin providing personal one-on-one or group training&nbsp;across a range of classes and exercise types, from total body strength to full metabolic conditioning.<\\/p>\\r\\n<p>Having successfully completed FFS\\u2019s original gym refurbishment in 2016, and due to their phenomenal expansion and growth, we were delighted to be appointed by the Management Team in FFS to develop and complete their 2nd bespoke premises inside of 18-months.&nbsp; Working with Courtney McDonnell Design, we were delighted to take on the brief of creating a new space which motivates, engages and pushes personal goals to the highest level whilst also realising the strong branding the FFS model carries.<\\/p>\\r\\n<p>The space is divided into three main parts \\u2013 the gym, utility space and break & members areas. &nbsp;Works included the strip out & demolitions of the entire old premises followed by full M&E installation (to include a DMX programmable lighting system defined by gym instructors to suit mood or event), bespoke feature flooring across&nbsp;different surfaces, extensive landscaping works at the rear gardens to become an outdoor training area, complete joinery co-ordination of utility space and members area and a personalised graphics package to enhance the members workouts and provide guidance through the whole space.<\\/p>\",\"60\":\"<ul><li>Complete strip out of all incumbent areas<\\/li><li>Full M&E installation with programmable DMX ambiance lighting<\\/li><li>Bespoke feature flooring<\\/li><li>Extensive landscaping works to external gym area<\\/li><li>D&B joinery & upholstery package<\\/li><li>Graphics co-ord and installation<\\/li><\\/ul>\",\"63\":\"\",\"56\":\"Leeson Street\",\"64\":\"\",\"61\":\"The level of professionalism and proficiency on the first project we carried out with Sonica Fitout really impressed us, hence the reason why we went back to them for our 2nd premises. The entire fitout was completed on an aggressive timeline with multiple moving parts, but the team here at FFS are once again delighted with the finished product that was achieved, it looks awesome!\",\"62\":\"Rory McInerney, Managing Director, FFS\",\"58\":\"<ul><li>Complete Basement to Georgian Building, Lesson St.<\\/li><\\/ul>\",\"59\":\"<ul><li>1-week Pre-construction<\\/li><li>6 weeks on-site<\\/li><\\/ul>\"}}', '2018-02-15 18:11:03', '2018-02-15 18:11:03', '23c88f17-81f4-429b-a1a3-f31a84aecf7e'),
 ('140', '118', '16', '1', 'en_ie', '2', '', '{\"typeId\":\"16\",\"authorId\":\"1\",\"title\":\"Private Client\",\"slug\":\"private-client-3\",\"postDate\":1518716640,\"expiryDate\":null,\"enabled\":1,\"parentId\":\"\",\"fields\":{\"57\":\"<p>Sonica Fitout was appointed by CBRE to act as Main Contractor for the refurbishment and upgrade of this 5th floor Corporate office space located at East Point Business Park in Dublin.<\\/p>\\r\\n<p>The Client\\u2019s fitout requirements were driven by an internal review to develop new ways of working. The challenge was to take these findings and ideas and bring them into a layout scheme that realised all their requirements whilst also increasing headcount within the floor space. Our project brief then consisted of the demolition and re-build of the existing layouts, installation of new branded specialist joinery items throughout the floor, a vibrant colour theming and graphics package co-ordination, installation of new glazed partitions including folding walls with modifications to the existing data infrastructure and the mechanical and electrical services of the space.<\\/p>\\r\\n<p>The completed office space now promotes the Client\\u2019s identity and provides a new fresh working space for staff.<\\/p>\",\"60\":\"<ul><li>Extensive Feature Joinery Package<\\/li><li>Data Infrastructure Installation<\\/li><li>M&E Services Modification<\\/li><li>Numerous Floor Finishes running seamlessly throughout<\\/li><li>Corporate Signage & Brand Identity<\\/li><\\/ul>\",\"63\":\"\",\"56\":\"East Point Business Park, Dublin 3\",\"64\":\"\",\"61\":\"\",\"62\":\"\",\"58\":\"<ul><li>1,500m2<\\/li><\\/ul>\",\"59\":\"<ul><li>2-week Pre-Construction<\\/li><li>5 weeks Build Management On-Site<\\/li><\\/ul>\"}}', '2018-02-15 18:11:10', '2018-02-15 18:11:10', '472388bf-5d94-40d5-9110-ebc0a7b5833a'),
 ('141', '119', '16', '1', 'en_ie', '2', '', '{\"typeId\":\"16\",\"authorId\":\"1\",\"title\":\"M & S Simply Food\",\"slug\":\"m-s-simply-food\",\"postDate\":1518716640,\"expiryDate\":null,\"enabled\":1,\"parentId\":\"\",\"fields\":{\"57\":\"<p>M&S Simply Food are an off-shoot of the famous high street British multinational specialising on high quality grab-and-go ready meal ranges and every day food selections.<\\/p>\\r\\n<p>This project consisted of the fitout from shell and core of the new M&S Simply Food outlet in Dublin\\u2019s Heuston Train Station. Works revolved around the installation of new M&E services, flooring, internal partitions, decorations, PoS counters, feature joinery, product refrigeration, the co-ordination of Client direct vendors and the installation of internal and external corporate graphics.<\\/p>\\r\\n<p>A carefully considered site management & works execution plan was key to the success of the project with close co-ordination with Station management while works progressed in the busy station.<\\/p>\",\"60\":\"<ul><li>New M&E services installation<\\/li><li>Feature joinery package<\\/li><li>M&S corporate graphics install<\\/li><li>Exposed ceilings throughout<\\/li><li>LIVE station working environment<\\/li><li>Client Direct vendor management<\\/li><\\/ul>\",\"63\":\"\",\"56\":\"Dublin 8\",\"64\":\"\",\"61\":\"Just a quick note to compliment and acknowledge the efforts of your Team on the Heuston Station M&S project. These types of projects are not simple, particularly from a co-ordination view point, but your Team demonstrated professionalism and proactive thinking in dealing with any issue that arose and delivered the project on programme. It has been great working with you right through the project and we look forward to working with Sonica again in the future.\",\"62\":\"Stephen Crean, Linesight PM\",\"58\":\"<p>200m2<\\/p>\",\"59\":\"<p>1-week Pre-construction<br>5 weeks on-site<\\/p>\"}}', '2018-02-15 18:11:14', '2018-02-15 18:11:14', '43cd2b0a-3de2-405f-abdf-300c3033a197'),
 ('142', '119', '16', '1', 'en_ie', '3', '', '{\"typeId\":\"16\",\"authorId\":\"1\",\"title\":\"M & S Simply Food\",\"slug\":\"m-s-simply-food\",\"postDate\":1518716640,\"expiryDate\":null,\"enabled\":1,\"parentId\":\"\",\"fields\":{\"57\":\"<p>M&S Simply Food are an off-shoot of the famous high street British multinational specialising on high quality grab-and-go ready meal ranges and every day food selections.<\\/p>\\r\\n<p>This project consisted of the fitout from shell and core of the new M&S Simply Food outlet in Dublin\\u2019s Heuston Train Station. Works revolved around the installation of new M&E services, flooring, internal partitions, decorations, PoS counters, feature joinery, product refrigeration, the co-ordination of Client direct vendors and the installation of internal and external corporate graphics.<\\/p>\\r\\n<p>A carefully considered site management & works execution plan was key to the success of the project with close co-ordination with Station management while works progressed in the busy station.<\\/p>\",\"60\":\"<ul><li>New M&E services installation<\\/li><li>Feature joinery package<\\/li><li>M&S corporate graphics install<\\/li><li>Exposed ceilings throughout<\\/li><li>LIVE station working environment<\\/li><li>Client Direct vendor management<\\/li><\\/ul>\",\"63\":\"\",\"56\":\"Dublin 8\",\"64\":\"\",\"61\":\"Just a quick note to compliment and acknowledge the efforts of your Team on the Heuston Station M&S project. These types of projects are not simple, particularly from a co-ordination view point, but your Team demonstrated professionalism and proactive thinking in dealing with any issue that arose and delivered the project on programme. It has been great working with you right through the project and we look forward to working with Sonica again in the future.\",\"62\":\"Stephen Crean, Linesight PM\",\"58\":\"<ul><li>200m2<\\/li><\\/ul>\",\"59\":\"<ul><li>1-week Pre-construction<\\/li><li>5 weeks on-site<\\/li><\\/ul>\"}}', '2018-02-15 18:11:21', '2018-02-15 18:11:21', 'f20eb9da-0e1d-4bfb-9a68-071623b5b755'),
 ('143', '120', '16', '1', 'en_ie', '2', '', '{\"typeId\":\"16\",\"authorId\":\"1\",\"title\":\"Wipro\",\"slug\":\"wipro-1\",\"postDate\":1518716640,\"expiryDate\":null,\"enabled\":1,\"parentId\":\"\",\"fields\":{\"57\":\"<p>Since entering the Irish market in 2015, WIPRO have gone from strength to strength securing substantial projects for their ever increasing Client base. This success has been met with a rapid increase in head count and exponential office space requirement.<\\/p>\\r\\n<p>Having just completed their initial 30k sq.ft. office in Dublin\\u2019s Elm Park in 2015, we were delighted to build upon and advance the great working relationship we had developed with both their International and Local Teams when they appointed us again as their Turnkey D&B Fitout Specialist for their new expansion offices in Ballsbridge.<\\/p>\\r\\n<p>The brief was to capture the look and feel of what we had been previously delivered for them on the Elm Park project, but to take that blue print and move it on to the next level again \\u2013 no easy task if you were to look at the completed space in Elm Park!<\\/p>\\r\\n<p>At 20k sq.ft. and running concurrently over two floors, works were undertaken in a multi-tenanted office development with continual intensive daily co-ordination with the sitting Campus Management Team. Added to the time sensitive nature of the project was the Client\\u2019s \\u201cnot-to-exceed\\u201d occupation date which was a key consideration in our aggressive construction programme.<\\/p>\\r\\n<p>Due to the high degree of cellularisation to form the various offices, meeting spaces, VC Rooms & Executive Boardrooms, the mechanical scope required considerable addition to the primary Landlord ventilation provisions via. intensive upgrades, modelling and building control integration.<\\/p>\\r\\n<p>The project scope also included a large specialist joinery component, an extensive canteen space with exposed ceilings and feature lighting throughout, bespoke reception area, feature hard and soft floorings, substantial active IT solution, a fully redundant IT backbone install with UPS back up to main comms room, high-end Corporate level access control and security install, A\\/V delivery and a full furniture installation across the complete dual floor plate.<\\/p>\\r\\n<p>We wish Wipro continued success in their newest home and look forward to representing them again in their next round of expansions.<\\/p>\",\"60\":\"<ul><li>Sonica PM<\\/li><li>Full Design Realisation and Co-ordination with International Design Team<\\/li><li>Landlord Approval and Grant of Licence to Alter<\\/li><li>Local Design Team Appointment & Management as Lead Consultant<\\/li><li>Complete Project Financial Control & Package Management<\\/li><li>Client Direct Vendor Engagement and Management<\\/li><li>Staff Migration & Move Management<\\/li><\\/ul>\",\"63\":\"\",\"56\":\"Ballsbridge\",\"64\":\"\",\"61\":\"The bittersweet time has come to say thank you and farewell (albeit for now!) to the formidable & fantastic team that is Sonica. We can\\u2019t thank you enough for your dedication, enthusiasm and flexibility over the last year. We have worked together through different time zones, deadlines and (at times!) style preferences to ultimately create two unique Office environments which epitomise the Spirit of Wipro.\\r\\n\\r\\nThanks for sharing your vision with us and for the friendship that we\\u2019ve formed.\",\"62\":\"Trish Buckley, Admin. Manager, WIPRO Europe\",\"58\":\"<ul><li>2,000m2<\\/li><\\/ul>\",\"59\":\"<ul><li>6 weeks design<\\/li><li>4 weeks pre-con<\\/li><li>10 weeks on-site<\\/li><\\/ul>\"}}', '2018-02-15 18:11:32', '2018-02-15 18:11:32', 'd0363b4e-f8ab-4e32-b5c9-1d6074887384'),
 ('144', '121', '16', '1', 'en_ie', '2', '', '{\"typeId\":\"16\",\"authorId\":\"1\",\"title\":\"Anya Hindmarch\",\"slug\":\"anya-hindmarch\",\"postDate\":1518716640,\"expiryDate\":null,\"enabled\":1,\"parentId\":\"\",\"fields\":{\"57\":\"<p><em><\\/em>Founded in 1987, Anya Hindmarch has grown into a global brand with more than 45 stores including flagship outlets in New York, London, Tokyo and LA. Known for blending wit and creativity with the finest craftsmanship and innovative leatherwork techniques, they are stocked in many of the world\\u2019s best retail stores, from Barney\\u2019s in New York to BoonTheShop in Korea.<\\/p>\\r\\n<p>Following receipt of our outline brief, we were appointed to create a unique, bespoke new store for the brand in Kildare Village coupled with the strip out, surrender and relocation of the existing store within the campus. The new store was a complete turn key fitout from \\u201cgrey box\\u201d to open for business. The works comprised of new flooring details, changing room marketing and sales displays and complete joinery coordination as well as mechanical and electrical installation.<\\/p>\\r\\n<p>The completed project reflects Anya Hindmarch\\u2019s extraordinary identity with strong emphasis on minimalistic detail and a high level of finishes throughout.<\\/p>\",\"60\":\"<ul><li>Extensive feature joinery package<\\/li><li>Stunning solid oak herringbone flooring<\\/li><li>Bespoke glazed partition solution<\\/li><li>M&E and IT upgrades throughout<\\/li><li>Live Building working environment<\\/li><li>Turnkey furniture package and Client migration<\\/li><\\/ul>\",\"63\":\"\",\"56\":\"Kildare Village\",\"64\":\"\",\"61\":\"\",\"62\":\"\",\"58\":\"<p>100m2<\\/p>\",\"59\":\"<p>1-week pre-construction<br>8 weeks on-site<\\/p>\"}}', '2018-02-15 18:11:39', '2018-02-15 18:11:39', '725c6db8-0877-486c-8c58-147599ed15ac'),
 ('145', '121', '16', '1', 'en_ie', '3', '', '{\"typeId\":\"16\",\"authorId\":\"1\",\"title\":\"Anya Hindmarch\",\"slug\":\"anya-hindmarch\",\"postDate\":1518716640,\"expiryDate\":null,\"enabled\":1,\"parentId\":\"\",\"fields\":{\"57\":\"<p>Founded in 1987, Anya Hindmarch has grown into a global brand with more than 45 stores including flagship outlets in New York, London, Tokyo and LA. Known for blending wit and creativity with the finest craftsmanship and innovative leatherwork techniques, they are stocked in many of the world\\u2019s best retail stores, from Barney\\u2019s in New York to BoonTheShop in Korea.<\\/p>\\r\\n<p>Following receipt of our outline brief, we were appointed to create a unique, bespoke new store for the brand in Kildare Village coupled with the strip out, surrender and relocation of the existing store within the campus. The new store was a complete turn key fitout from \\u201cgrey box\\u201d to open for business. The works comprised of new flooring details, changing room marketing and sales displays and complete joinery coordination as well as mechanical and electrical installation.<\\/p>\\r\\n<p>The completed project reflects Anya Hindmarch\\u2019s extraordinary identity with strong emphasis on minimalistic detail and a high level of finishes throughout.<\\/p>\",\"60\":\"<ul><li>Extensive feature joinery package<\\/li><li>Stunning solid oak herringbone flooring<\\/li><li>Bespoke glazed partition solution<\\/li><li>M&E and IT upgrades throughout<\\/li><li>Live Building working environment<\\/li><li>Turnkey furniture package and Client migration<\\/li><\\/ul>\",\"63\":\"\",\"56\":\"Kildare Village\",\"64\":\"\",\"61\":\"\",\"62\":\"\",\"58\":\"<ul><li>100m2<\\/li><\\/ul>\",\"59\":\"<ul><li>1-week pre-construction<\\/li><li>8 weeks on-site<\\/li><\\/ul>\"}}', '2018-02-15 18:11:46', '2018-02-15 18:11:46', '5bd67acd-6bc9-4b91-96c2-5c832ddfd6d1'),
 ('146', '122', '16', '1', 'en_ie', '2', '', '{\"typeId\":\"16\",\"authorId\":\"1\",\"title\":\"Private Client\",\"slug\":\"private-client-4\",\"postDate\":1518716640,\"expiryDate\":null,\"enabled\":1,\"parentId\":\"\",\"fields\":{\"57\":\"<p>We are delighted to showcase the successful completion of a new 30k sq.ft. Corporate HQ office in Dublin\\u2019s Citywest Business Campus for a Private Sonica Client, the results of which are absolutely stunning.<\\/p>\\r\\n<p>Our brief took the project from an existing Landlord CAT-A finish (which was fully stripped out) to their fitted out Corporate HQ in 14 weeks from appointment.<\\/p>\\r\\n<p>Works were undertaken in a multi-tenanted office development with continual intensive daily co-ordination with the sitting Campus Management Team. Added to the time sensitive nature of the project was the Client\\u2019s \\u201cnot-to-exceed\\u201d occupation date which was a key consideration in our aggressive construction programme.<\\/p>\\r\\n<p>Due to the high degree of cellularisation to form the various offices, meeting spaces and executive boardrooms, the mechanical scope required considerable addition to the primary Landlord ventilation provisions via. intensive upgrades, modelling and building control integration.<\\/p>\\r\\n<p>The project scope also included a large specialist joinery component, an extensive \\u201cTown Hall\\u201d meeting space with feature exposed ceilings and feature lighting throughout, bespoke reception area, feature hard and soft floorings, substantial active IT solution, a fully redundant IT backbone install with UPS back up to main comms room, gymnasium installation, high-end Corporate level access control and security install, A\\/V delivery and a full furniture installation across the complete floor plate.<\\/p>\",\"60\":\"<ul><li>Design and VE development to suit budget parameters<\\/li><li>International collaboration with multiple project stakeholders<\\/li><li>Co-ordination with local Team on relocation deliverables<\\/li><li>Comms room commissioned and complete 2 weeks before handover to allow Client IT access.<\\/li><\\/ul>\",\"63\":\"\",\"56\":\"Citywest\",\"64\":\"\",\"61\":\"\",\"62\":\"\",\"58\":\"<ul><li>3,000m2<\\/li><\\/ul>\",\"59\":\"<ul><li>4 weeks pre-construction<\\/li><li>10 weeks on site<\\/li><\\/ul>\"}}', '2018-02-15 18:11:54', '2018-02-15 18:11:54', '114dd202-5e14-4785-b924-b2bfbd7c8c0e'),
 ('147', '123', '16', '1', 'en_ie', '2', '', '{\"typeId\":\"16\",\"authorId\":\"1\",\"title\":\"AIG\",\"slug\":\"aig\",\"postDate\":1518716640,\"expiryDate\":null,\"enabled\":1,\"parentId\":\"\",\"fields\":{\"57\":\"<p>AIG Europe Limited is a provider of innovative products and services, including car, property, travel, health and identity theft insurance products to more than half of the country\\u2019s top 100 companies as well as many public and private sector organisations and tens of thousands of individuals. They are also the proud main sponsor of the Dublin GAA Team #BackingEveryStep<\\/p>\\r\\n<p>Working in their Irish HQ offices in the IFSC, our brief comprised of the removal and replacement of the complete existing building ventilation system followed by retro-install of a new AC system with associated architectural and electrical works. The brief also included a full upgrade of all WCs throughout the building, installation of new mechanical chilling plant at roof level, a fixed line system for roof access, Landlord common area refurbishment and a complete re-design and fitout of the 3rd Floor office space. All works were conducted within a live, fully occupied building environment.<\\/p>\\r\\n<p>The new office design placed emphasis on increased Team collaboration with all new open plan workstations, meeting rooms, offices, boardrooms, flexible spaces, staff kitchens & canteen areas, breakout areas and a number of bespoke \\u201cTech Bars\\u201d all part of the required brief.<\\/p>\\r\\n<p>Effective use of space was an issue in the previous office so the new office was designed with ample storage capabilities to reduce clutter. The overall look and feel of the completed offices are fresh, professional and welcoming with spectacular views across Dublin city.<\\/p>\\r\\n<p>The whole project was completed within the agreed tender time frame of 22 weeks.<\\/p>\",\"60\":\"<ul><li>Variety of work settings and collaboration spaces<\\/li><li>Extensive M&E Remodel & Upgrade<\\/li><li>High quality joinery<\\/li><li>Works in fully occupied building over 5-floor plates<\\/li><li>Management of Client Direct vendors into master programme of works<\\/li><\\/ul>\",\"63\":\"\",\"56\":\"IFSC, Dublin\",\"64\":\"\",\"61\":\"On behalf of the PM team, I would like to convey our thanks to the Sonica team for a job well done. A special word of thanks to your Construction Manager, Ray McCaul, for his 100% commitment in achieving PC. This was a challenging project on a number of fronts and this achievement is not to be underestimated.\",\"62\":\"Allan Murphy, Director, Scott-Murphy. Client PM\",\"58\":\"<ul><li>8,000m2<\\/li><\\/ul>\",\"59\":\"<ul><li>22 weeks on site<\\/li><\\/ul>\"}}', '2018-02-15 18:14:09', '2018-02-15 18:14:09', '6372c988-d4bc-4970-9819-d927d19dca38');
INSERT INTO `craft_entryversions` (`id`, `entryId`, `sectionId`, `creatorId`, `locale`, `num`, `notes`, `data`, `dateCreated`, `dateUpdated`, `uid`) VALUES
 ('148', '124', '16', '1', 'en_ie', '2', '', '{\"typeId\":\"16\",\"authorId\":\"1\",\"title\":\"Sonica Fitout\",\"slug\":\"sonica-fitout\",\"postDate\":1518716640,\"expiryDate\":null,\"enabled\":1,\"parentId\":\"\",\"fields\":{\"57\":\"<p>We are delighted to showcase the completion of our new Head Office in Kingram Place, at the heart of Fitzwilliam Square in Dublin City Center.<\\/p>\\r\\n<p>Works commenced in January 2016 and were completed in a hugely impressive 5-week programme led by our D&B CM Colin Kirwan. Calling on our most trusted of trade contract partners, we have succeeded in creating what we feel is an office that\\u2019s truly worthy of the people that occupy it. It is everything we are as a Company: unique, unconventional, unexpected, refreshingly modern and forward thinking.<\\/p>\\r\\n<p>The fitout is nothing short of breath taking. Justin Treacy and Liat Greenhot of RKD Interiors have taken the vibrancy and energy of the Sonica brand and brought it to life with a myriad of individual features and wonderful ideas. From the floor-to-ceiling trapezoidal wall panelled boardroom to a 10m long 3-D snake bench with over 300 individually milled vertical components in the Ops Area, there is simply nothing like it in the City.<\\/p>\\r\\n<p>We can\\u2019t wait to show you around what is a great place to work and even better place to visit!<\\/p>\",\"60\":\"<ul><li>Unique custom made trapezoidal Boardroom wall panelling<\\/li><li>Completely bespoke joinery throughout the entire office<\\/li><li>Feature operator workstation desking & storage units<\\/li><li>Wifi controlled lighting control system for user defined mood and colour settings<\\/li><li>Extensive graphics and artwork package<\\/li><li>Custom laid vinyl plank flooring to feature guest Reception<\\/li><li>Complete A\\/V solution to Boardroom, Breakouts and Reception.<\\/li><\\/ul>\",\"63\":\"\",\"56\":\"Kingram Place, Dublin 2\",\"64\":\"\",\"61\":\"This office is our showroom, our statement of \\\"Hey, look what we can do!\\\" and it does that all in spades. We love seeing peoples reactions when they visit because they are just simply blown away with the ideas and concepts, the intricacies of the work and the overall finished product. In almost 20-years of fitout, I\'m happy to say there is simply nothing like it anywhere else, which is what we at Sonica are all about.\",\"62\":\"Donnacha Neary, Managing Director\",\"58\":\"<ul><li>350m2<\\/li><\\/ul>\",\"59\":\"<ul><li>5 weeks on site<\\/li><\\/ul>\"}}', '2018-02-15 18:14:19', '2018-02-15 18:14:19', '526a9245-80ed-433d-ac16-f98a71a8e51b'),
 ('149', '125', '16', '1', 'en_ie', '2', '', '{\"typeId\":\"16\",\"authorId\":\"1\",\"title\":\"Ellucian\",\"slug\":\"ellucian\",\"postDate\":1518716640,\"expiryDate\":null,\"enabled\":1,\"parentId\":\"\",\"fields\":{\"57\":\"<p>Ellucian provide the software, services and analytics needed to manage campus businesses faster, easier and more effectively. Serving 2,400 institutions in 40 countries across the globe, they selected Sonica Fitout as their partner for the fitout of their new Irish HQ in Dublin.<\\/p>\\r\\n<p>The project commenced with the demolition and strip out of existing finishes and M&E services on one of the upper floors of this multi-tenanted, fully occupied live building. The pre-planning and logistical management of this significant operation ran hand-in-hand with the simultaneous upfront procurement of specialist packages required for the fitout.<\\/p>\\r\\n<p>The intricate design of the space encompassed features on all flat surfaces, from the multi-layered flooring finishes to the varied hard and soft textures on partitions and walls throughout. The open plan desking has privacy screens and operator chairs matched with selected fabrics to accentuate the colour scheme of the Company\\u2019s brand. Ceilings were a blend of exposed concrete slabs interspersed with raft formed lay in grids to pick out areas below. A full M&E, IT and A\\/V brief fell under our remit with Sonica also co-ordinating the Client furniture delivery, load-out and installation.<\\/p>\\r\\n<p>The completed space gives staff the use of finished huddle rooms, spacious canteens and tea stations, open collaboration areas, V-Con Rooms, Exec Boardrooms and quiet cellular offices. The project was delivered on-programme and within the agreed Contract Sum. More importantly, it was a hugely enjoyable experience for us thanks to a fantastic Client that empowered their Design Team to \\u201cgo big\\u201d with their imagination and trusted us to realise their vision for the completed work space.<\\/p>\\r\\n<p>The end product is truly spectacular, one that we are hugely proud of and delighted to show case.<\\/p>\",\"60\":\"<ul><li>Substantial feature joinery package<\\/li><li>Acoustically rated glazed partition solution with bespoke manifestations<\\/li><li>Complete M&E refit with Data \\/ Active IT rewire part of brief<\\/li><li>Multiple floor finishes, hard and soft<\\/li><li>Co-ordination with sitting tennants and Landlord teams all through construction<\\/li><li>Snag free hand back<\\/li><\\/ul>\",\"63\":\"\",\"56\":\"Marine House, Dublin 2\",\"64\":\"\",\"61\":\"A very detailed piece of work taken on and delivered against an aggressive programme driven by our Client\'s not to be missed occupational requirements. You guys made it all look easy.\",\"62\":\"Neil McGovern, Project Manager & Client Rep. Jones Lang LaSalle\",\"58\":\"<ul><li>1000m2 floor plate<\\/li><\\/ul>\",\"59\":\"<ul><li>7 weeks on-site from start to full Client occupation<\\/li><\\/ul>\"}}', '2018-02-15 18:14:30', '2018-02-15 18:14:30', '69707c78-9d3b-448c-85ad-b202c21b6039'),
 ('150', '126', '16', '1', 'en_ie', '2', '', '{\"typeId\":\"16\",\"authorId\":\"1\",\"title\":\"Ticket Master\",\"slug\":\"ticket-master\",\"postDate\":1518716640,\"expiryDate\":null,\"enabled\":1,\"parentId\":\"\",\"fields\":{\"57\":\"<p>Ticketmaster is the world\\u2019s largest ticket distribution company,&nbsp;providing event&nbsp;tickets for more than 10,000 Promotors whose productions range from professional wrestling matches and rock concerts to Broadway shows and operas.<\\/p>\\r\\n<p>Our brief was to deliver a vibrant and invigorating work space for the Company\\u2019s employees at the new Ticketmaster Ireland HQ. &nbsp;The works entailed the fit-out to an existing unit which involved strip out and demolitions of the previously occupied space, the installation of all new wall partitions, floor finishes, internal decoration, M&E service&nbsp;installations and a complete office furniture solution. &nbsp;The design of the working environment is predominantly open plan to allow for collaborative interaction and employee connectivity, but strategically placed workstations and cellular meeting spaces ensure that teams retain their structure within the overall environment.<\\/p>\\r\\n<p>Features of the design include a spacious staff kitchen and breakout area, a specialised digital meeting \\/ training room, boardroom, numerous meeting rooms, a secure ticket print \\/ store room and a reception area with \\u201cBolon\\u201d wall and bespoke desk. &nbsp;In keeping with Ticketmasters corporate brand identity, large scale graphics fill the walls at every vantage point, reinforcing the culture of the company and adding energy and colour to the space.<\\/p>\\r\\n<p>The project was delivered in&nbsp;6 weeks following an accelerated pre-construction and mobilisation period to meet the Clients set in stone move in date.<\\/p>\",\"60\":\"<ul><li>Bespoke specialised joinery with numerous unique finishes and materials<\\/li><li>International collaboration with Ticket Master\\u2019s overseas steering group<\\/li><li>Corporate signage & brand identity<\\/li><li>Management of Client direct vend packages<\\/li><\\/ul>\",\"63\":\"\",\"56\":\"Grafton House, Grafton Street\",\"64\":\"\",\"61\":\"\",\"62\":\"\",\"58\":\"<ul><li>600m2<\\/li><\\/ul>\",\"59\":\"<ul><li>2 weeks pre-con<\\/li><li>6 weeks on site<\\/li><\\/ul>\"}}', '2018-02-15 18:14:39', '2018-02-15 18:14:39', '2c216e91-5da2-4035-a12d-447a37825c1f'),
 ('151', '127', '16', '1', 'en_ie', '2', '', '{\"typeId\":\"16\",\"authorId\":\"1\",\"title\":\"Wipro\",\"slug\":\"wipro-2\",\"postDate\":1518716640,\"expiryDate\":null,\"enabled\":1,\"parentId\":\"\",\"fields\":{\"57\":\"<p>Wipro Ltd is a global information technology, consulting and outsourcing company with 158,217 employees serving clients in 175+ cities across 6 continents. The company posted revenues of $7.5 billion for the financial year ended Mar 31, 2015.<\\/p>\\r\\n<p>Following their announcement to move into the Irish market, they selected Sonica as their turn key D&B contractor for the design and fitout of their new 240-seater office in the spectacular Elm Park OBA in Dublin.<\\/p>\\r\\n<p>Our Design and Build brief took the project from initial space planning for Lease negotiation, to Landlord consent phase, through to detailed design, costing, planning, constructing and overall hand-back. The complete project life cycle, managed from start-to-finish by Sonica.<\\/p>\\r\\n<p>Works were undertaken in the top 3-floors of the OBA building with management of logistics and daily co-ordination with the sitting Building Management Team a key consideration in the development of our aggressive construction programme.<\\/p>\\r\\n<p>A high degree of cellularisation in forming the various manager offices, meeting spaces, huddle rooms and executive boardrooms required considerable addition to the Landlords naturally conditioned eco-building ventilation strategy via. intensive modelling and BMS integration. The project scope also included a large specialist joinery component, stone flooring, substantial active IT solution, a fully redundant IT backbone install, Comms Room UPS, digital monitoring, building security, A\\/V delivery and a complete furniture installation across 3-floor plates.<\\/p>\\r\\n<p>The project was run with fully transparent financials, with the Client retaining all expenditure authorisation throughout the build process via their internationally issued PO\\u2019s. The completed works were delivered below the original approved budget tabled at Design completion stage.<\\/p>\",\"60\":\"<ul><li>International collaboration at design phase to achieve Client design goals.<\\/li><li>Open plan financials with project delivered on time and below budget.<\\/li><li>Comms room commissioned and complete 3 weeks before handover to allow Client IT access.<\\/li><li>Client direct vendors were managed into our overall programme to ensure complete co-ordination of overall project completion.<\\/li><\\/ul>\",\"63\":\"\",\"56\":\"Elm Park, Dublin\",\"64\":\"\",\"61\":\"Every member of their Project Delivery Team remained a hugely visible resource to us all through the complete project life cycle and the final results speak for themselves. We cannot speak highly enough of the manner in which they completed this project.\",\"62\":\"Paul Quinn, BKD Architects.\",\"58\":\"<ul><li>3,000m2<\\/li><\\/ul>\",\"59\":\"<ul><li>6 weeks design<\\/li><li>8 weeks on site<\\/li><\\/ul>\"}}', '2018-02-15 18:14:52', '2018-02-15 18:14:52', '718065ad-dac5-49ea-9ddb-de2a355fb8b4'),
 ('152', '128', '16', '1', 'en_ie', '2', '', '{\"typeId\":\"16\",\"authorId\":\"1\",\"title\":\"Blackrock Investments\",\"slug\":\"blackrock-investments\",\"postDate\":1518716640,\"expiryDate\":null,\"enabled\":1,\"parentId\":\"\",\"fields\":{\"57\":\"<p>Blackrock is trusted to manage more money than any other investment firm with over 135 teams in 30 countries sharing their best thinking to seek better returns for their clients. As the worlds largest investor, they currently manage in excess of 7,700 portfolios comprising $4.72T of assets.<\\/p>\\r\\n<p>Following the expansion of their Irish Team, they selected Sonica as main contractor for their office relocation project as they transferred their Dublin operation from Barrow St. to larger offices in Ballsbridge.<\\/p>\\r\\n<p>Our brief took the project from an empty \\u201cgrey box\\u201d to their fully fitted out Corporate HQ in 14 weeks from appointment.<\\/p>\\r\\n<p>Works were undertaken in a multi-tenanted fully occupied building with continual intensive daily co-ordination with the sitting Building Management Team and other tenants a key consideration in the development of our aggressive construction programme.<\\/p>\\r\\n<p>Due to the high degree of cellularisation to form the various manager offices, meeting spaces and executive boardrooms, the mechanical scope required considerable addition to the primary Landlord ventilation provisions via. intensive upgrades, modelling and BMS integration. The project scope also included a large specialist joinery component, a bespoke reception area, feature hard and soft floorings, substantial active IT solution, a fully redundant IT backbone install, Comms Room UPS & downflow A\\/C, programmable SCADA digital monitoring, high-end Corporate level access control and security install, A\\/V delivery and a full furniture installation across the complete floor plate.<br>All works were completed on-time against an aggressive delivery programme and within the agreed budget parameters.<\\/p>\",\"60\":\"<ul><li>International collaboration with UK led Design Team<\\/li><li>Co-ordination with sitting tenants and Landlord Teams throughout the construction period<\\/li><li>Comms room commissioned and complete 2 weeks before handover to allow Client IT access.<\\/li><li>Client direct vendors were managed into our overall programme to ensure complete co-ordination of the overall project completion<\\/li><\\/ul>\",\"63\":\"\",\"56\":\"Ballsbridge\",\"64\":\"\",\"61\":\"\",\"62\":\"\",\"58\":\"<ul><li>1,000m2<\\/li><\\/ul>\",\"59\":\"<ul><li>4 weeks Pre-Con<\\/li><li>10 weeks on site<\\/li><\\/ul>\"}}', '2018-02-15 18:15:01', '2018-02-15 18:15:01', '92d62208-5c2d-4d0f-97ce-4fcb63614b82'),
 ('153', '129', '16', '1', 'en_ie', '2', '', '{\"typeId\":\"16\",\"authorId\":\"1\",\"title\":\"Nissan\",\"slug\":\"nissan\",\"postDate\":1518716640,\"expiryDate\":null,\"enabled\":1,\"parentId\":\"\",\"fields\":{\"57\":\"<p>Nissan has been at the forefront of the Irish motor industry since their arrival into Ireland in 1977, a feat that is achieved by a potent combination of aggressive sales and marketing strategies coupled with an extremely strong customer service philosophy.<\\/p>\\r\\n<p>As part of their continual commitment to maintaining top-end customer experiences in their network of dealer garages, the Company embarked on a programme of refurbishment on four of their flag-ship premises in Deansgrange, Liffey Valley, Airside Swords and Tallaght. We were delighted to be selected by Nissan and their extended Professional Team to carry out this exciting multi-location works programme.<\\/p>\\r\\n<p>The works centred on the strip out and replacement of key features and finishes in the existing garages to raise their already impressive profiles. This was achieved by the introduction of a new bespoke A\\/V installation, a feature lighting overhaul, addition of glazed meeting rooms for customer interaction, a total hard-flooring uplift and replacement, new joinery, soft furnishings and a full redecoration to create a completely new look-and-feel.<\\/p>\\r\\n<p>The biggest challenge was to carry out these works, against 4-separate and standalone aggressive installation programmes, whilst the garages remained open for business during the refurbishment process.<\\/p>\\r\\n<p>It is a testament to the on-site management from the Sonica Operations Team that the projects were not only all completed on-time, but the positive impact achieved through the high-quality of the finished works exceeded Nissan\\u2019s initial expectations for these flag-ship finished garages.<\\/p>\",\"60\":\"<ul><li>Full strip out of existing finishes carried out inside LIVE working garages<\\/li><li>Substantial out of hours working to facilitate Sales Operations<\\/li><li>Co-ordination of Client direct international suppliers<\\/li><li>Phased programming to allow staggered completion of garages<\\/li><\\/ul>\",\"63\":\"\",\"56\":\"Dublin\",\"64\":\"\",\"61\":\"We developed a very good relationship with Sonica during the course of our recent multi-location refurbishments. We felt that the lines of communication were always open, their Team were very responsive to our various queries whilst remaining extremely flexible, but most importantly they shared our passion and commitment for the project at hand. We are simply delighted with the final product.\",\"62\":\"Ian Moran, Group Financial Accountant\",\"58\":\"<ul><li>4 no. garages of 1500m2 each<\\/li><\\/ul>\",\"59\":\"<ul><li>4 weeks per garage<\\/li><li>16-week overall programme<\\/li><\\/ul>\"}}', '2018-02-15 18:15:09', '2018-02-15 18:15:09', 'cce0ab1d-fc46-4d85-b03f-f0d9d3134be0'),
 ('154', '130', '16', '1', 'en_ie', '2', '', '{\"typeId\":\"16\",\"authorId\":\"1\",\"title\":\"Private Client\",\"slug\":\"private-client-5\",\"postDate\":1518716640,\"expiryDate\":null,\"enabled\":1,\"parentId\":\"\",\"fields\":{\"57\":\"<p>Our Client is one of Ireland\\u2019s leading providers of advanced information technology, products, services and business consulting expertise. They are dedicated to helping their Clients innovate and succeed through the end-to-end transformation of their business models and the application of innovative technology and business solutions.<\\/p>\\r\\n<p>Our brief comprised of the creation of a new customer experience room at their main operations facility in Dublin. Works were undertaken within this heavily occupied building with continual intensive daily co-ordination with the on-site Building Management Team. The existing space was previously used as a games area, the new fit-out required strip out of all existing finishes to provide a significant AV installation to the room, together with extensive modifications to the \\u201cStreet\\u201d circulation and access areas. An associated AV room and Store Room was also constructed.<\\/p>\\r\\n<p>The finished product is a sleek modern fitout and the use of corporate colours throughout the design is a bold injection into what was previosuly a neutral space. Some highly technical features on the project included a bespoke free standing feature wall that was constructed with a steel frame and wrapped in toughened back painted glass to act as a divider in the room to separate the space. A custom built curved glass ramp was also provided and hanging feature oval lights are an uplifting addition.<\\/p>\\r\\n<p>The project was completed within the agreed tender time frame of 5 weeks.<\\/p>\",\"60\":\"<ul><li>Bespoke free standing feature wall<\\/li><li>Specialist feature lighting<\\/li><li>Hi-Tech AV interactive and communications systems<\\/li><li>Curved glass access ramp<\\/li><\\/ul>\",\"63\":\"\",\"56\":\"Dublin\",\"64\":\"\",\"61\":\"\",\"62\":\"\",\"58\":\"<ul><li>150m2<\\/li><\\/ul>\",\"59\":\"<ul><li>5 weeks on site<\\/li><\\/ul>\"}}', '2018-02-15 18:15:15', '2018-02-15 18:15:15', '4164d02b-7504-41ab-958b-5cb54725a701'),
 ('155', '131', '16', '1', 'en_ie', '2', '', '{\"typeId\":\"16\",\"authorId\":\"1\",\"title\":\"Guinness Storehouse\",\"slug\":\"guinness-storehouse\",\"postDate\":1518716640,\"expiryDate\":null,\"enabled\":1,\"parentId\":\"\",\"fields\":{\"57\":\"<p>Spread over 4-floors, works ran concurrently in Ireland\\u2019s No. 1 Tourist attraction \\u2013 a building with 5,000 visitors daily.<\\/p>\\r\\n<p>Individual work areas were the Visitor Experience Center, Group Orientation area, Arthur Guinness Room, Business Center refurbishment, Project Taste Experience, Arrol Bar refurbishment, Red Jacket retail Fitout, Ground Floor signature St. James\\u2019s Gate Replica and a full mezzanine retail area re-fit.<\\/p>\\r\\n<p>Project Taste included conceptual \\u201cScent Oscillator\\u201d columns, developed and designed specifically for the new Taste Experience exhibition. The main ingredients used to brew Guinness were vaporized to enhance the overall visitor sensory experience in tasting the beer.<\\/p>\\r\\n<p>Interactive A\\/V screens in The Arthur Guinness Room that speak to visitors as they pass. Screen chassis\\u2019s concealed within feature wall paneling and triggered from ceiling disguised presence detectors.<\\/p>\\r\\n<p>A full size replica of the iconic St. James\\u2019s Gate was installed in the main Ground Floor visitor reception area.<\\/p>\\r\\n<p>Restoration of historic Guinness photography for scanning and printing onto full size extended wall murals installed in the Group Reception Area.<\\/p>\\r\\n<p>Millwork fabricated from reclaimed sources to preserve the antique feel of several feature joinery pieces.<\\/p>\",\"60\":\"<ul><li>Multi-Trade Interaction and Co-ordination<\\/li><li>Management of incumbent contractors within main fitout programme<\\/li><li>Extensive OOH Works to accommodate visitor traffic<\\/li><li>Concept Design Development<\\/li><li>Interaction with Several Design Teams across concurrent projects<\\/li><\\/ul>\",\"63\":\"\",\"56\":\"St James\\u2019s Gate, Dublin 8\",\"64\":\"\",\"61\":\"We wanted this scheme to become the best place to taste Guiness Worldwide. The outcome conceived and developed by your installation team is simply outstanding. It has exceeded all my expectations. I love Taste, but more importantly, our visitors love it.\",\"62\":\"Paul Carthy, Managing Director, Guinness Storehouse\",\"58\":\"<ul><li>Multiple individual work areas spread over 4-separate floors.<\\/li><\\/ul>\",\"59\":\"<ul><li>22 weeks on site<\\/li><\\/ul>\"}}', '2018-02-15 18:15:29', '2018-02-15 18:15:29', 'fbe3f94b-082a-48f1-b655-2c2cabb8dfcd'),
 ('156', '132', '16', '1', 'en_ie', '2', '', '{\"typeId\":\"16\",\"authorId\":\"1\",\"title\":\"Fitter Faster Stronger\",\"slug\":\"fitter-faster-stronger-1\",\"postDate\":1518716640,\"expiryDate\":null,\"enabled\":1,\"parentId\":\"\",\"fields\":{\"57\":\"<p>Having only formed in 2013, Fitter Faster Stronger (FFS) is now widely regarded as the pre-eminent Strength, Metabolic Conditioning and Functional Training Facility in the Capital.&nbsp; Founded by Rory McInerney and Ciaran Ruddock, they have already cultivated a unique brand, a large Twitter following and a dedicated membership that has christened their training facility \\u201cThe Home of Hard Work\\u201c.<\\/p>\\r\\n<p>As part of their expansion and continual brand development, we were hugely enthusiastic to be engaged for their gym refurbishment project on Leeson St.&nbsp; With three of the Senior Sonica management staff already dedicated members of the gym, we were delighted to be able to offer some of our expertise back in return for the countless hours of training and coaching we had received from the FFS Team.<\\/p>\\r\\n<p>The brief was to draw heavily from the already established branding and colouring of the FFS logo, and transfer that strength of identity into the various training areas of the gym.&nbsp; The results are clean, sharp surfaces throughout with extensive motivational branding & calls to action.<\\/p>\",\"60\":\"<ul><li>Concept development<\\/li><li>Design and off-site fabrication<\\/li><li>Extensive branding and signage<\\/li><li>Bespoke branded cabinetry and joinery<\\/li><li>Feature Gym Flooring<\\/li><\\/ul>\",\"63\":\"\",\"56\":\"Leeson Street\",\"64\":\"\",\"61\":\"The level of professionalism and proficiency astounded us on this project. The entire revamp was completed on an aggressive timeline, a 36 hour period, in order to minimise downtime for our Clients. The team at FFS are all delighted with a gym that is now more functional, but also looks awesome!\",\"62\":\"Rory McInerney, Managing Director, FFS\",\"58\":\"<ul><li>Basement area, City Centre Location.<\\/li><\\/ul>\",\"59\":\"<ul><li>The project was fully designed and off-site fabricated, assembly occurred on-site over a single out-of-hours weekend to accommodate the extensive gym class schedule.<\\/li><\\/ul>\"}}', '2018-02-15 18:15:39', '2018-02-15 18:15:39', '19513a48-f4e1-4b25-a60c-0498d933f910'),
 ('157', '133', '16', '1', 'en_ie', '2', '', '{\"typeId\":\"16\",\"authorId\":\"1\",\"title\":\"Ballsbridge Park\",\"slug\":\"ballsbridge-park\",\"postDate\":1518716640,\"expiryDate\":null,\"enabled\":1,\"parentId\":\"\",\"fields\":{\"57\":\"<p>Landlord refurbishment project to recondition the building atrium and main reception, all lift cores, common areas, bathrooms and staircores spread over 6-floors in a Live occupied working environment.<\\/p>\\r\\n<p>Works also extended to the complete demolition and refitting of the Ground Floor Open Plan Offices to act as the building marketing suite.<br>Formation of ground floor meeting rooms for anchor tenant, specifically designed for maximum privacy with increased acoustic properties.<br>Reflooring complete atrium with new stone tiling \\u2013 all works carried out by nights to minimize disruption to existing tenants.<\\/p>\\r\\n<p>Installation of new enlarged multi-operator reception desk, double height feature atrium wall paneling and glazing.<\\/p>\\r\\n<p>Building fabric surveying and development of repair and maintenance programme.<\\/p>\\r\\n<p>Installation of new security speed lanes with supply of access control systems tailored to multitenant \\/ multi-card operation.<\\/p>\\r\\n<p>Complete M&E brief to include all services associated with bathroom and shower upgrades, A\\/C to open plan offices and power upgrades to suit new tenancy requirements.<\\/p>\",\"60\":\"<ul><li>Landlord \\/ Tennant liaison in programme development<\\/li><li>Large proportion of works undertaken out of hours<\\/li><li>Feature package design development with architect to align with budget provisions<\\/li><li>Interfacing with multiple stake holders<\\/li><\\/ul>\",\"63\":\"\",\"56\":\"Sweepstakes Building, Dublin 4\",\"64\":\"\",\"61\":\"We were very impressed by the manner in which you undertook the project and advanced your works \\u2013 nothing was ever an issue, \\u201cNo\\u201d was never an answer.\",\"62\":\"Frank Doyle, Studio 3 Architects\",\"58\":\"<ul><li>Multiple individual work areas spread over 6-separate floors.<\\/li><\\/ul>\",\"59\":\"<ul><li>14 weeks on site<\\/li><\\/ul>\"}}', '2018-02-15 18:15:51', '2018-02-15 18:15:51', '7f4b84bb-26f5-44c2-8ff9-9dd43a450eca'),
 ('158', '133', '16', '1', 'en_ie', '3', '', '{\"typeId\":\"16\",\"authorId\":\"1\",\"title\":\"Ballsbridge Park\",\"slug\":\"ballsbridge-park\",\"postDate\":1518716640,\"expiryDate\":null,\"enabled\":1,\"parentId\":\"\",\"fields\":{\"57\":\"<p>Landlord refurbishment project to recondition the building atrium and main reception, all lift cores, common areas, bathrooms and staircores spread over 6-floors in a Live occupied working environment.<\\/p>\\r\\n<p>Works also extended to the complete demolition and refitting of the Ground Floor Open Plan Offices to act as the building marketing suite.<br>Formation of ground floor meeting rooms for anchor tenant, specifically designed for maximum privacy with increased acoustic properties.<br>Reflooring complete atrium with new stone tiling \\u2013 all works carried out by nights to minimize disruption to existing tenants.<\\/p>\\r\\n<p>Installation of new enlarged multi-operator reception desk, double height feature atrium wall paneling and glazing.<\\/p>\\r\\n<p>Building fabric surveying and development of repair and maintenance programme.<\\/p>\\r\\n<p>Installation of new security speed lanes with supply of access control systems tailored to multitenant \\/ multi-card operation.<\\/p>\\r\\n<p>Complete M&E brief to include all services associated with bathroom and shower upgrades, A\\/C to open plan offices and power upgrades to suit new tenancy requirements.<\\/p>\",\"60\":\"<ul><li>Landlord \\/ Tennant liaison in programme development<\\/li><li>Large proportion of works undertaken out of hours<\\/li><li>Feature package design development with architect to align with budget provisions<\\/li><li>Interfacing with multiple stake holders<\\/li><\\/ul>\",\"63\":\"\",\"56\":\"Sweepstakes Building, Dublin 4\",\"64\":\"\",\"61\":\"We were very impressed by the manner in which you undertook the project and advanced your works \\u2013 nothing was ever an issue, \\u201cNo\\u201d was never an answer.\",\"62\":\"Frank Doyle, Studio 3 Architects\",\"58\":\"<ul><li>Multiple individual work areas spread over 6-separate floors.<\\/li><\\/ul>\",\"59\":\"<ul><li>14 weeks on site<\\/li><\\/ul>\"}}', '2018-02-15 18:16:00', '2018-02-15 18:16:00', '58ab4491-e489-4d18-be74-9c2b8e7915cc'),
 ('159', '134', '16', '1', 'en_ie', '2', '', '{\"typeId\":\"16\",\"authorId\":\"1\",\"title\":\"Aspen Pharma\",\"slug\":\"aspen-pharma\",\"postDate\":1518716640,\"expiryDate\":null,\"enabled\":1,\"parentId\":\"\",\"fields\":{\"57\":\"<p>Design and Build project from initial space planning for Lease negotiation, to Landlord consent phase, through to detailed design, costing, planning, constructing and overall hand-back. The complete project life cycle, managed from start-to-finish by Sonica.<\\/p>\\r\\n<p>Open plan spaces were developed off the Client\\u2019s international office templates, with the expressed requirement to improve existing flow and promote productivity. Our designers took the starting point from a Dubai based plan and streamlined it into an improved Dublin model to achieve these goals.<\\/p>\\r\\n<p>Works were undertaken inside a 12-storey multi tenanted building. Management of logistics and daily co-ordination with the sitting Building Management Team was a key consideration in the development of our aggressive construction programme which was led by Client early occupational requirements.<\\/p>\\r\\n<p>A high degree of cellularisation in the offices required considerable addition to the Landlord provided A\\/C and lighting control systems. These A\\/C & lighting upgrades were carried out to provide local dedicated user defined control and were simultaneously linked back to the head end BMS system for Landlord energy monitoring.<\\/p>\\r\\n<p>The project was run as an open book Management Contract, with the Client retaining all expenditure authorization throughout the build process. The completed works were delivered below the original approved budget tabled at Design completion stage.<\\/p>\",\"60\":\"<ul><li>International collaboration at design phase to achieve Client design goals.<\\/li><li>Open plan financials with project delivered on time and below budget.<\\/li><li>Comms room commissioned and complete 3 weeks before handover to allow Client IT access.<\\/li><li>Client direct vendors were managed into our overall programme to ensure complete co-ordination of overall project completion.<\\/li><\\/ul>\",\"63\":\"\",\"56\":\"Custom House Quay, Dublin 2\",\"64\":\"\",\"61\":\"From initial meeting to final handback, we knew that in Sonica Fitout we had a Design & Build Contractor that could translate the multi-faceted requirements of our business needs into a single, co-ordinated and stream lined project action plan. They listened, they advised and they delivered a space that has gone way beyoned all of our expectations.\",\"62\":\"Elisha O\' Keeffe, Aspen Pharma Ireland\",\"58\":\"<ul><li>750m2<\\/li><\\/ul>\",\"59\":\"<ul><li>8 weeks on site<\\/li><\\/ul>\"}}', '2018-02-15 18:16:12', '2018-02-15 18:16:12', 'c5a7cec3-3ef7-40b0-b0f4-8c0d9d4ad6c4'),
 ('160', '135', '16', '1', 'en_ie', '2', '', '{\"typeId\":\"16\",\"authorId\":\"1\",\"title\":\"Sonica HQ\",\"slug\":\"sonica-hq\",\"postDate\":1518716640,\"expiryDate\":null,\"enabled\":1,\"parentId\":\"\",\"fields\":{\"57\":\"<p>The brief was to capture the vibrancy and energy of the Sonica Fitout brand, while showcasing our talent for design and fitout.<\\/p>\\r\\n<p>The completed office had to deliver a working area that would encourage open collaboration between departments and provide an environment where staff could discuss fresh ideas and develop new systems.<\\/p>\\r\\n<p>The Company branding and instantly recognisable \\u201cSonica Rainbow\\u201d colouring were used as the central theme in the fitout, with graphics and murals developed specifically to enhance the fabrics, wall and floor colorings used throughout.<\\/p>\\r\\n<p>Staff & Client individuality was celebrated with offices and meeting rooms designed with personality.<\\/p>\\r\\n<p>The canteen has a \\u201cCatch Phrase Wall\\u201d dedicated to valued Company friend.<\\/p>\\r\\n<p>The sauna styled Collab Room succeeds in forming the central hub \\u2013 a place we gravitate to for both informal internal meetings and TGI Friday beers.<\\/p>\\r\\n<p>The Strong Room is a \\u201cDo Not Disturb Zone\\u201d where we can go to crash out a tender or just think in peace and quiet.<\\/p>\\r\\n<p>Our Client\\u2019s love it too \\u2013 we\\u2019ve lost track of the amount of people that have called in to us, just to hang out (and to make sure they get their names onto the Sonica Tube Map!)<\\/p>\",\"60\":\"<ul><li>Sauna style Collab area<\\/li><li>Extensive bespoke murals and wall art<\\/li><li>Feature wall tiling and lighting throughout<\\/li><li>Executive Boardroom with full A\\/V<\\/li><li>Strong Room \\/ Phone Free Zone for thinking.<\\/li><\\/ul>\",\"63\":\"\",\"56\":\"10-12 Hogan Place, Dublin 2\",\"64\":\"\",\"61\":\"It\\u2019s a really nice space, an office we all feel comfortable in, a place we love to work in, our home away from home.\",\"62\":\"Donnacha Neary, MD, Sonica Fitout\",\"58\":\"<p>300m2<\\/p>\",\"59\":\"<p>3 weeks on site.<\\/p>\"}}', '2018-02-15 18:16:17', '2018-02-15 18:16:17', '4e26dead-6708-42ff-b44b-b969f498d02c'),
 ('161', '135', '16', '1', 'en_ie', '3', '', '{\"typeId\":\"16\",\"authorId\":\"1\",\"title\":\"Sonica HQ\",\"slug\":\"sonica-hq\",\"postDate\":1518716640,\"expiryDate\":null,\"enabled\":1,\"parentId\":\"\",\"fields\":{\"57\":\"<p>The brief was to capture the vibrancy and energy of the Sonica Fitout brand, while showcasing our talent for design and fitout.<\\/p>\\r\\n<p>The completed office had to deliver a working area that would encourage open collaboration between departments and provide an environment where staff could discuss fresh ideas and develop new systems.<\\/p>\\r\\n<p>The Company branding and instantly recognisable \\u201cSonica Rainbow\\u201d colouring were used as the central theme in the fitout, with graphics and murals developed specifically to enhance the fabrics, wall and floor colorings used throughout.<\\/p>\\r\\n<p>Staff & Client individuality was celebrated with offices and meeting rooms designed with personality.<\\/p>\\r\\n<p>The canteen has a \\u201cCatch Phrase Wall\\u201d dedicated to valued Company friend.<\\/p>\\r\\n<p>The sauna styled Collab Room succeeds in forming the central hub \\u2013 a place we gravitate to for both informal internal meetings and TGI Friday beers.<\\/p>\\r\\n<p>The Strong Room is a \\u201cDo Not Disturb Zone\\u201d where we can go to crash out a tender or just think in peace and quiet.<\\/p>\\r\\n<p>Our Client\\u2019s love it too \\u2013 we\\u2019ve lost track of the amount of people that have called in to us, just to hang out (and to make sure they get their names onto the Sonica Tube Map!)<\\/p>\",\"60\":\"<ul><li>Sauna style Collab area<\\/li><li>Extensive bespoke murals and wall art<\\/li><li>Feature wall tiling and lighting throughout<\\/li><li>Executive Boardroom with full A\\/V<\\/li><li>Strong Room \\/ Phone Free Zone for thinking.<\\/li><\\/ul>\",\"63\":\"\",\"56\":\"10-12 Hogan Place, Dublin 2\",\"64\":\"\",\"61\":\"It\\u2019s a really nice space, an office we all feel comfortable in, a place we love to work in, our home away from home.\",\"62\":\"Donnacha Neary, MD, Sonica Fitout\",\"58\":\"<ul><li>300m2<\\/li><\\/ul>\",\"59\":\"<ul><li>3 weeks on site.<\\/li><\\/ul>\"}}', '2018-02-15 18:16:24', '2018-02-15 18:16:24', '10a65d93-f833-4724-bd51-b9b4c27abb52'),
 ('162', '136', '16', '1', 'en_ie', '2', '', '{\"typeId\":\"16\",\"authorId\":\"1\",\"title\":\"Axway\",\"slug\":\"axway\",\"postDate\":1518716640,\"expiryDate\":null,\"enabled\":1,\"parentId\":\"\",\"fields\":{\"57\":\"<p>Over 11,000 Companies Worldwide rely on AXWAY for their B2B software solutions. Axway relied on just one, Sonica Fitout, for their new Dublin HQ office fitout.<\\/p>\\r\\n<p>Sonica appointed the Architectural and M&E Design Teams and also acted as traditional Main Contractor for the fitout with responsibility for overall design verification and certification of the M&E systems.<\\/p>\\r\\n<p>Works involved the full strip out of the existing floor plate in preparation for the formation of open plan offices, manager cellular offices, boardroom facilities with full A\\/V capability, new staff canteen, comms room, bathrooms & staff shower rooms.<\\/p>\\r\\n<p>Sonica also engaged a Graphic Design company to develop wall art and murals throughout the office space that reflected the Company\\u2019s vision and message.<\\/p>\\r\\n<p>Works were conducted on the 1st floor of Investment House in Dublin, a multi tenanted fully occupied Live office block, with all logistics for these operations managed by the Sonica Site Team.<\\/p>\",\"60\":\"<ul><li>Full bathroom and shower room installations<\\/li><li>Extensive Graphics and Wall Art Design<\\/li><li>Lead role in Design verification and certification<\\/li><li>Aggressive programme delivered in a fully occupied multi-tennanted environment<\\/li><\\/ul>\",\"63\":\"\",\"56\":\"Pembroke Street Upper, Dublin\",\"64\":\"\",\"61\":\"To invest our time best in on our role as Client Representatives, we need a Contractor that makes the successful completion of the project their main and only focus. We get that every time we work with Sonica - it makes the whole process a pleasure for all concerned.\",\"62\":\"Andrew McCracken, Director, Jones Lang LaSalle\",\"58\":\"<ul><li>1200m2<\\/li><\\/ul>\",\"59\":\"<ul><li>8 weeks on site<\\/li><\\/ul>\"}}', '2018-02-15 18:16:34', '2018-02-15 18:16:34', '6a4844e9-bf5d-43ea-9eed-6ae9cfa75ecf'),
 ('163', '137', '16', '1', 'en_ie', '2', '', '{\"typeId\":\"16\",\"authorId\":\"1\",\"title\":\"Allied World\",\"slug\":\"allied-world\",\"postDate\":1518716640,\"expiryDate\":null,\"enabled\":1,\"parentId\":\"\",\"fields\":{\"57\":\"<p>Since their formation in 2001, Allied World have built a reputation as a strong supplier of insurance and reinsurance solutions globally with a worldwide network of offices and a NYSE listing.<\\/p>\\r\\n<p>Appointed as Main Contractor, Sonica\\u2019s brief was to modernize Allied\\u2019s existing Dublin office while they remained in situ during the course of the works. The phased approach to the process involved meticulous planning with Allied\\u2019s appointed management team so that the overall programme could be broken down into daily milestones.<\\/p>\\r\\n<p>The scope involved increasing the level of open plan allowances in the space via. removal of existing cellular offices, M&E augmentations to supplement the additional head count, new canteen facilities, meeting facilities, floor finishes and a complete workstation package renewal.<\\/p>\\r\\n<p>The bulk of the works were conducted outside of normal office hours to minimize the impact to the Client\\u2019s day-to-day operations, with the Sonica Site Team delivering against every milestone in the process from start to finish.<\\/p>\",\"60\":\"<ul><li>In Depth Planning for substantial Out of Hours workscope<\\/li><li>Upgraded M&E for increased staff head count<\\/li><li>Re-cellularisation of Manager Offices and Meeting Rooms<\\/li><li>Full new staff canteen facilities<\\/li><\\/ul>\",\"63\":\"\",\"56\":\"Custom House Quay, Dublin 2\",\"64\":\"\",\"61\":\"You kept us informed through the whole process, we knew what was happening, when it was happening, what task was next in the chain and when it was successfully completed. We always felt like we were in good hands.\",\"62\":\"Aideen Quinn, VP for HR, Europe & Asia, Allied World\",\"58\":\"<ul><li>800m2<\\/li><\\/ul>\",\"59\":\"<ul><li>8 weeks on site<\\/li><\\/ul>\"}}', '2018-02-15 18:16:44', '2018-02-15 18:16:44', 'dd16aab9-bad5-46dd-8ace-8a977ad25204'),
 ('164', '138', '16', '1', 'en_ie', '2', '', '{\"typeId\":\"16\",\"authorId\":\"1\",\"title\":\"SCA\",\"slug\":\"sca\",\"postDate\":1518716640,\"expiryDate\":null,\"enabled\":1,\"parentId\":\"\",\"fields\":{\"57\":\"<p>Sonica acted as traditional Main Contractor for the fitout of SCA Ireland\\u2019s new offices with responsibility for design and certification of the M&E systems forming part of the overall brief.<\\/p>\\r\\n<p>Taken from Landlord CAT-A condition, works involved formation of open plan offices, manager cellular offices, boardroom facilities with full A\\/V capability, new staff canteen, post room & store rooms.<\\/p>\\r\\n<p>We also had responsibility for securing Landlord consent for the M&E alterations involved in supplementing and modifying the A\\/C and lighting control systems to suit our finalized layouts.<\\/p>\",\"60\":\"<ul><li>Buzzifelt feature acoustic attenuation<\\/li><li>Feature graphics and wall murals<\\/li><li>M&E Design and Build<\\/li><li>Management of Client Direct furniture vendor<\\/li><li>Landlord consent applications<\\/li><\\/ul>\",\"63\":\"\",\"56\":\"Blanchardstown Corporate Park 2, Dublin 15\",\"64\":\"\",\"61\":\"We have been very impressed with your company\\u2019s overall professionalism from the cleanliness of the site, management of contractors, general can-do attitude and most importantly; the ahead of schedule completion of the job. The new office looks fantastic and the whole team are looking forward to moving into their new home!\",\"62\":\"Simon Pickering, SCA \\/ Tork\",\"58\":\"<ul><li>400m2<\\/li><\\/ul>\",\"59\":\"<ul><li>4 weeks on site<\\/li><\\/ul>\"}}', '2018-02-15 18:16:54', '2018-02-15 18:16:54', 'a99c9789-35d1-4d54-b908-60254ef99767'),
 ('165', '139', '16', '1', 'en_ie', '2', '', '{\"typeId\":\"16\",\"authorId\":\"1\",\"title\":\"Cartrawler\",\"slug\":\"cartrawler\",\"postDate\":1518716640,\"expiryDate\":null,\"enabled\":1,\"parentId\":\"\",\"fields\":{\"57\":\"<p>Cartrawler provides travel-related retailers with a fully managed gateway to over 800 car rental agents at 30,000 locations in 174 different countries.<\\/p>\\r\\n<p>Sonica completed the fitout of their new offices in Dublin comprising cellular offices, meeting rooms, staff canteens, an All Hands Town Hall meeting area, chill out room and open plan workspace to accommodate up to 235 staff.<\\/p>\\r\\n<p>M&E works were carried out under a domestic sub-contract with Sonica offering a turn key project developed from initial tender drawings and specifications. Works involved supplementing the landlord A\\/C systems, a full data installation to a central comms room, electrical power distribution to desk mounted furniture solution and full lighting augmentation to include scene setting in selected areas.<\\/p>\",\"60\":\"\",\"63\":\"\",\"56\":\"Dundrum Business Park, Dublin 14\",\"64\":\"\",\"61\":\"You took the stress out of the whole process for us \\u2013 the fitout was handed over as we wanted it when we wanted it.\",\"62\":\"Lynsey Egan, Cartrawler\",\"58\":\"<ul><li>1,200m2<\\/li><\\/ul>\",\"59\":\"<ul><li>8 weeks on site<\\/li><\\/ul>\"}}', '2018-02-15 18:17:08', '2018-02-15 18:17:08', '587b4f06-4301-47f4-9847-762c049281e2'),
 ('166', '140', '16', '1', 'en_ie', '2', '', '{\"typeId\":\"16\",\"authorId\":\"1\",\"title\":\"Lisney\",\"slug\":\"lisney\",\"postDate\":1518716640,\"expiryDate\":null,\"enabled\":1,\"parentId\":\"\",\"fields\":{\"57\":\"<p>When relocating from their home of c. 20-years on Dublin\\u2019s St. Stephen\\u2019s Green, Lisney appointed Sonica to act as their Main Contractor and Partner to deliver their modern new office space over two floors on Earlsfort Terrace.<\\/p>\\r\\n<p>Works involved the strip out of 2 existing floors in the building in preparation for the new office layouts. The first floor was fitted out as the Corporate Reception and Meeting space, a place for Lisney to receive their Clients, hold large meetings and conduct auctions. The second floor comprised the open plan office space, internal meeting space, staff canteen facilities, file storage and desking for 80 staff members.<\\/p>\\r\\n<p>Works were conducted on the upper floors of St. Stephens Green House, a multi tenanted office block, with all logistics and day-to-day site issues managed by the on-site Sonica Operations Team.<\\/p>\",\"60\":\"<ul><li>High End Corporate reception area<\\/li><li>Stone flooring and bespoke branded joinery<\\/li><li>Management of Client direct Furniture and A\\/V vendors<\\/li><li>Aggressive programme delivered in multi-tenanted building<\\/li><\\/ul>\",\"63\":\"\",\"56\":\"Earlsford Terrance, Dublin 4\",\"64\":\"\",\"61\":\"Your staff were exceptionally courteous to all our sitting building tenants through the whole fitout process, we hardly noticed you were even here.\",\"62\":\"David Hogan, SSG Building Manager\",\"58\":\"<ul><li>1200m2<\\/li><\\/ul>\",\"59\":\"<ul><li>8 weeks onsite<\\/li><\\/ul>\"}}', '2018-02-15 18:17:26', '2018-02-15 18:17:26', 'c7dd9da2-e57e-47d2-ad92-80b3ea2206fe'),
 ('167', '141', '16', '1', 'en_ie', '2', '', '{\"typeId\":\"16\",\"authorId\":\"1\",\"title\":\"Apollo Aviation\",\"slug\":\"apollo-aviation\",\"postDate\":1518716640,\"expiryDate\":null,\"enabled\":1,\"parentId\":\"\",\"fields\":{\"57\":\"<p>Founded in 2002, Apollo Aviation Group is a multi-strategy alternative investment firm specializing in commercial aviation investing, creating and extracting value by investing in mid-life and mature commercial aircraft and engines.<\\/p>\\r\\n<p>Sonica were appointed as traditional Main Contractor for the fitout, which was carried out on the top floor of Connaught House, the exclusive multi-tenanted corporate HQ building off Mespil Road in Dublin 2.<br>With stunning views over Dublin, the works involved the complete strip out of the existing finishes in preparation for the new Apollo layouts. Several key building features were identified to be retained and incorporated within the completed office works, all others were promptly cleared in the opening days on site.<\\/p>\\r\\n<p>The completed offices comprise open plan work areas, cellular offices and meeting rooms, a bespoke Client reception area, staff canteen & break out area, full data rewire back to a new comms room, complete A\\/V & VC installation and a thorough M&E upgrade to accommodate the new layouts.<\\/p>\\r\\n<p>Working on the top floor of one of the most prestigious buildings in Dublin presented it\\u2019s own challenges, but through the daily co-ordination and management of works by the sitting Sonica Site Team, the project ran smoothly for start to finish. The completed office is considered by the Professional Team as one of the finest small office fitout examples conducted in Dublin in recent years.<\\/p>\",\"60\":\"<ul><li>Bespoke joinery installations to Client Reception Area & Corporate Meeting Space<\\/li><li>Identification, retention and re-use of core building fabrics to augment the fitout<\\/li><li>Complete M&E overhaul to suit new office layouts<\\/li><li>Intense co-ordination with sitting Building Management through the fitout process.<\\/li><\\/ul>\",\"63\":\"\",\"56\":\"Connaught House, Burlington Road, Dublin 4\",\"64\":\"\",\"61\":\"Very easy to work with and extremely professional from start to finish. Completed the job to a very high quality on time and within budget \\u2013\\u00a0\\r\\ncouldn\\u2019t ask for any more.\",\"62\":\"Marcus Miller, VP Dublin Operations, Apollo Aviation\",\"58\":\"<ul><li>1000m2<\\/li><\\/ul>\",\"59\":\"<ul><li>8 weeks on site<\\/li><\\/ul>\"}}', '2018-02-15 18:17:35', '2018-02-15 18:17:35', 'acf8cbc0-851e-49bc-8e10-e0e9e61bae58'),
 ('168', '159', '17', '1', 'en_ie', '2', '', '{\"typeId\":\"17\",\"authorId\":\"1\",\"title\":\"Yemisi Onasanya\",\"slug\":\"yemisi-onasanya\",\"postDate\":1518716700,\"expiryDate\":null,\"enabled\":1,\"parentId\":\"\",\"fields\":{\"69\":\"yonasanya@sonica-fitout.com\",\"66\":\"<p>My role in a nutshell involves managing all costs relating to a construction project through its entire lifecycle whilst ensuring optimum return is achieved on the project. I am responsible for managing multi-projects and undertaking all commercial duties and contract administration as required on a project.<\\/p>\",\"70\":[\"195\"],\"65\":\"Quantity Surveyor\",\"68\":\"<p>I enjoy the fast-paced nature and project variety of the fit-out market, with no two projects ever the same and with its daily challenges which keeps me on my toes. I enjoy the opportunity to form and cultivate new relationships with clients and project teams as well as the satisfaction to be part of project from inception right to its successful completion for the satisfaction of both the client and the organisation I represent.<\\/p>\",\"67\":\"<p>With over 15 years in the Construction Industry and with varied experience across different sectors and industries, I find my passion to be in the fit-out industry. Sonica Fitout provides the right avenue to make a positive and progressive contribution within a fast growing and thriving organisation. I was attracted to Sonica\\u2019s business model, its commitment to strong leadership and development and with a high order book of project, it means I can further advance my career whilst doing what I genuinely enjoy and work with a great team of other like-minded professionals.<\\/p>\"}}', '2018-02-16 01:55:07', '2018-02-16 01:55:07', '53811ac9-a9df-4433-b522-d457a89b75b7'),
 ('169', '160', '17', '1', 'en_ie', '2', '', '{\"typeId\":\"17\",\"authorId\":\"1\",\"title\":\"Aaron Forde\",\"slug\":\"aaron-forde\",\"postDate\":1518716700,\"expiryDate\":null,\"enabled\":0,\"parentId\":\"\",\"fields\":{\"69\":\"aforde@sonica-fitout.com\",\"66\":\"<p>As Bid manager I am responsible for the preparation of bids in response to Request for Proposals (RFPs) from potential clients. I work with all relevant stakeholders to ensure the delivery of a successful bid.<\\/p>\",\"70\":\"\",\"65\":\"Bid & Pre-Construction Manager\",\"68\":\"<p>The fact that every project is different and every client has different expectations really interests me. I really enjoy the fact that I am one of the first people to see a project design at tender stage, fresh off the drawing board.<\\/p>\",\"67\":\"<p>The opportunity to join this fast growing fit out company was a really easy decision. Its a fast moving and exciting environment to be in and the quality of projects are second to none.<\\/p>\"}}', '2018-02-16 01:55:26', '2018-02-16 01:55:26', '39873fc8-6a89-45cb-8fbc-c9429974562d'),
 ('170', '104', '16', '1', 'en_ie', '3', '', '{\"typeId\":\"16\",\"authorId\":\"1\",\"title\":\"Demonware\",\"slug\":\"demonware\",\"postDate\":1518716640,\"expiryDate\":null,\"enabled\":1,\"parentId\":\"\",\"fields\":{\"57\":\"<p>Demonware are an Irish software development company specialising in creating networking software and services for computer game development, most notably for the Call of Duty on-line game franchise. The company were acquired by US game publisher Activision Blizzard in 2007 and have offices in Dublin, Vancouver and Shanghai.<\\/p>\\r\\n<p>Due to the complexity of the works and the fact that the offices would remain LIVE through the refurbishment, the project was bid on a 2-stage basis with an open tender process to identify two preferred bidders followed by a post-tender interview process to select their final fitout partner. A large part of the Client Team\\u2019s decision making process also centered on input and commentary from the Contractor into the initial scheme design with recommendations on buildability and value engineering. We were suitably delighted to win out at interview stage and be appointed as Demonware\\u2019s contractor of choice \\u2013 with us on board, planning for their new European HQ officially kicked-off led by international architects, Urban Agency.<\\/p>\\r\\n<p>The scope of works included segregation of the existing floor plate into Live \\/ Under-Construction areas, the complete strip of the demised floor areas, full M&E, IT and A\\/V installation, a bespoke fabricated solution for Meeting Rooms (made from curved glass pods) and Team Huddle Rooms (machined birch faced plywood), full soft & hard flooring, extensive graphics package and the management & supervision of the Client\\u2019s furniture vendors. Of further note was the fact that the project was completed with the Client in full occupation on the 5th Floor of a multi-tenanted building.<\\/p>\\r\\n<p>The finished project is a fabulous addition to our portfolio of works and is a job that we are very proud to have been involved with.<\\/p>\",\"60\":\"<ul><li>Sonica PM<\\/li><li>Full design realisation and co-ordination with International Design Team<\\/li><li>Staff migration & move management<\\/li><li>Full M&E and IT installations<\\/li><li>Turnkey furniture package<\\/li><li>Curved glass huddle rooms<\\/li><li>Birch-faced plywood huddle pods<\\/li><li>Exposed building structure & ceiling<\\/li><li>Corporate signage & brand identity<\\/li><\\/ul>\",\"63\":[\"201\"],\"56\":\"Parnell Street\\r\\nDublin1\",\"64\":[\"197\",\"198\",\"200\",\"201\",\"199\"],\"61\":\"I just want take a breath to let you know how happy we\'ve been so far with how the build is being managed by your Team and with the quality of the work that is being done. Harry, Doug and Ray have been a pleasure to work with throughout these past 14 weeks. What could have been a very stressful experience for us, has turned out to be an education in how a professional renovation should run. Thanks to you and your Team for this.\",\"62\":\"Amy Smith, Business Services Manager, Demonware\",\"58\":\"<ul><li>1,800m2<\\/li><\\/ul>\",\"59\":\"<ul><li>4-week Pre-construction<\\/li><li>14 weeks on-site<\\/li><\\/ul>\"}}', '2018-02-16 02:35:44', '2018-02-16 02:35:44', '23f60c4e-17d6-4414-9e37-cc03abe882cc'),
 ('171', '104', '16', '1', 'en_ie', '4', '', '{\"typeId\":\"16\",\"authorId\":\"1\",\"title\":\"Demonware\",\"slug\":\"demonware\",\"postDate\":1518716640,\"expiryDate\":null,\"enabled\":1,\"parentId\":\"\",\"fields\":{\"57\":\"<p>Demonware are an Irish software development company specialising in creating networking software and services for computer game development, most notably for the Call of Duty on-line game franchise. The company were acquired by US game publisher Activision Blizzard in 2007 and have offices in Dublin, Vancouver and Shanghai.<\\/p>\\r\\n<p>Due to the complexity of the works and the fact that the offices would remain LIVE through the refurbishment, the project was bid on a 2-stage basis with an open tender process to identify two preferred bidders followed by a post-tender interview process to select their final fitout partner. A large part of the Client Team\\u2019s decision making process also centered on input and commentary from the Contractor into the initial scheme design with recommendations on buildability and value engineering. We were suitably delighted to win out at interview stage and be appointed as Demonware\\u2019s contractor of choice \\u2013 with us on board, planning for their new European HQ officially kicked-off led by international architects, Urban Agency.<\\/p>\\r\\n<p>The scope of works included segregation of the existing floor plate into Live \\/ Under-Construction areas, the complete strip of the demised floor areas, full M&E, IT and A\\/V installation, a bespoke fabricated solution for Meeting Rooms (made from curved glass pods) and Team Huddle Rooms (machined birch faced plywood), full soft & hard flooring, extensive graphics package and the management & supervision of the Client\\u2019s furniture vendors. Of further note was the fact that the project was completed with the Client in full occupation on the 5th Floor of a multi-tenanted building.<\\/p>\\r\\n<p>The finished project is a fabulous addition to our portfolio of works and is a job that we are very proud to have been involved with.<\\/p>\",\"60\":\"<ul><li>Sonica PM<\\/li><li>Full design realisation and co-ordination with International Design Team<\\/li><li>Staff migration & move management<\\/li><li>Full M&E and IT installations<\\/li><li>Turnkey furniture package<\\/li><li>Curved glass huddle rooms<\\/li><li>Birch-faced plywood huddle pods<\\/li><li>Exposed building structure & ceiling<\\/li><li>Corporate signage & brand identity<\\/li><\\/ul>\",\"63\":[\"201\"],\"56\":\"Parnell Street\\r\\nDublin 1\",\"64\":[\"197\",\"198\",\"200\",\"201\",\"199\"],\"61\":\"I just want take a breath to let you know how happy we\'ve been so far with how the build is being managed by your Team and with the quality of the work that is being done. Harry, Doug and Ray have been a pleasure to work with throughout these past 14 weeks. What could have been a very stressful experience for us, has turned out to be an education in how a professional renovation should run. Thanks to you and your Team for this.\",\"62\":\"Amy Smith, Business Services Manager, Demonware\",\"58\":\"<ul><li>1,800m2<\\/li><\\/ul>\",\"59\":\"<ul><li>4-week Pre-construction<\\/li><li>14 weeks on-site<\\/li><\\/ul>\"}}', '2018-02-16 02:40:45', '2018-02-16 02:40:45', '7f3431f0-2d86-450b-878b-27e86d539d2e'),
 ('172', '104', '16', '1', 'en_ie', '5', '', '{\"typeId\":\"16\",\"authorId\":\"1\",\"title\":\"Demonware\",\"slug\":\"demonware\",\"postDate\":1518716640,\"expiryDate\":null,\"enabled\":1,\"parentId\":\"\",\"fields\":{\"57\":\"<p>Demonware are an Irish software development company specialising in creating networking software and services for computer game development, most notably for the Call of Duty on-line game franchise. The company were acquired by US game publisher Activision Blizzard in 2007 and have offices in Dublin, Vancouver and Shanghai.<\\/p>\\r\\n<p>Due to the complexity of the works and the fact that the offices would remain LIVE through the refurbishment, the project was bid on a 2-stage basis with an open tender process to identify two preferred bidders followed by a post-tender interview process to select their final fitout partner. A large part of the Client Team\\u2019s decision making process also centered on input and commentary from the Contractor into the initial scheme design with recommendations on buildability and value engineering. We were suitably delighted to win out at interview stage and be appointed as Demonware\\u2019s contractor of choice \\u2013 with us on board, planning for their new European HQ officially kicked-off led by international architects, Urban Agency.<\\/p>\\r\\n<p>The scope of works included segregation of the existing floor plate into Live \\/ Under-Construction areas, the complete strip of the demised floor areas, full M&E, IT and A\\/V installation, a bespoke fabricated solution for Meeting Rooms (made from curved glass pods) and Team Huddle Rooms (machined birch faced plywood), full soft & hard flooring, extensive graphics package and the management & supervision of the Client\\u2019s furniture vendors. Of further note was the fact that the project was completed with the Client in full occupation on the 5th Floor of a multi-tenanted building.<\\/p>\\r\\n<p>The finished project is a fabulous addition to our portfolio of works and is a job that we are very proud to have been involved with.<\\/p>\",\"60\":\"<ul><li>Sonica PM<\\/li><li>Full design realisation and co-ordination with International Design Team<\\/li><li>Staff migration & move management<\\/li><li>Full M&E and IT installations<\\/li><li>Turnkey furniture package<\\/li><li>Curved glass huddle rooms<\\/li><li>Birch-faced plywood huddle pods<\\/li><li>Exposed building structure & ceiling<\\/li><li>Corporate signage & brand identity<\\/li><\\/ul>\",\"63\":[\"201\"],\"56\":\"Parnell Street\\r\\nDublin 1\",\"64\":[\"197\",\"198\",\"200\",\"201\",\"199\"],\"61\":\"I just want take a breath to let you know how happy we\'ve been so far with how the build is being managed by your Team and with the quality of the work that is being done. Harry, Doug and Ray have been a pleasure to work with throughout these past 14 weeks. What could have been a very stressful experience for us, has turned out to be an education in how a professional renovation should run. Thanks to you and your Team for this.\",\"62\":\"Amy Smith, Business Services Manager, Demonware\",\"58\":\"<ul><li>1,800m2<\\/li><\\/ul>\",\"59\":\"<ul><li>4-week Pre-construction<\\/li><li>14 weeks on-site<\\/li><\\/ul>\"}}', '2018-02-16 02:40:47', '2018-02-16 02:40:47', 'b22cab4e-08c2-4b0e-91aa-cfa5dcf7006b'),
 ('173', '202', '16', '1', 'en_ie', '1', '', '{\"typeId\":null,\"authorId\":\"1\",\"title\":\"Adobe\",\"slug\":\"adobe\",\"postDate\":1518776298,\"expiryDate\":null,\"enabled\":1,\"parentId\":\"\",\"fields\":{\"57\":\"<p>Adobe Systems Incorporated is the world leading IT platform focused upon the creation of multimedia and creativity software products, best known for Photoshop, Acrobat Reader and the Portable Document Format (PDF). With over 50 Billion Adobe Products opened from 2016, we relished the opportunity to deliver their new colour-strident office space in Dublin\\u2019s Citywest Business Campus.<\\/p>\\r\\n<p>Our mandate was to take an existing vacant floor plate layout and transfigure it into a fully-functional and dynamic office space. The works involved the installation of all new wall partitions, floor finishes, internal decorations, M&E services installations and management of Client direct office furniture, security and AV solutions.<\\/p>\\r\\n<p>The design of the working environment was for a predominantly open plan space to allow for more collaborative interaction and employee connectivity with strategically placed workstations and cellular meeting spaces ensuring that teams retain their structure within the overall environment. &nbsp;Features of the project included a Games room vaulting with animated formations and modern console equipment, a combined spacious and homely Canteen \\/ Breakout area and a series of segmented Board and Meeting rooms grouped within an ostentatious catwalk.<\\/p>\\r\\n<p>The project was delivered in 10 weeks following an accelerated pre-construction and mobilisation period to meet the Clients rigorous occupation date achievement.<\\/p><p><\\/p>\",\"60\":\"<ul><li>2-Week Pre-construction<\\/li><li>10 weeks on-site<\\/li><\\/ul>\",\"63\":\"\",\"56\":\"Citywest Business Campus\",\"64\":\"\",\"61\":\"\",\"62\":\"\",\"58\":\"<ul><li>900m2<\\/li><\\/ul>\",\"59\":\"<ul><li>Bespoke specialised joinery with numerous unique finishes and materials<\\/li><li>International collaboration with&nbsp;<span class=\\\"il\\\">Adobe<\\/span>\\u2019s overseas&nbsp;steering group<\\/li><li>Corporate signage & brand identity<\\/li><li>Management of Client direct vend packages<\\/li><\\/ul><p><\\/p>\"}}', '2018-02-16 10:18:18', '2018-02-16 10:18:18', 'e590a413-cf5b-40ee-85aa-abc4a24e3689'),
 ('174', '202', '16', '1', 'en_ie', '2', '', '{\"typeId\":\"16\",\"authorId\":\"1\",\"title\":\"Adobe\",\"slug\":\"adobe\",\"postDate\":1518776280,\"expiryDate\":null,\"enabled\":1,\"parentId\":\"\",\"fields\":{\"57\":\"<p>Adobe Systems Incorporated is the world leading IT platform focused upon the creation of multimedia and creativity software products, best known for Photoshop, Acrobat Reader and the Portable Document Format (PDF). With over 50 Billion Adobe Products opened from 2016, we relished the opportunity to deliver their new colour-strident office space in Dublin\\u2019s Citywest Business Campus.<\\/p>\\r\\n<p>Our mandate was to take an existing vacant floor plate layout and transfigure it into a fully-functional and dynamic office space. The works involved the installation of all new wall partitions, floor finishes, internal decorations, M&E services installations and management of Client direct office furniture, security and AV solutions.<\\/p>\\r\\n<p>The design of the working environment was for a predominantly open plan space to allow for more collaborative interaction and employee connectivity with strategically placed workstations and cellular meeting spaces ensuring that teams retain their structure within the overall environment. &nbsp;Features of the project included a Games room vaulting with animated formations and modern console equipment, a combined spacious and homely Canteen \\/ Breakout area and a series of segmented Board and Meeting rooms grouped within an ostentatious catwalk.<\\/p>\\r\\n<p>The project was delivered in 10 weeks following an accelerated pre-construction and mobilisation period to meet the Clients rigorous occupation date achievement.<\\/p>\",\"60\":\"<ul><li>2-Week Pre-construction<\\/li><li>10 weeks on-site<\\/li><\\/ul>\",\"63\":[\"203\"],\"56\":\"Citywest Business Campus\",\"64\":\"\",\"61\":\"\",\"62\":\"\",\"58\":\"<ul><li>900m2<\\/li><\\/ul>\",\"59\":\"<ul><li>Bespoke specialised joinery with numerous unique finishes and materials<\\/li><li>International collaboration with&nbsp;Adobe\\u2019s overseas&nbsp;steering group<\\/li><li>Corporate signage & brand identity<\\/li><li>Management of Client direct vend packages<\\/li><\\/ul>\"}}', '2018-02-16 10:22:00', '2018-02-16 10:22:00', '390d84eb-23d9-4608-85ce-e8b3c8844430'),
 ('175', '102', '16', '1', 'en_ie', '3', '', '{\"typeId\":\"16\",\"authorId\":\"1\",\"title\":\"21 Charlemont\",\"slug\":\"21-charlemont\",\"postDate\":1518716640,\"expiryDate\":null,\"enabled\":1,\"parentId\":\"\",\"fields\":{\"57\":\"<p>Rohan Holdings is a leader in the complex business of developing prestige offices, high quality business parks and industrial premises. With over 40 years\\u2019 experience in land acquisition, design, planning, construction and tenant fit out, Rohan Holdings have a respected proven track record of delivering projects on time, within budget and to their clients\\u2019 satisfaction.<\\/p>\\r\\n<p>Working in the shell of the newly completed 21 Charlemont Place Office Block, our brief was to take the \\u201cGrey Box\\u201d finish to full Landlord CAT-A standard to LEED Gold and A3 BER Rating.<\\/p>\\r\\n<p>Set against an aggressive time line driven by a signed single tenancy lease for the whole building, works included complete raised floor installation, soft floor finishes, partitions and ceilings, joinery and decorations. Our brief also extended the the complete M&E installations to include A\\/C, lighting, protective services, basement and roof plant, louvres & screening with full testing and commissioning.<\\/p>\",\"60\":\"<ul><li>Cat A Office Fitout<\\/li><li>Extensive Green Roof<\\/li><li>LEED Gold Certification and A3 BER<\\/li><li>Balconies and Feature Roof Terrace<\\/li><\\/ul>\",\"63\":[\"204\"],\"56\":\"Dublin 2\",\"64\":\"\",\"61\":\"\",\"62\":\"\",\"58\":\"<ul><li>3,420m2<\\/li><\\/ul>\",\"59\":\"<ul><li>2-week Pre-construction<\\/li><li>10 weeks on-site<\\/li><\\/ul>\"}}', '2018-02-16 10:22:08', '2018-02-16 10:22:08', '8f064366-a164-4df9-ae3e-0fe0004ef2a3'),
 ('176', '103', '16', '1', 'en_ie', '3', '', '{\"typeId\":\"16\",\"authorId\":\"1\",\"title\":\"Private Client\",\"slug\":\"private-client\",\"postDate\":1518716640,\"expiryDate\":null,\"enabled\":1,\"parentId\":\"\",\"fields\":{\"57\":\"<p>We are delighted to showcase the successful completion of a new 15k sq.ft. Corporate HQ office in Dublin\\u2019s City Centre for a Private Sonica Client, the results of which are absolutely stunning.<\\/p>\\r\\n<p>Our brief took the project from an existing Landlord CAT-A finish (which was fully stripped out) to their fitted out Corporate HQ in 8 weeks from commencement.<\\/p>\\r\\n<p>Works were undertaken in a multi-tenanted office development with continual intensive daily co-ordination with the sitting Building Management Team. Added to the time sensitive nature of the project was the Client\\u2019s \\u201cnot-to-exceed\\u201d occupation date which was a key consideration in our aggressive construction programme.<\\/p>\\r\\n<p>Due to the high degree of cellularisation to form the various offices, meeting spaces and executive boardrooms, the mechanical scope required considerable addition to the primary Landlord ventilation provisions via. intensive upgrades, modelling and building control integration.<\\/p>\\r\\n<p>The project scope also included a large specialist joinery component, extensive meeting spaces with feature exposed ceilings and feature lighting throughout, bespoke reception area, feature hard and soft floorings, substantial active IT solution, a fully redundant IT backbone install to main comms room, high-end Corporate level access control and security install, A\\/V delivery and a full furniture installation across the complete floor plate.<\\/p>\",\"60\":\"<ul><li><sub>Design and VE development to suit budget parameters<br><\\/sub><\\/li><li><sub>International collaboration with multiple project stakeholders<br><\\/sub><\\/li><li><sub>Co-ordination with local Team on relocation deliverables<br><\\/sub><\\/li><li><sub>Comms room commissioned and complete 2 weeks before handover to allow Client IT access.<br><\\/sub><\\/li><li><sub>Live building environment<br><\\/sub><\\/li><li><sub>Full M&E data & VC co-ordination<\\/sub><\\/li><\\/ul>\",\"63\":[\"206\"],\"56\":\"Dublin 4\",\"64\":\"\",\"61\":\"\",\"62\":\"\",\"58\":\"<ul><li>1,500m2<\\/li><\\/ul>\",\"59\":\"<ul><li>1-week Pre-construction<\\/li><li>7 weeks on-site<\\/li><\\/ul>\"}}', '2018-02-16 10:22:14', '2018-02-16 10:22:14', '1c8b5376-b3e8-492f-8dc5-f32650049e2d'),
 ('177', '105', '16', '1', 'en_ie', '3', '', '{\"typeId\":\"16\",\"authorId\":\"1\",\"title\":\"Hubspot\",\"slug\":\"hubspot\",\"postDate\":1518716640,\"expiryDate\":null,\"enabled\":1,\"parentId\":\"\",\"fields\":{\"57\":\"<p>We had the tremendous fortune to meet with and work alongside our friends in Hubspot when our MD PM\\u2019d their very first Dublin office for just 8-people five short years ago.&nbsp; Since then, we\\u2019ve had the distinct honour to be part of their expansion year-on-year as the Sonica Team continued to service their ever increasing head count and office space requirements.&nbsp; Their growth in Dublin has been simply astounding.&nbsp;<\\/p>\\r\\n<p>It is therefore with great pride, and shared enthusiasm for their continued future successes, that we announce the completion and launch of their new EMEA HQ in Dublin, which was opened in March 2016 with substantial (and well deserved) fanfare across the Irish media.<\\/p>\\r\\n<p>We look forward to working with Hubspot as their PM of choice here in Dublin, and wish them every good fortune in their fabulous new home. #HubSpotDigsDublin<\\/p>\",\"60\":\"<ul><li>Sonica PM<\\/li><li>Full Design Realisation and Co-ordination with International Design Team<\\/li><li>Landlord Approval and Grant of Licence to Alter<\\/li><li>Local Design Team Appointment & Management as Lead Consultant<\\/li><li>Complete Project Financial Control & Package Management<\\/li><li>Client Direct Vendor Engagement and Management<\\/li><li>Staff Migration & Move Management<\\/li><\\/ul>\",\"63\":[\"207\"],\"56\":\"Dublin 1\",\"64\":\"\",\"61\":\"Sonica has been a phenomenal partner to HubSpot - they always keep our interests front-and-centre and are beyond timely and thorough. If you wanted a partner that can do it all and give the attention these complex fitout projects command, it is Sonica Fitout - they simply get it, and get results.\",\"62\":\"Ken Papa, Facilities Director, Hubspot Inc.\",\"58\":\"<ul><li>2,750m2<\\/li><\\/ul>\",\"59\":\"<ul><li>12 weeks Design Co-ordination, Contract Formulation & Lease Management<\\/li><li>10 weeks Build Management On-Site<\\/li><\\/ul>\"}}', '2018-02-16 10:22:21', '2018-02-16 10:22:21', '10aa57dc-189e-42d6-b0fd-9f134523b25d'),
 ('178', '106', '16', '1', 'en_ie', '3', '', '{\"typeId\":\"16\",\"authorId\":\"1\",\"title\":\"Private Client\",\"slug\":\"private-client-1\",\"postDate\":1518716640,\"expiryDate\":null,\"enabled\":1,\"parentId\":\"\",\"fields\":{\"57\":\"<p>Our brief was to strip and refit the old Anglo Irish Bank space over two floors in St. Stephen\\u2019s Green House and transform it into an expansive, sophisticated, tech-savvy office for our Client\\u2019s expanded new HQ in Ireland.<\\/p>\\r\\n<p>Works were executed on a 10-week programme within a fully engaged, heavily trafficked, multi-tenanted building. With it\\u2019s location in the heart of Dublin\\u2019s shopping district on the iconic St. Stephen\\u2019s Green, the delivery of the finished project on an accelerated timeline formed a hugely important part of our project execution plan where the delivery \\/ collection logistics, overall traffic management, DCC liaison, out of hours works scheduling and compliance with strict building noise restrictions all required in-depth consideration.<\\/p>\\r\\n<p>The Architectural Design included a substantial joinery package, multiple floor finishes, open grid exposed ceilings, extensive Client direct vend supervision and migration management. Other packages included substantial upgrades to the Mechanical, Electrical, IT and AV installations with all service works demanding a high level of co-ordinated attention to guarantee that the vision for the completed space was realised.<\\/p>\",\"60\":\"<ul><li>Large open plan spaces with extensive perimeter cellularisation.<\\/li><li>Extensive M&E & IT package with \\u201copen grid\\u201d M&E ceiling services<\\/li><li>Engagement of specialist contractors to facilitate works in a time restricted programme.<\\/li><li>Co-ordination with local teams and stakeholders on relocation deliverables.<\\/li><li>Cost and VE development to suit strict budget parameters.<\\/li><\\/ul>\",\"63\":[\"209\"],\"56\":\"Dublin 2\",\"64\":\"\",\"61\":\"\",\"62\":\"\",\"58\":\"<ul><li>3,000m2<\\/li><\\/ul>\",\"59\":\"<ul><li>1-week Pre-construction<\\/li><li>10 weeks on-site<\\/li><\\/ul>\"}}', '2018-02-16 10:22:28', '2018-02-16 10:22:28', '41c75878-cbff-4489-9686-dc9a5f8fc4e1'),
 ('179', '107', '16', '1', 'en_ie', '3', '', '{\"typeId\":\"16\",\"authorId\":\"1\",\"title\":\"UDG Healthcare\",\"slug\":\"udg-healthcare\",\"postDate\":1518716640,\"expiryDate\":null,\"enabled\":1,\"parentId\":\"\",\"fields\":{\"57\":\"<p>Designed by RKD Interiors, our brief took the assignment from an Existing Landlord CAT-A area over 2-separate tenancies, both of which were then fully stripped back to basic shell and core structure as part of our works, to become UDG Healthcare\\u2019s Corporate HQ within a 10-week period from Commencement on site.<\\/p>\\r\\n<p>Works were performed unobtrusively within a fully engaged, highly trafficked, multi-tenanted building with close overlap to Campus Management, Client Stakeholders and neighbouring tenants.<\\/p>\\r\\n<p>Packages encompassed a sizeable stylish joinery element and complex Mechanical, Electrical & IT upgrades to service the open-plan work-space areas and segmental modular offices & meeting rooms. The main Reception features an inviting design element luring to a quirky \\u2018Breakout Area Canteen\\u2019 with feature brick internal facades, critall glazed screens, floating \\u2018wooden\\u2019 acoustic ceilings and matchless tiled flooring.<\\/p>\\r\\n<p>Due to the nature and scale of the sharp trapezoidal shaped walls and ceilings, paired with the diverging display of flooring and wall colours, the detailing in the Architectural packages required a Sonica level of attention to guarantee that the Architects vision for the completed space was realised.<\\/p>\",\"60\":\"<ul><li>Design and VE development to suit strict budget parameters<\\/li><li>Comms room commissioned and complete 3 weeks before handover to allow Client IT access<\\/li><li>Liaison and management of Client Direct vendors<\\/li><li>Project acceleration to ensure no client \\u2018down-time\\u2019 and smooth, quick turn-around on staff migrations<\\/li><li>Co-ordination with local Team on relocation deliverables<\\/li><li>M&E and IT upgrades throughout<\\/li><li>Turnkey furniture package<\\/li><\\/ul>\",\"63\":[\"210\"],\"56\":\"Citywest Business Campus\",\"64\":\"\",\"61\":\"It was great to work with Hugh Ward and his team at Sonica Fitout on our new HQ in Riverwalk, Citywest. We were very impressed with the level of professionalism and attention to detail on every aspect of this project which produced a high standard of finish. Sonica Fitouts commitment to this project ensured that it came in on programme and within budget. Everyone is delighted with the final result.\",\"62\":\"Donal Burke, Head of Procurement\",\"58\":\"<ul><li>1,250m2<\\/li><\\/ul>\",\"59\":\"<ul><li>1-week Pre-Con<\\/li><li>10 weeks on site<\\/li><\\/ul>\"}}', '2018-02-16 10:22:34', '2018-02-16 10:22:34', '106d3a7f-4782-42f7-9356-68668856832e'),
 ('180', '108', '16', '1', 'en_ie', '3', '', '{\"typeId\":\"16\",\"authorId\":\"1\",\"title\":\"3 Arena\",\"slug\":\"3-arena\",\"postDate\":1518716640,\"expiryDate\":null,\"enabled\":1,\"parentId\":\"\",\"fields\":{\"57\":\"<p>Full D&B project from receipt of Client outline brief to final delivery and handover. Development of a central defined theme to roll out across the complete rebrand project was the key deliverable.<\\/p>\\r\\n<p>1672 individual ceiling suspended \\u201cCities\\u201d in the 4th floor bar, over 2,400 individually controlled LED lights per City (and that\\u2019s just one area on one floor..!)<\\/p>\\r\\n<p>3m dia. \\u201cOculus\\u201d video back-projected onto VIP ceiling \\u2013 video specifically commissioned for the Kaleidoscope Bar fitout.<\\/p>\\r\\n<p>Fully programmable KNX Lighting system with user defined colour and dimming set points depending on event and scene setting requirements. This linked back to main venue DALI system for central control by Venue management.<\\/p>\\r\\n<p>Fully interactive Twitter feed linked to feature \\u201cfloating Megalopolis\\u201d to allow visitors Tweet their venue experiences directly into the bars in real time.<\\/p>\",\"60\":\"<ul><li>Conceptual development and full project design<\\/li><li>GMP Contract Sum<\\/li><li>Intricate project programming<\\/li><li>Live venue interaction & co-ordination<\\/li><\\/ul>\",\"63\":[\"205\"],\"56\":\"North Wall Quay, Dublin 1\",\"64\":\"\",\"61\":\"Have to say it looks absolutely incredible. Proud to have worked on such a prestigious project for such a prestigious company as\\r\\nSonica Fitout. From all at Devlin in Design. Congratulations to Sonica.\",\"62\":\"Enda Devlin, Devlin in Design\",\"58\":\"<ul><li>4000m2 overall Venue Area.<\\/li><li>Works spread across three separate project sites running concurrently.<\\/li><\\/ul>\",\"59\":\"<ul><li>8 weeks on site<\\/li><\\/ul>\"}}', '2018-02-16 10:22:38', '2018-02-16 10:22:38', 'f0713ef2-4f04-4017-bdef-c875ef939ef9'),
 ('181', '109', '16', '1', 'en_ie', '3', '', '{\"typeId\":\"16\",\"authorId\":\"1\",\"title\":\"Salesforce\",\"slug\":\"salesforce\",\"postDate\":1518716640,\"expiryDate\":null,\"enabled\":1,\"parentId\":\"\",\"fields\":{\"57\":\"<p>Salesforce&nbsp;is the world\\u2019s leading CRM software and enterprise cloud ecosystem, their \\u201cCustomer Success Platform\\u201d helps businesses grow into a more streamlined, effective and efficient organisations across sales, service, marketing and more.<\\/p>\\r\\n<p>The Sonica Ops Team has had the pleasure of being part of SFDC\\u2019s expansion by servicing their ever increasing head count and office space requirements for the past 3-years.&nbsp; It is therefore with great pride that we showcase the latest SFDC office completion, a 15,000 sq.ft. floor plate in Central Park.<\\/p>\\r\\n<p>Works involved the demolition and strip out of the previous tenant\\u2019s existing fitted offices to cater for the new Salesforce remodelled floor plate layout.&nbsp; The office design placed emphasis on increased Team collaboration with all new open plan workstations, meeting rooms, offices, boardrooms, flexible spaces, staff kitchens & canteen areas, breakout areas and a number of bespoke \\u201cTechForce Bars\\u201d all part of the required brief.<\\/p>\\r\\n<p>They have since been voted Ireland\\u2019s Best Workplace \\u2013 the company was ranked No. 1 on the list of the Best Large Places to Work, a ranking based on employees\\u2019 own assessments of their experiences.<\\/p>\",\"60\":\"<ul><li>Full GMP Build Delivery<\\/li><li>Extensive Feature Joinery Package procurement<\\/li><li>Complete staff auditorium with extensive A\\/V<\\/li><li>Client Direct Vendor Engagement and Management<\\/li><li>Staff Migration & Move Management<\\/li><\\/ul>\",\"63\":[\"212\"],\"56\":\"Central Park, Dublin 18\",\"64\":\"\",\"61\":\"Just a little note to say a BIG thank you to you and all the Sonica team. It was a real pleasure working with you all. Thanks for your guidance, assistance and patience! Fingers crossed for the next one.\",\"62\":\"Cathy Mooney, Senior Office Manager\",\"58\":\"<ul><li>1500m2<\\/li><\\/ul>\",\"59\":\"<ul><li>10 weeks Design Co-ordination, Procurement, GMP Formulation<\\/li><li>12 weeks Build Management On-Site<\\/li><\\/ul>\"}}', '2018-02-16 10:26:05', '2018-02-16 10:26:05', 'cecad75a-8b9d-4316-a1e8-4fd501942b18'),
 ('182', '110', '16', '1', 'en_ie', '3', '', '{\"typeId\":\"16\",\"authorId\":\"1\",\"title\":\"Wipro\",\"slug\":\"wipro\",\"postDate\":1518716640,\"expiryDate\":null,\"enabled\":1,\"parentId\":\"\",\"fields\":{\"57\":\"<p>Since entering the Irish market in 2015, WIPRO have gone from strength to strength securing substantial projects for their ever increasing Client base. This success has been met with a rapid increase in head count and exponential office space requirement.<\\/p>\\r\\n<p>Having already completed over 50k sq.ft. of office space in Dublin for WIPRO since 2015, we were delighted to build upon and advance the great working relationship we had developed with both their International and Local Teams when they appointed us again as their Turnkey D&B Fitout Specialist for their new expansion offices in Ballsbridge.<\\/p>\\r\\n<p>Works were undertaken in a multi-tenanted office development with continual intensive daily co-ordination with the sitting Campus Management Team. Added to the time sensitive nature of the project was the Client\\u2019s \\u201cnot-to-exceed\\u201d occupation date which was a key consideration in our aggressive construction programme.<\\/p>\\r\\n<p>Due to the high degree of cellularisation to form the various offices, meeting spaces, VC Rooms & Executive Boardrooms, the mechanical scope required considerable addition to the primary Landlord ventilation provisions via. intensive upgrades, modelling and building control integration.<\\/p>\\r\\n<p>The project scope also included a large specialist joinery component, exposed ceilings and feature lighting throughout, feature hard and soft floorings, substantial active IT solution, a fully redundant IT backbone install with UPS back up to main comms room, high-end Corporate level access control and security install, A\\/V delivery and a full furniture installation across the complete floor plate.<\\/p>\",\"60\":\"<ul><li>Sonica PM<\\/li><li>Full Design Realisation and Co-ordination with International Design Team<\\/li><li>Landlord Approval and Grant of Licence to Alter<\\/li><li>Local Design Team Appointment & Management as Lead Consultant<\\/li><li>Complete Project Financial Control & Package Management<\\/li><li>Client Direct Vendor Engagement and Management<\\/li><li>Staff Migration & Move Management<\\/li><\\/ul>\",\"63\":[\"213\"],\"56\":\"Ballsbridge\",\"64\":\"\",\"61\":\"\",\"62\":\"\",\"58\":\"<ul><li>1000m2<\\/li><\\/ul>\",\"59\":\"<ul><li>1-week Pre-construction<\\/li><li>8 weeks on-site<\\/li><\\/ul>\"}}', '2018-02-16 10:26:13', '2018-02-16 10:26:13', 'b7a8ebbf-bb87-411d-a278-c6cd077ba41f'),
 ('183', '111', '16', '1', 'en_ie', '3', '', '{\"typeId\":\"16\",\"authorId\":\"1\",\"title\":\"Private Client\",\"slug\":\"private-client-2\",\"postDate\":1518716640,\"expiryDate\":null,\"enabled\":1,\"parentId\":\"\",\"fields\":{\"57\":\"<p>Sonica Fitout were contracted to completely refurbish the Ground Floor lobby of the headquarters of one of Ireland\\u2019s leading providers of wealth management and financial advisory services. Clients of this prestigious private client are used to a meticulous attention to detail and as such this was reflected in the design and level of finish expected.<\\/p>\\r\\n<p>The intent was to provide enclosed, private areas throughout the space with which to hold impromptu, private meetings while maintaining a bright, open and modern feel throughout. Combined with the extremely well-appointed joinery package the overall feel of the space was one of practical opulence and luxury.<\\/p>\\r\\n<p>The scope of works was a complete refurbishment with curved recessed bulkheads all LED backlit, stone tiling throughout, new security gates and curved glazed meeting rooms all surrounding the walnut clad lift core that integrated seamlessly with an oversized reception desk. In addition new bathroom and kitchen facilities were completed as well as all new air conditioning throughout the floor.<\\/p>\\r\\n<p>Following a week\\u2019s pre construction this project was delivered in 5 weeks over multiple phases keeping live access available to staff members 24 hours a day 7 days a week with minimal disruption.<\\/p>\",\"60\":\"<ul><li>Natural Stone floor<\\/li><li>Bespoke Walnut wall cladding<\\/li><li>Curved glazed partitions throughout<\\/li><li>Oversized feature reception desk<\\/li><li>Backlit feature ceilings throughout<\\/li><li>New staff \\u201cspeedlanes\\u201d<\\/li><li>New facilities<\\/li><li>Completely revamped AC system.<\\/li><\\/ul>\",\"63\":[\"211\"],\"56\":\"Dublin 2\",\"64\":\"\",\"61\":\"\",\"62\":\"\",\"58\":\"<ul><li>Reception areas<\\/li><\\/ul>\",\"59\":\"<ul><li>1-week Pre-Con<\\/li><li>5 weeks on site<\\/li><\\/ul>\"}}', '2018-02-16 10:26:18', '2018-02-16 10:26:18', '4d0bbb35-71c7-4980-a1f7-852e0a777a55'),
 ('184', '106', '16', '1', 'en_ie', '4', '', '{\"typeId\":\"16\",\"authorId\":\"1\",\"title\":\"Private Client\",\"slug\":\"private-client-1\",\"postDate\":1518716640,\"expiryDate\":null,\"enabled\":1,\"parentId\":\"\",\"fields\":{\"57\":\"<p>Our brief was to strip and refit the old Anglo Irish Bank space over two floors in St. Stephen\\u2019s Green House and transform it into an expansive, sophisticated, tech-savvy office for our Client\\u2019s expanded new HQ in Ireland.<\\/p>\\r\\n<p>Works were executed on a 10-week programme within a fully engaged, heavily trafficked, multi-tenanted building. With it\\u2019s location in the heart of Dublin\\u2019s shopping district on the iconic St. Stephen\\u2019s Green, the delivery of the finished project on an accelerated timeline formed a hugely important part of our project execution plan where the delivery \\/ collection logistics, overall traffic management, DCC liaison, out of hours works scheduling and compliance with strict building noise restrictions all required in-depth consideration.<\\/p>\\r\\n<p>The Architectural Design included a substantial joinery package, multiple floor finishes, open grid exposed ceilings, extensive Client direct vend supervision and migration management. Other packages included substantial upgrades to the Mechanical, Electrical, IT and AV installations with all service works demanding a high level of co-ordinated attention to guarantee that the vision for the completed space was realised.<\\/p>\",\"60\":\"<ul><li>Large open plan spaces with extensive perimeter cellularisation.<\\/li><li>Extensive M&E & IT package with \\u201copen grid\\u201d M&E ceiling services<\\/li><li>Engagement of specialist contractors to facilitate works in a time restricted programme.<\\/li><li>Co-ordination with local teams and stakeholders on relocation deliverables.<\\/li><li>Cost and VE development to suit strict budget parameters.<\\/li><\\/ul>\",\"63\":[\"208\"],\"56\":\"Dublin 2\",\"64\":\"\",\"61\":\"\",\"62\":\"\",\"58\":\"<ul><li>3,000m2<\\/li><\\/ul>\",\"59\":\"<ul><li>1-week Pre-construction<\\/li><li>10 weeks on-site<\\/li><\\/ul>\"}}', '2018-02-16 10:27:37', '2018-02-16 10:27:37', 'b025297d-17da-4272-8edc-450b7beb065b'),
 ('185', '111', '16', '1', 'en_ie', '4', '', '{\"typeId\":\"16\",\"authorId\":\"1\",\"title\":\"Private Client\",\"slug\":\"private-client-2\",\"postDate\":1518716640,\"expiryDate\":null,\"enabled\":1,\"parentId\":\"\",\"fields\":{\"57\":\"<p>Sonica Fitout were contracted to completely refurbish the Ground Floor lobby of the headquarters of one of Ireland\\u2019s leading providers of wealth management and financial advisory services. Clients of this prestigious private client are used to a meticulous attention to detail and as such this was reflected in the design and level of finish expected.<\\/p>\\r\\n<p>The intent was to provide enclosed, private areas throughout the space with which to hold impromptu, private meetings while maintaining a bright, open and modern feel throughout. Combined with the extremely well-appointed joinery package the overall feel of the space was one of practical opulence and luxury.<\\/p>\\r\\n<p>The scope of works was a complete refurbishment with curved recessed bulkheads all LED backlit, stone tiling throughout, new security gates and curved glazed meeting rooms all surrounding the walnut clad lift core that integrated seamlessly with an oversized reception desk. In addition new bathroom and kitchen facilities were completed as well as all new air conditioning throughout the floor.<\\/p>\\r\\n<p>Following a week\\u2019s pre construction this project was delivered in 5 weeks over multiple phases keeping live access available to staff members 24 hours a day 7 days a week with minimal disruption.<\\/p>\",\"60\":\"<ul><li>Natural Stone floor<\\/li><li>Bespoke Walnut wall cladding<\\/li><li>Curved glazed partitions throughout<\\/li><li>Oversized feature reception desk<\\/li><li>Backlit feature ceilings throughout<\\/li><li>New staff \\u201cspeedlanes\\u201d<\\/li><li>New facilities<\\/li><li>Completely revamped AC system.<\\/li><\\/ul>\",\"63\":[\"214\"],\"56\":\"Dublin 2\",\"64\":\"\",\"61\":\"\",\"62\":\"\",\"58\":\"<ul><li>Reception areas<\\/li><\\/ul>\",\"59\":\"<ul><li>1-week Pre-Con<\\/li><li>5 weeks on site<\\/li><\\/ul>\"}}', '2018-02-16 10:31:17', '2018-02-16 10:31:17', '79f44e51-6c08-4e5c-bde2-284d2758bfd4'),
 ('186', '215', '18', '1', 'en_ie', '1', NULL, '{\"typeId\":\"18\",\"authorId\":null,\"title\":\"Settings\",\"slug\":\"settings\",\"postDate\":1519600019,\"expiryDate\":null,\"enabled\":1,\"parentId\":null,\"fields\":[]}', '2018-02-25 23:07:00', '2018-02-25 23:07:00', '9c626363-c203-477b-b980-b616a3fd0707'),
 ('187', '215', '18', '1', 'en_ie', '2', '', '{\"typeId\":null,\"authorId\":null,\"title\":\"Settings\",\"slug\":\"settings\",\"postDate\":1519600019,\"expiryDate\":null,\"enabled\":1,\"parentId\":null,\"fields\":{\"72\":[{\"col1\":\"Test Project Name\"}]}}', '2018-02-25 23:09:40', '2018-02-25 23:09:40', '0b29a89a-ba1f-450c-bc9e-16fe7dc49019'),
 ('188', '215', '18', '1', 'en_ie', '3', '', '{\"typeId\":null,\"authorId\":null,\"title\":\"Settings\",\"slug\":\"settings\",\"postDate\":1519600019,\"expiryDate\":null,\"enabled\":1,\"parentId\":null,\"fields\":{\"72\":[{\"col1\":\"Test Project Name\"},{\"col1\":\"Another Test Project Name\"}]}}', '2018-02-25 23:09:54', '2018-02-25 23:09:54', '43c30d03-dc7e-4cee-bc66-42b40aabdab0'),
 ('189', '104', '16', '1', 'en_ie', '6', '', '{\"typeId\":\"16\",\"authorId\":\"1\",\"title\":\"Demonware\",\"slug\":\"demonware\",\"postDate\":1518716640,\"expiryDate\":null,\"enabled\":1,\"parentId\":\"\",\"fields\":{\"57\":\"<p>Demonware are an Irish software development company specialising in creating networking software and services for computer game development, most notably for the Call of Duty on-line game franchise. The company were acquired by US game publisher Activision Blizzard in 2007 and have offices in Dublin, Vancouver and Shanghai.<\\/p>\\r\\n<p>Due to the complexity of the works and the fact that the offices would remain LIVE through the refurbishment, the project was bid on a 2-stage basis with an open tender process to identify two preferred bidders followed by a post-tender interview process to select their final fitout partner. A large part of the Client Team\\u2019s decision making process also centered on input and commentary from the Contractor into the initial scheme design with recommendations on buildability and value engineering. We were suitably delighted to win out at interview stage and be appointed as Demonware\\u2019s contractor of choice \\u2013 with us on board, planning for their new European HQ officially kicked-off led by international architects, Urban Agency.<\\/p>\\r\\n<p>The scope of works included segregation of the existing floor plate into Live \\/ Under-Construction areas, the complete strip of the demised floor areas, full M&E, IT and A\\/V installation, a bespoke fabricated solution for Meeting Rooms (made from curved glass pods) and Team Huddle Rooms (machined birch faced plywood), full soft & hard flooring, extensive graphics package and the management & supervision of the Client\\u2019s furniture vendors. Of further note was the fact that the project was completed with the Client in full occupation on the 5th Floor of a multi-tenanted building.<\\/p>\\r\\n<p>The finished project is a fabulous addition to our portfolio of works and is a job that we are very proud to have been involved with.<\\/p>\",\"60\":\"<ul><li>Sonica PM<\\/li><li>Full design realisation and co-ordination with International Design Team<\\/li><li>Staff migration & move management<\\/li><li>Full M&E and IT installations<\\/li><li>Turnkey furniture package<\\/li><li>Curved glass huddle rooms<\\/li><li>Birch-faced plywood huddle pods<\\/li><li>Exposed building structure & ceiling<\\/li><li>Corporate signage & brand identity<\\/li><\\/ul>\",\"63\":[\"201\"],\"56\":\"Parnell Street\\r\\nDublin 1\",\"64\":[\"197\",\"200\",\"201\",\"199\",\"198\"],\"61\":\"I just want take a breath to let you know how happy we\'ve been so far with how the build is being managed by your Team and with the quality of the work that is being done. Harry, Doug and Ray have been a pleasure to work with throughout these past 14 weeks. What could have been a very stressful experience for us, has turned out to be an education in how a professional renovation should run. Thanks to you and your Team for this.\",\"62\":\"Amy Smith, Business Services Manager, Demonware\",\"58\":\"<ul><li>1,800m2<\\/li><\\/ul>\",\"59\":\"<ul><li>4-week Pre-construction<\\/li><li>14 weeks on-site<\\/li><\\/ul>\"}}', '2018-02-26 00:28:43', '2018-02-26 00:28:43', 'e105a386-9ddd-4158-adda-6b257d56cb5d'),
 ('190', '104', '16', '1', 'en_ie', '7', '', '{\"typeId\":\"16\",\"authorId\":\"1\",\"title\":\"Demonware\",\"slug\":\"demonware\",\"postDate\":1518716640,\"expiryDate\":null,\"enabled\":1,\"parentId\":\"\",\"fields\":{\"57\":\"<p>Demonware are an Irish software development company specialising in creating networking software and services for computer game development, most notably for the Call of Duty on-line game franchise. The company were acquired by US game publisher Activision Blizzard in 2007 and have offices in Dublin, Vancouver and Shanghai.<\\/p>\\r\\n<p>Due to the complexity of the works and the fact that the offices would remain LIVE through the refurbishment, the project was bid on a 2-stage basis with an open tender process to identify two preferred bidders followed by a post-tender interview process to select their final fitout partner. A large part of the Client Team\\u2019s decision making process also centered on input and commentary from the Contractor into the initial scheme design with recommendations on buildability and value engineering. We were suitably delighted to win out at interview stage and be appointed as Demonware\\u2019s contractor of choice \\u2013 with us on board, planning for their new European HQ officially kicked-off led by international architects, Urban Agency.<\\/p>\\r\\n<p>The scope of works included segregation of the existing floor plate into Live \\/ Under-Construction areas, the complete strip of the demised floor areas, full M&E, IT and A\\/V installation, a bespoke fabricated solution for Meeting Rooms (made from curved glass pods) and Team Huddle Rooms (machined birch faced plywood), full soft & hard flooring, extensive graphics package and the management & supervision of the Client\\u2019s furniture vendors. Of further note was the fact that the project was completed with the Client in full occupation on the 5th Floor of a multi-tenanted building.<\\/p>\\r\\n<p>The finished project is a fabulous addition to our portfolio of works and is a job that we are very proud to have been involved with.<\\/p>\",\"60\":\"<ul><li>Sonica PM<\\/li><li>Full design realisation and co-ordination with International Design Team<\\/li><li>Staff migration & move management<\\/li><li>Full M&E and IT installations<\\/li><li>Turnkey furniture package<\\/li><li>Curved glass huddle rooms<\\/li><li>Birch-faced plywood huddle pods<\\/li><li>Exposed building structure & ceiling<\\/li><li>Corporate signage & brand identity<\\/li><\\/ul>\",\"63\":[\"201\"],\"56\":\"Parnell Street\\r\\nDublin 1\",\"64\":[\"197\",\"200\",\"201\",\"199\"],\"61\":\"I just want take a breath to let you know how happy we\'ve been so far with how the build is being managed by your Team and with the quality of the work that is being done. Harry, Doug and Ray have been a pleasure to work with throughout these past 14 weeks. What could have been a very stressful experience for us, has turned out to be an education in how a professional renovation should run. Thanks to you and your Team for this.\",\"62\":\"Amy Smith, Business Services Manager, Demonware\",\"58\":\"<ul><li>1,800m2<\\/li><\\/ul>\",\"59\":\"<ul><li>4-week Pre-construction<\\/li><li>14 weeks on-site<\\/li><\\/ul>\"}}', '2018-02-26 00:29:13', '2018-02-26 00:29:13', 'c3c9ec48-83c9-4c63-8a0d-91dd014d60c7'),
 ('191', '104', '16', '1', 'en_ie', '8', '', '{\"typeId\":\"16\",\"authorId\":\"1\",\"title\":\"Demonware\",\"slug\":\"demonware\",\"postDate\":1518716640,\"expiryDate\":null,\"enabled\":1,\"parentId\":\"\",\"fields\":{\"57\":\"<p>Demonware are an Irish software development company specialising in creating networking software and services for computer game development, most notably for the Call of Duty on-line game franchise. The company were acquired by US game publisher Activision Blizzard in 2007 and have offices in Dublin, Vancouver and Shanghai.<\\/p>\\r\\n<p>Due to the complexity of the works and the fact that the offices would remain LIVE through the refurbishment, the project was bid on a 2-stage basis with an open tender process to identify two preferred bidders followed by a post-tender interview process to select their final fitout partner. A large part of the Client Team\\u2019s decision making process also centered on input and commentary from the Contractor into the initial scheme design with recommendations on buildability and value engineering. We were suitably delighted to win out at interview stage and be appointed as Demonware\\u2019s contractor of choice \\u2013 with us on board, planning for their new European HQ officially kicked-off led by international architects, Urban Agency.<\\/p>\\r\\n<p>The scope of works included segregation of the existing floor plate into Live \\/ Under-Construction areas, the complete strip of the demised floor areas, full M&E, IT and A\\/V installation, a bespoke fabricated solution for Meeting Rooms (made from curved glass pods) and Team Huddle Rooms (machined birch faced plywood), full soft & hard flooring, extensive graphics package and the management & supervision of the Client\\u2019s furniture vendors. Of further note was the fact that the project was completed with the Client in full occupation on the 5th Floor of a multi-tenanted building.<\\/p>\\r\\n<p>The finished project is a fabulous addition to our portfolio of works and is a job that we are very proud to have been involved with.<\\/p>\",\"60\":\"<ul><li>Sonica PM<\\/li><li>Full design realisation and co-ordination with International Design Team<\\/li><li>Staff migration & move management<\\/li><li>Full M&E and IT installations<\\/li><li>Turnkey furniture package<\\/li><li>Curved glass huddle rooms<\\/li><li>Birch-faced plywood huddle pods<\\/li><li>Exposed building structure & ceiling<\\/li><li>Corporate signage & brand identity<\\/li><\\/ul>\",\"63\":[\"201\"],\"56\":\"Parnell Street\\r\\nDublin 1\",\"64\":[\"197\"],\"61\":\"I just want take a breath to let you know how happy we\'ve been so far with how the build is being managed by your Team and with the quality of the work that is being done. Harry, Doug and Ray have been a pleasure to work with throughout these past 14 weeks. What could have been a very stressful experience for us, has turned out to be an education in how a professional renovation should run. Thanks to you and your Team for this.\",\"62\":\"Amy Smith, Business Services Manager, Demonware\",\"58\":\"<ul><li>1,800m2<\\/li><\\/ul>\",\"59\":\"<ul><li>4-week Pre-construction<\\/li><li>14 weeks on-site<\\/li><\\/ul>\"}}', '2018-02-26 11:54:07', '2018-02-26 11:54:07', 'd75912e3-fc43-4625-9e01-32c7df8a2dc8'),
 ('192', '104', '16', '1', 'en_ie', '9', '', '{\"typeId\":\"16\",\"authorId\":\"1\",\"title\":\"Demonware\",\"slug\":\"demonware\",\"postDate\":1518716640,\"expiryDate\":null,\"enabled\":1,\"parentId\":\"\",\"fields\":{\"57\":\"<p>Demonware are an Irish software development company specialising in creating networking software and services for computer game development, most notably for the Call of Duty on-line game franchise. The company were acquired by US game publisher Activision Blizzard in 2007 and have offices in Dublin, Vancouver and Shanghai.<\\/p>\\r\\n<p>Due to the complexity of the works and the fact that the offices would remain LIVE through the refurbishment, the project was bid on a 2-stage basis with an open tender process to identify two preferred bidders followed by a post-tender interview process to select their final fitout partner. A large part of the Client Team\\u2019s decision making process also centered on input and commentary from the Contractor into the initial scheme design with recommendations on buildability and value engineering. We were suitably delighted to win out at interview stage and be appointed as Demonware\\u2019s contractor of choice \\u2013 with us on board, planning for their new European HQ officially kicked-off led by international architects, Urban Agency.<\\/p>\\r\\n<p>The scope of works included segregation of the existing floor plate into Live \\/ Under-Construction areas, the complete strip of the demised floor areas, full M&E, IT and A\\/V installation, a bespoke fabricated solution for Meeting Rooms (made from curved glass pods) and Team Huddle Rooms (machined birch faced plywood), full soft & hard flooring, extensive graphics package and the management & supervision of the Client\\u2019s furniture vendors. Of further note was the fact that the project was completed with the Client in full occupation on the 5th Floor of a multi-tenanted building.<\\/p>\\r\\n<p>The finished project is a fabulous addition to our portfolio of works and is a job that we are very proud to have been involved with.<\\/p>\",\"60\":\"<ul><li>Sonica PM<\\/li><li>Full design realisation and co-ordination with International Design Team<\\/li><li>Staff migration & move management<\\/li><li>Full M&E and IT installations<\\/li><li>Turnkey furniture package<\\/li><li>Curved glass huddle rooms<\\/li><li>Birch-faced plywood huddle pods<\\/li><li>Exposed building structure & ceiling<\\/li><li>Corporate signage & brand identity<\\/li><\\/ul>\",\"63\":[\"201\"],\"56\":\"Parnell Street\\r\\nDublin 1\",\"64\":[\"197\",\"211\",\"206\",\"209\"],\"61\":\"I just want take a breath to let you know how happy we\'ve been so far with how the build is being managed by your Team and with the quality of the work that is being done. Harry, Doug and Ray have been a pleasure to work with throughout these past 14 weeks. What could have been a very stressful experience for us, has turned out to be an education in how a professional renovation should run. Thanks to you and your Team for this.\",\"62\":\"Amy Smith, Business Services Manager, Demonware\",\"58\":\"<ul><li>1,800m2<\\/li><\\/ul>\",\"59\":\"<ul><li>4-week Pre-construction<\\/li><li>14 weeks on-site<\\/li><\\/ul>\"}}', '2018-02-26 11:54:55', '2018-02-26 11:54:55', '69442f82-1a9c-46ec-9839-0fd6e67db19d'),
 ('193', '104', '16', '1', 'en_ie', '10', '', '{\"typeId\":\"16\",\"authorId\":\"1\",\"title\":\"Demonware\",\"slug\":\"demonware\",\"postDate\":1518716640,\"expiryDate\":null,\"enabled\":1,\"parentId\":\"\",\"fields\":{\"57\":\"<p>Demonware are an Irish software development company specialising in creating networking software and services for computer game development, most notably for the Call of Duty on-line game franchise. The company were acquired by US game publisher Activision Blizzard in 2007 and have offices in Dublin, Vancouver and Shanghai.<\\/p>\\r\\n<p>Due to the complexity of the works and the fact that the offices would remain LIVE through the refurbishment, the project was bid on a 2-stage basis with an open tender process to identify two preferred bidders followed by a post-tender interview process to select their final fitout partner. A large part of the Client Team\\u2019s decision making process also centered on input and commentary from the Contractor into the initial scheme design with recommendations on buildability and value engineering. We were suitably delighted to win out at interview stage and be appointed as Demonware\\u2019s contractor of choice \\u2013 with us on board, planning for their new European HQ officially kicked-off led by international architects, Urban Agency.<\\/p>\\r\\n<p>The scope of works included segregation of the existing floor plate into Live \\/ Under-Construction areas, the complete strip of the demised floor areas, full M&E, IT and A\\/V installation, a bespoke fabricated solution for Meeting Rooms (made from curved glass pods) and Team Huddle Rooms (machined birch faced plywood), full soft & hard flooring, extensive graphics package and the management & supervision of the Client\\u2019s furniture vendors. Of further note was the fact that the project was completed with the Client in full occupation on the 5th Floor of a multi-tenanted building.<\\/p>\\r\\n<p>The finished project is a fabulous addition to our portfolio of works and is a job that we are very proud to have been involved with.<\\/p>\",\"60\":\"<ul><li>Sonica PM<\\/li><li>Full design realisation and co-ordination with International Design Team<\\/li><li>Staff migration & move management<\\/li><li>Full M&E and IT installations<\\/li><li>Turnkey furniture package<\\/li><li>Curved glass huddle rooms<\\/li><li>Birch-faced plywood huddle pods<\\/li><li>Exposed building structure & ceiling<\\/li><li>Corporate signage & brand identity<\\/li><\\/ul>\",\"63\":[\"201\"],\"56\":\"Parnell Street\\r\\nDublin 1\",\"64\":[\"197\",\"205\",\"209\",\"212\",\"210\",\"201\",\"206\"],\"61\":\"I just want take a breath to let you know how happy we\'ve been so far with how the build is being managed by your Team and with the quality of the work that is being done. Harry, Doug and Ray have been a pleasure to work with throughout these past 14 weeks. What could have been a very stressful experience for us, has turned out to be an education in how a professional renovation should run. Thanks to you and your Team for this.\",\"62\":\"Amy Smith, Business Services Manager, Demonware\",\"58\":\"<ul><li>1,800m2<\\/li><\\/ul>\",\"59\":\"<ul><li>4-week Pre-construction<\\/li><li>14 weeks on-site<\\/li><\\/ul>\"}}', '2018-02-26 11:57:23', '2018-02-26 11:57:23', '3c65953e-fcb8-488c-8fe9-07f26fec90f7'),
 ('194', '104', '16', '1', 'en_ie', '11', '', '{\"typeId\":\"16\",\"authorId\":\"1\",\"title\":\"Demonware\",\"slug\":\"demonware\",\"postDate\":1518716640,\"expiryDate\":null,\"enabled\":1,\"parentId\":\"\",\"fields\":{\"57\":\"<p>Demonware are an Irish software development company specialising in creating networking software and services for computer game development, most notably for the Call of Duty on-line game franchise. The company were acquired by US game publisher Activision Blizzard in 2007 and have offices in Dublin, Vancouver and Shanghai.<\\/p>\\r\\n<p>Due to the complexity of the works and the fact that the offices would remain LIVE through the refurbishment, the project was bid on a 2-stage basis with an open tender process to identify two preferred bidders followed by a post-tender interview process to select their final fitout partner. A large part of the Client Team\\u2019s decision making process also centered on input and commentary from the Contractor into the initial scheme design with recommendations on buildability and value engineering. We were suitably delighted to win out at interview stage and be appointed as Demonware\\u2019s contractor of choice \\u2013 with us on board, planning for their new European HQ officially kicked-off led by international architects, Urban Agency.<\\/p>\\r\\n<p>The scope of works included segregation of the existing floor plate into Live \\/ Under-Construction areas, the complete strip of the demised floor areas, full M&E, IT and A\\/V installation, a bespoke fabricated solution for Meeting Rooms (made from curved glass pods) and Team Huddle Rooms (machined birch faced plywood), full soft & hard flooring, extensive graphics package and the management & supervision of the Client\\u2019s furniture vendors. Of further note was the fact that the project was completed with the Client in full occupation on the 5th Floor of a multi-tenanted building.<\\/p>\\r\\n<p>The finished project is a fabulous addition to our portfolio of works and is a job that we are very proud to have been involved with.<\\/p>\",\"60\":\"<ul><li>Sonica PM<\\/li><li>Full design realisation and co-ordination with International Design Team<\\/li><li>Staff migration & move management<\\/li><li>Full M&E and IT installations<\\/li><li>Turnkey furniture package<\\/li><li>Curved glass huddle rooms<\\/li><li>Birch-faced plywood huddle pods<\\/li><li>Exposed building structure & ceiling<\\/li><li>Corporate signage & brand identity<\\/li><\\/ul>\",\"63\":[\"201\"],\"56\":\"Parnell Street\\r\\nDublin 1\",\"64\":[\"197\",\"205\",\"209\",\"212\",\"210\",\"201\",\"206\",\"203\",\"204\",\"211\",\"214\",\"200\",\"199\"],\"61\":\"I just want take a breath to let you know how happy we\'ve been so far with how the build is being managed by your Team and with the quality of the work that is being done. Harry, Doug and Ray have been a pleasure to work with throughout these past 14 weeks. What could have been a very stressful experience for us, has turned out to be an education in how a professional renovation should run. Thanks to you and your Team for this.\",\"62\":\"Amy Smith, Business Services Manager, Demonware\",\"58\":\"<ul><li>1,800m2<\\/li><\\/ul>\",\"59\":\"<ul><li>4-week Pre-construction<\\/li><li>14 weeks on-site<\\/li><\\/ul>\"}}', '2018-02-26 12:16:59', '2018-02-26 12:16:59', '93af1fcf-9c1a-43c5-b6cd-db0b0726ab54'),
 ('195', '104', '16', '1', 'en_ie', '12', '', '{\"typeId\":\"16\",\"authorId\":\"1\",\"title\":\"Demonware\",\"slug\":\"demonware\",\"postDate\":1518716640,\"expiryDate\":null,\"enabled\":1,\"parentId\":\"\",\"fields\":{\"57\":\"<p>Demonware are an Irish software development company specialising in creating networking software and services for computer game development, most notably for the Call of Duty on-line game franchise. The company were acquired by US game publisher Activision Blizzard in 2007 and have offices in Dublin, Vancouver and Shanghai.<\\/p>\\r\\n<p>Due to the complexity of the works and the fact that the offices would remain LIVE through the refurbishment, the project was bid on a 2-stage basis with an open tender process to identify two preferred bidders followed by a post-tender interview process to select their final fitout partner. A large part of the Client Team\\u2019s decision making process also centered on input and commentary from the Contractor into the initial scheme design with recommendations on buildability and value engineering. We were suitably delighted to win out at interview stage and be appointed as Demonware\\u2019s contractor of choice \\u2013 with us on board, planning for their new European HQ officially kicked-off led by international architects, Urban Agency.<\\/p>\\r\\n<p>The scope of works included segregation of the existing floor plate into Live \\/ Under-Construction areas, the complete strip of the demised floor areas, full M&E, IT and A\\/V installation, a bespoke fabricated solution for Meeting Rooms (made from curved glass pods) and Team Huddle Rooms (machined birch faced plywood), full soft & hard flooring, extensive graphics package and the management & supervision of the Client\\u2019s furniture vendors. Of further note was the fact that the project was completed with the Client in full occupation on the 5th Floor of a multi-tenanted building.<\\/p>\\r\\n<p>The finished project is a fabulous addition to our portfolio of works and is a job that we are very proud to have been involved with.<\\/p>\",\"60\":\"<ul><li>Sonica PM<\\/li><li>Full design realisation and co-ordination with International Design Team<\\/li><li>Staff migration & move management<\\/li><li>Full M&E and IT installations<\\/li><li>Turnkey furniture package<\\/li><li>Curved glass huddle rooms<\\/li><li>Birch-faced plywood huddle pods<\\/li><li>Exposed building structure & ceiling<\\/li><li>Corporate signage & brand identity<\\/li><\\/ul>\",\"63\":[\"201\"],\"56\":\"Parnell Street\\r\\nDublin 1\",\"64\":[\"197\",\"205\",\"209\",\"212\",\"210\",\"201\",\"206\",\"203\",\"204\",\"211\",\"214\",\"200\",\"199\",\"207\",\"208\",\"213\"],\"61\":\"I just want take a breath to let you know how happy we\'ve been so far with how the build is being managed by your Team and with the quality of the work that is being done. Harry, Doug and Ray have been a pleasure to work with throughout these past 14 weeks. What could have been a very stressful experience for us, has turned out to be an education in how a professional renovation should run. Thanks to you and your Team for this.\",\"62\":\"Amy Smith, Business Services Manager, Demonware\",\"58\":\"<ul><li>1,800m2<\\/li><\\/ul>\",\"59\":\"<ul><li>4-week Pre-construction<\\/li><li>14 weeks on-site<\\/li><\\/ul>\"}}', '2018-02-26 12:18:29', '2018-02-26 12:18:29', '33e62975-eb06-48d3-a717-6b5a9dafaac7'),
 ('196', '104', '16', '1', 'en_ie', '13', '', '{\"typeId\":\"16\",\"authorId\":\"1\",\"title\":\"Demonware\",\"slug\":\"demonware\",\"postDate\":1518716640,\"expiryDate\":null,\"enabled\":1,\"parentId\":\"\",\"fields\":{\"57\":\"<p>Demonware are an Irish software development company specialising in creating networking software and services for computer game development, most notably for the Call of Duty on-line game franchise. The company were acquired by US game publisher Activision Blizzard in 2007 and have offices in Dublin, Vancouver and Shanghai.<\\/p>\\r\\n<p>Due to the complexity of the works and the fact that the offices would remain LIVE through the refurbishment, the project was bid on a 2-stage basis with an open tender process to identify two preferred bidders followed by a post-tender interview process to select their final fitout partner. A large part of the Client Team\\u2019s decision making process also centered on input and commentary from the Contractor into the initial scheme design with recommendations on buildability and value engineering. We were suitably delighted to win out at interview stage and be appointed as Demonware\\u2019s contractor of choice \\u2013 with us on board, planning for their new European HQ officially kicked-off led by international architects, Urban Agency.<\\/p>\\r\\n<p>The scope of works included segregation of the existing floor plate into Live \\/ Under-Construction areas, the complete strip of the demised floor areas, full M&E, IT and A\\/V installation, a bespoke fabricated solution for Meeting Rooms (made from curved glass pods) and Team Huddle Rooms (machined birch faced plywood), full soft & hard flooring, extensive graphics package and the management & supervision of the Client\\u2019s furniture vendors. Of further note was the fact that the project was completed with the Client in full occupation on the 5th Floor of a multi-tenanted building.<\\/p>\\r\\n<p>The finished project is a fabulous addition to our portfolio of works and is a job that we are very proud to have been involved with.<\\/p>\",\"60\":\"<ul><li>Sonica PM<\\/li><li>Full design realisation and co-ordination with International Design Team<\\/li><li>Staff migration & move management<\\/li><li>Full M&E and IT installations<\\/li><li>Turnkey furniture package<\\/li><li>Curved glass huddle rooms<\\/li><li>Birch-faced plywood huddle pods<\\/li><li>Exposed building structure & ceiling<\\/li><li>Corporate signage & brand identity<\\/li><\\/ul>\",\"63\":[\"201\"],\"56\":\"Parnell Street\\r\\nDublin 1\",\"64\":[\"197\",\"205\",\"209\",\"212\",\"210\",\"201\",\"206\",\"203\",\"204\",\"211\",\"214\",\"200\",\"199\",\"207\",\"208\",\"213\",\"216\",\"217\",\"219\",\"218\",\"220\",\"221\"],\"61\":\"I just want take a breath to let you know how happy we\'ve been so far with how the build is being managed by your Team and with the quality of the work that is being done. Harry, Doug and Ray have been a pleasure to work with throughout these past 14 weeks. What could have been a very stressful experience for us, has turned out to be an education in how a professional renovation should run. Thanks to you and your Team for this.\",\"62\":\"Amy Smith, Business Services Manager, Demonware\",\"58\":\"<ul><li>1,800m2<\\/li><\\/ul>\",\"59\":\"<ul><li>4-week Pre-construction<\\/li><li>14 weeks on-site<\\/li><\\/ul>\"}}', '2018-02-26 12:22:55', '2018-02-26 12:22:55', 'b302ec72-324b-4007-b0b7-6cb9da9a5552'),
 ('197', '104', '16', '1', 'en_ie', '14', '', '{\"typeId\":\"16\",\"authorId\":\"1\",\"title\":\"Demonware\",\"slug\":\"demonware\",\"postDate\":1518716640,\"expiryDate\":null,\"enabled\":1,\"parentId\":\"\",\"fields\":{\"57\":\"<p>Demonware are an Irish software development company specialising in creating networking software and services for computer game development, most notably for the Call of Duty on-line game franchise. The company were acquired by US game publisher Activision Blizzard in 2007 and have offices in Dublin, Vancouver and Shanghai.<\\/p>\\r\\n<p>Due to the complexity of the works and the fact that the offices would remain LIVE through the refurbishment, the project was bid on a 2-stage basis with an open tender process to identify two preferred bidders followed by a post-tender interview process to select their final fitout partner. A large part of the Client Team\\u2019s decision making process also centered on input and commentary from the Contractor into the initial scheme design with recommendations on buildability and value engineering. We were suitably delighted to win out at interview stage and be appointed as Demonware\\u2019s contractor of choice \\u2013 with us on board, planning for their new European HQ officially kicked-off led by international architects, Urban Agency.<\\/p>\\r\\n<p>The scope of works included segregation of the existing floor plate into Live \\/ Under-Construction areas, the complete strip of the demised floor areas, full M&E, IT and A\\/V installation, a bespoke fabricated solution for Meeting Rooms (made from curved glass pods) and Team Huddle Rooms (machined birch faced plywood), full soft & hard flooring, extensive graphics package and the management & supervision of the Client\\u2019s furniture vendors. Of further note was the fact that the project was completed with the Client in full occupation on the 5th Floor of a multi-tenanted building.<\\/p>\\r\\n<p>The finished project is a fabulous addition to our portfolio of works and is a job that we are very proud to have been involved with.<\\/p>\",\"60\":\"<ul><li>Sonica PM<\\/li><li>Full design realisation and co-ordination with International Design Team<\\/li><li>Staff migration & move management<\\/li><li>Full M&E and IT installations<\\/li><li>Turnkey furniture package<\\/li><li>Curved glass huddle rooms<\\/li><li>Birch-faced plywood huddle pods<\\/li><li>Exposed building structure & ceiling<\\/li><li>Corporate signage & brand identity<\\/li><\\/ul>\",\"63\":[\"201\"],\"56\":\"Parnell Street\\r\\nDublin 1\",\"64\":[\"197\",\"205\",\"209\",\"212\",\"210\",\"201\",\"206\",\"203\",\"204\",\"211\",\"214\",\"200\",\"199\",\"207\",\"208\",\"213\",\"216\",\"217\",\"219\",\"218\",\"220\"],\"61\":\"I just want take a breath to let you know how happy we\'ve been so far with how the build is being managed by your Team and with the quality of the work that is being done. Harry, Doug and Ray have been a pleasure to work with throughout these past 14 weeks. What could have been a very stressful experience for us, has turned out to be an education in how a professional renovation should run. Thanks to you and your Team for this.\",\"62\":\"Amy Smith, Business Services Manager, Demonware\",\"58\":\"<ul><li>1,800m2<\\/li><\\/ul>\",\"59\":\"<ul><li>4-week Pre-construction<\\/li><li>14 weeks on-site<\\/li><\\/ul>\"}}', '2018-02-26 12:23:50', '2018-02-26 12:23:50', '586ae8c5-ce29-431b-8375-90005eb8ab3b'),
 ('198', '104', '16', '1', 'en_ie', '15', '', '{\"typeId\":\"16\",\"authorId\":\"1\",\"title\":\"Demonware\",\"slug\":\"demonware\",\"postDate\":1518716640,\"expiryDate\":null,\"enabled\":1,\"parentId\":\"\",\"fields\":{\"57\":\"<p>Demonware are an Irish software development company specialising in creating networking software and services for computer game development, most notably for the Call of Duty on-line game franchise. The company were acquired by US game publisher Activision Blizzard in 2007 and have offices in Dublin, Vancouver and Shanghai.<\\/p>\\r\\n<p>Due to the complexity of the works and the fact that the offices would remain LIVE through the refurbishment, the project was bid on a 2-stage basis with an open tender process to identify two preferred bidders followed by a post-tender interview process to select their final fitout partner. A large part of the Client Team\\u2019s decision making process also centered on input and commentary from the Contractor into the initial scheme design with recommendations on buildability and value engineering. We were suitably delighted to win out at interview stage and be appointed as Demonware\\u2019s contractor of choice \\u2013 with us on board, planning for their new European HQ officially kicked-off led by international architects, Urban Agency.<\\/p>\\r\\n<p>The scope of works included segregation of the existing floor plate into Live \\/ Under-Construction areas, the complete strip of the demised floor areas, full M&E, IT and A\\/V installation, a bespoke fabricated solution for Meeting Rooms (made from curved glass pods) and Team Huddle Rooms (machined birch faced plywood), full soft & hard flooring, extensive graphics package and the management & supervision of the Client\\u2019s furniture vendors. Of further note was the fact that the project was completed with the Client in full occupation on the 5th Floor of a multi-tenanted building.<\\/p>\\r\\n<p>The finished project is a fabulous addition to our portfolio of works and is a job that we are very proud to have been involved with.<\\/p>\",\"60\":\"<ul><li>Sonica PM<\\/li><li>Full design realisation and co-ordination with International Design Team<\\/li><li>Staff migration & move management<\\/li><li>Full M&E and IT installations<\\/li><li>Turnkey furniture package<\\/li><li>Curved glass huddle rooms<\\/li><li>Birch-faced plywood huddle pods<\\/li><li>Exposed building structure & ceiling<\\/li><li>Corporate signage & brand identity<\\/li><\\/ul>\",\"63\":[\"201\"],\"56\":\"Parnell Street\\r\\nDublin 1\",\"64\":[\"197\",\"205\",\"209\",\"212\",\"210\",\"201\",\"206\",\"203\",\"204\",\"211\",\"214\",\"200\",\"199\",\"207\",\"208\",\"213\",\"216\",\"217\"],\"61\":\"I just want take a breath to let you know how happy we\'ve been so far with how the build is being managed by your Team and with the quality of the work that is being done. Harry, Doug and Ray have been a pleasure to work with throughout these past 14 weeks. What could have been a very stressful experience for us, has turned out to be an education in how a professional renovation should run. Thanks to you and your Team for this.\",\"62\":\"Amy Smith, Business Services Manager, Demonware\",\"58\":\"<ul><li>1,800m2<\\/li><\\/ul>\",\"59\":\"<ul><li>4-week Pre-construction<\\/li><li>14 weeks on-site<\\/li><\\/ul>\"}}', '2018-02-26 12:24:47', '2018-02-26 12:24:47', 'dff7e0fb-5252-46f4-9320-f142996455e8'),
 ('199', '104', '16', '1', 'en_ie', '16', '', '{\"typeId\":\"16\",\"authorId\":\"1\",\"title\":\"Demonware\",\"slug\":\"demonware\",\"postDate\":1518716640,\"expiryDate\":null,\"enabled\":1,\"parentId\":\"\",\"fields\":{\"57\":\"<p>Demonware are an Irish software development company specialising in creating networking software and services for computer game development, most notably for the Call of Duty on-line game franchise. The company were acquired by US game publisher Activision Blizzard in 2007 and have offices in Dublin, Vancouver and Shanghai.<\\/p>\\r\\n<p>Due to the complexity of the works and the fact that the offices would remain LIVE through the refurbishment, the project was bid on a 2-stage basis with an open tender process to identify two preferred bidders followed by a post-tender interview process to select their final fitout partner. A large part of the Client Team\\u2019s decision making process also centered on input and commentary from the Contractor into the initial scheme design with recommendations on buildability and value engineering. We were suitably delighted to win out at interview stage and be appointed as Demonware\\u2019s contractor of choice \\u2013 with us on board, planning for their new European HQ officially kicked-off led by international architects, Urban Agency.<\\/p>\\r\\n<p>The scope of works included segregation of the existing floor plate into Live \\/ Under-Construction areas, the complete strip of the demised floor areas, full M&E, IT and A\\/V installation, a bespoke fabricated solution for Meeting Rooms (made from curved glass pods) and Team Huddle Rooms (machined birch faced plywood), full soft & hard flooring, extensive graphics package and the management & supervision of the Client\\u2019s furniture vendors. Of further note was the fact that the project was completed with the Client in full occupation on the 5th Floor of a multi-tenanted building.<\\/p>\\r\\n<p>The finished project is a fabulous addition to our portfolio of works and is a job that we are very proud to have been involved with.<\\/p>\",\"60\":\"<ul><li>Sonica PM<\\/li><li>Full design realisation and co-ordination with International Design Team<\\/li><li>Staff migration & move management<\\/li><li>Full M&E and IT installations<\\/li><li>Turnkey furniture package<\\/li><li>Curved glass huddle rooms<\\/li><li>Birch-faced plywood huddle pods<\\/li><li>Exposed building structure & ceiling<\\/li><li>Corporate signage & brand identity<\\/li><\\/ul>\",\"63\":[\"201\"],\"56\":\"Parnell Street\\r\\nDublin 1\",\"64\":[\"197\",\"205\",\"209\",\"212\",\"210\",\"201\",\"206\",\"203\",\"204\",\"211\",\"214\",\"200\",\"199\",\"207\",\"208\",\"213\",\"216\"],\"61\":\"I just want take a breath to let you know how happy we\'ve been so far with how the build is being managed by your Team and with the quality of the work that is being done. Harry, Doug and Ray have been a pleasure to work with throughout these past 14 weeks. What could have been a very stressful experience for us, has turned out to be an education in how a professional renovation should run. Thanks to you and your Team for this.\",\"62\":\"Amy Smith, Business Services Manager, Demonware\",\"58\":\"<ul><li>1,800m2<\\/li><\\/ul>\",\"59\":\"<ul><li>4-week Pre-construction<\\/li><li>14 weeks on-site<\\/li><\\/ul>\"}}', '2018-02-26 12:25:46', '2018-02-26 12:25:46', '2081bf94-0821-40a8-8cd0-7015cfa83ae6'),
 ('200', '104', '16', '1', 'en_ie', '17', '', '{\"typeId\":\"16\",\"authorId\":\"1\",\"title\":\"Demonware\",\"slug\":\"demonware\",\"postDate\":1518716640,\"expiryDate\":null,\"enabled\":1,\"parentId\":\"\",\"fields\":{\"57\":\"<p>Demonware are an Irish software development company specialising in creating networking software and services for computer game development, most notably for the Call of Duty on-line game franchise. The company were acquired by US game publisher Activision Blizzard in 2007 and have offices in Dublin, Vancouver and Shanghai.<\\/p>\\r\\n<p>Due to the complexity of the works and the fact that the offices would remain LIVE through the refurbishment, the project was bid on a 2-stage basis with an open tender process to identify two preferred bidders followed by a post-tender interview process to select their final fitout partner. A large part of the Client Team\\u2019s decision making process also centered on input and commentary from the Contractor into the initial scheme design with recommendations on buildability and value engineering. We were suitably delighted to win out at interview stage and be appointed as Demonware\\u2019s contractor of choice \\u2013 with us on board, planning for their new European HQ officially kicked-off led by international architects, Urban Agency.<\\/p>\\r\\n<p>The scope of works included segregation of the existing floor plate into Live \\/ Under-Construction areas, the complete strip of the demised floor areas, full M&E, IT and A\\/V installation, a bespoke fabricated solution for Meeting Rooms (made from curved glass pods) and Team Huddle Rooms (machined birch faced plywood), full soft & hard flooring, extensive graphics package and the management & supervision of the Client\\u2019s furniture vendors. Of further note was the fact that the project was completed with the Client in full occupation on the 5th Floor of a multi-tenanted building.<\\/p>\\r\\n<p>The finished project is a fabulous addition to our portfolio of works and is a job that we are very proud to have been involved with.<\\/p>\",\"60\":\"<ul><li>Sonica PM<\\/li><li>Full design realisation and co-ordination with International Design Team<\\/li><li>Staff migration & move management<\\/li><li>Full M&E and IT installations<\\/li><li>Turnkey furniture package<\\/li><li>Curved glass huddle rooms<\\/li><li>Birch-faced plywood huddle pods<\\/li><li>Exposed building structure & ceiling<\\/li><li>Corporate signage & brand identity<\\/li><\\/ul>\",\"63\":[\"201\"],\"56\":\"Parnell Street\\r\\nDublin 1\",\"64\":[\"197\",\"205\",\"209\",\"212\",\"210\",\"201\",\"206\",\"203\",\"204\",\"211\",\"214\",\"200\",\"199\",\"207\",\"208\",\"213\",\"216\",\"223\",\"224\",\"225\",\"227\",\"226\",\"229\",\"230\",\"231\",\"232\",\"233\",\"234\",\"235\",\"236\",\"237\",\"238\",\"239\",\"240\"],\"61\":\"I just want take a breath to let you know how happy we\'ve been so far with how the build is being managed by your Team and with the quality of the work that is being done. Harry, Doug and Ray have been a pleasure to work with throughout these past 14 weeks. What could have been a very stressful experience for us, has turned out to be an education in how a professional renovation should run. Thanks to you and your Team for this.\",\"62\":\"Amy Smith, Business Services Manager, Demonware\",\"58\":\"<ul><li>1,800m2<\\/li><\\/ul>\",\"59\":\"<ul><li>4-week Pre-construction<\\/li><li>14 weeks on-site<\\/li><\\/ul>\"}}', '2018-02-26 12:26:59', '2018-02-26 12:26:59', '17e300ce-54bf-4904-94e8-c9293153e3bd'),
 ('201', '104', '16', '1', 'en_ie', '18', '', '{\"typeId\":\"16\",\"authorId\":\"1\",\"title\":\"Demonware\",\"slug\":\"demonware\",\"postDate\":1518716640,\"expiryDate\":null,\"enabled\":1,\"parentId\":\"\",\"fields\":{\"57\":\"<p>Demonware are an Irish software development company specialising in creating networking software and services for computer game development, most notably for the Call of Duty on-line game franchise. The company were acquired by US game publisher Activision Blizzard in 2007 and have offices in Dublin, Vancouver and Shanghai.<\\/p>\\r\\n<p>Due to the complexity of the works and the fact that the offices would remain LIVE through the refurbishment, the project was bid on a 2-stage basis with an open tender process to identify two preferred bidders followed by a post-tender interview process to select their final fitout partner. A large part of the Client Team\\u2019s decision making process also centered on input and commentary from the Contractor into the initial scheme design with recommendations on buildability and value engineering. We were suitably delighted to win out at interview stage and be appointed as Demonware\\u2019s contractor of choice \\u2013 with us on board, planning for their new European HQ officially kicked-off led by international architects, Urban Agency.<\\/p>\\r\\n<p>The scope of works included segregation of the existing floor plate into Live \\/ Under-Construction areas, the complete strip of the demised floor areas, full M&E, IT and A\\/V installation, a bespoke fabricated solution for Meeting Rooms (made from curved glass pods) and Team Huddle Rooms (machined birch faced plywood), full soft & hard flooring, extensive graphics package and the management & supervision of the Client\\u2019s furniture vendors. Of further note was the fact that the project was completed with the Client in full occupation on the 5th Floor of a multi-tenanted building.<\\/p>\\r\\n<p>The finished project is a fabulous addition to our portfolio of works and is a job that we are very proud to have been involved with.<\\/p>\",\"60\":\"<ul><li>Sonica PM<\\/li><li>Full design realisation and co-ordination with International Design Team<\\/li><li>Staff migration & move management<\\/li><li>Full M&E and IT installations<\\/li><li>Turnkey furniture package<\\/li><li>Curved glass huddle rooms<\\/li><li>Birch-faced plywood huddle pods<\\/li><li>Exposed building structure & ceiling<\\/li><li>Corporate signage & brand identity<\\/li><\\/ul>\",\"63\":[\"201\"],\"56\":\"Parnell Street\\r\\nDublin 1\",\"64\":[\"201\",\"200\",\"199\"],\"61\":\"I just want take a breath to let you know how happy we\'ve been so far with how the build is being managed by your Team and with the quality of the work that is being done. Harry, Doug and Ray have been a pleasure to work with throughout these past 14 weeks. What could have been a very stressful experience for us, has turned out to be an education in how a professional renovation should run. Thanks to you and your Team for this.\",\"62\":\"Amy Smith, Business Services Manager, Demonware\",\"58\":\"<ul><li>1,800m2<\\/li><\\/ul>\",\"59\":\"<ul><li>4-week Pre-construction<\\/li><li>14 weeks on-site<\\/li><\\/ul>\"}}', '2018-02-26 12:31:47', '2018-02-26 12:31:47', '112bd80b-050d-4e19-bb76-de58c3bf5418'),
 ('202', '104', '16', '1', 'en_ie', '19', '', '{\"typeId\":\"16\",\"authorId\":\"1\",\"title\":\"Demonware\",\"slug\":\"demonware\",\"postDate\":1518716640,\"expiryDate\":null,\"enabled\":1,\"parentId\":\"\",\"fields\":{\"57\":\"<p>Demonware are an Irish software development company specialising in creating networking software and services for computer game development, most notably for the Call of Duty on-line game franchise. The company were acquired by US game publisher Activision Blizzard in 2007 and have offices in Dublin, Vancouver and Shanghai.<\\/p>\\r\\n<p>Due to the complexity of the works and the fact that the offices would remain LIVE through the refurbishment, the project was bid on a 2-stage basis with an open tender process to identify two preferred bidders followed by a post-tender interview process to select their final fitout partner. A large part of the Client Team\\u2019s decision making process also centered on input and commentary from the Contractor into the initial scheme design with recommendations on buildability and value engineering. We were suitably delighted to win out at interview stage and be appointed as Demonware\\u2019s contractor of choice \\u2013 with us on board, planning for their new European HQ officially kicked-off led by international architects, Urban Agency.<\\/p>\\r\\n<p>The scope of works included segregation of the existing floor plate into Live \\/ Under-Construction areas, the complete strip of the demised floor areas, full M&E, IT and A\\/V installation, a bespoke fabricated solution for Meeting Rooms (made from curved glass pods) and Team Huddle Rooms (machined birch faced plywood), full soft & hard flooring, extensive graphics package and the management & supervision of the Client\\u2019s furniture vendors. Of further note was the fact that the project was completed with the Client in full occupation on the 5th Floor of a multi-tenanted building.<\\/p>\\r\\n<p>The finished project is a fabulous addition to our portfolio of works and is a job that we are very proud to have been involved with.<\\/p>\",\"60\":\"<ul><li>Sonica PM<\\/li><li>Full design realisation and co-ordination with International Design Team<\\/li><li>Staff migration & move management<\\/li><li>Full M&E and IT installations<\\/li><li>Turnkey furniture package<\\/li><li>Curved glass huddle rooms<\\/li><li>Birch-faced plywood huddle pods<\\/li><li>Exposed building structure & ceiling<\\/li><li>Corporate signage & brand identity<\\/li><\\/ul>\",\"63\":[\"201\"],\"56\":\"Parnell Street\\r\\nDublin 1\",\"64\":[\"222\",\"201\",\"200\",\"199\"],\"61\":\"I just want take a breath to let you know how happy we\'ve been so far with how the build is being managed by your Team and with the quality of the work that is being done. Harry, Doug and Ray have been a pleasure to work with throughout these past 14 weeks. What could have been a very stressful experience for us, has turned out to be an education in how a professional renovation should run. Thanks to you and your Team for this.\",\"62\":\"Amy Smith, Business Services Manager, Demonware\",\"58\":\"<ul><li>1,800m2<\\/li><\\/ul>\",\"59\":\"<ul><li>4-week Pre-construction<\\/li><li>14 weeks on-site<\\/li><\\/ul>\"}}', '2018-02-26 12:54:38', '2018-02-26 12:54:38', '52c77233-e351-4b6b-85fd-d80f49f365d2'),
 ('203', '104', '16', '1', 'en_ie', '20', '', '{\"typeId\":\"16\",\"authorId\":\"1\",\"title\":\"Demonware\",\"slug\":\"demonware\",\"postDate\":1518716640,\"expiryDate\":null,\"enabled\":1,\"parentId\":\"\",\"fields\":{\"57\":\"<p>Demonware are an Irish software development company specialising in creating networking software and services for computer game development, most notably for the Call of Duty on-line game franchise. The company were acquired by US game publisher Activision Blizzard in 2007 and have offices in Dublin, Vancouver and Shanghai.<\\/p>\\r\\n<p>Due to the complexity of the works and the fact that the offices would remain LIVE through the refurbishment, the project was bid on a 2-stage basis with an open tender process to identify two preferred bidders followed by a post-tender interview process to select their final fitout partner. A large part of the Client Team\\u2019s decision making process also centered on input and commentary from the Contractor into the initial scheme design with recommendations on buildability and value engineering. We were suitably delighted to win out at interview stage and be appointed as Demonware\\u2019s contractor of choice \\u2013 with us on board, planning for their new European HQ officially kicked-off led by international architects, Urban Agency.<\\/p>\\r\\n<p>The scope of works included segregation of the existing floor plate into Live \\/ Under-Construction areas, the complete strip of the demised floor areas, full M&E, IT and A\\/V installation, a bespoke fabricated solution for Meeting Rooms (made from curved glass pods) and Team Huddle Rooms (machined birch faced plywood), full soft & hard flooring, extensive graphics package and the management & supervision of the Client\\u2019s furniture vendors. Of further note was the fact that the project was completed with the Client in full occupation on the 5th Floor of a multi-tenanted building.<\\/p>\\r\\n<p>The finished project is a fabulous addition to our portfolio of works and is a job that we are very proud to have been involved with.<\\/p>\",\"60\":\"<ul><li>Sonica PM<\\/li><li>Full design realisation and co-ordination with International Design Team<\\/li><li>Staff migration & move management<\\/li><li>Full M&E and IT installations<\\/li><li>Turnkey furniture package<\\/li><li>Curved glass huddle rooms<\\/li><li>Birch-faced plywood huddle pods<\\/li><li>Exposed building structure & ceiling<\\/li><li>Corporate signage & brand identity<\\/li><\\/ul>\",\"63\":[\"201\"],\"56\":\"Parnell Street\\r\\nDublin 1\",\"64\":[\"222\",\"201\",\"200\",\"199\"],\"61\":\"I just want take a breath to let you know how happy we\'ve been so far with how the build is being managed by your Team and with the quality of the work that is being done. Harry, Doug and Ray have been a pleasure to work with throughout these past 14 weeks. What could have been a very stressful experience for us, has turned out to be an education in how a professional renovation should run. Thanks to you and your Team for this.\",\"62\":\"Amy Smith, Business Services Manager, Demonware\",\"58\":\"<ul><li>1,800m2<\\/li><\\/ul>\",\"59\":\"<ul><li>4-week Pre-construction<\\/li><li>14 weeks on-site<\\/li><\\/ul>\"}}', '2018-02-26 12:54:54', '2018-02-26 12:54:54', '10f48653-bd7c-4f9a-91ed-ab21ba1bfe33'),
 ('204', '202', '16', '1', 'en_ie', '3', '', '{\"typeId\":\"16\",\"authorId\":\"1\",\"title\":\"Adobe\",\"slug\":\"adobe\",\"postDate\":1518776280,\"expiryDate\":null,\"enabled\":1,\"parentId\":\"\",\"fields\":{\"57\":\"<p>Adobe Systems Incorporated is the world leading IT platform focused upon the creation of multimedia and creativity software products, best known for Photoshop, Acrobat Reader and the Portable Document Format (PDF). With over 50 Billion Adobe Products opened from 2016, we relished the opportunity to deliver their new colour-strident office space in Dublin\\u2019s Citywest Business Campus.<\\/p>\\r\\n<p>Our mandate was to take an existing vacant floor plate layout and transfigure it into a fully-functional and dynamic office space. The works involved the installation of all new wall partitions, floor finishes, internal decorations, M&E services installations and management of Client direct office furniture, security and AV solutions.<\\/p>\\r\\n<p>The design of the working environment was for a predominantly open plan space to allow for more collaborative interaction and employee connectivity with strategically placed workstations and cellular meeting spaces ensuring that teams retain their structure within the overall environment. &nbsp;Features of the project included a Games room vaulting with animated formations and modern console equipment, a combined spacious and homely Canteen \\/ Breakout area and a series of segmented Board and Meeting rooms grouped within an ostentatious catwalk.<\\/p>\\r\\n<p>The project was delivered in 10 weeks following an accelerated pre-construction and mobilisation period to meet the Clients rigorous occupation date achievement.<\\/p>\",\"60\":\"<ul><li>2-Week Pre-construction<\\/li><li>10 weeks on-site<\\/li><\\/ul>\",\"63\":[\"203\"],\"56\":\"Citywest Business Campus\",\"64\":[\"229\",\"231\",\"232\",\"233\",\"234\",\"235\",\"236\",\"237\",\"238\",\"239\",\"240\",\"241\",\"242\",\"243\",\"244\",\"203\",\"230\"],\"61\":\"\",\"62\":\"\",\"58\":\"<ul><li>900m2<\\/li><\\/ul>\",\"59\":\"<ul><li>Bespoke specialised joinery with numerous unique finishes and materials<\\/li><li>International collaboration with&nbsp;Adobe\\u2019s overseas&nbsp;steering group<\\/li><li>Corporate signage & brand identity<\\/li><li>Management of Client direct vend packages<\\/li><\\/ul>\"}}', '2018-02-26 13:05:51', '2018-02-26 13:05:51', '2bf01d51-ec0f-42f1-b3b1-ed04cb9e5053'),
 ('205', '202', '16', '1', 'en_ie', '4', '', '{\"typeId\":\"16\",\"authorId\":\"1\",\"title\":\"Adobe\",\"slug\":\"adobe\",\"postDate\":1518776280,\"expiryDate\":null,\"enabled\":1,\"parentId\":\"\",\"fields\":{\"57\":\"<p>Adobe Systems Incorporated is the world leading IT platform focused upon the creation of multimedia and creativity software products, best known for Photoshop, Acrobat Reader and the Portable Document Format (PDF). With over 50 Billion Adobe Products opened from 2016, we relished the opportunity to deliver their new colour-strident office space in Dublin\\u2019s Citywest Business Campus.<\\/p>\\r\\n<p>Our mandate was to take an existing vacant floor plate layout and transfigure it into a fully-functional and dynamic office space. The works involved the installation of all new wall partitions, floor finishes, internal decorations, M&E services installations and management of Client direct office furniture, security and AV solutions.<\\/p>\\r\\n<p>The design of the working environment was for a predominantly open plan space to allow for more collaborative interaction and employee connectivity with strategically placed workstations and cellular meeting spaces ensuring that teams retain their structure within the overall environment. &nbsp;Features of the project included a Games room vaulting with animated formations and modern console equipment, a combined spacious and homely Canteen \\/ Breakout area and a series of segmented Board and Meeting rooms grouped within an ostentatious catwalk.<\\/p>\\r\\n<p>The project was delivered in 10 weeks following an accelerated pre-construction and mobilisation period to meet the Clients rigorous occupation date achievement.<\\/p>\",\"60\":\"<ul><li>2-Week Pre-construction<\\/li><li>10 weeks on-site<\\/li><\\/ul>\",\"63\":[\"203\"],\"56\":\"Citywest Business Campus\",\"64\":[\"229\",\"231\",\"232\",\"233\",\"234\",\"235\",\"236\",\"237\",\"238\",\"239\",\"240\",\"241\",\"242\",\"243\",\"244\",\"230\"],\"61\":\"\",\"62\":\"\",\"58\":\"<ul><li>900m2<\\/li><\\/ul>\",\"59\":\"<ul><li>Bespoke specialised joinery with numerous unique finishes and materials<\\/li><li>International collaboration with&nbsp;Adobe\\u2019s overseas&nbsp;steering group<\\/li><li>Corporate signage & brand identity<\\/li><li>Management of Client direct vend packages<\\/li><\\/ul>\"}}', '2018-02-26 13:05:59', '2018-02-26 13:05:59', 'b416acad-b9dc-4c67-8e93-9963911aac97');



DROP TABLE IF EXISTS `craft_fieldgroups`;


--
-- Schema for table `craft_fieldgroups`
--
CREATE TABLE `craft_fieldgroups` (
  `id` int(11) NOT NULL AUTO_INCREMENT,
  `name` varchar(255) COLLATE utf8_unicode_ci NOT NULL,
  `dateCreated` datetime NOT NULL,
  `dateUpdated` datetime NOT NULL,
  `uid` char(36) COLLATE utf8_unicode_ci NOT NULL DEFAULT '0',
  PRIMARY KEY (`id`),
  UNIQUE KEY `craft_fieldgroups_name_unq_idx` (`name`)
) ENGINE=InnoDB AUTO_INCREMENT=13 DEFAULT CHARSET=utf8 COLLATE=utf8_unicode_ci;

--
-- Data for table `craft_fieldgroups`
--

INSERT INTO `craft_fieldgroups` (`id`, `name`, `dateCreated`, `dateUpdated`, `uid`) VALUES
 ('1', 'Default', '2017-10-13 11:04:19', '2017-10-13 11:04:19', '4deac12d-0e28-4b5f-a1ad-b0623260c08e'),
 ('4', 'Globals', '2017-10-13 14:23:15', '2017-10-13 14:23:15', '808ac226-a23a-425c-8387-9b97d78d2b70'),
 ('5', 'Settings', '2017-11-21 22:49:13', '2018-02-25 23:07:30', '50842555-0705-462f-b737-0847c42481c1'),
 ('8', 'Meta', '2017-12-04 23:51:00', '2017-12-04 23:51:00', '0b5c5ae3-2270-4551-a06c-01dd25e6a3e9'),
 ('11', 'Case Study', '2018-02-15 17:30:32', '2018-02-15 17:33:40', '6da29bf1-cd2a-4848-ace7-9ed9f90862bb'),
 ('12', 'Team Member', '2018-02-15 17:33:33', '2018-02-15 17:33:33', '0db3451f-4b08-47eb-9114-55fe9f50fbe1');



DROP TABLE IF EXISTS `craft_fieldlayoutfields`;


--
-- Schema for table `craft_fieldlayoutfields`
--
CREATE TABLE `craft_fieldlayoutfields` (
  `id` int(11) NOT NULL AUTO_INCREMENT,
  `layoutId` int(11) NOT NULL,
  `tabId` int(11) NOT NULL,
  `fieldId` int(11) NOT NULL,
  `required` tinyint(1) unsigned NOT NULL DEFAULT '0',
  `sortOrder` smallint(6) unsigned DEFAULT NULL,
  `dateCreated` datetime NOT NULL,
  `dateUpdated` datetime NOT NULL,
  `uid` char(36) COLLATE utf8_unicode_ci NOT NULL DEFAULT '0',
  PRIMARY KEY (`id`),
  UNIQUE KEY `craft_fieldlayoutfields_layoutId_fieldId_unq_idx` (`layoutId`,`fieldId`),
  KEY `craft_fieldlayoutfields_sortOrder_idx` (`sortOrder`),
  KEY `craft_fieldlayoutfields_tabId_fk` (`tabId`),
  KEY `craft_fieldlayoutfields_fieldId_fk` (`fieldId`)
) ENGINE=InnoDB AUTO_INCREMENT=236 DEFAULT CHARSET=utf8 COLLATE=utf8_unicode_ci;

--
-- Data for table `craft_fieldlayoutfields`
--

INSERT INTO `craft_fieldlayoutfields` (`id`, `layoutId`, `tabId`, `fieldId`, `required`, `sortOrder`, `dateCreated`, `dateUpdated`, `uid`) VALUES
 ('220', '102', '97', '65', '0', '1', '2018-02-15 18:00:20', '2018-02-15 18:00:20', '9ad1af80-b4ef-4a5e-b225-92a841f1ea51'),
 ('221', '102', '97', '70', '0', '2', '2018-02-15 18:00:20', '2018-02-15 18:00:20', 'bf2f34d9-881a-400a-9eb3-266243987dfa'),
 ('222', '102', '97', '66', '0', '3', '2018-02-15 18:00:20', '2018-02-15 18:00:20', '639ae576-1e69-4d24-bba0-b5280ad60521'),
 ('223', '102', '97', '67', '0', '4', '2018-02-15 18:00:20', '2018-02-15 18:00:20', 'e2f62337-ad45-45e9-a3bf-f1845911efea'),
 ('224', '102', '97', '68', '0', '5', '2018-02-15 18:00:20', '2018-02-15 18:00:20', 'd694c238-5207-4337-aef8-f791f8ca3c1c'),
 ('225', '102', '97', '69', '0', '6', '2018-02-15 18:00:20', '2018-02-15 18:00:20', '3999bd9c-5b2b-475c-b6c2-d38c8b6b71d5'),
 ('226', '103', '98', '56', '0', '1', '2018-02-15 18:18:31', '2018-02-15 18:18:31', '2f1e1374-5c7a-4449-ba18-6db684a7f1af'),
 ('227', '103', '98', '63', '0', '2', '2018-02-15 18:18:31', '2018-02-15 18:18:31', '5e7dc174-70ac-4de5-98e0-762084d8f094'),
 ('228', '103', '98', '57', '0', '3', '2018-02-15 18:18:31', '2018-02-15 18:18:31', '199cb056-5645-407a-85e0-63aa6eee2b6a'),
 ('229', '103', '98', '58', '0', '4', '2018-02-15 18:18:31', '2018-02-15 18:18:31', '8014f20b-d114-4105-a870-36cf26c8f2ee'),
 ('230', '103', '98', '60', '0', '5', '2018-02-15 18:18:31', '2018-02-15 18:18:31', 'ad69e554-4c7d-492f-a328-c541e55552ce'),
 ('231', '103', '98', '59', '0', '6', '2018-02-15 18:18:31', '2018-02-15 18:18:31', '00bf992e-bff2-40f1-b4eb-90b9e86d7893'),
 ('232', '103', '98', '64', '0', '7', '2018-02-15 18:18:31', '2018-02-15 18:18:31', 'fd5f51a4-37ff-4fd8-8f20-3ac3c96aa910'),
 ('233', '103', '98', '61', '0', '8', '2018-02-15 18:18:31', '2018-02-15 18:18:31', 'b893001d-12c1-4795-ba47-34a86b33f766'),
 ('234', '103', '98', '62', '0', '9', '2018-02-15 18:18:31', '2018-02-15 18:18:31', '1090c169-a713-4057-8b91-c124b68dae7c'),
 ('235', '105', '99', '72', '0', '1', '2018-02-25 23:09:06', '2018-02-25 23:09:06', 'ae737818-e347-4c6a-a309-72af78d2fe30');



DROP TABLE IF EXISTS `craft_fieldlayouts`;


--
-- Schema for table `craft_fieldlayouts`
--
CREATE TABLE `craft_fieldlayouts` (
  `id` int(11) NOT NULL AUTO_INCREMENT,
  `type` varchar(150) COLLATE utf8_unicode_ci NOT NULL,
  `dateCreated` datetime NOT NULL,
  `dateUpdated` datetime NOT NULL,
  `uid` char(36) COLLATE utf8_unicode_ci NOT NULL DEFAULT '0',
  PRIMARY KEY (`id`),
  KEY `craft_fieldlayouts_type_idx` (`type`)
) ENGINE=InnoDB AUTO_INCREMENT=108 DEFAULT CHARSET=utf8 COLLATE=utf8_unicode_ci;

--
-- Data for table `craft_fieldlayouts`
--

INSERT INTO `craft_fieldlayouts` (`id`, `type`, `dateCreated`, `dateUpdated`, `uid`) VALUES
 ('1', 'Tag', '2017-10-13 11:04:19', '2017-10-13 11:04:19', 'e20fdef2-b394-4325-b57f-716746b9f18c'),
 ('19', 'GlobalSet', '2017-10-13 14:28:05', '2017-10-13 14:28:05', '24364809-6b95-4374-95c8-e93fe467011d'),
 ('56', 'Asset', '2017-11-28 17:27:41', '2017-11-28 17:27:41', 'd86823a4-adba-4ccf-a618-640f51d6ea73'),
 ('57', 'Asset', '2017-11-28 17:27:45', '2017-11-28 17:27:45', 'c62bdcae-b5ac-4f14-b6d1-a8aee2382c85'),
 ('100', 'Asset', '2018-02-15 17:42:10', '2018-02-15 17:42:10', '151f44c1-07a4-4de0-899a-ef0ab63c20b4'),
 ('101', 'Asset', '2018-02-15 17:43:15', '2018-02-15 17:43:15', 'e431c6f0-1c40-47b5-803d-4f9c16eb7329'),
 ('102', 'Entry', '2018-02-15 18:00:20', '2018-02-15 18:00:20', 'a0df3063-9ce6-4094-8e2a-a4ff21b11e85'),
 ('103', 'Entry', '2018-02-15 18:18:31', '2018-02-15 18:18:31', 'c281ce02-441d-4c33-a451-2dc3a9ae1d64'),
 ('105', 'Entry', '2018-02-25 23:09:06', '2018-02-25 23:09:06', '14674de4-ec97-46f0-9365-c317c20eb646'),
 ('107', 'Asset', '2018-02-26 13:01:13', '2018-02-26 13:01:13', 'b5d85500-8af7-4e1b-80a9-d965203ad05a');



DROP TABLE IF EXISTS `craft_fieldlayouttabs`;


--
-- Schema for table `craft_fieldlayouttabs`
--
CREATE TABLE `craft_fieldlayouttabs` (
  `id` int(11) NOT NULL AUTO_INCREMENT,
  `layoutId` int(11) NOT NULL,
  `name` varchar(255) COLLATE utf8_unicode_ci NOT NULL,
  `sortOrder` smallint(6) unsigned DEFAULT NULL,
  `dateCreated` datetime NOT NULL,
  `dateUpdated` datetime NOT NULL,
  `uid` char(36) COLLATE utf8_unicode_ci NOT NULL DEFAULT '0',
  PRIMARY KEY (`id`),
  KEY `craft_fieldlayouttabs_sortOrder_idx` (`sortOrder`),
  KEY `craft_fieldlayouttabs_layoutId_fk` (`layoutId`)
) ENGINE=InnoDB AUTO_INCREMENT=100 DEFAULT CHARSET=utf8 COLLATE=utf8_unicode_ci;

--
-- Data for table `craft_fieldlayouttabs`
--

INSERT INTO `craft_fieldlayouttabs` (`id`, `layoutId`, `name`, `sortOrder`, `dateCreated`, `dateUpdated`, `uid`) VALUES
 ('17', '19', 'Content', '1', '2017-10-13 14:28:05', '2017-10-13 14:28:05', 'cb882fb6-76e5-4cd4-bf64-8078995ea9cb'),
 ('97', '102', 'Team Member', '1', '2018-02-15 18:00:20', '2018-02-15 18:00:20', 'b40a95e3-007d-4825-9e58-4a6a662e8240'),
 ('98', '103', 'Case Study', '1', '2018-02-15 18:18:31', '2018-02-15 18:18:31', '4581fa34-4a26-42ca-8c59-1201d41123c4'),
 ('99', '105', 'Settings', '1', '2018-02-25 23:09:06', '2018-02-25 23:09:06', 'd1f64100-23e2-4859-894f-d4dbdadf2e46');



DROP TABLE IF EXISTS `craft_fields`;


--
-- Schema for table `craft_fields`
--
CREATE TABLE `craft_fields` (
  `id` int(11) NOT NULL AUTO_INCREMENT,
  `groupId` int(11) DEFAULT NULL,
  `name` varchar(255) COLLATE utf8_unicode_ci NOT NULL,
  `handle` varchar(58) COLLATE utf8_unicode_ci NOT NULL,
  `context` varchar(255) COLLATE utf8_unicode_ci NOT NULL DEFAULT 'global',
  `instructions` text COLLATE utf8_unicode_ci,
  `translatable` tinyint(1) unsigned NOT NULL DEFAULT '0',
  `type` varchar(150) COLLATE utf8_unicode_ci NOT NULL,
  `settings` text COLLATE utf8_unicode_ci,
  `dateCreated` datetime NOT NULL,
  `dateUpdated` datetime NOT NULL,
  `uid` char(36) COLLATE utf8_unicode_ci NOT NULL DEFAULT '0',
  PRIMARY KEY (`id`),
  UNIQUE KEY `craft_fields_handle_context_unq_idx` (`handle`,`context`),
  KEY `craft_fields_context_idx` (`context`),
  KEY `craft_fields_groupId_fk` (`groupId`)
) ENGINE=InnoDB AUTO_INCREMENT=73 DEFAULT CHARSET=utf8 COLLATE=utf8_unicode_ci;

--
-- Data for table `craft_fields`
--

INSERT INTO `craft_fields` (`id`, `groupId`, `name`, `handle`, `context`, `instructions`, `translatable`, `type`, `settings`, `dateCreated`, `dateUpdated`, `uid`) VALUES
 ('55', '8', 'Meta', 'meta', 'global', '', '0', 'Seomatic_Meta', '{\"assetSources\":\"*\",\"seoMainEntityCategory\":\"CreativeWork\",\"seoMainEntityOfPage\":\"WebPage\",\"seoTitleSource\":\"field\",\"seoTitleSourceField\":\"title\",\"seoTitle\":\"\",\"seoTitleSourceChangeable\":\"1\",\"seoDescriptionSource\":\"custom\",\"seoDescriptionSourceField\":\"title\",\"seoDescription\":\"\",\"seoDescriptionSourceChangeable\":\"1\",\"seoKeywordsSource\":\"custom\",\"seoKeywordsSourceField\":\"title\",\"seoKeywords\":\"\",\"seoKeywordsSourceChangeable\":\"1\",\"seoImageIdSource\":\"custom\",\"seoImageIdSourceChangeable\":\"1\",\"seoImageTransform\":\"\",\"twitterCardType\":\"\",\"twitterCardTypeChangeable\":\"1\",\"seoTwitterImageIdSource\":\"custom\",\"seoTwitterImageIdSourceChangeable\":\"1\",\"seoTwitterImageTransform\":\"\",\"openGraphType\":\"\",\"openGraphTypeChangeable\":\"1\",\"seoFacebookImageIdSource\":\"custom\",\"seoFacebookImageIdSourceChangeable\":\"1\",\"seoFacebookImageTransform\":\"\",\"robots\":\"\",\"robotsChangeable\":\"1\"}', '2018-02-15 17:27:54', '2018-02-15 17:27:54', '342a0d64-17a0-4413-970e-9a0eebc4ca7f'),
 ('56', '11', 'Location', 'location', 'global', '', '0', 'PlainText', '{\"placeholder\":\"\",\"maxLength\":\"\",\"multiline\":\"1\",\"initialRows\":\"4\"}', '2018-02-15 17:30:48', '2018-02-15 17:31:31', '7b332ed4-7ba6-4330-a596-b4071fe61a0a'),
 ('57', '11', 'Details', 'details', 'global', '', '0', 'RichText', '{\"configFile\":\"Standard.json\",\"availableAssetSources\":\"*\",\"availableTransforms\":\"*\",\"cleanupHtml\":\"1\",\"purifyHtml\":\"1\",\"purifierConfig\":\"\",\"columnType\":\"text\"}', '2018-02-15 17:30:58', '2018-02-15 18:05:31', '90bdd192-bae4-4561-a4e6-c290d6ba55b2'),
 ('58', '11', 'Size', 'size', 'global', '', '0', 'RichText', '{\"configFile\":\"Standard.json\",\"availableAssetSources\":\"*\",\"availableTransforms\":\"*\",\"cleanupHtml\":\"1\",\"purifyHtml\":\"1\",\"purifierConfig\":\"\",\"columnType\":\"text\"}', '2018-02-15 17:31:03', '2018-02-15 18:06:40', '2989cc12-e4df-46ba-8b16-93b88ad4a089'),
 ('59', '11', 'Timescale', 'timescale', 'global', '', '0', 'RichText', '{\"configFile\":\"Standard.json\",\"availableAssetSources\":\"*\",\"availableTransforms\":\"*\",\"cleanupHtml\":\"1\",\"purifyHtml\":\"1\",\"purifierConfig\":\"\",\"columnType\":\"text\"}', '2018-02-15 17:31:17', '2018-02-15 18:06:25', '0e47c96d-391a-497b-bee7-23365082e9e3'),
 ('60', '11', 'Features', 'features', 'global', '', '0', 'RichText', '{\"configFile\":\"Standard.json\",\"availableAssetSources\":\"*\",\"availableTransforms\":\"*\",\"cleanupHtml\":\"1\",\"purifyHtml\":\"1\",\"purifierConfig\":\"\",\"columnType\":\"text\"}', '2018-02-15 17:31:46', '2018-02-15 18:06:18', '0d939a5e-9ed3-40d0-bd0c-97ee5eed1626'),
 ('61', '11', 'Quote', 'quote', 'global', '', '0', 'PlainText', '{\"placeholder\":\"\",\"maxLength\":\"\",\"multiline\":\"1\",\"initialRows\":\"4\"}', '2018-02-15 17:32:01', '2018-02-15 17:32:01', 'fc3a7c13-bba6-4f25-8cb5-e6af2e954bdb'),
 ('62', '11', 'Quote Attribution', 'quoteAttribution', 'global', '', '0', 'PlainText', '{\"placeholder\":\"\",\"maxLength\":\"\",\"multiline\":\"1\",\"initialRows\":\"4\"}', '2018-02-15 17:32:15', '2018-02-15 17:32:15', 'd82e6aac-7a5d-406f-bc5f-be76a89e498b'),
 ('63', '11', 'Lead Image', 'leadImage', 'global', '', '0', 'Assets', '{\"useSingleFolder\":\"\",\"sources\":[\"folder:1\"],\"defaultUploadLocationSource\":\"1\",\"defaultUploadLocationSubpath\":\"\",\"singleUploadLocationSource\":\"1\",\"singleUploadLocationSubpath\":\"\",\"restrictFiles\":\"\",\"limit\":\"1\",\"viewMode\":\"large\",\"selectionLabel\":\"\"}', '2018-02-15 17:32:44', '2018-02-15 17:32:44', '8cf9ff58-0380-409e-ac64-9ce35640dbca'),
 ('64', '11', 'Project Images', 'projectImages', 'global', '', '0', 'Assets', '{\"useSingleFolder\":\"\",\"sources\":[\"folder:1\"],\"defaultUploadLocationSource\":\"1\",\"defaultUploadLocationSubpath\":\"\",\"singleUploadLocationSource\":\"1\",\"singleUploadLocationSubpath\":\"\",\"restrictFiles\":\"\",\"limit\":\"\",\"viewMode\":\"large\",\"selectionLabel\":\"\"}', '2018-02-15 17:33:04', '2018-02-15 17:33:04', '142dbcd7-d846-4c18-ac28-5dc145971b92'),
 ('65', '12', 'Role', 'role', 'global', '', '0', 'PlainText', '{\"placeholder\":\"\",\"maxLength\":\"\",\"multiline\":\"1\",\"initialRows\":\"4\"}', '2018-02-15 17:34:03', '2018-02-15 17:34:03', '2b6db7ce-8142-4d88-beaf-6affd1bddda2'),
 ('66', '12', 'My Job', 'myJob', 'global', '', '0', 'RichText', '{\"configFile\":\"Simple.json\",\"availableAssetSources\":\"*\",\"availableTransforms\":\"*\",\"cleanupHtml\":\"1\",\"purifyHtml\":\"1\",\"purifierConfig\":\"\",\"columnType\":\"text\"}', '2018-02-15 17:34:11', '2018-02-15 18:01:33', '4792296d-bca4-433f-aa31-fdb87a526c41'),
 ('67', '12', 'Why Sonica', 'whySonica', 'global', '', '0', 'RichText', '{\"configFile\":\"Simple.json\",\"availableAssetSources\":\"*\",\"availableTransforms\":\"*\",\"cleanupHtml\":\"1\",\"purifyHtml\":\"1\",\"purifierConfig\":\"\",\"columnType\":\"text\"}', '2018-02-15 17:34:20', '2018-02-15 18:04:23', '55db44a5-e70b-426b-a9b1-d54abe55786a'),
 ('68', '12', 'What I Love Doing', 'whatILoveDoing', 'global', '', '0', 'RichText', '{\"configFile\":\"Simple.json\",\"availableAssetSources\":\"*\",\"availableTransforms\":\"*\",\"cleanupHtml\":\"1\",\"purifyHtml\":\"1\",\"purifierConfig\":\"\",\"columnType\":\"text\"}', '2018-02-15 17:34:29', '2018-02-15 18:04:15', '00cc441d-a27f-423f-ab5b-70ea03a9053f'),
 ('69', '12', 'Email', 'email', 'global', '', '0', 'PlainText', '{\"placeholder\":\"\",\"maxLength\":\"\",\"multiline\":\"1\",\"initialRows\":\"4\"}', '2018-02-15 17:34:37', '2018-02-15 17:34:37', '6b078c8f-a202-42bb-9db7-c8ba0f41b97e'),
 ('70', '12', 'Portrait Image', 'portraitImage', 'global', '', '0', 'Assets', '{\"useSingleFolder\":\"\",\"sources\":[\"folder:4\"],\"defaultUploadLocationSource\":\"4\",\"defaultUploadLocationSubpath\":\"\",\"singleUploadLocationSource\":\"1\",\"singleUploadLocationSubpath\":\"\",\"restrictFiles\":\"\",\"limit\":\"\",\"viewMode\":\"large\",\"selectionLabel\":\"\"}', '2018-02-15 17:34:56', '2018-02-15 17:53:59', 'ec24a24a-b3a8-434d-8619-e49a50583a63'),
 ('71', '12', 'Full Image', 'fullImage', 'global', '', '0', 'Assets', '{\"useSingleFolder\":\"\",\"sources\":[\"folder:4\"],\"defaultUploadLocationSource\":\"4\",\"defaultUploadLocationSubpath\":\"\",\"singleUploadLocationSource\":\"1\",\"singleUploadLocationSubpath\":\"\",\"restrictFiles\":\"\",\"limit\":\"\",\"viewMode\":\"large\",\"selectionLabel\":\"\"}', '2018-02-15 17:35:22', '2018-02-15 17:54:03', '40a614e6-1438-4887-96e9-8aae4165a6b8'),
 ('72', '5', 'Projects Completed', 'projectsCompleted', 'global', '', '0', 'Table', '{\"columns\":{\"col1\":{\"heading\":\"Project Name\",\"handle\":\"projectName\",\"width\":\"\",\"type\":\"singleline\"}},\"defaults\":{\"row1\":{\"col1\":\"\"}}}', '2018-02-25 23:08:28', '2018-02-25 23:08:28', '28d7835b-d481-40eb-a587-a72a8866f244');



DROP TABLE IF EXISTS `craft_globalsets`;


--
-- Schema for table `craft_globalsets`
--
CREATE TABLE `craft_globalsets` (
  `id` int(11) NOT NULL,
  `name` varchar(255) COLLATE utf8_unicode_ci NOT NULL,
  `handle` varchar(255) COLLATE utf8_unicode_ci NOT NULL,
  `fieldLayoutId` int(10) DEFAULT NULL,
  `dateCreated` datetime NOT NULL,
  `dateUpdated` datetime NOT NULL,
  `uid` char(36) COLLATE utf8_unicode_ci NOT NULL DEFAULT '0',
  PRIMARY KEY (`id`),
  UNIQUE KEY `craft_globalsets_name_unq_idx` (`name`),
  UNIQUE KEY `craft_globalsets_handle_unq_idx` (`handle`),
  KEY `craft_globalsets_fieldLayoutId_fk` (`fieldLayoutId`)
) ENGINE=InnoDB DEFAULT CHARSET=utf8 COLLATE=utf8_unicode_ci;

--
-- Data for table `craft_globalsets`
--

INSERT INTO `craft_globalsets` (`id`, `name`, `handle`, `fieldLayoutId`, `dateCreated`, `dateUpdated`, `uid`) VALUES
 ('9', 'Contact Details', 'contactDetails', '19', '2017-10-13 14:23:03', '2017-10-13 14:28:05', 'd8d38d0a-4030-461c-bfef-fca7b7d58520');



DROP TABLE IF EXISTS `craft_imagecolors`;


--
-- Schema for table `craft_imagecolors`
--
CREATE TABLE `craft_imagecolors` (
  `id` int(11) NOT NULL AUTO_INCREMENT,
  `imageId` int(10) NOT NULL,
  `color` varchar(255) COLLATE utf8_unicode_ci NOT NULL,
  `dateCreated` datetime NOT NULL,
  `dateUpdated` datetime NOT NULL,
  `uid` char(36) COLLATE utf8_unicode_ci NOT NULL DEFAULT '0',
  PRIMARY KEY (`id`)
) ENGINE=InnoDB AUTO_INCREMENT=6 DEFAULT CHARSET=utf8 COLLATE=utf8_unicode_ci;

--
-- Data for table `craft_imagecolors`
--

INSERT INTO `craft_imagecolors` (`id`, `imageId`, `color`, `dateCreated`, `dateUpdated`, `uid`) VALUES
 ('1', '201', '#a0a0c0', '2018-02-26 12:49:39', '2018-02-26 12:49:39', 'fdd0935c-4a9b-4751-9e28-55a1fa71b92b'),
 ('2', '201', '#000000', '2018-02-26 12:49:39', '2018-02-26 12:49:39', '835c512b-7840-46c0-93c2-2d3179ff3d98'),
 ('3', '201', '#202020', '2018-02-26 12:49:39', '2018-02-26 12:49:39', '5b75aa1c-3c6b-40fb-b17a-3e854f223e30'),
 ('4', '201', '#a0c0c0', '2018-02-26 12:49:39', '2018-02-26 12:49:39', '2cc780d7-f9a7-4d4c-be22-da996d816aaf'),
 ('5', '201', '#8080a0', '2018-02-26 12:49:39', '2018-02-26 12:49:39', '684f9c30-47db-46e1-aa21-d94f48dded8c');



DROP TABLE IF EXISTS `craft_import_entries`;


--
-- Schema for table `craft_import_entries`
--
CREATE TABLE `craft_import_entries` (
  `id` int(11) NOT NULL AUTO_INCREMENT,
  `historyId` int(11) DEFAULT NULL,
  `entryId` int(11) DEFAULT NULL,
  `versionId` int(11) DEFAULT NULL,
  `dateCreated` datetime NOT NULL,
  `dateUpdated` datetime NOT NULL,
  `uid` char(36) COLLATE utf8_unicode_ci NOT NULL DEFAULT '0',
  PRIMARY KEY (`id`),
  KEY `craft_import_entries_historyId_fk` (`historyId`),
  KEY `craft_import_entries_entryId_fk` (`entryId`),
  KEY `craft_import_entries_versionId_fk` (`versionId`)
) ENGINE=InnoDB AUTO_INCREMENT=59 DEFAULT CHARSET=utf8 COLLATE=utf8_unicode_ci;

--
-- Data for table `craft_import_entries`
--

INSERT INTO `craft_import_entries` (`id`, `historyId`, `entryId`, `versionId`, `dateCreated`, `dateUpdated`, `uid`) VALUES
 ('1', '1', '102', NULL, '2018-02-15 17:44:20', '2018-02-15 17:44:20', '282877a2-e690-4cd5-8f01-0c7f5627b0ad'),
 ('2', '1', '103', NULL, '2018-02-15 17:44:20', '2018-02-15 17:44:20', '7a3c76fa-29c4-4614-a2e8-019d08f8561e'),
 ('3', '1', '104', NULL, '2018-02-15 17:44:20', '2018-02-15 17:44:20', '55e5148e-7ff9-4283-9786-c7f53c0bea76'),
 ('4', '1', '105', NULL, '2018-02-15 17:44:20', '2018-02-15 17:44:20', '2a80e041-55d7-4df7-a0a3-e78646c2f279'),
 ('5', '1', '106', NULL, '2018-02-15 17:44:20', '2018-02-15 17:44:20', 'ce24c6aa-83a5-4011-9e52-ee292c90b089'),
 ('6', '1', '107', NULL, '2018-02-15 17:44:20', '2018-02-15 17:44:20', 'cb88c543-bf2f-47a9-ad5b-88b9e16c1fe2'),
 ('7', '1', '108', NULL, '2018-02-15 17:44:20', '2018-02-15 17:44:20', '5f45fdf5-e4dd-495a-a6e1-8deab3205ef6'),
 ('8', '1', '109', NULL, '2018-02-15 17:44:20', '2018-02-15 17:44:20', '65b01840-cfb7-44f7-8e18-f704fff1c5ce'),
 ('9', '1', '110', NULL, '2018-02-15 17:44:21', '2018-02-15 17:44:21', '8df767e7-8155-4c66-a4e5-2f5db1cfe527'),
 ('10', '1', '111', NULL, '2018-02-15 17:44:21', '2018-02-15 17:44:21', 'e825e561-5616-47a0-b928-de46fd745490'),
 ('11', '1', '112', NULL, '2018-02-15 17:44:21', '2018-02-15 17:44:21', 'bf733ccf-3889-4fb2-b621-550435a0914a'),
 ('12', '1', '113', NULL, '2018-02-15 17:44:21', '2018-02-15 17:44:21', '6cc23152-58d9-4110-83e1-033288e5b00b'),
 ('13', '1', '114', NULL, '2018-02-15 17:44:21', '2018-02-15 17:44:21', 'a008c55f-0f23-46d9-b13e-4e2e8c925fb0'),
 ('14', '1', '115', NULL, '2018-02-15 17:44:21', '2018-02-15 17:44:21', '1b90e5d9-8a12-495f-a80c-223567931fb2'),
 ('15', '1', '116', NULL, '2018-02-15 17:44:21', '2018-02-15 17:44:21', '110e9806-2b90-4949-88bc-4349c64bc8ca'),
 ('16', '1', '117', NULL, '2018-02-15 17:44:21', '2018-02-15 17:44:21', 'b701e750-a60b-4429-82c3-674e59f49bde'),
 ('17', '1', '118', NULL, '2018-02-15 17:44:21', '2018-02-15 17:44:21', 'd50cc634-f52d-46a8-b31d-c5cafdee2420'),
 ('18', '1', '119', NULL, '2018-02-15 17:44:21', '2018-02-15 17:44:21', 'bfa80812-a526-473d-bed1-7f1dcf86b14d'),
 ('19', '1', '120', NULL, '2018-02-15 17:44:21', '2018-02-15 17:44:21', 'd19ffef5-bf06-4c12-8846-2264ed185314'),
 ('20', '1', '121', NULL, '2018-02-15 17:44:21', '2018-02-15 17:44:21', '2782959a-9a45-46f3-997d-30ccc7bbc6e0'),
 ('21', '1', '122', NULL, '2018-02-15 17:44:21', '2018-02-15 17:44:21', '07a9c282-e58f-4159-b1ee-4b390f6938c0'),
 ('22', '1', '123', NULL, '2018-02-15 17:44:21', '2018-02-15 17:44:21', 'bd253176-2c30-4f19-810f-179853fe0b58'),
 ('23', '1', '124', NULL, '2018-02-15 17:44:22', '2018-02-15 17:44:22', 'a456fdb9-8724-48c9-b347-312eddc2231b'),
 ('24', '1', '125', NULL, '2018-02-15 17:44:22', '2018-02-15 17:44:22', '7745629d-d33f-4b6d-abe6-48f70b5a5db2'),
 ('25', '1', '126', NULL, '2018-02-15 17:44:22', '2018-02-15 17:44:22', '30b6ac02-f421-4dc6-be80-8eaf57a9bb64'),
 ('26', '1', '127', NULL, '2018-02-15 17:44:22', '2018-02-15 17:44:22', '57002995-93a4-4aad-868e-57f1d8eac2cd'),
 ('27', '1', '128', NULL, '2018-02-15 17:44:22', '2018-02-15 17:44:22', '334e07d3-ed28-4294-a8bc-030a46cbe7f7'),
 ('28', '1', '129', NULL, '2018-02-15 17:44:22', '2018-02-15 17:44:22', 'cbabcf6c-8e7d-49eb-a018-d512a85c5696'),
 ('29', '1', '130', NULL, '2018-02-15 17:44:22', '2018-02-15 17:44:22', '704b5f73-3189-497e-8e1e-5feb3328f662'),
 ('30', '1', '131', NULL, '2018-02-15 17:44:22', '2018-02-15 17:44:22', '7e6cfbeb-0a1f-494a-bf99-251646b5320a'),
 ('31', '1', '132', NULL, '2018-02-15 17:44:22', '2018-02-15 17:44:22', '254d31e4-41a1-401f-bfe3-6c5461970c9f'),
 ('32', '1', '133', NULL, '2018-02-15 17:44:22', '2018-02-15 17:44:22', '559e564c-9162-4e36-b736-b3e769e079d9'),
 ('33', '1', '134', NULL, '2018-02-15 17:44:22', '2018-02-15 17:44:22', '9c60b8d9-738f-45e1-81ad-5f85e15d763c'),
 ('34', '1', '135', NULL, '2018-02-15 17:44:22', '2018-02-15 17:44:22', '96938d86-6a55-4ea9-aad7-3eb0a2e8aa58'),
 ('35', '1', '136', NULL, '2018-02-15 17:44:22', '2018-02-15 17:44:22', '1b2068b2-2b48-4b6d-af6b-1a943fc08e71'),
 ('36', '1', '137', NULL, '2018-02-15 17:44:23', '2018-02-15 17:44:23', '46c09746-c3c1-4c1e-9e61-0ccb7649bd0f'),
 ('37', '1', '138', NULL, '2018-02-15 17:44:23', '2018-02-15 17:44:23', 'af827790-cb9e-4dfc-894a-2aa63fc3aae3'),
 ('38', '1', '139', NULL, '2018-02-15 17:44:23', '2018-02-15 17:44:23', 'c633147d-a924-4714-9c73-a889e8d874d6'),
 ('39', '1', '140', NULL, '2018-02-15 17:44:23', '2018-02-15 17:44:23', '653449e1-a46b-481e-989b-b9a1cd82802f'),
 ('40', '1', '141', NULL, '2018-02-15 17:44:23', '2018-02-15 17:44:23', '29591631-8abc-49bd-acdd-72c27244c346'),
 ('41', '2', '143', NULL, '2018-02-15 17:45:29', '2018-02-15 17:45:29', 'd6696084-3024-44a9-82cc-aede65f204f8'),
 ('42', '2', '144', NULL, '2018-02-15 17:45:29', '2018-02-15 17:45:29', 'e665c3db-7edd-485a-988e-57228dec39d7'),
 ('43', '2', '145', NULL, '2018-02-15 17:45:29', '2018-02-15 17:45:29', '2a1d3f97-e71c-4578-aa28-bd880ed11037'),
 ('44', '2', '146', NULL, '2018-02-15 17:45:29', '2018-02-15 17:45:29', 'cf9f09d3-75bb-4b43-9fc1-fd18ccac372a'),
 ('45', '2', '147', NULL, '2018-02-15 17:45:29', '2018-02-15 17:45:29', '55a7e605-ca13-4fa6-b60a-8aa7b5cb7350'),
 ('46', '2', '148', NULL, '2018-02-15 17:45:29', '2018-02-15 17:45:29', '05f99b08-a3e1-4b42-9566-e621cb289168'),
 ('47', '2', '149', NULL, '2018-02-15 17:45:29', '2018-02-15 17:45:29', '63030d32-c855-4f9b-956a-544c372c77c5'),
 ('48', '2', '150', NULL, '2018-02-15 17:45:29', '2018-02-15 17:45:29', '5793209e-eb8a-4341-a7ff-7776a86ca393'),
 ('49', '2', '151', NULL, '2018-02-15 17:45:29', '2018-02-15 17:45:29', '54e31dda-1ac0-4374-922b-ee6917d9fae2'),
 ('50', '2', '152', NULL, '2018-02-15 17:45:29', '2018-02-15 17:45:29', 'c7bcfe91-4fca-43bb-accf-35362dae6d49'),
 ('51', '2', '153', NULL, '2018-02-15 17:45:29', '2018-02-15 17:45:29', '0b8b68d5-03fa-4006-a071-ae83d8392bbe'),
 ('52', '2', '154', NULL, '2018-02-15 17:45:29', '2018-02-15 17:45:29', '1d2c3a88-a8ca-4705-b508-5bc65c2e7bfb'),
 ('53', '2', '155', NULL, '2018-02-15 17:45:29', '2018-02-15 17:45:29', 'c249aca8-3f83-4a63-bb3f-e3545eb30e8b'),
 ('54', '2', '156', NULL, '2018-02-15 17:45:29', '2018-02-15 17:45:29', '7cd3190b-e0d5-4b6e-b501-1c5d1926c1eb'),
 ('55', '2', '157', NULL, '2018-02-15 17:45:30', '2018-02-15 17:45:30', '993a8adc-4266-4c8c-be81-c87beee72f23'),
 ('56', '2', '158', NULL, '2018-02-15 17:45:30', '2018-02-15 17:45:30', '4ab25269-a023-4208-a614-11fe122d0875'),
 ('57', '2', '159', NULL, '2018-02-15 17:45:30', '2018-02-15 17:45:30', 'aafcf90a-d5d9-45a1-8048-9c7effba83f4'),
 ('58', '2', '160', NULL, '2018-02-15 17:45:30', '2018-02-15 17:45:30', 'cad97ae4-c6eb-4682-b5e2-a0d89416cdc2');



DROP TABLE IF EXISTS `craft_import_history`;


--
-- Schema for table `craft_import_history`
--
CREATE TABLE `craft_import_history` (
  `id` int(11) NOT NULL AUTO_INCREMENT,
  `userId` int(11) DEFAULT NULL,
  `type` varchar(255) COLLATE utf8_unicode_ci DEFAULT NULL,
  `file` varchar(255) COLLATE utf8_unicode_ci DEFAULT NULL,
  `rows` int(10) DEFAULT NULL,
  `behavior` enum('append','replace','delete') COLLATE utf8_unicode_ci DEFAULT NULL,
  `status` enum('started','finished','reverted') COLLATE utf8_unicode_ci DEFAULT NULL,
  `dateCreated` datetime NOT NULL,
  `dateUpdated` datetime NOT NULL,
  `uid` char(36) COLLATE utf8_unicode_ci NOT NULL DEFAULT '0',
  PRIMARY KEY (`id`),
  KEY `craft_import_history_userId_fk` (`userId`)
) ENGINE=InnoDB AUTO_INCREMENT=3 DEFAULT CHARSET=utf8 COLLATE=utf8_unicode_ci;

--
-- Data for table `craft_import_history`
--

INSERT INTO `craft_import_history` (`id`, `userId`, `type`, `file`, `rows`, `behavior`, `status`, `dateCreated`, `dateUpdated`, `uid`) VALUES
 ('1', '1', 'Entry', '101', '40', 'append', 'finished', '2018-02-15 17:44:19', '2018-02-15 17:44:23', '8e2844d7-1467-4ddf-ad82-8a70821b3f2a'),
 ('2', '1', 'Entry', '142', '26', 'append', 'finished', '2018-02-15 17:45:28', '2018-02-15 17:45:30', 'ff2453f7-7425-42d4-acf1-8c4f4c1d6bad');



DROP TABLE IF EXISTS `craft_import_log`;


--
-- Schema for table `craft_import_log`
--
CREATE TABLE `craft_import_log` (
  `id` int(11) NOT NULL AUTO_INCREMENT,
  `historyId` int(11) DEFAULT NULL,
  `line` int(10) DEFAULT NULL,
  `errors` text COLLATE utf8_unicode_ci,
  `dateCreated` datetime NOT NULL,
  `dateUpdated` datetime NOT NULL,
  `uid` char(36) COLLATE utf8_unicode_ci NOT NULL DEFAULT '0',
  PRIMARY KEY (`id`),
  KEY `craft_import_log_historyId_fk` (`historyId`)
) ENGINE=InnoDB AUTO_INCREMENT=9 DEFAULT CHARSET=utf8 COLLATE=utf8_unicode_ci;

--
-- Data for table `craft_import_log`
--

INSERT INTO `craft_import_log` (`id`, `historyId`, `line`, `errors`, `dateCreated`, `dateUpdated`, `uid`) VALUES
 ('1', '2', '20', '{\"title\":[\"Title cannot be blank.\"]}', '2018-02-15 17:45:30', '2018-02-15 17:45:30', 'dd9f3bf8-d88e-472d-94e3-e10e862374b8'),
 ('2', '2', '21', '{\"title\":[\"Title cannot be blank.\"]}', '2018-02-15 17:45:30', '2018-02-15 17:45:30', '61b6760e-f35e-4ac9-a01f-605775c37f1f'),
 ('3', '2', '22', '{\"title\":[\"Title cannot be blank.\"]}', '2018-02-15 17:45:30', '2018-02-15 17:45:30', 'ce9e589c-550b-47b4-a4a8-89c6848675e3'),
 ('4', '2', '23', '{\"title\":[\"Title cannot be blank.\"]}', '2018-02-15 17:45:30', '2018-02-15 17:45:30', 'd1fae1e2-2e7e-4d21-8915-c2d1211e3ab9'),
 ('5', '2', '24', '{\"title\":[\"Title cannot be blank.\"]}', '2018-02-15 17:45:30', '2018-02-15 17:45:30', 'f6445e9c-be20-4093-aee4-c2837237feb6'),
 ('6', '2', '25', '{\"title\":[\"Title cannot be blank.\"]}', '2018-02-15 17:45:30', '2018-02-15 17:45:30', '81e58b4a-e0f5-46ab-8930-d7e08938b56b'),
 ('7', '2', '26', '{\"title\":[\"Title cannot be blank.\"]}', '2018-02-15 17:45:30', '2018-02-15 17:45:30', '0db6b00e-f491-403f-9432-e28266c33d53'),
 ('8', '2', '27', '{\"title\":[\"Title cannot be blank.\"]}', '2018-02-15 17:45:30', '2018-02-15 17:45:30', '2d36d1e0-9c28-4e56-8b6f-86f9355b31c4');



DROP TABLE IF EXISTS `craft_info`;


--
-- Schema for table `craft_info`
--
CREATE TABLE `craft_info` (
  `id` int(11) NOT NULL AUTO_INCREMENT,
  `version` varchar(50) COLLATE utf8_unicode_ci NOT NULL,
  `schemaVersion` varchar(15) COLLATE utf8_unicode_ci NOT NULL,
  `edition` tinyint(1) unsigned NOT NULL DEFAULT '0',
  `siteName` varchar(100) COLLATE utf8_unicode_ci NOT NULL,
  `siteUrl` varchar(255) COLLATE utf8_unicode_ci NOT NULL,
  `timezone` varchar(30) COLLATE utf8_unicode_ci DEFAULT NULL,
  `on` tinyint(1) unsigned NOT NULL DEFAULT '0',
  `maintenance` tinyint(1) unsigned NOT NULL DEFAULT '0',
  `dateCreated` datetime NOT NULL,
  `dateUpdated` datetime NOT NULL,
  `uid` char(36) COLLATE utf8_unicode_ci NOT NULL DEFAULT '0',
  PRIMARY KEY (`id`)
) ENGINE=InnoDB AUTO_INCREMENT=2 DEFAULT CHARSET=utf8 COLLATE=utf8_unicode_ci;

--
-- Data for table `craft_info`
--

INSERT INTO `craft_info` (`id`, `version`, `schemaVersion`, `edition`, `siteName`, `siteUrl`, `timezone`, `on`, `maintenance`, `dateCreated`, `dateUpdated`, `uid`) VALUES
 ('1', '2.6.3005', '2.6.13', '2', 'Sonica', 'http://localhost:8888/459001-Sonica/', 'UTC', '1', '0', '2017-10-13 11:04:14', '2018-02-15 17:13:06', 'd4513535-75d0-40be-bef2-f02904d20a2d');



DROP TABLE IF EXISTS `craft_locales`;


--
-- Schema for table `craft_locales`
--
CREATE TABLE `craft_locales` (
  `locale` char(12) COLLATE utf8_unicode_ci NOT NULL,
  `sortOrder` smallint(6) unsigned DEFAULT NULL,
  `dateCreated` datetime NOT NULL,
  `dateUpdated` datetime NOT NULL,
  `uid` char(36) COLLATE utf8_unicode_ci NOT NULL DEFAULT '0',
  PRIMARY KEY (`locale`),
  KEY `craft_locales_sortOrder_idx` (`sortOrder`)
) ENGINE=InnoDB DEFAULT CHARSET=utf8 COLLATE=utf8_unicode_ci;

--
-- Data for table `craft_locales`
--

INSERT INTO `craft_locales` (`locale`, `sortOrder`, `dateCreated`, `dateUpdated`, `uid`) VALUES
 ('en_ie', '1', '2017-10-13 11:04:14', '2017-10-13 11:04:14', 'e58ad645-71d5-4ff5-97c8-11c3e51e0a17');



DROP TABLE IF EXISTS `craft_matrixblocks`;


--
-- Schema for table `craft_matrixblocks`
--
CREATE TABLE `craft_matrixblocks` (
  `id` int(11) NOT NULL,
  `ownerId` int(11) NOT NULL,
  `fieldId` int(11) NOT NULL,
  `typeId` int(11) DEFAULT NULL,
  `sortOrder` smallint(6) unsigned DEFAULT NULL,
  `ownerLocale` char(12) COLLATE utf8_unicode_ci DEFAULT NULL,
  `dateCreated` datetime NOT NULL,
  `dateUpdated` datetime NOT NULL,
  `uid` char(36) COLLATE utf8_unicode_ci NOT NULL DEFAULT '0',
  PRIMARY KEY (`id`),
  KEY `craft_matrixblocks_ownerId_idx` (`ownerId`),
  KEY `craft_matrixblocks_fieldId_idx` (`fieldId`),
  KEY `craft_matrixblocks_typeId_idx` (`typeId`),
  KEY `craft_matrixblocks_sortOrder_idx` (`sortOrder`),
  KEY `craft_matrixblocks_ownerLocale_fk` (`ownerLocale`)
) ENGINE=InnoDB DEFAULT CHARSET=utf8 COLLATE=utf8_unicode_ci;

DROP TABLE IF EXISTS `craft_matrixblocktypes`;


--
-- Schema for table `craft_matrixblocktypes`
--
CREATE TABLE `craft_matrixblocktypes` (
  `id` int(11) NOT NULL AUTO_INCREMENT,
  `fieldId` int(11) NOT NULL,
  `fieldLayoutId` int(11) DEFAULT NULL,
  `name` varchar(255) COLLATE utf8_unicode_ci NOT NULL,
  `handle` varchar(255) COLLATE utf8_unicode_ci NOT NULL,
  `sortOrder` smallint(6) unsigned DEFAULT NULL,
  `dateCreated` datetime NOT NULL,
  `dateUpdated` datetime NOT NULL,
  `uid` char(36) COLLATE utf8_unicode_ci NOT NULL DEFAULT '0',
  PRIMARY KEY (`id`),
  UNIQUE KEY `craft_matrixblocktypes_name_fieldId_unq_idx` (`name`,`fieldId`),
  UNIQUE KEY `craft_matrixblocktypes_handle_fieldId_unq_idx` (`handle`,`fieldId`),
  KEY `craft_matrixblocktypes_fieldId_fk` (`fieldId`),
  KEY `craft_matrixblocktypes_fieldLayoutId_fk` (`fieldLayoutId`)
) ENGINE=InnoDB DEFAULT CHARSET=utf8 COLLATE=utf8_unicode_ci;

DROP TABLE IF EXISTS `craft_migrations`;


--
-- Schema for table `craft_migrations`
--
CREATE TABLE `craft_migrations` (
  `id` int(11) NOT NULL AUTO_INCREMENT,
  `pluginId` int(11) DEFAULT NULL,
  `version` varchar(255) COLLATE utf8_unicode_ci NOT NULL,
  `applyTime` datetime NOT NULL,
  `dateCreated` datetime NOT NULL,
  `dateUpdated` datetime NOT NULL,
  `uid` char(36) COLLATE utf8_unicode_ci NOT NULL DEFAULT '0',
  PRIMARY KEY (`id`),
  UNIQUE KEY `craft_migrations_version_unq_idx` (`version`),
  KEY `craft_migrations_pluginId_fk` (`pluginId`)
) ENGINE=InnoDB AUTO_INCREMENT=84 DEFAULT CHARSET=utf8 COLLATE=utf8_unicode_ci;

--
-- Data for table `craft_migrations`
--

INSERT INTO `craft_migrations` (`id`, `pluginId`, `version`, `applyTime`, `dateCreated`, `dateUpdated`, `uid`) VALUES
 ('1', NULL, 'm000000_000000_base', '2017-10-13 11:04:14', '2017-10-13 11:04:14', '2017-10-13 11:04:14', 'aa4d696f-c849-4cab-8589-1e7b0b9ea314'),
 ('2', NULL, 'm140730_000001_add_filename_and_format_to_transformindex', '2017-10-13 11:04:14', '2017-10-13 11:04:14', '2017-10-13 11:04:14', '81b0507e-e282-4432-8528-6cfc05d3bb27'),
 ('3', NULL, 'm140815_000001_add_format_to_transforms', '2017-10-13 11:04:14', '2017-10-13 11:04:14', '2017-10-13 11:04:14', 'e8651b7d-1b3f-4fc8-8051-bc66a4baeae0'),
 ('4', NULL, 'm140822_000001_allow_more_than_128_items_per_field', '2017-10-13 11:04:14', '2017-10-13 11:04:14', '2017-10-13 11:04:14', '4940b509-2370-469c-bf8a-5f95959da5d7'),
 ('5', NULL, 'm140829_000001_single_title_formats', '2017-10-13 11:04:14', '2017-10-13 11:04:14', '2017-10-13 11:04:14', '08a57243-40a9-487f-8c08-be02e5a60a15'),
 ('6', NULL, 'm140831_000001_extended_cache_keys', '2017-10-13 11:04:14', '2017-10-13 11:04:14', '2017-10-13 11:04:14', '4337d03e-02ce-4301-8c74-fd73826d4a53'),
 ('7', NULL, 'm140922_000001_delete_orphaned_matrix_blocks', '2017-10-13 11:04:14', '2017-10-13 11:04:14', '2017-10-13 11:04:14', 'b7ff6334-3d34-4a54-a73d-26d9e3d34da5'),
 ('8', NULL, 'm141008_000001_elements_index_tune', '2017-10-13 11:04:14', '2017-10-13 11:04:14', '2017-10-13 11:04:14', 'd40548b1-b5aa-4b65-89e0-a83342a5bb01'),
 ('9', NULL, 'm141009_000001_assets_source_handle', '2017-10-13 11:04:14', '2017-10-13 11:04:14', '2017-10-13 11:04:14', '46c2c75b-91c4-4222-a796-ae2d2226ddac'),
 ('10', NULL, 'm141024_000001_field_layout_tabs', '2017-10-13 11:04:14', '2017-10-13 11:04:14', '2017-10-13 11:04:14', '7c3cc157-a889-48d6-950d-ebafc3d59fb3'),
 ('11', NULL, 'm141030_000000_plugin_schema_versions', '2017-10-13 11:04:14', '2017-10-13 11:04:14', '2017-10-13 11:04:14', '0278bdc5-a005-446a-a55f-4de18d0a22e1'),
 ('12', NULL, 'm141030_000001_drop_structure_move_permission', '2017-10-13 11:04:14', '2017-10-13 11:04:14', '2017-10-13 11:04:14', 'c020c4d8-534a-4066-aa1f-bdbe411865aa'),
 ('13', NULL, 'm141103_000001_tag_titles', '2017-10-13 11:04:14', '2017-10-13 11:04:14', '2017-10-13 11:04:14', 'dd50ebcd-d2d2-4233-aa88-61ac99c7455a'),
 ('14', NULL, 'm141109_000001_user_status_shuffle', '2017-10-13 11:04:14', '2017-10-13 11:04:14', '2017-10-13 11:04:14', '0e2ef9d3-de72-42b7-ab0b-bcdabef2af26'),
 ('15', NULL, 'm141126_000001_user_week_start_day', '2017-10-13 11:04:14', '2017-10-13 11:04:14', '2017-10-13 11:04:14', '2f13171d-1c18-4a17-8717-3798be2051e3'),
 ('16', NULL, 'm150210_000001_adjust_user_photo_size', '2017-10-13 11:04:14', '2017-10-13 11:04:14', '2017-10-13 11:04:14', 'ed7d247f-6d71-4c39-861b-24194cc53f11'),
 ('17', NULL, 'm150724_000001_adjust_quality_settings', '2017-10-13 11:04:14', '2017-10-13 11:04:14', '2017-10-13 11:04:14', 'ba863447-7ffc-4f77-8e0c-ce2ef8078bc0'),
 ('18', NULL, 'm150827_000000_element_index_settings', '2017-10-13 11:04:14', '2017-10-13 11:04:14', '2017-10-13 11:04:14', '88b755fc-3af4-43db-8e5c-535c059edec6'),
 ('19', NULL, 'm150918_000001_add_colspan_to_widgets', '2017-10-13 11:04:14', '2017-10-13 11:04:14', '2017-10-13 11:04:14', 'c80b8dc2-e83b-4a71-9d78-0b6de7325fdc'),
 ('20', NULL, 'm151007_000000_clear_asset_caches', '2017-10-13 11:04:14', '2017-10-13 11:04:14', '2017-10-13 11:04:14', 'db8b464a-c3fc-42e3-93f3-c34456c389bd'),
 ('21', NULL, 'm151109_000000_text_url_formats', '2017-10-13 11:04:14', '2017-10-13 11:04:14', '2017-10-13 11:04:14', 'd2f20107-3736-4030-a639-4a0f9b3c332f'),
 ('22', NULL, 'm151110_000000_move_logo', '2017-10-13 11:04:14', '2017-10-13 11:04:14', '2017-10-13 11:04:14', '963c3715-4734-4289-8196-310e900059ba'),
 ('23', NULL, 'm151117_000000_adjust_image_widthheight', '2017-10-13 11:04:14', '2017-10-13 11:04:14', '2017-10-13 11:04:14', '2da0f216-37d0-4407-a8c1-6e156ed9db2d'),
 ('24', NULL, 'm151127_000000_clear_license_key_status', '2017-10-13 11:04:14', '2017-10-13 11:04:14', '2017-10-13 11:04:14', 'ca0877f1-01dc-48a2-b67c-6213d7158bcd'),
 ('25', NULL, 'm151127_000000_plugin_license_keys', '2017-10-13 11:04:14', '2017-10-13 11:04:14', '2017-10-13 11:04:14', 'daa5cca6-d403-40f5-b9fb-fa05845973ef'),
 ('26', NULL, 'm151130_000000_update_pt_widget_feeds', '2017-10-13 11:04:14', '2017-10-13 11:04:14', '2017-10-13 11:04:14', 'b6232690-b861-4888-93a6-68332000e6f5'),
 ('27', NULL, 'm160114_000000_asset_sources_public_url_default_true', '2017-10-13 11:04:14', '2017-10-13 11:04:14', '2017-10-13 11:04:14', '63228c77-351a-46ff-9a78-5523a64cf976'),
 ('28', NULL, 'm160223_000000_sortorder_to_smallint', '2017-10-13 11:04:14', '2017-10-13 11:04:14', '2017-10-13 11:04:14', 'ca24444e-980a-4a4a-b4d4-01a79102dd29'),
 ('29', NULL, 'm160229_000000_set_default_entry_statuses', '2017-10-13 11:04:14', '2017-10-13 11:04:14', '2017-10-13 11:04:14', 'f1a1be63-1f45-4138-8042-590ec137da32'),
 ('30', NULL, 'm160304_000000_client_permissions', '2017-10-13 11:04:14', '2017-10-13 11:04:14', '2017-10-13 11:04:14', 'ab53107d-e463-47f0-9ffb-c297c9f2d22d'),
 ('31', NULL, 'm160322_000000_asset_filesize', '2017-10-13 11:04:14', '2017-10-13 11:04:14', '2017-10-13 11:04:14', 'a9cc5adb-89c6-40bb-b9a4-c6d659e2dc17'),
 ('32', NULL, 'm160503_000000_orphaned_fieldlayouts', '2017-10-13 11:04:14', '2017-10-13 11:04:14', '2017-10-13 11:04:14', 'a1d277b6-baaf-40ee-924f-1d22bbb3ed0f'),
 ('33', NULL, 'm160510_000000_tasksettings', '2017-10-13 11:04:14', '2017-10-13 11:04:14', '2017-10-13 11:04:14', '3b68c5c9-5c62-4da8-a435-1c12dacc7d8a'),
 ('34', NULL, 'm160829_000000_pending_user_content_cleanup', '2017-10-13 11:04:14', '2017-10-13 11:04:14', '2017-10-13 11:04:14', 'e91cc56f-fdfc-4b7e-9c0b-5fbd9a295d11'),
 ('35', NULL, 'm160830_000000_asset_index_uri_increase', '2017-10-13 11:04:14', '2017-10-13 11:04:14', '2017-10-13 11:04:14', 'ae4fd9c5-bcde-4243-82bf-553e1281e179'),
 ('36', NULL, 'm160919_000000_usergroup_handle_title_unique', '2017-10-13 11:04:14', '2017-10-13 11:04:14', '2017-10-13 11:04:14', '1ef5cdb2-e46d-45e0-ad78-2e316567eb6b'),
 ('37', NULL, 'm161108_000000_new_version_format', '2017-10-13 11:04:14', '2017-10-13 11:04:14', '2017-10-13 11:04:14', '259d2ea9-cb86-465b-a6aa-530f371712d3'),
 ('38', NULL, 'm161109_000000_index_shuffle', '2017-10-13 11:04:14', '2017-10-13 11:04:14', '2017-10-13 11:04:14', '4aa2f890-fa3f-43aa-bde3-f78bb1616c0d'),
 ('39', NULL, 'm170612_000000_route_index_shuffle', '2017-10-13 11:04:14', '2017-10-13 11:04:14', '2017-10-13 11:04:14', '95f92c55-f66f-46ce-8af8-feec7ba90d4a'),
 ('40', '4', 'm151225_000000_seomatic_addHumansField', '2017-10-13 13:41:25', '2017-10-13 13:41:25', '2017-10-13 13:41:25', '505bc2f8-39cb-40f2-9b2d-b968520079d9'),
 ('41', '4', 'm151226_000000_seomatic_addTwitterFacebookFields', '2017-10-13 13:41:25', '2017-10-13 13:41:25', '2017-10-13 13:41:25', 'b64a6793-f242-4669-91cf-14f067c682b8'),
 ('42', '4', 'm160101_000000_seomatic_addRobotsFields', '2017-10-13 13:41:25', '2017-10-13 13:41:25', '2017-10-13 13:41:25', '96f9b340-8ee8-4787-a2a1-17627e69f3c1'),
 ('43', '4', 'm160111_000000_seomatic_addTitleFields', '2017-10-13 13:41:25', '2017-10-13 13:41:25', '2017-10-13 13:41:25', '13ea9a9c-ce3e-49bc-848e-7152f8dbd1d3'),
 ('44', '4', 'm160122_000000_seomatic_addTypeFields', '2017-10-13 13:41:25', '2017-10-13 13:41:25', '2017-10-13 13:41:25', '9568d9fb-219a-4ee0-baab-d5d966ea692d'),
 ('45', '4', 'm160123_000000_seomatic_addOpeningHours', '2017-10-13 13:41:25', '2017-10-13 13:41:25', '2017-10-13 13:41:25', 'c6341774-47f0-47e9-9025-111c3fe2b3fb'),
 ('46', '4', 'm160202_000000_seomatic_addSocialHandles', '2017-10-13 13:41:25', '2017-10-13 13:41:25', '2017-10-13 13:41:25', '282b4ee9-a189-41ee-8a1d-103f170879bf'),
 ('47', '4', 'm160204_000000_seomatic_addGoogleAnalytics', '2017-10-13 13:41:25', '2017-10-13 13:41:25', '2017-10-13 13:41:25', '1df5ba0f-8352-49fc-a1e0-e5dff6429352'),
 ('48', '4', 'm160205_000000_seomatic_addResturantMenu', '2017-10-13 13:41:25', '2017-10-13 13:41:25', '2017-10-13 13:41:25', 'bbc7893b-5b7a-410d-bd0c-4e3e809c8987'),
 ('49', '4', 'm160206_000000_seomatic_addGoogleAnalyticsPlugins', '2017-10-13 13:41:25', '2017-10-13 13:41:25', '2017-10-13 13:41:25', 'f20fff59-7a9c-4b38-a719-367749402aba'),
 ('50', '4', 'm160206_000000_seomatic_addGoogleAnalyticsSendPageView', '2017-10-13 13:41:25', '2017-10-13 13:41:25', '2017-10-13 13:41:25', 'f4080984-3691-4b1a-a8fd-94c76f53e29b'),
 ('51', '4', 'm160209_000000_seomatic_alterDescriptionsColumns', '2017-10-13 13:41:25', '2017-10-13 13:41:25', '2017-10-13 13:41:25', 'ccf7a4a5-2238-43d9-b8cf-6ceca45515f3'),
 ('52', '4', 'm160209_000001_seomatic_addRobotsTxt', '2017-10-13 13:41:25', '2017-10-13 13:41:25', '2017-10-13 13:41:25', 'cd726356-d338-462e-8d0d-b2c813010720'),
 ('53', '4', 'm160227_000000_seomatic_addFacebookAppId', '2017-10-13 13:41:25', '2017-10-13 13:41:25', '2017-10-13 13:41:25', '275674a5-9d51-4161-83eb-f0b3ca5f39d7'),
 ('54', '4', 'm160416_000000_seomatic_addContactPoints', '2017-10-13 13:41:25', '2017-10-13 13:41:25', '2017-10-13 13:41:25', 'a1bf5aff-45b7-430e-ac69-8fbfddb3467e'),
 ('55', '4', 'm160509_000000_seomatic_addSiteLinksBing', '2017-10-13 13:41:25', '2017-10-13 13:41:25', '2017-10-13 13:41:25', '4a749642-2713-4db6-b516-f5c4183d7c9f'),
 ('56', '4', 'm160707_000000_seomatic_addGoogleTagManager', '2017-10-13 13:41:25', '2017-10-13 13:41:25', '2017-10-13 13:41:25', '4c3c1670-6d7f-4d98-836b-ce360f02b7ef'),
 ('57', '4', 'm160715_000000_seomatic_addSeoImageTransforms', '2017-10-13 13:41:25', '2017-10-13 13:41:25', '2017-10-13 13:41:25', '56455967-a63c-4059-a55b-b2ed3d90432c'),
 ('58', '4', 'm160723_000000_seomatic_addSeoMainEntityOfPage', '2017-10-13 13:41:25', '2017-10-13 13:41:25', '2017-10-13 13:41:25', '8514c045-56f8-40eb-ad03-e64ce8e8ce4b'),
 ('59', '4', 'm160724_000000_seomatic_addSeoMainEntityCategory', '2017-10-13 13:41:25', '2017-10-13 13:41:25', '2017-10-13 13:41:25', '7601a207-aee6-4f05-a25a-5b16022fe95b'),
 ('60', '4', 'm160811_000000_seomatic_addVimeo', '2017-10-13 13:41:25', '2017-10-13 13:41:25', '2017-10-13 13:41:25', '07e2fc63-1953-4f0d-a93f-7a7ebde8e5f1'),
 ('61', '4', 'm160904_000000_seomatic_addTwitterFacebookImages', '2017-10-13 13:41:25', '2017-10-13 13:41:25', '2017-10-13 13:41:25', '8703849b-7656-4857-8711-cdd956c18fb8'),
 ('62', '4', 'm161220_000000_seomatic_addPriceRange', '2017-10-13 13:41:25', '2017-10-13 13:41:25', '2017-10-13 13:41:25', '67450f45-2e13-43d0-b133-9734659807a4'),
 ('63', '4', 'm170212_000000_seomatic_addGoogleAnalyticsAnonymizeIp', '2017-10-13 13:41:25', '2017-10-13 13:41:25', '2017-10-13 13:41:25', 'ea6fa33a-0a30-400e-a594-ee586498d242'),
 ('64', '4', 'm170212_000000_seomatic_addWikipedia', '2017-10-13 13:41:25', '2017-10-13 13:41:25', '2017-10-13 13:41:25', '7beed305-359c-4c23-bfac-ed25f0c19b82'),
 ('65', '5', 'm170216_100000_vzurl_to_text_column', '2017-10-13 14:25:32', '2017-10-13 14:25:32', '2017-10-13 14:25:32', '5b559a19-8542-40da-9429-d9b4d53d909b'),
 ('67', NULL, 'm171107_000000_assign_group_permissions', '2017-12-04 20:52:05', '2017-12-04 20:52:05', '2017-12-04 20:52:05', '54b38d60-d3df-40ea-8cae-51ef4afa9780'),
 ('68', NULL, 'm171117_000001_templatecache_index_tune', '2017-12-04 20:52:05', '2017-12-04 20:52:05', '2017-12-04 20:52:05', '23ebd018-877a-4b6c-8fbc-1e76c309b85b'),
 ('69', NULL, 'm171204_000001_templatecache_index_tune_deux', '2018-01-22 16:54:06', '2018-01-22 16:54:06', '2018-01-22 16:54:06', 'd0a51498-fec0-4d95-a3b7-0087bf788cff'),
 ('70', '10', 'm150901_144609_superTable_fixForContentTables', '2018-01-25 15:10:26', '2018-01-25 15:10:26', '2018-01-25 15:10:26', '03e0fe43-4687-4947-94ac-e2d34e85dc2b'),
 ('81', '13', 'm140430_122214_import_ImportHistory', '2018-02-15 17:39:19', '2018-02-15 17:39:19', '2018-02-15 17:39:19', 'b61d132d-7467-47c5-8a68-a4e3896e28a2'),
 ('82', '13', 'm140616_080724_import_saveEntryIdAndVersion', '2018-02-15 17:39:19', '2018-02-15 17:39:19', '2018-02-15 17:39:19', '6a452bea-6038-485f-8527-3d1eebe2e8e6'),
 ('83', '13', 'm140903_075432_import_ImportElements', '2018-02-15 17:39:19', '2018-02-15 17:39:19', '2018-02-15 17:39:19', '12b741fd-1c3b-4617-b014-10e13718a6cf');



DROP TABLE IF EXISTS `craft_plugins`;


--
-- Schema for table `craft_plugins`
--
CREATE TABLE `craft_plugins` (
  `id` int(11) NOT NULL AUTO_INCREMENT,
  `class` varchar(150) COLLATE utf8_unicode_ci NOT NULL,
  `version` varchar(15) COLLATE utf8_unicode_ci NOT NULL,
  `schemaVersion` varchar(15) COLLATE utf8_unicode_ci DEFAULT NULL,
  `licenseKey` char(24) COLLATE utf8_unicode_ci DEFAULT NULL,
  `licenseKeyStatus` enum('valid','invalid','mismatched','unknown') COLLATE utf8_unicode_ci NOT NULL DEFAULT 'unknown',
  `enabled` tinyint(1) unsigned NOT NULL DEFAULT '0',
  `settings` text COLLATE utf8_unicode_ci,
  `installDate` datetime NOT NULL,
  `dateCreated` datetime NOT NULL,
  `dateUpdated` datetime NOT NULL,
  `uid` char(36) COLLATE utf8_unicode_ci NOT NULL DEFAULT '0',
  PRIMARY KEY (`id`)
) ENGINE=InnoDB AUTO_INCREMENT=15 DEFAULT CHARSET=utf8 COLLATE=utf8_unicode_ci;

--
-- Data for table `craft_plugins`
--

INSERT INTO `craft_plugins` (`id`, `class`, `version`, `schemaVersion`, `licenseKey`, `licenseKeyStatus`, `enabled`, `settings`, `installDate`, `dateCreated`, `dateUpdated`, `uid`) VALUES
 ('2', 'Imager', '1.6.4', '1.0.0', NULL, 'unknown', '1', NULL, '2017-10-13 13:41:21', '2017-10-13 13:41:21', '2018-01-25 23:20:57', '2e881bcd-f48d-46e6-83a9-95d91e3622a8'),
 ('3', 'RedactorTweaks', '1.0.0', NULL, NULL, 'unknown', '1', NULL, '2017-10-13 13:41:23', '2017-10-13 13:41:23', '2018-01-25 23:20:57', '56c9eb2a-71a4-4ac0-9778-23f4ed0a1b41'),
 ('4', 'Seomatic', '1.1.56', '1.1.25', NULL, 'unknown', '1', '{\"pluginNameOverride\":\"Meta\"}', '2017-10-13 13:41:25', '2017-10-13 13:41:25', '2018-01-25 23:20:57', '0c85d958-9437-482e-bdc4-725b3677e03f'),
 ('5', 'VzUrl', '1.1.1', '1.2', NULL, 'unknown', '1', NULL, '2017-10-13 14:25:32', '2017-10-13 14:25:32', '2018-01-25 23:20:57', '619805e5-3228-42cb-9a42-3556b2de3047'),
 ('6', 'Relabel', '0.1.3', '1.0.0', NULL, 'unknown', '1', NULL, '2017-10-13 15:13:39', '2017-10-13 15:13:39', '2018-01-25 23:20:57', '5db9f054-ec51-4ef7-9969-6417a2d1c157'),
 ('9', 'Inlin', '1.1', NULL, NULL, 'unknown', '1', NULL, '2017-11-21 23:26:27', '2017-11-21 23:26:27', '2018-01-25 23:20:57', '5dd75bb9-22e5-409b-8614-7211b1de9ca7'),
 ('10', 'SuperTable', '1.0.6', '1.0.0', NULL, 'unknown', '1', NULL, '2018-01-25 15:10:26', '2018-01-25 15:10:26', '2018-01-25 23:20:57', '485f8ecf-13d1-4c21-bcf4-b8004fde36b7'),
 ('11', 'WidontExtension', '1.0', NULL, NULL, 'unknown', '1', NULL, '2018-01-25 23:22:15', '2018-01-25 23:22:15', '2018-01-25 23:22:15', '6d007839-58d2-4677-8144-91e796fa775b'),
 ('13', 'Import', '0.8.34', NULL, NULL, 'unknown', '1', NULL, '2018-02-15 17:39:19', '2018-02-15 17:39:19', '2018-02-15 17:39:19', '615dd4dc-070b-4190-a384-0917a758447d'),
 ('14', 'ImageColor', '1.0', NULL, NULL, 'unknown', '1', NULL, '2018-02-26 12:47:01', '2018-02-26 12:47:01', '2018-02-26 12:47:01', 'a256142e-05ea-4d71-8c7d-7e95a07a3623');



DROP TABLE IF EXISTS `craft_rackspaceaccess`;


--
-- Schema for table `craft_rackspaceaccess`
--
CREATE TABLE `craft_rackspaceaccess` (
  `id` int(11) NOT NULL AUTO_INCREMENT,
  `connectionKey` varchar(255) COLLATE utf8_unicode_ci NOT NULL,
  `token` varchar(255) COLLATE utf8_unicode_ci NOT NULL,
  `storageUrl` varchar(255) COLLATE utf8_unicode_ci NOT NULL,
  `cdnUrl` varchar(255) COLLATE utf8_unicode_ci NOT NULL,
  `dateCreated` datetime NOT NULL,
  `dateUpdated` datetime NOT NULL,
  `uid` char(36) COLLATE utf8_unicode_ci NOT NULL DEFAULT '0',
  PRIMARY KEY (`id`),
  UNIQUE KEY `craft_rackspaceaccess_connectionKey_unq_idx` (`connectionKey`)
) ENGINE=InnoDB DEFAULT CHARSET=utf8 COLLATE=utf8_unicode_ci;

DROP TABLE IF EXISTS `craft_relabel`;


--
-- Schema for table `craft_relabel`
--
CREATE TABLE `craft_relabel` (
  `id` int(11) NOT NULL AUTO_INCREMENT,
  `fieldId` int(11) DEFAULT NULL,
  `fieldLayoutId` int(11) DEFAULT NULL,
  `name` varchar(255) COLLATE utf8_unicode_ci DEFAULT NULL,
  `instructions` varchar(255) COLLATE utf8_unicode_ci DEFAULT NULL,
  `dateCreated` datetime NOT NULL,
  `dateUpdated` datetime NOT NULL,
  `uid` char(36) COLLATE utf8_unicode_ci NOT NULL DEFAULT '0',
  PRIMARY KEY (`id`),
  KEY `craft_relabel_fieldId_fk` (`fieldId`),
  KEY `craft_relabel_fieldLayoutId_fk` (`fieldLayoutId`)
) ENGINE=InnoDB AUTO_INCREMENT=27 DEFAULT CHARSET=utf8 COLLATE=utf8_unicode_ci;

DROP TABLE IF EXISTS `craft_relations`;


--
-- Schema for table `craft_relations`
--
CREATE TABLE `craft_relations` (
  `id` int(11) NOT NULL AUTO_INCREMENT,
  `fieldId` int(11) NOT NULL,
  `sourceId` int(11) NOT NULL,
  `sourceLocale` char(12) COLLATE utf8_unicode_ci DEFAULT NULL,
  `targetId` int(11) NOT NULL,
  `sortOrder` smallint(6) DEFAULT NULL,
  `dateCreated` datetime NOT NULL,
  `dateUpdated` datetime NOT NULL,
  `uid` char(36) COLLATE utf8_unicode_ci NOT NULL DEFAULT '0',
  PRIMARY KEY (`id`),
  UNIQUE KEY `craft_relations_fieldId_sourceId_sourceLocale_targetId_unq_idx` (`fieldId`,`sourceId`,`sourceLocale`,`targetId`),
  KEY `craft_relations_sourceId_fk` (`sourceId`),
  KEY `craft_relations_sourceLocale_fk` (`sourceLocale`),
  KEY `craft_relations_targetId_fk` (`targetId`)
) ENGINE=InnoDB AUTO_INCREMENT=346 DEFAULT CHARSET=utf8 COLLATE=utf8_unicode_ci;

--
-- Data for table `craft_relations`
--

INSERT INTO `craft_relations` (`id`, `fieldId`, `sourceId`, `sourceLocale`, `targetId`, `sortOrder`, `dateCreated`, `dateUpdated`, `uid`) VALUES
 ('77', '70', '145', NULL, '171', '1', '2018-02-15 17:55:36', '2018-02-15 17:55:36', '02dae1ae-ae8e-41cc-82ac-54322093422f'),
 ('78', '70', '146', NULL, '175', '1', '2018-02-15 17:55:44', '2018-02-15 17:55:44', '91004f3a-04d0-4468-924d-e26eaa928a31'),
 ('79', '70', '147', NULL, '167', '1', '2018-02-15 17:55:57', '2018-02-15 17:55:57', 'ffffb057-8264-420f-9040-0b869b0258a9'),
 ('80', '70', '148', NULL, '191', '1', '2018-02-15 17:56:10', '2018-02-15 17:56:10', '4853bebd-4fd8-4c70-8c37-67d2245f592b'),
 ('81', '70', '150', NULL, '165', '1', '2018-02-15 17:57:32', '2018-02-15 17:57:32', '91833e0f-db5c-4810-816c-3271a7fb1e3c'),
 ('82', '70', '151', NULL, '193', '1', '2018-02-15 17:57:40', '2018-02-15 17:57:40', 'f8fcf08d-7355-4519-87d9-8121e1c91c60'),
 ('83', '70', '152', NULL, '163', '1', '2018-02-15 17:57:47', '2018-02-15 17:57:47', '64955f5d-8a04-44e2-9bdf-30a2650971d5'),
 ('84', '70', '153', NULL, '181', '1', '2018-02-15 17:57:57', '2018-02-15 17:57:57', 'dcf9cf53-6a66-41df-b879-ac6eea950cf1'),
 ('85', '70', '154', NULL, '161', '1', '2018-02-15 17:58:09', '2018-02-15 17:58:09', 'f73e6492-bcd3-4762-a238-885814b50a02'),
 ('86', '70', '155', NULL, '179', '1', '2018-02-15 17:58:18', '2018-02-15 17:58:18', 'c22d8517-ad19-4456-a6c2-a8a84766fb40'),
 ('87', '70', '156', NULL, '173', '1', '2018-02-15 17:58:26', '2018-02-15 17:58:26', '939f2ed4-ed54-4483-93e6-300a9c4badc0'),
 ('88', '70', '157', NULL, '189', '1', '2018-02-15 17:58:37', '2018-02-15 17:58:37', '026e23df-077e-4d0a-bbc8-7c8ff0cf1bee'),
 ('89', '70', '158', NULL, '177', '1', '2018-02-15 17:58:48', '2018-02-15 17:58:48', '8d20eba9-c217-4d3c-90eb-7d5892c693c5'),
 ('90', '70', '143', NULL, '169', '1', '2018-02-15 18:00:44', '2018-02-15 18:00:44', '4d1cb360-e18d-4adf-8e3f-e009d21da9ff'),
 ('91', '70', '144', NULL, '183', '1', '2018-02-15 18:01:13', '2018-02-15 18:01:13', '9958f761-4d7a-4d30-b3b0-42b6eacf5799'),
 ('92', '70', '159', NULL, '195', '1', '2018-02-16 01:55:06', '2018-02-16 01:55:06', '3bad59f2-b77b-4a43-9900-d98276543449'),
 ('112', '63', '102', NULL, '204', '1', '2018-02-16 10:22:08', '2018-02-16 10:22:08', 'd077ae57-c8f5-437e-a7d8-0a99e8cbe342'),
 ('113', '63', '103', NULL, '206', '1', '2018-02-16 10:22:14', '2018-02-16 10:22:14', '8822181e-37aa-49f5-959c-d9f861ed2feb'),
 ('114', '63', '105', NULL, '207', '1', '2018-02-16 10:22:21', '2018-02-16 10:22:21', 'a0b6bf18-d2dd-460e-b38b-bf49e3542942'),
 ('116', '63', '107', NULL, '210', '1', '2018-02-16 10:22:34', '2018-02-16 10:22:34', '48983eca-3056-47d9-a56a-3c0765d73ec8'),
 ('117', '63', '108', NULL, '205', '1', '2018-02-16 10:22:38', '2018-02-16 10:22:38', 'ce76795d-fd75-4258-98c4-274e1974e9d3'),
 ('118', '63', '109', NULL, '212', '1', '2018-02-16 10:26:05', '2018-02-16 10:26:05', '99e292ef-b012-4441-83e8-410eb21795b0'),
 ('119', '63', '110', NULL, '213', '1', '2018-02-16 10:26:13', '2018-02-16 10:26:13', '9e29e022-7597-41dc-9540-6209a5caa48e'),
 ('121', '63', '106', NULL, '208', '1', '2018-02-16 10:27:37', '2018-02-16 10:27:37', '3f9f60bd-dda9-4fb8-8093-7506385af81c'),
 ('122', '63', '111', NULL, '214', '1', '2018-02-16 10:31:17', '2018-02-16 10:31:17', '440209ee-a43e-4e52-8672-1a7f765e7444'),
 ('306', '63', '104', NULL, '201', '1', '2018-02-26 12:54:54', '2018-02-26 12:54:54', 'f6e94f77-1797-4aa2-bc0b-54a411cdb62f'),
 ('307', '64', '104', NULL, '222', '1', '2018-02-26 12:54:54', '2018-02-26 12:54:54', '3cffd106-2324-4895-a045-0570f20528e8'),
 ('308', '64', '104', NULL, '201', '2', '2018-02-26 12:54:54', '2018-02-26 12:54:54', 'd1a46a14-2943-48b8-83d6-e9a29791a687'),
 ('309', '64', '104', NULL, '200', '3', '2018-02-26 12:54:54', '2018-02-26 12:54:54', '3deb25fa-9f6b-4e65-b439-9cb5e225cb34'),
 ('310', '64', '104', NULL, '199', '4', '2018-02-26 12:54:54', '2018-02-26 12:54:54', '3ddab296-e1cd-4463-84ef-0dcd04d6d21e'),
 ('329', '63', '202', NULL, '203', '1', '2018-02-26 13:05:59', '2018-02-26 13:05:59', '31462ec9-a028-4688-858e-2bc2bfba40fe'),
 ('330', '64', '202', NULL, '229', '1', '2018-02-26 13:05:59', '2018-02-26 13:05:59', 'fc2c4b64-6700-4682-9fd6-c399ad0756d7'),
 ('331', '64', '202', NULL, '231', '2', '2018-02-26 13:05:59', '2018-02-26 13:05:59', '864612f9-6893-4ebd-8405-e34394690508'),
 ('332', '64', '202', NULL, '232', '3', '2018-02-26 13:05:59', '2018-02-26 13:05:59', '109cce51-aab9-4479-90e2-79c97ebd2d50'),
 ('333', '64', '202', NULL, '233', '4', '2018-02-26 13:05:59', '2018-02-26 13:05:59', 'af7157a2-419c-4a78-a0fb-e675acff27a3'),
 ('334', '64', '202', NULL, '234', '5', '2018-02-26 13:05:59', '2018-02-26 13:05:59', '6fbaaeec-967d-4185-8a69-e6fee6081815'),
 ('335', '64', '202', NULL, '235', '6', '2018-02-26 13:05:59', '2018-02-26 13:05:59', 'deb6ae52-ec6c-4277-8cf2-7ba0767571a5'),
 ('336', '64', '202', NULL, '236', '7', '2018-02-26 13:05:59', '2018-02-26 13:05:59', '2c298351-f660-4f03-9475-3a79110891ba'),
 ('337', '64', '202', NULL, '237', '8', '2018-02-26 13:05:59', '2018-02-26 13:05:59', '0aa0c1a7-b4ba-4822-b552-71a01b58da75'),
 ('338', '64', '202', NULL, '238', '9', '2018-02-26 13:05:59', '2018-02-26 13:05:59', '63a6e8a1-cbfa-4489-8271-181d315045fc'),
 ('339', '64', '202', NULL, '239', '10', '2018-02-26 13:05:59', '2018-02-26 13:05:59', 'c0e33ef2-8ca0-4e7b-bb56-0e9d2121252e'),
 ('340', '64', '202', NULL, '240', '11', '2018-02-26 13:05:59', '2018-02-26 13:05:59', '8526c671-b68f-496e-9838-25bc5f12f4e7'),
 ('341', '64', '202', NULL, '241', '12', '2018-02-26 13:05:59', '2018-02-26 13:05:59', '3cdeee3f-377f-4dec-9d71-5667d17d131c'),
 ('342', '64', '202', NULL, '242', '13', '2018-02-26 13:05:59', '2018-02-26 13:05:59', 'f5d332d5-162b-49a1-83a0-dc27d3ff5157'),
 ('343', '64', '202', NULL, '243', '14', '2018-02-26 13:05:59', '2018-02-26 13:05:59', '86df19ba-fa77-4940-85b0-ef86cf3d1f89'),
 ('344', '64', '202', NULL, '244', '15', '2018-02-26 13:05:59', '2018-02-26 13:05:59', '48987e02-e3d4-4ed0-883c-7c28f89da970'),
 ('345', '64', '202', NULL, '230', '16', '2018-02-26 13:05:59', '2018-02-26 13:05:59', 'efe3bebd-f19b-482e-94a5-b2b3264f1790');



DROP TABLE IF EXISTS `craft_routes`;


--
-- Schema for table `craft_routes`
--
CREATE TABLE `craft_routes` (
  `id` int(11) NOT NULL AUTO_INCREMENT,
  `locale` char(12) COLLATE utf8_unicode_ci DEFAULT NULL,
  `urlParts` varchar(255) COLLATE utf8_unicode_ci NOT NULL,
  `urlPattern` varchar(255) COLLATE utf8_unicode_ci NOT NULL,
  `template` varchar(255) COLLATE utf8_unicode_ci NOT NULL,
  `sortOrder` smallint(6) unsigned DEFAULT NULL,
  `dateCreated` datetime NOT NULL,
  `dateUpdated` datetime NOT NULL,
  `uid` char(36) COLLATE utf8_unicode_ci NOT NULL DEFAULT '0',
  PRIMARY KEY (`id`),
  KEY `craft_routes_locale_idx` (`locale`),
  KEY `craft_routes_urlPattern_idx` (`urlPattern`)
) ENGINE=InnoDB DEFAULT CHARSET=utf8 COLLATE=utf8_unicode_ci;

DROP TABLE IF EXISTS `craft_searchindex`;


--
-- Schema for table `craft_searchindex`
--
CREATE TABLE `craft_searchindex` (
  `elementId` int(11) NOT NULL,
  `attribute` varchar(25) COLLATE utf8_unicode_ci NOT NULL,
  `fieldId` int(11) NOT NULL,
  `locale` char(12) COLLATE utf8_unicode_ci NOT NULL,
  `keywords` text COLLATE utf8_unicode_ci NOT NULL,
  PRIMARY KEY (`elementId`,`attribute`,`fieldId`,`locale`),
  FULLTEXT KEY `craft_searchindex_keywords_idx` (`keywords`)
) ENGINE=MyISAM DEFAULT CHARSET=utf8 COLLATE=utf8_unicode_ci;

--
-- Data for table `craft_searchindex`
--

INSERT INTO `craft_searchindex` (`elementId`, `attribute`, `fieldId`, `locale`, `keywords`) VALUES
 ('1', 'username', '0', 'en_ie', ' workgroup '),
 ('1', 'firstname', '0', 'en_ie', ''),
 ('1', 'lastname', '0', 'en_ie', ''),
 ('1', 'fullname', '0', 'en_ie', ''),
 ('1', 'email', '0', 'en_ie', ' david workgroup ie '),
 ('1', 'slug', '0', 'en_ie', ''),
 ('104', 'field', '64', 'en_ie', ' 3 arena 1 demonware 17 08 edit s demonware 13 demonware 7 '),
 ('104', 'field', '61', 'en_ie', ' i just want take a breath to let you know how happy we ve been so far with how the build is being managed by your team and with the quality of the work that is being done harry doug and ray have been a pleasure to work with throughout these past 14 weeks what could have been a very stressful experience for us has turned out to be an education in how a professional renovation should run thanks to you and your team for this '),
 ('101', 'filename', '0', 'en_ie', ' case csv '),
 ('101', 'extension', '0', 'en_ie', ' csv '),
 ('101', 'kind', '0', 'en_ie', ' unknown '),
 ('101', 'slug', '0', 'en_ie', ' case '),
 ('101', 'title', '0', 'en_ie', ' case '),
 ('102', 'field', '57', 'en_ie', ' rohan holdings is a leader in the complex business of developing prestige offices high quality business parks and industrial premises with over 40 years experience in land acquisition design planning construction and tenant fit out rohan holdings have a respected proven track record of delivering projects on time within budget and to their clients satisfaction working in the shell of the newly completed 21 charlemont place office block our brief was to take the grey box finish to full landlord cat a standard to leed gold and a3 ber rating set against an aggressive time line driven by a signed single tenancy lease for the whole building works included complete raised floor installation soft floor finishes partitions and ceilings joinery and decorations our brief also extended the the complete me installations to include a c lighting protective services basement and roof plant louvres screening with full testing and commissioning '),
 ('9', 'slug', '0', 'en_ie', ''),
 ('9', 'field', '9', 'en_ie', ''),
 ('9', 'field', '10', 'en_ie', ''),
 ('9', 'field', '11', 'en_ie', ' 353 1 663 8704 '),
 ('9', 'field', '12', 'en_ie', ''),
 ('9', 'field', '13', 'en_ie', ''),
 ('9', 'field', '14', 'en_ie', ''),
 ('9', 'field', '15', 'en_ie', ' https www google ie maps search finlay mulligan accountants 53 297235 6 140327 5328m data= 3m1 4b1 source=embed hl=en dg=dbrw newdg=1 '),
 ('102', 'field', '60', 'en_ie', ' cat a office fitoutextensive green roofleed gold certification and a3 berbalconies and feature roof terrace '),
 ('106', 'field', '63', 'en_ie', ' intercom 14 '),
 ('106', 'field', '56', 'en_ie', ' dublin 2 '),
 ('106', 'field', '64', 'en_ie', ''),
 ('105', 'field', '60', 'en_ie', ' sonica pmfull design realisation and co ordination with international design teamlandlord approval and grant of licence to alterlocal design team appointment management as lead consultantcomplete project financial control package managementclient direct vendor engagement and managementstaff migration move management '),
 ('104', 'field', '58', 'en_ie', ' 1 800m2 '),
 ('104', 'field', '59', 'en_ie', ' 4 week pre construction14 weeks on site '),
 ('104', 'slug', '0', 'en_ie', ' demonware '),
 ('104', 'title', '0', 'en_ie', ' demonware '),
 ('105', 'field', '57', 'en_ie', ' we had the tremendous fortune to meet with and work alongside our friends in hubspot when our md pm d their very first dublin office for just 8 people five short years ago since then we ve had the distinct honour to be part of their expansion year on year as the sonica team continued to service their ever increasing head count and office space requirements their growth in dublin has been simply astounding it is therefore with great pride and shared enthusiasm for their continued future successes that we announce the completion and launch of their new emea hq in dublin which was opened in march 2016 with substantial and well deserved fanfare across the irish media we look forward to working with hubspot as their pm of choice here in dublin and wish them every good fortune in their fabulous new home hubspotdigsdublin '),
 ('104', 'field', '62', 'en_ie', ' amy smith business services manager demonware '),
 ('103', 'field', '63', 'en_ie', ' glg 04 '),
 ('103', 'field', '56', 'en_ie', ' dublin 4 '),
 ('103', 'field', '64', 'en_ie', ''),
 ('103', 'field', '61', 'en_ie', ''),
 ('103', 'field', '62', 'en_ie', ''),
 ('103', 'field', '58', 'en_ie', ' 1 500m2 '),
 ('103', 'field', '59', 'en_ie', ' 1 week pre construction7 weeks on site '),
 ('103', 'slug', '0', 'en_ie', ' private client '),
 ('103', 'title', '0', 'en_ie', ' private client '),
 ('104', 'field', '57', 'en_ie', ' demonware are an irish software development company specialising in creating networking software and services for computer game development most notably for the call of duty on line game franchise the company were acquired by us game publisher activision blizzard in 2007 and have offices in dublin vancouver and shanghai due to the complexity of the works and the fact that the offices would remain live through the refurbishment the project was bid on a 2 stage basis with an open tender process to identify two preferred bidders followed by a post tender interview process to select their final fitout partner a large part of the client team s decision making process also centered on input and commentary from the contractor into the initial scheme design with recommendations on buildability and value engineering we were suitably delighted to win out at interview stage and be appointed as demonware s contractor of choice with us on board planning for their new european hq officially kicked off led by international architects urban agency the scope of works included segregation of the existing floor plate into live under construction areas the complete strip of the demised floor areas full me it and a v installation a bespoke fabricated solution for meeting rooms made from curved glass pods and team huddle rooms machined birch faced plywood full soft hard flooring extensive graphics package and the management supervision of the client s furniture vendors of further note was the fact that the project was completed with the client in full occupation on the 5th floor of a multi tenanted building the finished project is a fabulous addition to our portfolio of works and is a job that we are very proud to have been involved with '),
 ('103', 'field', '60', 'en_ie', ' design and ve development to suit budget parametersinternational collaboration with multiple project stakeholdersco ordination with local team on relocation deliverablescomms room commissioned and complete 2 weeks before handover to allow client it access live building environmentfull me data vc co ordination '),
 ('102', 'field', '63', 'en_ie', ' charlemont 4 '),
 ('102', 'field', '56', 'en_ie', ' dublin 2 '),
 ('102', 'field', '64', 'en_ie', ''),
 ('102', 'field', '61', 'en_ie', ''),
 ('102', 'field', '62', 'en_ie', ''),
 ('102', 'field', '58', 'en_ie', ' 3 420m2 '),
 ('102', 'field', '59', 'en_ie', ' 2 week pre construction10 weeks on site '),
 ('102', 'slug', '0', 'en_ie', ' 21 charlemont '),
 ('102', 'title', '0', 'en_ie', ' 21 charlemont '),
 ('103', 'field', '57', 'en_ie', ' we are delighted to showcase the successful completion of a new 15k sq ft corporate hq office in dublin s city centre for a private sonica client the results of which are absolutely stunning our brief took the project from an existing landlord cat a finish which was fully stripped out to their fitted out corporate hq in 8 weeks from commencement works were undertaken in a multi tenanted office development with continual intensive daily co ordination with the sitting building management team added to the time sensitive nature of the project was the client s not to exceed occupation date which was a key consideration in our aggressive construction programme due to the high degree of cellularisation to form the various offices meeting spaces and executive boardrooms the mechanical scope required considerable addition to the primary landlord ventilation provisions via intensive upgrades modelling and building control integration the project scope also included a large specialist joinery component extensive meeting spaces with feature exposed ceilings and feature lighting throughout bespoke reception area feature hard and soft floorings substantial active it solution a fully redundant it backbone install to main comms room high end corporate level access control and security install a v delivery and a full furniture installation across the complete floor plate '),
 ('104', 'field', '56', 'en_ie', ' parnell street dublin 1 '),
 ('104', 'field', '63', 'en_ie', ' demonware 17 08 edit s '),
 ('104', 'field', '60', 'en_ie', ' sonica pmfull design realisation and co ordination with international design teamstaff migration move managementfull me and it installationsturnkey furniture packagecurved glass huddle roomsbirch faced plywood huddle podsexposed building structure ceilingcorporate signage brand identity '),
 ('105', 'slug', '0', 'en_ie', ' hubspot '),
 ('105', 'title', '0', 'en_ie', ' hubspot '),
 ('106', 'field', '57', 'en_ie', ' our brief was to strip and refit the old anglo irish bank space over two floors in st stephen s green house and transform it into an expansive sophisticated tech savvy office for our client s expanded new hq in ireland works were executed on a 10 week programme within a fully engaged heavily trafficked multi tenanted building with it s location in the heart of dublin s shopping district on the iconic st stephen s green the delivery of the finished project on an accelerated timeline formed a hugely important part of our project execution plan where the delivery collection logistics overall traffic management dcc liaison out of hours works scheduling and compliance with strict building noise restrictions all required in depth consideration the architectural design included a substantial joinery package multiple floor finishes open grid exposed ceilings extensive client direct vend supervision and migration management other packages included substantial upgrades to the mechanical electrical it and av installations with all service works demanding a high level of co ordinated attention to guarantee that the vision for the completed space was realised '),
 ('105', 'field', '58', 'en_ie', ' 2 750m2 '),
 ('105', 'field', '59', 'en_ie', ' 12 weeks design co ordination contract formulation lease management10 weeks build management on site '),
 ('105', 'field', '62', 'en_ie', ' ken papa facilities director hubspot inc '),
 ('105', 'field', '63', 'en_ie', ' hubspot 4 '),
 ('105', 'field', '56', 'en_ie', ' dublin 1 '),
 ('105', 'field', '64', 'en_ie', ''),
 ('105', 'field', '61', 'en_ie', ' sonica has been a phenomenal partner to hubspot they always keep our interests front and centre and are beyond timely and thorough if you wanted a partner that can do it all and give the attention these complex fitout projects command it is sonica fitout they simply get it and get results '),
 ('106', 'field', '60', 'en_ie', ' large open plan spaces with extensive perimeter cellularisation extensive me it package with open grid me ceiling servicesengagement of specialist contractors to facilitate works in a time restricted programme co ordination with local teams and stakeholders on relocation deliverables cost and ve development to suit strict budget parameters '),
 ('107', 'field', '63', 'en_ie', ' udg 2 '),
 ('107', 'field', '56', 'en_ie', ' citywest business campus '),
 ('107', 'field', '60', 'en_ie', ' design and ve development to suit strict budget parameterscomms room commissioned and complete 3 weeks before handover to allow client it accessliaison and management of client direct vendorsproject acceleration to ensure no client down time and smooth quick turn around on staff migrationsco ordination with local team on relocation deliverablesme and it upgrades throughoutturnkey furniture package '),
 ('107', 'field', '57', 'en_ie', ' designed by rkd interiors our brief took the assignment from an existing landlord cat a area over 2 separate tenancies both of which were then fully stripped back to basic shell and core structure as part of our works to become udg healthcare s corporate hq within a 10 week period from commencement on site works were performed unobtrusively within a fully engaged highly trafficked multi tenanted building with close overlap to campus management client stakeholders and neighbouring tenants packages encompassed a sizeable stylish joinery element and complex mechanical electrical it upgrades to service the open plan work space areas and segmental modular offices meeting rooms the main reception features an inviting design element luring to a quirky breakout area canteen with feature brick internal facades critall glazed screens floating wooden acoustic ceilings and matchless tiled flooring due to the nature and scale of the sharp trapezoidal shaped walls and ceilings paired with the diverging display of flooring and wall colours the detailing in the architectural packages required a sonica level of attention to guarantee that the architects vision for the completed space was realised '),
 ('106', 'field', '59', 'en_ie', ' 1 week pre construction10 weeks on site '),
 ('106', 'slug', '0', 'en_ie', ' private client 1 '),
 ('106', 'title', '0', 'en_ie', ' private client '),
 ('106', 'field', '58', 'en_ie', ' 3 000m2 '),
 ('106', 'field', '62', 'en_ie', ''),
 ('106', 'field', '61', 'en_ie', ''),
 ('107', 'field', '64', 'en_ie', ''),
 ('107', 'field', '61', 'en_ie', ' it was great to work with hugh ward and his team at sonica fitout on our new hq in riverwalk citywest we were very impressed with the level of professionalism and attention to detail on every aspect of this project which produced a high standard of finish sonica fitouts commitment to this project ensured that it came in on programme and within budget everyone is delighted with the final result '),
 ('107', 'field', '62', 'en_ie', ' donal burke head of procurement '),
 ('107', 'field', '58', 'en_ie', ' 1 250m2 '),
 ('107', 'field', '59', 'en_ie', ' 1 week pre con10 weeks on site '),
 ('107', 'slug', '0', 'en_ie', ' udg healthcare '),
 ('107', 'title', '0', 'en_ie', ' udg healthcare '),
 ('108', 'field', '57', 'en_ie', ' full db project from receipt of client outline brief to final delivery and handover development of a central defined theme to roll out across the complete rebrand project was the key deliverable 1672 individual ceiling suspended cities in the 4th floor bar over 2 400 individually controlled led lights per city and that s just one area on one floor 3m dia oculus video back projected onto vip ceiling video specifically commissioned for the kaleidoscope bar fitout fully programmable knx lighting system with user defined colour and dimming set points depending on event and scene setting requirements this linked back to main venue dali system for central control by venue management fully interactive twitter feed linked to feature floating megalopolis to allow visitors tweet their venue experiences directly into the bars in real time '),
 ('108', 'field', '60', 'en_ie', ' conceptual development and full project designgmp contract sumintricate project programminglive venue interaction co ordination '),
 ('108', 'field', '63', 'en_ie', ' 3 arena 10 '),
 ('108', 'field', '56', 'en_ie', ' north wall quay dublin 1 '),
 ('108', 'field', '64', 'en_ie', ''),
 ('108', 'field', '61', 'en_ie', ' have to say it looks absolutely incredible proud to have worked on such a prestigious project for such a prestigious company as sonica fitout from all at devlin in design congratulations to sonica '),
 ('108', 'field', '62', 'en_ie', ' enda devlin devlin in design '),
 ('108', 'field', '58', 'en_ie', ' 4000m2 overall venue area works spread across three separate project sites running concurrently '),
 ('108', 'field', '59', 'en_ie', ' 8 weeks on site '),
 ('108', 'slug', '0', 'en_ie', ' 3 arena '),
 ('108', 'title', '0', 'en_ie', ' 3 arena '),
 ('109', 'field', '57', 'en_ie', ' salesforce is the world s leading crm software and enterprise cloud ecosystem their customer success platform helps businesses grow into a more streamlined effective and efficient organisations across sales service marketing and more the sonica ops team has had the pleasure of being part of sfdc s expansion by servicing their ever increasing head count and office space requirements for the past 3 years it is therefore with great pride that we showcase the latest sfdc office completion a 15 000 sq ft floor plate in central park works involved the demolition and strip out of the previous tenant s existing fitted offices to cater for the new salesforce remodelled floor plate layout the office design placed emphasis on increased team collaboration with all new open plan workstations meeting rooms offices boardrooms flexible spaces staff kitchens canteen areas breakout areas and a number of bespoke techforce bars all part of the required brief they have since been voted ireland s best workplace the company was ranked no 1 on the list of the best large places to work a ranking based on employees own assessments of their experiences '),
 ('109', 'field', '60', 'en_ie', ' full gmp build deliveryextensive feature joinery package procurementcomplete staff auditorium with extensive a vclient direct vendor engagement and managementstaff migration move management '),
 ('109', 'field', '63', 'en_ie', ' salesforce 6 '),
 ('109', 'field', '56', 'en_ie', ' central park dublin 18 ');
INSERT INTO `craft_searchindex` (`elementId`, `attribute`, `fieldId`, `locale`, `keywords`) VALUES
 ('109', 'field', '64', 'en_ie', ''),
 ('109', 'field', '61', 'en_ie', ' just a little note to say a big thank you to you and all the sonica team it was a real pleasure working with you all thanks for your guidance assistance and patience fingers crossed for the next one '),
 ('109', 'field', '62', 'en_ie', ' cathy mooney senior office manager '),
 ('109', 'field', '58', 'en_ie', ' 1500m2 '),
 ('109', 'field', '59', 'en_ie', ' 10 weeks design co ordination procurement gmp formulation12 weeks build management on site '),
 ('109', 'slug', '0', 'en_ie', ' salesforce '),
 ('109', 'title', '0', 'en_ie', ' salesforce '),
 ('110', 'field', '57', 'en_ie', ' since entering the irish market in 2015 wipro have gone from strength to strength securing substantial projects for their ever increasing client base this success has been met with a rapid increase in head count and exponential office space requirement having already completed over 50k sq ft of office space in dublin for wipro since 2015 we were delighted to build upon and advance the great working relationship we had developed with both their international and local teams when they appointed us again as their turnkey db fitout specialist for their new expansion offices in ballsbridge works were undertaken in a multi tenanted office development with continual intensive daily co ordination with the sitting campus management team added to the time sensitive nature of the project was the client s not to exceed occupation date which was a key consideration in our aggressive construction programme due to the high degree of cellularisation to form the various offices meeting spaces vc rooms executive boardrooms the mechanical scope required considerable addition to the primary landlord ventilation provisions via intensive upgrades modelling and building control integration the project scope also included a large specialist joinery component exposed ceilings and feature lighting throughout feature hard and soft floorings substantial active it solution a fully redundant it backbone install with ups back up to main comms room high end corporate level access control and security install a v delivery and a full furniture installation across the complete floor plate '),
 ('110', 'field', '60', 'en_ie', ' sonica pmfull design realisation and co ordination with international design teamlandlord approval and grant of licence to alterlocal design team appointment management as lead consultantcomplete project financial control package managementclient direct vendor engagement and managementstaff migration move management '),
 ('110', 'field', '63', 'en_ie', ' wipro 12 '),
 ('110', 'field', '56', 'en_ie', ' ballsbridge '),
 ('110', 'field', '64', 'en_ie', ''),
 ('110', 'field', '61', 'en_ie', ''),
 ('110', 'field', '62', 'en_ie', ''),
 ('110', 'field', '58', 'en_ie', ' 1000m2 '),
 ('110', 'field', '59', 'en_ie', ' 1 week pre construction8 weeks on site '),
 ('110', 'slug', '0', 'en_ie', ' wipro '),
 ('110', 'title', '0', 'en_ie', ' wipro '),
 ('111', 'field', '57', 'en_ie', ' sonica fitout were contracted to completely refurbish the ground floor lobby of the headquarters of one of ireland s leading providers of wealth management and financial advisory services clients of this prestigious private client are used to a meticulous attention to detail and as such this was reflected in the design and level of finish expected the intent was to provide enclosed private areas throughout the space with which to hold impromptu private meetings while maintaining a bright open and modern feel throughout combined with the extremely well appointed joinery package the overall feel of the space was one of practical opulence and luxury the scope of works was a complete refurbishment with curved recessed bulkheads all led backlit stone tiling throughout new security gates and curved glazed meeting rooms all surrounding the walnut clad lift core that integrated seamlessly with an oversized reception desk in addition new bathroom and kitchen facilities were completed as well as all new air conditioning throughout the floor following a week s pre construction this project was delivered in 5 weeks over multiple phases keeping live access available to staff members 24 hours a day 7 days a week with minimal disruption '),
 ('111', 'field', '60', 'en_ie', ' natural stone floorbespoke walnut wall claddingcurved glazed partitions throughoutoversized feature reception deskbacklit feature ceilings throughoutnew staff speedlanes new facilitiescompletely revamped ac system '),
 ('111', 'field', '63', 'en_ie', ' davy 6 '),
 ('111', 'field', '56', 'en_ie', ' dublin 2 '),
 ('111', 'field', '64', 'en_ie', ''),
 ('111', 'field', '61', 'en_ie', ''),
 ('111', 'field', '62', 'en_ie', ''),
 ('111', 'field', '58', 'en_ie', ' reception areas '),
 ('111', 'field', '59', 'en_ie', ' 1 week pre con5 weeks on site '),
 ('111', 'slug', '0', 'en_ie', ' private client 2 '),
 ('111', 'title', '0', 'en_ie', ' private client '),
 ('112', 'field', '57', 'en_ie', ' sas is a global market leader in business analytics software and services and is listed as being in the top 100 best companies to work for worldwide we were delighted to complete their prestigious new 1 300m2 hq office in dublin s ifsc complex works were undertaken in a multi tenanted fully occupied building with extensive noise restriction in place to avoid disruption to other businesses on site the scope included complete demolitions of the existing floor plate with subsequent re fit of partitions glazing managers offices corporate meeting rooms multiple floor finishes decorations and a bespoke branding and graphics package the brief also extended to the supply installation of all new operator workstations cellular office stations and boardroom furniture with completion of all me it and a v services the completed project truly reflects sas s strong corporate identity through the entire space and we were delighted to hand over the finished article to the client s exacting standards and expectations '),
 ('112', 'field', '60', 'en_ie', ' fully occupied building environmentmanagement of client direct vend packagescomplete me it and a v service installationscorporate brand package co ordination implementationextensive corporate office cellularisation '),
 ('112', 'field', '63', 'en_ie', ''),
 ('112', 'field', '56', 'en_ie', ' la touche house ifsc dublin 1 '),
 ('112', 'field', '64', 'en_ie', ''),
 ('112', 'field', '61', 'en_ie', ' i can highly recommend sonica fit out their professionalism and flexible approach in challenging circumstances resulted in a smooth and timely delivery of sas project the entire team were a pleasure to work with '),
 ('112', 'field', '62', 'en_ie', ' karen chisman head of corporate services at sas '),
 ('112', 'field', '58', 'en_ie', ' 1 300m2 '),
 ('112', 'field', '59', 'en_ie', ' 1 week pre construction8 weeks on site '),
 ('112', 'slug', '0', 'en_ie', ' sas '),
 ('112', 'title', '0', 'en_ie', ' sas '),
 ('113', 'field', '57', 'en_ie', ' calvin klein is one of the leading fashion design and marketing studios in the world they are a global lifestyle brand that exemplifies bold progressive ideals and a seductive and often minimal aesthetic after nearly 50 years of trading calvin klein continues to be a cultural catalyst across the globe today we were delighted to be selected by calvin klein to carry out the complete relocation and fitout of their new flagship stores ck jeans ck underwear in irelands premier shopping destination kildare village our brief was to create a completed space that combines the retail experience with the architectural aesthetic of this refined fashion collection works were undertaken concurrently in both stores and included the full strip out of the existing premises with subsequent re installation of new partitions and floor finishes complete me it rework co ordination of a bespoke high end joinery package and management of the internal and external ck signage install in addition the relocation to a temporary go live space while our refurbishment works were progressing as well as relocation back to stores upon completion also formed part of our project brief the finished product succeeds in promoting the calvin klein identity within kildare village and provides a top of the range retail experience for shoppers within both stores '),
 ('113', 'field', '60', 'en_ie', ' extensive feature joinery packagebespoke feature lighting installationfull move managementextensive floor finishespos selection install and commisisoningconstruction of all fixed merchandise and sales displays '),
 ('113', 'field', '63', 'en_ie', ''),
 ('113', 'field', '56', 'en_ie', ' kildare village '),
 ('113', 'field', '64', 'en_ie', ''),
 ('113', 'field', '61', 'en_ie', ' our goal is always to create a space that combines the retail experience with the architectural aesthetic our fashion collection represents we had the tremendous pleasure to collaborate with sonica fitout to accomplish this in our new kildare village stores the finished results speak entirely for themselves '),
 ('113', 'field', '62', 'en_ie', ' antonios krantidis ck project manager '),
 ('113', 'field', '58', 'en_ie', ' 400m2 '),
 ('113', 'field', '59', 'en_ie', ' 1 week pre construction5 weeks on site '),
 ('113', 'slug', '0', 'en_ie', ' calvin klein '),
 ('113', 'title', '0', 'en_ie', ' calvin klein '),
 ('114', 'field', '57', 'en_ie', ' 100 st stephen s green a red brick georgian located in the iconic south west corner of the green was originally sub divided into six dated apartments sonica were engaged by property owners davy to develop the building into a prestigious single tenancy office above a 1 bedroom apartment in the basement the nature of the premises and it s status as a listed building meant the project had to be handled with the utmost care working hand in hand with neasa donnellan architects and dublin city council each element of the build was scrutinised for compliance of fsc dac heritage protection and quality the work scope included full glazing replacement with all new sliding sash windows with slimlite double glazed panels in keeping with the original full facade restoration and re pointing roof replacement extensive structural works removal of the existing basement slab and replacement with complete tanking system and new drainage and fire protection to existing staircore as per current regulations internally the high end office interiors include full power and data cabling and floor boxes throughout bespoke joinery and panelling in every space restored original georgian features on all floors newly landscaped rear yard high quality floor finishes and a luxury own door 1 bed 2 bath self contained apartment in the basement '),
 ('114', 'field', '60', 'en_ie', ' protected georgian structurehardwood sash windows with slimlite glazingfacade and roof restorationfull internal strip outdata cabling throughout to central rack locationnew gas fired rad heating systemhand made crown mouldings from sample of originalperiod correct feature joinery throughoutprotection and restoration of existing georgian featuresluxury floor finishesself contained apartment '),
 ('114', 'field', '63', 'en_ie', ''),
 ('114', 'field', '56', 'en_ie', ' dublin 2 '),
 ('114', 'field', '64', 'en_ie', ''),
 ('114', 'field', '61', 'en_ie', ' with sonica at the helm the project ran seamlessly on site any unforeseen events were dealt with quickly and programme was never compromised we were very impressed with the quality of their finishes and found the whole company to be very well organised and efficient we would be very happy to work with them again '),
 ('114', 'field', '62', 'en_ie', ' neasa donnellan project architect '),
 ('114', 'field', '58', 'en_ie', ' 350m2 '),
 ('114', 'field', '59', 'en_ie', ' 1 week pre construction18 weeks on site '),
 ('114', 'slug', '0', 'en_ie', ' 100 stephens green '),
 ('114', 'title', '0', 'en_ie', ' 100 stephen s green '),
 ('115', 'field', '57', 'en_ie', ' the city north hotel conference centre is a prestigious 4 star hotel located 30 mins north of dublin city center which offers luxury accommodation and an exquisite ballroom for conferences events and weddings as part of the hotel s recent redevelopment we were appointed to manage the extensive restructure of all of their main front of house client facing spaces comprising of a new warm and welcoming reception area a fully refitted hotel bar and lounge area a restaurant and an exclusive new conference ballroom facility works were carried out in a live working environment the hotel remained fully functional during the refit and was divided into multiple phases to ensure minimal restriction disruption to guests during construction all phases included substantial demolition works full me installations new partitions and feature ceilings bespoke lighting with textured high end joinery and exquisite segmented hardwood flooring due to the nature of the works the project required extensive management of multiple on site trades and was completed against an aggressive programme to coincide with media published announcements on the rebrand and official launch date '),
 ('115', 'field', '60', 'en_ie', ' high end joinery packageexquisite segmented flooringmanagement of multiple tradesproject multi phasingfull me installation '),
 ('115', 'field', '63', 'en_ie', ''),
 ('115', 'field', '56', 'en_ie', ' m1 corridor north co dublin '),
 ('115', 'field', '64', 'en_ie', ''),
 ('115', 'field', '61', 'en_ie', ''),
 ('115', 'field', '62', 'en_ie', ''),
 ('115', 'field', '58', 'en_ie', ' 1 500m2 '),
 ('115', 'field', '59', 'en_ie', ' 1 week pre construction12 weeks on site '),
 ('115', 'slug', '0', 'en_ie', ' city north hotel '),
 ('115', 'title', '0', 'en_ie', ' city north hotel '),
 ('116', 'field', '57', 'en_ie', ' rkd interiors is a market leading interior architecture firm based in dublin the team led by justin treacy consists of the very best in creative architects and interior designers who work collaboratively with the in house support team of designers technicians cad bim coordinators and the wider resource and expertise of rkd architects at the core of their philosophy is a practical and pragmatic approach to delivering the best environments for the most appropriate capital outlay having worked with rkd interiors on numerous occasions in the past we were aware of the exacting standards that were expected from the outset on this collaboration the project was pitched as a real shop window fitout to showcase rkd s standard and design capability to prospective visiting rkd clients and we approached the project like any other to deliver best in market product with zero defects at handover covering 6 000 sq ft over 3 floors the work scope comprised of inspirational studios to the 1st and 2nd floors with areas designated for collaboration and huddle meetings allowing the designers to get creative with a bespoke staff cafe meeting rooms and social spaces based on the ground floor the overall brief was to produce a comfortable modern and above all functional workspace with a professional design that exceeds expectations even in an area such as baggot st where high end eateries and businesses are the norm one of the key features as part of rkd interiors on going commitment to a greener work environment was to provide ample secure bike storage for staff not only has this been achieved but it has also become a real design focal point which upon entry sets a modern and progressive tone other features include the herringbone flooring which seamlessly combines durability with design the increasingly popular crittal glazing and bespoke joinery throughout in addition you will find numerous design touches as you would expect of an rkd interiors design such as the exposed swag cabling to the lights in the cafe to give the illusion of extra height the plywood routered rkd logo at entry with integrated shelving and the comfortable lounge located midway through the ground floor the project was delivered in 5 weeks following a 1 week pre construction and mobilisation period '),
 ('116', 'field', '60', 'en_ie', ' bespoke feature joinery and glazed partition packagesnumerous floor finishes running seamlessly throughoutstaff cafe internal secure bike park2 floors of bright modern studio spaceme and it upgrades throughoutturnkey furniture package '),
 ('116', 'field', '63', 'en_ie', ''),
 ('116', 'field', '56', 'en_ie', ' ballsbridge dublin 4 '),
 ('116', 'field', '64', 'en_ie', ''),
 ('116', 'field', '61', 'en_ie', ' working with sonica was a great experience we would like to thank the team for delivering for such demanding taskmasters for working with us to realise and achieve our design in a very tight timeframe and for making the whole delivery process a thoroughly enjoyable and fun experience for us all '),
 ('116', 'field', '62', 'en_ie', ' liat greenhot rkd interiors '),
 ('116', 'field', '58', 'en_ie', ' 600m2 over 3 floors '),
 ('116', 'field', '59', 'en_ie', ' 1 week pre construction5 weeks on site '),
 ('116', 'slug', '0', 'en_ie', ' rkd interiors '),
 ('116', 'title', '0', 'en_ie', ' rkd interiors '),
 ('117', 'field', '57', 'en_ie', ' established only 3 years ago fitter faster stronger ffs is now one of the leading specialist facilities in dublin providing personal one on one or group training across a range of classes and exercise types from total body strength to full metabolic conditioning having successfully completed ffs s original gym refurbishment in 2016 and due to their phenomenal expansion and growth we were delighted to be appointed by the management team in ffs to develop and complete their 2nd bespoke premises inside of 18 months working with courtney mcdonnell design we were delighted to take on the brief of creating a new space which motivates engages and pushes personal goals to the highest level whilst also realising the strong branding the ffs model carries the space is divided into three main parts the gym utility space and break members areas works included the strip out demolitions of the entire old premises followed by full me installation to include a dmx programmable lighting system defined by gym instructors to suit mood or event bespoke feature flooring across different surfaces extensive landscaping works at the rear gardens to become an outdoor training area complete joinery co ordination of utility space and members area and a personalised graphics package to enhance the members workouts and provide guidance through the whole space '),
 ('117', 'field', '60', 'en_ie', ' complete strip out of all incumbent areasfull me installation with programmable dmx ambiance lightingbespoke feature flooringextensive landscaping works to external gym areadb joinery upholstery packagegraphics co ord and installation '),
 ('117', 'field', '63', 'en_ie', ''),
 ('117', 'field', '56', 'en_ie', ' leeson street '),
 ('117', 'field', '64', 'en_ie', ''),
 ('117', 'field', '61', 'en_ie', ' the level of professionalism and proficiency on the first project we carried out with sonica fitout really impressed us hence the reason why we went back to them for our 2nd premises the entire fitout was completed on an aggressive timeline with multiple moving parts but the team here at ffs are once again delighted with the finished product that was achieved it looks awesome '),
 ('117', 'field', '62', 'en_ie', ' rory mcinerney managing director ffs '),
 ('117', 'field', '58', 'en_ie', ' complete basement to georgian building lesson st '),
 ('117', 'field', '59', 'en_ie', ' 1 week pre construction6 weeks on site '),
 ('117', 'slug', '0', 'en_ie', ' fitter faster stronger '),
 ('117', 'title', '0', 'en_ie', ' fitter faster stronger '),
 ('118', 'field', '57', 'en_ie', ' sonica fitout was appointed by cbre to act as main contractor for the refurbishment and upgrade of this 5th floor corporate office space located at east point business park in dublin the client s fitout requirements were driven by an internal review to develop new ways of working the challenge was to take these findings and ideas and bring them into a layout scheme that realised all their requirements whilst also increasing headcount within the floor space our project brief then consisted of the demolition and re build of the existing layouts installation of new branded specialist joinery items throughout the floor a vibrant colour theming and graphics package co ordination installation of new glazed partitions including folding walls with modifications to the existing data infrastructure and the mechanical and electrical services of the space the completed office space now promotes the client s identity and provides a new fresh working space for staff '),
 ('118', 'field', '60', 'en_ie', ' extensive feature joinery packagedata infrastructure installationme services modificationnumerous floor finishes running seamlessly throughoutcorporate signage brand identity '),
 ('118', 'field', '63', 'en_ie', ''),
 ('118', 'field', '56', 'en_ie', ' east point business park dublin 3 '),
 ('118', 'field', '64', 'en_ie', '');
INSERT INTO `craft_searchindex` (`elementId`, `attribute`, `fieldId`, `locale`, `keywords`) VALUES
 ('118', 'field', '61', 'en_ie', ''),
 ('118', 'field', '62', 'en_ie', ''),
 ('118', 'field', '58', 'en_ie', ' 1 500m2 '),
 ('118', 'field', '59', 'en_ie', ' 2 week pre construction5 weeks build management on site '),
 ('118', 'slug', '0', 'en_ie', ' private client 3 '),
 ('118', 'title', '0', 'en_ie', ' private client '),
 ('119', 'field', '57', 'en_ie', ' ms simply food are an off shoot of the famous high street british multinational specialising on high quality grab and go ready meal ranges and every day food selections this project consisted of the fitout from shell and core of the new ms simply food outlet in dublin s heuston train station works revolved around the installation of new me services flooring internal partitions decorations pos counters feature joinery product refrigeration the co ordination of client direct vendors and the installation of internal and external corporate graphics a carefully considered site management works execution plan was key to the success of the project with close co ordination with station management while works progressed in the busy station '),
 ('119', 'field', '60', 'en_ie', ' new me services installationfeature joinery packagems corporate graphics installexposed ceilings throughoutlive station working environmentclient direct vendor management '),
 ('119', 'field', '63', 'en_ie', ''),
 ('119', 'field', '56', 'en_ie', ' dublin 8 '),
 ('119', 'field', '64', 'en_ie', ''),
 ('119', 'field', '61', 'en_ie', ' just a quick note to compliment and acknowledge the efforts of your team on the heuston station m s project these types of projects are not simple particularly from a co ordination view point but your team demonstrated professionalism and proactive thinking in dealing with any issue that arose and delivered the project on programme it has been great working with you right through the project and we look forward to working with sonica again in the future '),
 ('119', 'field', '62', 'en_ie', ' stephen crean linesight pm '),
 ('119', 'field', '58', 'en_ie', ' 200m2 '),
 ('119', 'field', '59', 'en_ie', ' 1 week pre construction5 weeks on site '),
 ('119', 'slug', '0', 'en_ie', ' m s simply food '),
 ('119', 'title', '0', 'en_ie', ' m s simply food '),
 ('120', 'field', '57', 'en_ie', ' since entering the irish market in 2015 wipro have gone from strength to strength securing substantial projects for their ever increasing client base this success has been met with a rapid increase in head count and exponential office space requirement having just completed their initial 30k sq ft office in dublin s elm park in 2015 we were delighted to build upon and advance the great working relationship we had developed with both their international and local teams when they appointed us again as their turnkey db fitout specialist for their new expansion offices in ballsbridge the brief was to capture the look and feel of what we had been previously delivered for them on the elm park project but to take that blue print and move it on to the next level again no easy task if you were to look at the completed space in elm park at 20k sq ft and running concurrently over two floors works were undertaken in a multi tenanted office development with continual intensive daily co ordination with the sitting campus management team added to the time sensitive nature of the project was the client s not to exceed occupation date which was a key consideration in our aggressive construction programme due to the high degree of cellularisation to form the various offices meeting spaces vc rooms executive boardrooms the mechanical scope required considerable addition to the primary landlord ventilation provisions via intensive upgrades modelling and building control integration the project scope also included a large specialist joinery component an extensive canteen space with exposed ceilings and feature lighting throughout bespoke reception area feature hard and soft floorings substantial active it solution a fully redundant it backbone install with ups back up to main comms room high end corporate level access control and security install a v delivery and a full furniture installation across the complete dual floor plate we wish wipro continued success in their newest home and look forward to representing them again in their next round of expansions '),
 ('120', 'field', '60', 'en_ie', ' sonica pmfull design realisation and co ordination with international design teamlandlord approval and grant of licence to alterlocal design team appointment management as lead consultantcomplete project financial control package managementclient direct vendor engagement and managementstaff migration move management '),
 ('120', 'field', '63', 'en_ie', ''),
 ('120', 'field', '56', 'en_ie', ' ballsbridge '),
 ('120', 'field', '64', 'en_ie', ''),
 ('120', 'field', '61', 'en_ie', ' the bittersweet time has come to say thank you and farewell albeit for now to the formidable fantastic team that is sonica we can t thank you enough for your dedication enthusiasm and flexibility over the last year we have worked together through different time zones deadlines and at times style preferences to ultimately create two unique office environments which epitomise the spirit of wipro thanks for sharing your vision with us and for the friendship that we ve formed '),
 ('120', 'field', '62', 'en_ie', ' trish buckley admin manager wipro europe '),
 ('120', 'field', '58', 'en_ie', ' 2 000m2 '),
 ('120', 'field', '59', 'en_ie', ' 6 weeks design4 weeks pre con10 weeks on site '),
 ('120', 'slug', '0', 'en_ie', ' wipro 1 '),
 ('120', 'title', '0', 'en_ie', ' wipro '),
 ('121', 'field', '57', 'en_ie', ' founded in 1987 anya hindmarch has grown into a global brand with more than 45 stores including flagship outlets in new york london tokyo and la known for blending wit and creativity with the finest craftsmanship and innovative leatherwork techniques they are stocked in many of the world s best retail stores from barney s in new york to boontheshop in korea following receipt of our outline brief we were appointed to create a unique bespoke new store for the brand in kildare village coupled with the strip out surrender and relocation of the existing store within the campus the new store was a complete turn key fitout from grey box to open for business the works comprised of new flooring details changing room marketing and sales displays and complete joinery coordination as well as mechanical and electrical installation the completed project reflects anya hindmarch s extraordinary identity with strong emphasis on minimalistic detail and a high level of finishes throughout '),
 ('121', 'field', '60', 'en_ie', ' extensive feature joinery packagestunning solid oak herringbone flooringbespoke glazed partition solutionme and it upgrades throughoutlive building working environmentturnkey furniture package and client migration '),
 ('121', 'field', '63', 'en_ie', ''),
 ('121', 'field', '56', 'en_ie', ' kildare village '),
 ('121', 'field', '64', 'en_ie', ''),
 ('121', 'field', '61', 'en_ie', ''),
 ('121', 'field', '62', 'en_ie', ''),
 ('121', 'field', '58', 'en_ie', ' 100m2 '),
 ('121', 'field', '59', 'en_ie', ' 1 week pre construction8 weeks on site '),
 ('121', 'slug', '0', 'en_ie', ' anya hindmarch '),
 ('121', 'title', '0', 'en_ie', ' anya hindmarch '),
 ('122', 'field', '57', 'en_ie', ' we are delighted to showcase the successful completion of a new 30k sq ft corporate hq office in dublin s citywest business campus for a private sonica client the results of which are absolutely stunning our brief took the project from an existing landlord cat a finish which was fully stripped out to their fitted out corporate hq in 14 weeks from appointment works were undertaken in a multi tenanted office development with continual intensive daily co ordination with the sitting campus management team added to the time sensitive nature of the project was the client s not to exceed occupation date which was a key consideration in our aggressive construction programme due to the high degree of cellularisation to form the various offices meeting spaces and executive boardrooms the mechanical scope required considerable addition to the primary landlord ventilation provisions via intensive upgrades modelling and building control integration the project scope also included a large specialist joinery component an extensive town hall meeting space with feature exposed ceilings and feature lighting throughout bespoke reception area feature hard and soft floorings substantial active it solution a fully redundant it backbone install with ups back up to main comms room gymnasium installation high end corporate level access control and security install a v delivery and a full furniture installation across the complete floor plate '),
 ('122', 'field', '60', 'en_ie', ' design and ve development to suit budget parametersinternational collaboration with multiple project stakeholdersco ordination with local team on relocation deliverablescomms room commissioned and complete 2 weeks before handover to allow client it access '),
 ('122', 'field', '63', 'en_ie', ''),
 ('122', 'field', '56', 'en_ie', ' citywest '),
 ('122', 'field', '64', 'en_ie', ''),
 ('122', 'field', '61', 'en_ie', ''),
 ('122', 'field', '62', 'en_ie', ''),
 ('122', 'field', '58', 'en_ie', ' 3 000m2 '),
 ('122', 'field', '59', 'en_ie', ' 4 weeks pre construction10 weeks on site '),
 ('122', 'slug', '0', 'en_ie', ' private client 4 '),
 ('122', 'title', '0', 'en_ie', ' private client '),
 ('123', 'field', '57', 'en_ie', ' aig europe limited is a provider of innovative products and services including car property travel health and identity theft insurance products to more than half of the country s top 100 companies as well as many public and private sector organisations and tens of thousands of individuals they are also the proud main sponsor of the dublin gaa team backingeverystep working in their irish hq offices in the ifsc our brief comprised of the removal and replacement of the complete existing building ventilation system followed by retro install of a new ac system with associated architectural and electrical works the brief also included a full upgrade of all wcs throughout the building installation of new mechanical chilling plant at roof level a fixed line system for roof access landlord common area refurbishment and a complete re design and fitout of the 3rd floor office space all works were conducted within a live fully occupied building environment the new office design placed emphasis on increased team collaboration with all new open plan workstations meeting rooms offices boardrooms flexible spaces staff kitchens canteen areas breakout areas and a number of bespoke tech bars all part of the required brief effective use of space was an issue in the previous office so the new office was designed with ample storage capabilities to reduce clutter the overall look and feel of the completed offices are fresh professional and welcoming with spectacular views across dublin city the whole project was completed within the agreed tender time frame of 22 weeks '),
 ('123', 'field', '60', 'en_ie', ' variety of work settings and collaboration spacesextensive me remodel upgradehigh quality joineryworks in fully occupied building over 5 floor platesmanagement of client direct vendors into master programme of works '),
 ('123', 'field', '63', 'en_ie', ''),
 ('123', 'field', '56', 'en_ie', ' ifsc dublin '),
 ('123', 'field', '64', 'en_ie', ''),
 ('123', 'field', '61', 'en_ie', ' on behalf of the pm team i would like to convey our thanks to the sonica team for a job well done a special word of thanks to your construction manager ray mccaul for his 100% commitment in achieving pc this was a challenging project on a number of fronts and this achievement is not to be underestimated '),
 ('123', 'field', '62', 'en_ie', ' allan murphy director scott murphy client pm '),
 ('123', 'field', '58', 'en_ie', ' 8 000m2 '),
 ('123', 'field', '59', 'en_ie', ' 22 weeks on site '),
 ('123', 'slug', '0', 'en_ie', ' aig '),
 ('123', 'title', '0', 'en_ie', ' aig '),
 ('124', 'field', '57', 'en_ie', ' we are delighted to showcase the completion of our new head office in kingram place at the heart of fitzwilliam square in dublin city center works commenced in january 2016 and were completed in a hugely impressive 5 week programme led by our db cm colin kirwan calling on our most trusted of trade contract partners we have succeeded in creating what we feel is an office that s truly worthy of the people that occupy it it is everything we are as a company unique unconventional unexpected refreshingly modern and forward thinking the fitout is nothing short of breath taking justin treacy and liat greenhot of rkd interiors have taken the vibrancy and energy of the sonica brand and brought it to life with a myriad of individual features and wonderful ideas from the floor to ceiling trapezoidal wall panelled boardroom to a 10m long 3 d snake bench with over 300 individually milled vertical components in the ops area there is simply nothing like it in the city we can t wait to show you around what is a great place to work and even better place to visit '),
 ('124', 'field', '60', 'en_ie', ' unique custom made trapezoidal boardroom wall panellingcompletely bespoke joinery throughout the entire officefeature operator workstation desking storage unitswifi controlled lighting control system for user defined mood and colour settingsextensive graphics and artwork packagecustom laid vinyl plank flooring to feature guest receptioncomplete a v solution to boardroom breakouts and reception '),
 ('124', 'field', '63', 'en_ie', ''),
 ('124', 'field', '56', 'en_ie', ' kingram place dublin 2 '),
 ('124', 'field', '64', 'en_ie', ''),
 ('124', 'field', '61', 'en_ie', ' this office is our showroom our statement of hey look what we can do and it does that all in spades we love seeing peoples reactions when they visit because they are just simply blown away with the ideas and concepts the intricacies of the work and the overall finished product in almost 20 years of fitout i m happy to say there is simply nothing like it anywhere else which is what we at sonica are all about '),
 ('124', 'field', '62', 'en_ie', ' donnacha neary managing director '),
 ('124', 'field', '58', 'en_ie', ' 350m2 '),
 ('124', 'field', '59', 'en_ie', ' 5 weeks on site '),
 ('124', 'slug', '0', 'en_ie', ' sonica fitout '),
 ('124', 'title', '0', 'en_ie', ' sonica fitout '),
 ('125', 'field', '57', 'en_ie', ' ellucian provide the software services and analytics needed to manage campus businesses faster easier and more effectively serving 2 400 institutions in 40 countries across the globe they selected sonica fitout as their partner for the fitout of their new irish hq in dublin the project commenced with the demolition and strip out of existing finishes and me services on one of the upper floors of this multi tenanted fully occupied live building the pre planning and logistical management of this significant operation ran hand in hand with the simultaneous upfront procurement of specialist packages required for the fitout the intricate design of the space encompassed features on all flat surfaces from the multi layered flooring finishes to the varied hard and soft textures on partitions and walls throughout the open plan desking has privacy screens and operator chairs matched with selected fabrics to accentuate the colour scheme of the company s brand ceilings were a blend of exposed concrete slabs interspersed with raft formed lay in grids to pick out areas below a full me it and a v brief fell under our remit with sonica also co ordinating the client furniture delivery load out and installation the completed space gives staff the use of finished huddle rooms spacious canteens and tea stations open collaboration areas v con rooms exec boardrooms and quiet cellular offices the project was delivered on programme and within the agreed contract sum more importantly it was a hugely enjoyable experience for us thanks to a fantastic client that empowered their design team to go big with their imagination and trusted us to realise their vision for the completed work space the end product is truly spectacular one that we are hugely proud of and delighted to show case '),
 ('125', 'field', '60', 'en_ie', ' substantial feature joinery packageacoustically rated glazed partition solution with bespoke manifestationscomplete me refit with data active it rewire part of briefmultiple floor finishes hard and softco ordination with sitting tennants and landlord teams all through constructionsnag free hand back '),
 ('125', 'field', '63', 'en_ie', ''),
 ('125', 'field', '56', 'en_ie', ' marine house dublin 2 '),
 ('125', 'field', '64', 'en_ie', ''),
 ('125', 'field', '61', 'en_ie', ' a very detailed piece of work taken on and delivered against an aggressive programme driven by our client s not to be missed occupational requirements you guys made it all look easy '),
 ('125', 'field', '62', 'en_ie', ' neil mcgovern project manager client rep jones lang lasalle '),
 ('125', 'field', '58', 'en_ie', ' 1000m2 floor plate '),
 ('125', 'field', '59', 'en_ie', ' 7 weeks on site from start to full client occupation '),
 ('125', 'slug', '0', 'en_ie', ' ellucian '),
 ('125', 'title', '0', 'en_ie', ' ellucian '),
 ('126', 'field', '57', 'en_ie', ' ticketmaster is the world s largest ticket distribution company providing event tickets for more than 10 000 promotors whose productions range from professional wrestling matches and rock concerts to broadway shows and operas our brief was to deliver a vibrant and invigorating work space for the company s employees at the new ticketmaster ireland hq the works entailed the fit out to an existing unit which involved strip out and demolitions of the previously occupied space the installation of all new wall partitions floor finishes internal decoration me service installations and a complete office furniture solution the design of the working environment is predominantly open plan to allow for collaborative interaction and employee connectivity but strategically placed workstations and cellular meeting spaces ensure that teams retain their structure within the overall environment features of the design include a spacious staff kitchen and breakout area a specialised digital meeting training room boardroom numerous meeting rooms a secure ticket print store room and a reception area with bolon wall and bespoke desk in keeping with ticketmasters corporate brand identity large scale graphics fill the walls at every vantage point reinforcing the culture of the company and adding energy and colour to the space the project was delivered in 6 weeks following an accelerated pre construction and mobilisation period to meet the clients set in stone move in date '),
 ('126', 'field', '60', 'en_ie', ' bespoke specialised joinery with numerous unique finishes and materialsinternational collaboration with ticket master s overseas steering groupcorporate signage brand identitymanagement of client direct vend packages '),
 ('126', 'field', '63', 'en_ie', ''),
 ('126', 'field', '56', 'en_ie', ' grafton house grafton street '),
 ('126', 'field', '64', 'en_ie', ''),
 ('126', 'field', '61', 'en_ie', ''),
 ('126', 'field', '62', 'en_ie', ''),
 ('126', 'field', '58', 'en_ie', ' 600m2 '),
 ('126', 'field', '59', 'en_ie', ' 2 weeks pre con6 weeks on site '),
 ('126', 'slug', '0', 'en_ie', ' ticket master '),
 ('126', 'title', '0', 'en_ie', ' ticket master '),
 ('127', 'field', '57', 'en_ie', ' wipro ltd is a global information technology consulting and outsourcing company with 158 217 employees serving clients in 175 cities across 6 continents the company posted revenues of $7 5 billion for the financial year ended mar 31 2015 following their announcement to move into the irish market they selected sonica as their turn key db contractor for the design and fitout of their new 240 seater office in the spectacular elm park oba in dublin our design and build brief took the project from initial space planning for lease negotiation to landlord consent phase through to detailed design costing planning constructing and overall hand back the complete project life cycle managed from start to finish by sonica works were undertaken in the top 3 floors of the oba building with management of logistics and daily co ordination with the sitting building management team a key consideration in the development of our aggressive construction programme a high degree of cellularisation in forming the various manager offices meeting spaces huddle rooms and executive boardrooms required considerable addition to the landlords naturally conditioned eco building ventilation strategy via intensive modelling and bms integration the project scope also included a large specialist joinery component stone flooring substantial active it solution a fully redundant it backbone install comms room ups digital monitoring building security a v delivery and a complete furniture installation across 3 floor plates the project was run with fully transparent financials with the client retaining all expenditure authorisation throughout the build process via their internationally issued po s the completed works were delivered below the original approved budget tabled at design completion stage '),
 ('127', 'field', '60', 'en_ie', ' international collaboration at design phase to achieve client design goals open plan financials with project delivered on time and below budget comms room commissioned and complete 3 weeks before handover to allow client it access client direct vendors were managed into our overall programme to ensure complete co ordination of overall project completion '),
 ('127', 'field', '63', 'en_ie', ''),
 ('127', 'field', '56', 'en_ie', ' elm park dublin '),
 ('127', 'field', '64', 'en_ie', ''),
 ('127', 'field', '61', 'en_ie', ' every member of their project delivery team remained a hugely visible resource to us all through the complete project life cycle and the final results speak for themselves we cannot speak highly enough of the manner in which they completed this project ');
INSERT INTO `craft_searchindex` (`elementId`, `attribute`, `fieldId`, `locale`, `keywords`) VALUES
 ('127', 'field', '62', 'en_ie', ' paul quinn bkd architects '),
 ('127', 'field', '58', 'en_ie', ' 3 000m2 '),
 ('127', 'field', '59', 'en_ie', ' 6 weeks design8 weeks on site '),
 ('127', 'slug', '0', 'en_ie', ' wipro 2 '),
 ('127', 'title', '0', 'en_ie', ' wipro '),
 ('128', 'field', '57', 'en_ie', ' blackrock is trusted to manage more money than any other investment firm with over 135 teams in 30 countries sharing their best thinking to seek better returns for their clients as the worlds largest investor they currently manage in excess of 7 700 portfolios comprising $4 72t of assets following the expansion of their irish team they selected sonica as main contractor for their office relocation project as they transferred their dublin operation from barrow st to larger offices in ballsbridge our brief took the project from an empty grey box to their fully fitted out corporate hq in 14 weeks from appointment works were undertaken in a multi tenanted fully occupied building with continual intensive daily co ordination with the sitting building management team and other tenants a key consideration in the development of our aggressive construction programme due to the high degree of cellularisation to form the various manager offices meeting spaces and executive boardrooms the mechanical scope required considerable addition to the primary landlord ventilation provisions via intensive upgrades modelling and bms integration the project scope also included a large specialist joinery component a bespoke reception area feature hard and soft floorings substantial active it solution a fully redundant it backbone install comms room ups downflow a c programmable scada digital monitoring high end corporate level access control and security install a v delivery and a full furniture installation across the complete floor plate all works were completed on time against an aggressive delivery programme and within the agreed budget parameters '),
 ('128', 'field', '60', 'en_ie', ' international collaboration with uk led design teamco ordination with sitting tenants and landlord teams throughout the construction periodcomms room commissioned and complete 2 weeks before handover to allow client it access client direct vendors were managed into our overall programme to ensure complete co ordination of the overall project completion '),
 ('128', 'field', '63', 'en_ie', ''),
 ('128', 'field', '56', 'en_ie', ' ballsbridge '),
 ('128', 'field', '64', 'en_ie', ''),
 ('128', 'field', '61', 'en_ie', ''),
 ('128', 'field', '62', 'en_ie', ''),
 ('128', 'field', '58', 'en_ie', ' 1 000m2 '),
 ('128', 'field', '59', 'en_ie', ' 4 weeks pre con10 weeks on site '),
 ('128', 'slug', '0', 'en_ie', ' blackrock investments '),
 ('128', 'title', '0', 'en_ie', ' blackrock investments '),
 ('129', 'field', '57', 'en_ie', ' nissan has been at the forefront of the irish motor industry since their arrival into ireland in 1977 a feat that is achieved by a potent combination of aggressive sales and marketing strategies coupled with an extremely strong customer service philosophy as part of their continual commitment to maintaining top end customer experiences in their network of dealer garages the company embarked on a programme of refurbishment on four of their flag ship premises in deansgrange liffey valley airside swords and tallaght we were delighted to be selected by nissan and their extended professional team to carry out this exciting multi location works programme the works centred on the strip out and replacement of key features and finishes in the existing garages to raise their already impressive profiles this was achieved by the introduction of a new bespoke a v installation a feature lighting overhaul addition of glazed meeting rooms for customer interaction a total hard flooring uplift and replacement new joinery soft furnishings and a full redecoration to create a completely new look and feel the biggest challenge was to carry out these works against 4 separate and standalone aggressive installation programmes whilst the garages remained open for business during the refurbishment process it is a testament to the on site management from the sonica operations team that the projects were not only all completed on time but the positive impact achieved through the high quality of the finished works exceeded nissan s initial expectations for these flag ship finished garages '),
 ('129', 'field', '60', 'en_ie', ' full strip out of existing finishes carried out inside live working garagessubstantial out of hours working to facilitate sales operationsco ordination of client direct international suppliersphased programming to allow staggered completion of garages '),
 ('129', 'field', '63', 'en_ie', ''),
 ('129', 'field', '56', 'en_ie', ' dublin '),
 ('129', 'field', '64', 'en_ie', ''),
 ('129', 'field', '61', 'en_ie', ' we developed a very good relationship with sonica during the course of our recent multi location refurbishments we felt that the lines of communication were always open their team were very responsive to our various queries whilst remaining extremely flexible but most importantly they shared our passion and commitment for the project at hand we are simply delighted with the final product '),
 ('129', 'field', '62', 'en_ie', ' ian moran group financial accountant '),
 ('129', 'field', '58', 'en_ie', ' 4 no garages of 1500m2 each '),
 ('129', 'field', '59', 'en_ie', ' 4 weeks per garage16 week overall programme '),
 ('129', 'slug', '0', 'en_ie', ' nissan '),
 ('129', 'title', '0', 'en_ie', ' nissan '),
 ('130', 'field', '57', 'en_ie', ' our client is one of ireland s leading providers of advanced information technology products services and business consulting expertise they are dedicated to helping their clients innovate and succeed through the end to end transformation of their business models and the application of innovative technology and business solutions our brief comprised of the creation of a new customer experience room at their main operations facility in dublin works were undertaken within this heavily occupied building with continual intensive daily co ordination with the on site building management team the existing space was previously used as a games area the new fit out required strip out of all existing finishes to provide a significant av installation to the room together with extensive modifications to the street circulation and access areas an associated av room and store room was also constructed the finished product is a sleek modern fitout and the use of corporate colours throughout the design is a bold injection into what was previosuly a neutral space some highly technical features on the project included a bespoke free standing feature wall that was constructed with a steel frame and wrapped in toughened back painted glass to act as a divider in the room to separate the space a custom built curved glass ramp was also provided and hanging feature oval lights are an uplifting addition the project was completed within the agreed tender time frame of 5 weeks '),
 ('130', 'field', '60', 'en_ie', ' bespoke free standing feature wallspecialist feature lightinghi tech av interactive and communications systemscurved glass access ramp '),
 ('130', 'field', '63', 'en_ie', ''),
 ('130', 'field', '56', 'en_ie', ' dublin '),
 ('130', 'field', '64', 'en_ie', ''),
 ('130', 'field', '61', 'en_ie', ''),
 ('130', 'field', '62', 'en_ie', ''),
 ('130', 'field', '58', 'en_ie', ' 150m2 '),
 ('130', 'field', '59', 'en_ie', ' 5 weeks on site '),
 ('130', 'slug', '0', 'en_ie', ' private client 5 '),
 ('130', 'title', '0', 'en_ie', ' private client '),
 ('131', 'field', '57', 'en_ie', ' spread over 4 floors works ran concurrently in ireland s no 1 tourist attraction a building with 5 000 visitors daily individual work areas were the visitor experience center group orientation area arthur guinness room business center refurbishment project taste experience arrol bar refurbishment red jacket retail fitout ground floor signature st james s gate replica and a full mezzanine retail area re fit project taste included conceptual scent oscillator columns developed and designed specifically for the new taste experience exhibition the main ingredients used to brew guinness were vaporized to enhance the overall visitor sensory experience in tasting the beer interactive a v screens in the arthur guinness room that speak to visitors as they pass screen chassis s concealed within feature wall paneling and triggered from ceiling disguised presence detectors a full size replica of the iconic st james s gate was installed in the main ground floor visitor reception area restoration of historic guinness photography for scanning and printing onto full size extended wall murals installed in the group reception area millwork fabricated from reclaimed sources to preserve the antique feel of several feature joinery pieces '),
 ('131', 'field', '60', 'en_ie', ' multi trade interaction and co ordinationmanagement of incumbent contractors within main fitout programmeextensive ooh works to accommodate visitor trafficconcept design developmentinteraction with several design teams across concurrent projects '),
 ('131', 'field', '63', 'en_ie', ''),
 ('131', 'field', '56', 'en_ie', ' st james s gate dublin 8 '),
 ('131', 'field', '64', 'en_ie', ''),
 ('131', 'field', '61', 'en_ie', ' we wanted this scheme to become the best place to taste guiness worldwide the outcome conceived and developed by your installation team is simply outstanding it has exceeded all my expectations i love taste but more importantly our visitors love it '),
 ('131', 'field', '62', 'en_ie', ' paul carthy managing director guinness storehouse '),
 ('131', 'field', '58', 'en_ie', ' multiple individual work areas spread over 4 separate floors '),
 ('131', 'field', '59', 'en_ie', ' 22 weeks on site '),
 ('131', 'slug', '0', 'en_ie', ' guinness storehouse '),
 ('131', 'title', '0', 'en_ie', ' guinness storehouse '),
 ('132', 'field', '57', 'en_ie', ' having only formed in 2013 fitter faster stronger ffs is now widely regarded as the pre eminent strength metabolic conditioning and functional training facility in the capital founded by rory mcinerney and ciaran ruddock they have already cultivated a unique brand a large twitter following and a dedicated membership that has christened their training facility the home of hard work as part of their expansion and continual brand development we were hugely enthusiastic to be engaged for their gym refurbishment project on leeson st with three of the senior sonica management staff already dedicated members of the gym we were delighted to be able to offer some of our expertise back in return for the countless hours of training and coaching we had received from the ffs team the brief was to draw heavily from the already established branding and colouring of the ffs logo and transfer that strength of identity into the various training areas of the gym the results are clean sharp surfaces throughout with extensive motivational branding calls to action '),
 ('132', 'field', '60', 'en_ie', ' concept developmentdesign and off site fabricationextensive branding and signagebespoke branded cabinetry and joineryfeature gym flooring '),
 ('132', 'field', '63', 'en_ie', ''),
 ('132', 'field', '56', 'en_ie', ' leeson street '),
 ('132', 'field', '64', 'en_ie', ''),
 ('132', 'field', '61', 'en_ie', ' the level of professionalism and proficiency astounded us on this project the entire revamp was completed on an aggressive timeline a 36 hour period in order to minimise downtime for our clients the team at ffs are all delighted with a gym that is now more functional but also looks awesome '),
 ('132', 'field', '62', 'en_ie', ' rory mcinerney managing director ffs '),
 ('132', 'field', '58', 'en_ie', ' basement area city centre location '),
 ('132', 'field', '59', 'en_ie', ' the project was fully designed and off site fabricated assembly occurred on site over a single out of hours weekend to accommodate the extensive gym class schedule '),
 ('132', 'slug', '0', 'en_ie', ' fitter faster stronger 1 '),
 ('132', 'title', '0', 'en_ie', ' fitter faster stronger '),
 ('133', 'field', '57', 'en_ie', ' landlord refurbishment project to recondition the building atrium and main reception all lift cores common areas bathrooms and staircores spread over 6 floors in a live occupied working environment works also extended to the complete demolition and refitting of the ground floor open plan offices to act as the building marketing suite formation of ground floor meeting rooms for anchor tenant specifically designed for maximum privacy with increased acoustic properties reflooring complete atrium with new stone tiling all works carried out by nights to minimize disruption to existing tenants installation of new enlarged multi operator reception desk double height feature atrium wall paneling and glazing building fabric surveying and development of repair and maintenance programme installation of new security speed lanes with supply of access control systems tailored to multitenant multi card operation complete me brief to include all services associated with bathroom and shower upgrades a c to open plan offices and power upgrades to suit new tenancy requirements '),
 ('133', 'field', '60', 'en_ie', ' landlord tennant liaison in programme developmentlarge proportion of works undertaken out of hoursfeature package design development with architect to align with budget provisionsinterfacing with multiple stake holders '),
 ('133', 'field', '63', 'en_ie', ''),
 ('133', 'field', '56', 'en_ie', ' sweepstakes building dublin 4 '),
 ('133', 'field', '64', 'en_ie', ''),
 ('133', 'field', '61', 'en_ie', ' we were very impressed by the manner in which you undertook the project and advanced your works nothing was ever an issue no was never an answer '),
 ('133', 'field', '62', 'en_ie', ' frank doyle studio 3 architects '),
 ('133', 'field', '58', 'en_ie', ' multiple individual work areas spread over 6 separate floors '),
 ('133', 'field', '59', 'en_ie', ' 14 weeks on site '),
 ('133', 'slug', '0', 'en_ie', ' ballsbridge park '),
 ('133', 'title', '0', 'en_ie', ' ballsbridge park '),
 ('134', 'field', '57', 'en_ie', ' design and build project from initial space planning for lease negotiation to landlord consent phase through to detailed design costing planning constructing and overall hand back the complete project life cycle managed from start to finish by sonica open plan spaces were developed off the client s international office templates with the expressed requirement to improve existing flow and promote productivity our designers took the starting point from a dubai based plan and streamlined it into an improved dublin model to achieve these goals works were undertaken inside a 12 storey multi tenanted building management of logistics and daily co ordination with the sitting building management team was a key consideration in the development of our aggressive construction programme which was led by client early occupational requirements a high degree of cellularisation in the offices required considerable addition to the landlord provided a c and lighting control systems these a c lighting upgrades were carried out to provide local dedicated user defined control and were simultaneously linked back to the head end bms system for landlord energy monitoring the project was run as an open book management contract with the client retaining all expenditure authorization throughout the build process the completed works were delivered below the original approved budget tabled at design completion stage '),
 ('134', 'field', '60', 'en_ie', ' international collaboration at design phase to achieve client design goals open plan financials with project delivered on time and below budget comms room commissioned and complete 3 weeks before handover to allow client it access client direct vendors were managed into our overall programme to ensure complete co ordination of overall project completion '),
 ('134', 'field', '63', 'en_ie', ''),
 ('134', 'field', '56', 'en_ie', ' custom house quay dublin 2 '),
 ('134', 'field', '64', 'en_ie', ''),
 ('134', 'field', '61', 'en_ie', ' from initial meeting to final handback we knew that in sonica fitout we had a design build contractor that could translate the multi faceted requirements of our business needs into a single co ordinated and stream lined project action plan they listened they advised and they delivered a space that has gone way beyoned all of our expectations '),
 ('134', 'field', '62', 'en_ie', ' elisha o keeffe aspen pharma ireland '),
 ('134', 'field', '58', 'en_ie', ' 750m2 '),
 ('134', 'field', '59', 'en_ie', ' 8 weeks on site '),
 ('134', 'slug', '0', 'en_ie', ' aspen pharma '),
 ('134', 'title', '0', 'en_ie', ' aspen pharma '),
 ('135', 'field', '57', 'en_ie', ' the brief was to capture the vibrancy and energy of the sonica fitout brand while showcasing our talent for design and fitout the completed office had to deliver a working area that would encourage open collaboration between departments and provide an environment where staff could discuss fresh ideas and develop new systems the company branding and instantly recognisable sonica rainbow colouring were used as the central theme in the fitout with graphics and murals developed specifically to enhance the fabrics wall and floor colorings used throughout staff client individuality was celebrated with offices and meeting rooms designed with personality the canteen has a catch phrase wall dedicated to valued company friend the sauna styled collab room succeeds in forming the central hub a place we gravitate to for both informal internal meetings and tgi friday beers the strong room is a do not disturb zone where we can go to crash out a tender or just think in peace and quiet our client s love it too we ve lost track of the amount of people that have called in to us just to hang out and to make sure they get their names onto the sonica tube map '),
 ('135', 'field', '60', 'en_ie', ' sauna style collab areaextensive bespoke murals and wall artfeature wall tiling and lighting throughoutexecutive boardroom with full a vstrong room phone free zone for thinking '),
 ('135', 'field', '63', 'en_ie', ''),
 ('135', 'field', '56', 'en_ie', ' 10 12 hogan place dublin 2 '),
 ('135', 'field', '64', 'en_ie', ''),
 ('135', 'field', '61', 'en_ie', ' it s a really nice space an office we all feel comfortable in a place we love to work in our home away from home '),
 ('135', 'field', '62', 'en_ie', ' donnacha neary md sonica fitout '),
 ('135', 'field', '58', 'en_ie', ' 300m2 '),
 ('135', 'field', '59', 'en_ie', ' 3 weeks on site '),
 ('135', 'slug', '0', 'en_ie', ' sonica hq '),
 ('135', 'title', '0', 'en_ie', ' sonica hq '),
 ('136', 'field', '57', 'en_ie', ' over 11 000 companies worldwide rely on axway for their b2b software solutions axway relied on just one sonica fitout for their new dublin hq office fitout sonica appointed the architectural and me design teams and also acted as traditional main contractor for the fitout with responsibility for overall design verification and certification of the me systems works involved the full strip out of the existing floor plate in preparation for the formation of open plan offices manager cellular offices boardroom facilities with full a v capability new staff canteen comms room bathrooms staff shower rooms sonica also engaged a graphic design company to develop wall art and murals throughout the office space that reflected the company s vision and message works were conducted on the 1st floor of investment house in dublin a multi tenanted fully occupied live office block with all logistics for these operations managed by the sonica site team '),
 ('136', 'field', '60', 'en_ie', ' full bathroom and shower room installationsextensive graphics and wall art designlead role in design verification and certificationaggressive programme delivered in a fully occupied multi tennanted environment '),
 ('136', 'field', '63', 'en_ie', ''),
 ('136', 'field', '56', 'en_ie', ' pembroke street upper dublin '),
 ('136', 'field', '64', 'en_ie', ''),
 ('136', 'field', '61', 'en_ie', ' to invest our time best in on our role as client representatives we need a contractor that makes the successful completion of the project their main and only focus we get that every time we work with sonica it makes the whole process a pleasure for all concerned '),
 ('136', 'field', '62', 'en_ie', ' andrew mccracken director jones lang lasalle ');
INSERT INTO `craft_searchindex` (`elementId`, `attribute`, `fieldId`, `locale`, `keywords`) VALUES
 ('136', 'field', '58', 'en_ie', ' 1200m2 '),
 ('136', 'field', '59', 'en_ie', ' 8 weeks on site '),
 ('136', 'slug', '0', 'en_ie', ' axway '),
 ('136', 'title', '0', 'en_ie', ' axway '),
 ('137', 'field', '57', 'en_ie', ' since their formation in 2001 allied world have built a reputation as a strong supplier of insurance and reinsurance solutions globally with a worldwide network of offices and a nyse listing appointed as main contractor sonica s brief was to modernize allied s existing dublin office while they remained in situ during the course of the works the phased approach to the process involved meticulous planning with allied s appointed management team so that the overall programme could be broken down into daily milestones the scope involved increasing the level of open plan allowances in the space via removal of existing cellular offices me augmentations to supplement the additional head count new canteen facilities meeting facilities floor finishes and a complete workstation package renewal the bulk of the works were conducted outside of normal office hours to minimize the impact to the client s day to day operations with the sonica site team delivering against every milestone in the process from start to finish '),
 ('137', 'field', '60', 'en_ie', ' in depth planning for substantial out of hours workscopeupgraded me for increased staff head countre cellularisation of manager offices and meeting roomsfull new staff canteen facilities '),
 ('137', 'field', '63', 'en_ie', ''),
 ('137', 'field', '56', 'en_ie', ' custom house quay dublin 2 '),
 ('137', 'field', '64', 'en_ie', ''),
 ('137', 'field', '61', 'en_ie', ' you kept us informed through the whole process we knew what was happening when it was happening what task was next in the chain and when it was successfully completed we always felt like we were in good hands '),
 ('137', 'field', '62', 'en_ie', ' aideen quinn vp for hr europe asia allied world '),
 ('137', 'field', '58', 'en_ie', ' 800m2 '),
 ('137', 'field', '59', 'en_ie', ' 8 weeks on site '),
 ('137', 'slug', '0', 'en_ie', ' allied world '),
 ('137', 'title', '0', 'en_ie', ' allied world '),
 ('138', 'field', '57', 'en_ie', ' sonica acted as traditional main contractor for the fitout of sca ireland s new offices with responsibility for design and certification of the me systems forming part of the overall brief taken from landlord cat a condition works involved formation of open plan offices manager cellular offices boardroom facilities with full a v capability new staff canteen post room store rooms we also had responsibility for securing landlord consent for the me alterations involved in supplementing and modifying the a c and lighting control systems to suit our finalized layouts '),
 ('138', 'field', '60', 'en_ie', ' buzzifelt feature acoustic attenuationfeature graphics and wall muralsme design and buildmanagement of client direct furniture vendorlandlord consent applications '),
 ('138', 'field', '63', 'en_ie', ''),
 ('138', 'field', '56', 'en_ie', ' blanchardstown corporate park 2 dublin 15 '),
 ('138', 'field', '64', 'en_ie', ''),
 ('138', 'field', '61', 'en_ie', ' we have been very impressed with your company s overall professionalism from the cleanliness of the site management of contractors general can do attitude and most importantly the ahead of schedule completion of the job the new office looks fantastic and the whole team are looking forward to moving into their new home '),
 ('138', 'field', '62', 'en_ie', ' simon pickering sca tork '),
 ('138', 'field', '58', 'en_ie', ' 400m2 '),
 ('138', 'field', '59', 'en_ie', ' 4 weeks on site '),
 ('138', 'slug', '0', 'en_ie', ' sca '),
 ('138', 'title', '0', 'en_ie', ' sca '),
 ('139', 'field', '57', 'en_ie', ' cartrawler provides travel related retailers with a fully managed gateway to over 800 car rental agents at 30 000 locations in 174 different countries sonica completed the fitout of their new offices in dublin comprising cellular offices meeting rooms staff canteens an all hands town hall meeting area chill out room and open plan workspace to accommodate up to 235 staff me works were carried out under a domestic sub contract with sonica offering a turn key project developed from initial tender drawings and specifications works involved supplementing the landlord a c systems a full data installation to a central comms room electrical power distribution to desk mounted furniture solution and full lighting augmentation to include scene setting in selected areas '),
 ('139', 'field', '60', 'en_ie', ''),
 ('139', 'field', '63', 'en_ie', ''),
 ('139', 'field', '56', 'en_ie', ' dundrum business park dublin 14 '),
 ('139', 'field', '64', 'en_ie', ''),
 ('139', 'field', '61', 'en_ie', ' you took the stress out of the whole process for us the fitout was handed over as we wanted it when we wanted it '),
 ('139', 'field', '62', 'en_ie', ' lynsey egan cartrawler '),
 ('139', 'field', '58', 'en_ie', ' 1 200m2 '),
 ('139', 'field', '59', 'en_ie', ' 8 weeks on site '),
 ('139', 'slug', '0', 'en_ie', ' cartrawler '),
 ('139', 'title', '0', 'en_ie', ' cartrawler '),
 ('140', 'field', '57', 'en_ie', ' when relocating from their home of c 20 years on dublin s st stephen s green lisney appointed sonica to act as their main contractor and partner to deliver their modern new office space over two floors on earlsfort terrace works involved the strip out of 2 existing floors in the building in preparation for the new office layouts the first floor was fitted out as the corporate reception and meeting space a place for lisney to receive their clients hold large meetings and conduct auctions the second floor comprised the open plan office space internal meeting space staff canteen facilities file storage and desking for 80 staff members works were conducted on the upper floors of st stephens green house a multi tenanted office block with all logistics and day to day site issues managed by the on site sonica operations team '),
 ('140', 'field', '60', 'en_ie', ' high end corporate reception areastone flooring and bespoke branded joinerymanagement of client direct furniture and a v vendorsaggressive programme delivered in multi tenanted building '),
 ('140', 'field', '63', 'en_ie', ''),
 ('140', 'field', '56', 'en_ie', ' earlsford terrance dublin 4 '),
 ('140', 'field', '64', 'en_ie', ''),
 ('140', 'field', '61', 'en_ie', ' your staff were exceptionally courteous to all our sitting building tenants through the whole fitout process we hardly noticed you were even here '),
 ('140', 'field', '62', 'en_ie', ' david hogan ssg building manager '),
 ('140', 'field', '58', 'en_ie', ' 1200m2 '),
 ('140', 'field', '59', 'en_ie', ' 8 weeks onsite '),
 ('140', 'slug', '0', 'en_ie', ' lisney '),
 ('140', 'title', '0', 'en_ie', ' lisney '),
 ('141', 'field', '57', 'en_ie', ' founded in 2002 apollo aviation group is a multi strategy alternative investment firm specializing in commercial aviation investing creating and extracting value by investing in mid life and mature commercial aircraft and engines sonica were appointed as traditional main contractor for the fitout which was carried out on the top floor of connaught house the exclusive multi tenanted corporate hq building off mespil road in dublin 2 with stunning views over dublin the works involved the complete strip out of the existing finishes in preparation for the new apollo layouts several key building features were identified to be retained and incorporated within the completed office works all others were promptly cleared in the opening days on site the completed offices comprise open plan work areas cellular offices and meeting rooms a bespoke client reception area staff canteen break out area full data rewire back to a new comms room complete a v vc installation and a thorough me upgrade to accommodate the new layouts working on the top floor of one of the most prestigious buildings in dublin presented it s own challenges but through the daily co ordination and management of works by the sitting sonica site team the project ran smoothly for start to finish the completed office is considered by the professional team as one of the finest small office fitout examples conducted in dublin in recent years '),
 ('141', 'field', '60', 'en_ie', ' bespoke joinery installations to client reception area corporate meeting spaceidentification retention and re use of core building fabrics to augment the fitoutcomplete me overhaul to suit new office layoutsintense co ordination with sitting building management through the fitout process '),
 ('141', 'field', '63', 'en_ie', ''),
 ('141', 'field', '56', 'en_ie', ' connaught house burlington road dublin 4 '),
 ('141', 'field', '64', 'en_ie', ''),
 ('141', 'field', '61', 'en_ie', ' very easy to work with and extremely professional from start to finish completed the job to a very high quality on time and within budget couldn t ask for any more '),
 ('141', 'field', '62', 'en_ie', ' marcus miller vp dublin operations apollo aviation '),
 ('141', 'field', '58', 'en_ie', ' 1000m2 '),
 ('141', 'field', '59', 'en_ie', ' 8 weeks on site '),
 ('141', 'slug', '0', 'en_ie', ' apollo aviation '),
 ('141', 'title', '0', 'en_ie', ' apollo aviation '),
 ('142', 'filename', '0', 'en_ie', ' team csv '),
 ('142', 'extension', '0', 'en_ie', ' csv '),
 ('142', 'kind', '0', 'en_ie', ' unknown '),
 ('142', 'slug', '0', 'en_ie', ' team '),
 ('142', 'title', '0', 'en_ie', ' team '),
 ('143', 'field', '69', 'en_ie', ' dneary sonica fitout com '),
 ('143', 'field', '71', 'en_ie', ''),
 ('143', 'field', '66', 'en_ie', ' as managing director i m actively involved in everything that we do here at sonica leading the team by example through dedication and commitment to exceeding our client s expectations i m a visible resource to our clients equally at home walking the job sites as i am sitting in the boardroom '),
 ('143', 'field', '70', 'en_ie', ' donnacha neary '),
 ('143', 'field', '65', 'en_ie', ' managing director '),
 ('143', 'field', '68', 'en_ie', ' motivating my guys encouraging their development celebrating their achievements and pushing them to be the very best they can be the real excitement for me comes when i see how their hard work and dedication directly impacts the overall success of a project '),
 ('143', 'field', '67', 'en_ie', ' our unwavering desire to continually improve our business to strive to make your project our best project yet means that in sonica you have a firm of fitout experts dedicated to going far beyond what typically passes for client service it s that desire that makes sonica a great place to work and sonica a great team to work with '),
 ('143', 'slug', '0', 'en_ie', ' donnacha neary '),
 ('143', 'title', '0', 'en_ie', ' donnacha neary '),
 ('144', 'field', '69', 'en_ie', ' mhalpenny sonica fitout com '),
 ('144', 'field', '71', 'en_ie', ''),
 ('144', 'field', '66', 'en_ie', ' as senior surveyor and commercial manager i am responsible for developing the surveying department and for the profitable management of all our projects from inception to completion '),
 ('144', 'field', '70', 'en_ie', ' marie halpenny '),
 ('144', 'field', '65', 'en_ie', ' head of surveying '),
 ('144', 'field', '68', 'en_ie', ' the nature of the fit out industry introduces us to new clients and design team members every day this diversity allows us to continuously develop new friendships and forge new working relations which makes every day different '),
 ('144', 'field', '67', 'en_ie', ' clients should engage sonica if they are looking for a recognised name in the industry recognition that was earned as a result of hard work and forging good relations we are a formidable team with vast cumulative experience in the fitout market experience we are delighted to share with our professional teams and clients '),
 ('144', 'slug', '0', 'en_ie', ' marie halpenny '),
 ('144', 'title', '0', 'en_ie', ' marie halpenny '),
 ('145', 'field', '69', 'en_ie', ' dito sonica fitout com '),
 ('145', 'field', '71', 'en_ie', ''),
 ('145', 'field', '66', 'en_ie', ' as senior pm i assume both off and on site control of large stand alone projects the company undertakes through our major works division '),
 ('145', 'field', '70', 'en_ie', ' doug ito '),
 ('145', 'field', '65', 'en_ie', ' senior project manager '),
 ('145', 'field', '68', 'en_ie', ' working on site with large construction teams to deliver challenging projects within tight time lines '),
 ('145', 'field', '67', 'en_ie', ' sonica fitout has a wealth of knowledge and experience in high end retail and commercial office fit outs the senior management team have been involved in the irish uk and european fitout industry for the past 16 years and worked on some of the largest complex and most challenging projects undertaken across those operating regions sonica fitout prides itself with the ability to deliver a project on time and within budget we continually go the extra mile to assist clients achieve their goals '),
 ('145', 'slug', '0', 'en_ie', ' douglas ito '),
 ('145', 'title', '0', 'en_ie', ' douglas ito '),
 ('146', 'field', '69', 'en_ie', ' hward sonica fitout com '),
 ('146', 'field', '71', 'en_ie', ''),
 ('146', 'field', '66', 'en_ie', ' as head of operations it is my responsibility to develop the company s operations department and implement structures to allow our people develop and grow within the organisation '),
 ('146', 'field', '70', 'en_ie', ' hugh ward '),
 ('146', 'field', '65', 'en_ie', ' head of operations '),
 ('146', 'field', '68', 'en_ie', ' i relish the opportunity to develop personal relationships with existing clients and contractor partners meeting new people and building relationships based on trust is the part of my job that i enjoy the most '),
 ('146', 'field', '67', 'en_ie', ' we pride ourselves on the level of service we give our clients from initial project inception to project completion and beyond we will work harder and faster than our competition to deliver a higher quality product time and time again '),
 ('146', 'slug', '0', 'en_ie', ' hugh ward '),
 ('146', 'title', '0', 'en_ie', ' hugh ward ');
INSERT INTO `craft_searchindex` (`elementId`, `attribute`, `fieldId`, `locale`, `keywords`) VALUES
 ('147', 'field', '69', 'en_ie', ' dgorman sonica fitout com '),
 ('147', 'field', '71', 'en_ie', ''),
 ('147', 'field', '66', 'en_ie', ' as construction manager i look after and monitor every aspect of the day to day running of the site including tracking programme h s management supervising subcontractors liaising with clients and executing their requests '),
 ('147', 'field', '70', 'en_ie', ' declan gorman '),
 ('147', 'field', '65', 'en_ie', ' construction manager '),
 ('147', 'field', '68', 'en_ie', ' i enjoy multi tasking and executing different jobs simultaneously the pride i take in the finish of my sites shows through in all my work and i love the reward of overseeing exciting projects from start to finish '),
 ('147', 'field', '67', 'en_ie', ' we have built a great relationship with all our subcontractors and clients our dynamic team is specifically assembled to meet our client s needs in an ever changing environment the real questions should be why would you not choose sonica '),
 ('147', 'slug', '0', 'en_ie', ' declan gorman '),
 ('147', 'title', '0', 'en_ie', ' declan gorman '),
 ('148', 'field', '69', 'en_ie', ' rmccaul sonica fitout com '),
 ('148', 'field', '71', 'en_ie', ''),
 ('148', 'field', '66', 'en_ie', ' as construction manager my role centres around establishing and managing a site workforce capable of delivering to the high standards that sonica fitout set ourselves on each project '),
 ('148', 'field', '70', 'en_ie', ' ray mc caul '),
 ('148', 'field', '65', 'en_ie', ' construction manager '),
 ('148', 'field', '68', 'en_ie', ' total quality control over every aspect of a project is what i love doing from initially receiving a brief and plans at the beginning of each job to handing it back to the client at the end knowing that i have overseen a project that has exceeded the client s expectations gives me immense satisfaction '),
 ('148', 'field', '67', 'en_ie', ' sonica fitout encompasses everything that is fitout done correctly our continuous goal is to provide flexibility expert advice and access to the best trades in order to reach our clients budgetary and scheduling expectations the experience and dedication provided by us as a team is what allows sonica fitout to guarantee a solid and reliable build experience '),
 ('148', 'slug', '0', 'en_ie', ' ray mccaul '),
 ('148', 'title', '0', 'en_ie', ' ray mccaul '),
 ('149', 'field', '69', 'en_ie', ' hmurphy sonica fitout com '),
 ('149', 'field', '71', 'en_ie', ''),
 ('149', 'field', '66', 'en_ie', ' as site manager i am responsible for managing all on site activities from inception through to completion ensuring that all health safety aspects are to the highest standards while also ensuring that the build programme is achieved at all stages of construction '),
 ('149', 'field', '70', 'en_ie', ''),
 ('149', 'field', '65', 'en_ie', ' site manager '),
 ('149', 'field', '68', 'en_ie', ' i enjoy working closely with the associated design and management teams on a daily basis to deliver projects of the highest quality to our clients on time and on budget '),
 ('149', 'field', '67', 'en_ie', ' sonica provides a great working environment with great people that share the same value system at sonica we have the proven ability to plan organize programme and resource large projects for multi national firms sonica s management team have the competence and experience to operate effectively at all levels of our client s organisation '),
 ('149', 'slug', '0', 'en_ie', ' harry murphy '),
 ('149', 'title', '0', 'en_ie', ' harry murphy '),
 ('150', 'field', '69', 'en_ie', ' cdoyle sonica fitout com '),
 ('150', 'field', '71', 'en_ie', ''),
 ('150', 'field', '66', 'en_ie', ' it is my responsibility to ensure that the vision of the design team becomes a reality within the given parameters while also ensuring the client remains involved engaged and satisfied throughout the entire process '),
 ('150', 'field', '70', 'en_ie', ' conor doyle '),
 ('150', 'field', '65', 'en_ie', ' construction manager '),
 ('150', 'field', '68', 'en_ie', ' understanding and developing relationships with the people i work with daily be it trades design team or clients i relish learning how to walk that fine line of getting what it is i need from the interaction while still making their individual experience of the entire process the best it can be '),
 ('150', 'field', '67', 'en_ie', ' one of the fundamental requirements that allows a project manager to operate as demanded of them is a high level of organization the infrastructure in place within sonica to facilitate operations surveying health and safety and many more are like none i ve come across in my career the fact that they are all great people is just a bonus '),
 ('150', 'slug', '0', 'en_ie', ' conor doyle '),
 ('150', 'title', '0', 'en_ie', ' conor doyle '),
 ('151', 'field', '69', 'en_ie', ' skeane sonica fitout com '),
 ('151', 'field', '71', 'en_ie', ''),
 ('151', 'field', '66', 'en_ie', ' as a quantity surveyor i am involved in preparing tender and contract documents including bills of quantities with the architect and or the client along with assisting in establishing a client s requirements and undertaking feasibility studies '),
 ('151', 'field', '70', 'en_ie', ' stephen keane '),
 ('151', 'field', '65', 'en_ie', ' quantity surveyor '),
 ('151', 'field', '68', 'en_ie', ' i love being part of projects from initial architect s drawings to handover of keys on the final day building lifelong relationships and friends with our clients and co workers '),
 ('151', 'field', '67', 'en_ie', ' choosing sonica is a choice that puts you at the forefront of the fitout industry within a company that has strong relationships with all major suppliers and professional teams throughout this area sonica can provide you with a proven track record and impressive portfolio that grows with every project we complete we strive to meet ambitious deadlines with cutting edge technology and designs that propel sonica to be one of the award winning leaders in the fit out industry '),
 ('151', 'slug', '0', 'en_ie', ' stephen keane '),
 ('151', 'title', '0', 'en_ie', ' stephen keane '),
 ('152', 'field', '69', 'en_ie', ' ckirwan sonica fitout com '),
 ('152', 'field', '71', 'en_ie', ''),
 ('152', 'field', '66', 'en_ie', ' as construction project manager my function is to orchestrate and execute a diverse variety of commercial fitout ventures that sonica fitout attracts in a fast paced and inviting market place my daily procedural tasks include management of site teams project quality and directing all administrative and technical workings required to fulfill each unique project endeavour '),
 ('152', 'field', '70', 'en_ie', ' colin kirwan 6 '),
 ('152', 'field', '65', 'en_ie', ' project manager '),
 ('152', 'field', '68', 'en_ie', ' i enjoy the forensic dissection and distribution of all project information required to achieve absolute completion and client satisfaction in each project i enjoy deliberating and advancing client s expectations by encouraging all team members to expect and deliver more my ultimate gratification is undraping the final product having directed and monitored it in a digital format since early materialisation i love the comradery and solidarity often experienced within our team upon completion of each project '),
 ('152', 'field', '67', 'en_ie', ' as a collective team with merged aspirations we have developed a passionate desire to incessantly enrich and improve our company to aim for absolution in fulfillment of each project and to augment client expectation by surpassing what is classically assented as client service it s this appetite and industry foresight that makes sonica fitout a great place to work and sonica a prodigious team to be a part of '),
 ('152', 'slug', '0', 'en_ie', ' colin kirwan '),
 ('152', 'title', '0', 'en_ie', ' colin kirwan '),
 ('153', 'field', '69', 'en_ie', ' mlynch sonica fitout com '),
 ('153', 'field', '71', 'en_ie', ''),
 ('153', 'field', '66', 'en_ie', ' a large part of my role is looking after the administrative activities of the company to ensure the smooth running of our office on a daily basis i also look after the accounts and work closely with our surveying team and accountants to ensure our accounts are kept fully up to date '),
 ('153', 'field', '70', 'en_ie', ' margo lynch '),
 ('153', 'field', '65', 'en_ie', ' office manager '),
 ('153', 'field', '68', 'en_ie', ' i love being part of a team and sonica gives me that working on the accounts gives me the opportunity to be involved in each project and see how it all comes together '),
 ('153', 'field', '67', 'en_ie', ' by choosing sonica you know your project is in the right hands all employees are passionate about the company and show the same drive motivation and commitment on every project no matter how big or small it is sonica has a proven track record and clients come back to us because they know they can entrust their project to us '),
 ('153', 'slug', '0', 'en_ie', ' margo lynch '),
 ('153', 'title', '0', 'en_ie', ' margo lynch '),
 ('154', 'field', '69', 'en_ie', ''),
 ('154', 'field', '71', 'en_ie', ''),
 ('154', 'field', '66', 'en_ie', ' as site manager my role is to maintain quality control procedures check and verify site reports meet and supervise subcontractor site staff and to make regular and routine safety inspections to ensure overall construction site safety l also liaise with clients and the professional team on progress reporting producing detailed weekly reports through our customised construction management applications for issue at the weekly site meetings '),
 ('154', 'field', '70', 'en_ie', ' alin buzgo '),
 ('154', 'field', '65', 'en_ie', ' site manager '),
 ('154', 'field', '68', 'en_ie', ' setting high goals at the start of each project and working hard to motivate the team around me to achieve them '),
 ('154', 'field', '67', 'en_ie', ' treating each project as unique sonica fitout develops individual plans to contribute to and meet the tailored requirements of each project and client our experienced team ensures that our clients consistently get the highest quality end product '),
 ('154', 'slug', '0', 'en_ie', ' alin buzgo '),
 ('154', 'title', '0', 'en_ie', ' alin buzgo '),
 ('155', 'field', '69', 'en_ie', ' mmchugh sonica fitout com '),
 ('155', 'field', '71', 'en_ie', ''),
 ('155', 'field', '66', 'en_ie', ' as site manager my role is to oversee all aspects includes of h s on site carrying out risk assessments issuing permits of work and attending all progress meetings with site team and subcontractors to ensure all the client needs are met my responsibility is also to take care of work implementation and quality control measures '),
 ('155', 'field', '70', 'en_ie', ' marc mc hugh '),
 ('155', 'field', '65', 'en_ie', ' site manager '),
 ('155', 'field', '68', 'en_ie', ' working with subcontractors on both large and small construction sites with tight deadlines '),
 ('155', 'field', '67', 'en_ie', ' sonica is one of the top companies in the fitout game with number of awards by choosing sonica you sign up for a high level of both standard and commitment from all members of the sonica family sonica provide the next level in fitout and will leave you with a product that will last a life time '),
 ('155', 'slug', '0', 'en_ie', ' marc mchugh '),
 ('155', 'title', '0', 'en_ie', ' marc mchugh '),
 ('156', 'field', '69', 'en_ie', ' evaltrova sonica fitout com '),
 ('156', 'field', '71', 'en_ie', ''),
 ('156', 'field', '66', 'en_ie', ' as a design lead client executive i am responsible for sonica design tasks my role involves dealing with clients and understanding their needs as well as working with the sonica team to carry out every project from cradle to grave my work demands strong creative flair with good technical knowledge and professional approach to deadlines and costs '),
 ('156', 'field', '70', 'en_ie', ' eliska valtrova '),
 ('156', 'field', '65', 'en_ie', ' design lead client executive '),
 ('156', 'field', '68', 'en_ie', ' i love working in fast paced environment i enjoy being free to develop and improve all kinds of design solutions as well as trying to meet clients expectations and to see successfully completed projects handed back into customer hands '),
 ('156', 'field', '67', 'en_ie', ' sonica is one of the fastest growing and award winning fitout company on the current market with a great team to work with on every single project professional attitude and an open minded approach to reach the top in the fitout industry make sonica stand out from the crowd '),
 ('156', 'slug', '0', 'en_ie', ' eliska valtrova '),
 ('156', 'title', '0', 'en_ie', ' eliska valtrova '),
 ('157', 'field', '69', 'en_ie', ' rargue sonica fitout com '),
 ('157', 'field', '71', 'en_ie', ''),
 ('157', 'field', '66', 'en_ie', ' as technical services manager it is my responsibility to coordinate the general and specialist services for each project due to sonica s diverse client base this can range from an office fit out to optics laboratories each new project brings its own challenge which is what keeps me going '),
 ('157', 'field', '70', 'en_ie', ' ray argue '),
 ('157', 'field', '65', 'en_ie', ' technical services manager '),
 ('157', 'field', '68', 'en_ie', ' for me it s the project review when we get into the detail of the design understanding the process flow of multi serviced designs and developing programs to delivery it on time and within budget integrating client direct specialist services and ensuring seamless cohesion to produce the clients once notional dream '),
 ('157', 'field', '67', 'en_ie', ' sonica has been built from a solid base by proven industry professionals there is a drive in this company that carries you along wanting to deliver more produce better and never stop expecting more '),
 ('157', 'slug', '0', 'en_ie', ' ray argue '),
 ('157', 'title', '0', 'en_ie', ' ray argue '),
 ('158', 'field', '69', 'en_ie', ' jdonnelly sonica fitout com ');
INSERT INTO `craft_searchindex` (`elementId`, `attribute`, `fieldId`, `locale`, `keywords`) VALUES
 ('158', 'field', '71', 'en_ie', ''),
 ('158', 'field', '66', 'en_ie', ' as site manager my role orientates around all aspects of the construction site from project planning and h s to client liaison and quality control communication to all parties is vital '),
 ('158', 'field', '70', 'en_ie', ' john donnelly '),
 ('158', 'field', '65', 'en_ie', ' site manager '),
 ('158', 'field', '68', 'en_ie', ' i love seeing how all the different trades in construction work alongside each other and help to bring the architects drawing from concept to reality '),
 ('158', 'field', '67', 'en_ie', ' what has impressed me most about sonica is the structured approach they take to run all their projects they have a simple five step process which is custom built to every one of our clients this project organisation is a pivotal reason why our clients keep coming back to us '),
 ('158', 'slug', '0', 'en_ie', ' john donnelly '),
 ('158', 'title', '0', 'en_ie', ' john donnelly '),
 ('159', 'field', '69', 'en_ie', ' yonasanya sonica fitout com '),
 ('159', 'field', '71', 'en_ie', ''),
 ('159', 'field', '66', 'en_ie', ' my role in a nutshell involves managing all costs relating to a construction project through its entire lifecycle whilst ensuring optimum return is achieved on the project i am responsible for managing multi projects and undertaking all commercial duties and contract administration as required on a project '),
 ('159', 'field', '70', 'en_ie', ' yemi onasanya '),
 ('159', 'field', '65', 'en_ie', ' quantity surveyor '),
 ('159', 'field', '68', 'en_ie', ' i enjoy the fast paced nature and project variety of the fit out market with no two projects ever the same and with its daily challenges which keeps me on my toes i enjoy the opportunity to form and cultivate new relationships with clients and project teams as well as the satisfaction to be part of project from inception right to its successful completion for the satisfaction of both the client and the organisation i represent '),
 ('159', 'field', '67', 'en_ie', ' with over 15 years in the construction industry and with varied experience across different sectors and industries i find my passion to be in the fit out industry sonica fitout provides the right avenue to make a positive and progressive contribution within a fast growing and thriving organisation i was attracted to sonica s business model its commitment to strong leadership and development and with a high order book of project it means i can further advance my career whilst doing what i genuinely enjoy and work with a great team of other like minded professionals '),
 ('159', 'slug', '0', 'en_ie', ' yemisi onasanya '),
 ('159', 'title', '0', 'en_ie', ' yemisi onasanya '),
 ('160', 'field', '69', 'en_ie', ' aforde sonica fitout com '),
 ('160', 'field', '71', 'en_ie', ''),
 ('160', 'field', '66', 'en_ie', ' as bid manager i am responsible for the preparation of bids in response to request for proposals rfps from potential clients i work with all relevant stakeholders to ensure the delivery of a successful bid '),
 ('160', 'field', '70', 'en_ie', ''),
 ('160', 'field', '65', 'en_ie', ' bid pre construction manager '),
 ('160', 'field', '68', 'en_ie', ' the fact that every project is different and every client has different expectations really interests me i really enjoy the fact that i am one of the first people to see a project design at tender stage fresh off the drawing board '),
 ('160', 'field', '67', 'en_ie', ' the opportunity to join this fast growing fit out company was a really easy decision its a fast moving and exciting environment to be in and the quality of projects are second to none '),
 ('160', 'slug', '0', 'en_ie', ' aaron forde '),
 ('160', 'title', '0', 'en_ie', ' aaron forde '),
 ('161', 'filename', '0', 'en_ie', ' alinbuzgo jpg '),
 ('161', 'extension', '0', 'en_ie', ' jpg '),
 ('161', 'kind', '0', 'en_ie', ' image '),
 ('161', 'slug', '0', 'en_ie', ' alin buzgo '),
 ('161', 'title', '0', 'en_ie', ' alin buzgo '),
 ('162', 'filename', '0', 'en_ie', ' alinbuzgo1 jpg '),
 ('162', 'extension', '0', 'en_ie', ' jpg '),
 ('162', 'kind', '0', 'en_ie', ' image '),
 ('162', 'slug', '0', 'en_ie', ' alin buzgo1 '),
 ('162', 'title', '0', 'en_ie', ' alin buzgo1 '),
 ('163', 'filename', '0', 'en_ie', ' colin kirwan 6 jpg '),
 ('163', 'extension', '0', 'en_ie', ' jpg '),
 ('163', 'kind', '0', 'en_ie', ' image '),
 ('163', 'slug', '0', 'en_ie', ' colin kirwan 6 '),
 ('163', 'title', '0', 'en_ie', ' colin kirwan 6 '),
 ('164', 'filename', '0', 'en_ie', ' colin kirwan 7 jpg '),
 ('164', 'extension', '0', 'en_ie', ' jpg '),
 ('164', 'kind', '0', 'en_ie', ' image '),
 ('164', 'slug', '0', 'en_ie', ' colin kirwan 7 '),
 ('164', 'title', '0', 'en_ie', ' colin kirwan 7 '),
 ('165', 'filename', '0', 'en_ie', ' conordoyle jpg '),
 ('165', 'extension', '0', 'en_ie', ' jpg '),
 ('165', 'kind', '0', 'en_ie', ' image '),
 ('165', 'slug', '0', 'en_ie', ' conor doyle '),
 ('165', 'title', '0', 'en_ie', ' conor doyle '),
 ('166', 'filename', '0', 'en_ie', ' conordoyle1 jpg '),
 ('166', 'extension', '0', 'en_ie', ' jpg '),
 ('166', 'kind', '0', 'en_ie', ' image '),
 ('166', 'slug', '0', 'en_ie', ' conor doyle1 '),
 ('166', 'title', '0', 'en_ie', ' conor doyle1 '),
 ('167', 'filename', '0', 'en_ie', ' declangorman jpg '),
 ('167', 'extension', '0', 'en_ie', ' jpg '),
 ('167', 'kind', '0', 'en_ie', ' image '),
 ('167', 'slug', '0', 'en_ie', ' declan gorman '),
 ('167', 'title', '0', 'en_ie', ' declan gorman '),
 ('168', 'filename', '0', 'en_ie', ' declangorman1 jpg '),
 ('168', 'extension', '0', 'en_ie', ' jpg '),
 ('168', 'kind', '0', 'en_ie', ' image '),
 ('168', 'slug', '0', 'en_ie', ' declan gorman1 '),
 ('168', 'title', '0', 'en_ie', ' declan gorman1 '),
 ('169', 'filename', '0', 'en_ie', ' donnachaneary jpg '),
 ('169', 'extension', '0', 'en_ie', ' jpg '),
 ('169', 'kind', '0', 'en_ie', ' image '),
 ('169', 'slug', '0', 'en_ie', ' donnacha neary '),
 ('169', 'title', '0', 'en_ie', ' donnacha neary '),
 ('170', 'filename', '0', 'en_ie', ' donnachaneary1 jpg '),
 ('170', 'extension', '0', 'en_ie', ' jpg '),
 ('170', 'kind', '0', 'en_ie', ' image '),
 ('170', 'slug', '0', 'en_ie', ' donnacha neary1 '),
 ('170', 'title', '0', 'en_ie', ' donnacha neary1 '),
 ('171', 'filename', '0', 'en_ie', ' dougito jpg '),
 ('171', 'extension', '0', 'en_ie', ' jpg '),
 ('171', 'kind', '0', 'en_ie', ' image '),
 ('171', 'slug', '0', 'en_ie', ' doug ito '),
 ('171', 'title', '0', 'en_ie', ' doug ito '),
 ('172', 'filename', '0', 'en_ie', ' dougito1 jpg '),
 ('172', 'extension', '0', 'en_ie', ' jpg '),
 ('172', 'kind', '0', 'en_ie', ' image '),
 ('172', 'slug', '0', 'en_ie', ' doug ito1 '),
 ('172', 'title', '0', 'en_ie', ' doug ito1 '),
 ('173', 'filename', '0', 'en_ie', ' eliskavaltrova jpg '),
 ('173', 'extension', '0', 'en_ie', ' jpg '),
 ('173', 'kind', '0', 'en_ie', ' image '),
 ('173', 'slug', '0', 'en_ie', ' eliska valtrova '),
 ('173', 'title', '0', 'en_ie', ' eliska valtrova '),
 ('174', 'filename', '0', 'en_ie', ' eliskavaltrova1 jpg '),
 ('174', 'extension', '0', 'en_ie', ' jpg '),
 ('174', 'kind', '0', 'en_ie', ' image '),
 ('174', 'slug', '0', 'en_ie', ' eliska valtrova1 '),
 ('174', 'title', '0', 'en_ie', ' eliska valtrova1 '),
 ('175', 'filename', '0', 'en_ie', ' hughward jpg '),
 ('175', 'extension', '0', 'en_ie', ' jpg '),
 ('175', 'kind', '0', 'en_ie', ' image '),
 ('175', 'slug', '0', 'en_ie', ' hugh ward ');
INSERT INTO `craft_searchindex` (`elementId`, `attribute`, `fieldId`, `locale`, `keywords`) VALUES
 ('175', 'title', '0', 'en_ie', ' hugh ward '),
 ('176', 'filename', '0', 'en_ie', ' hughward1 jpg '),
 ('176', 'extension', '0', 'en_ie', ' jpg '),
 ('176', 'kind', '0', 'en_ie', ' image '),
 ('176', 'slug', '0', 'en_ie', ' hugh ward1 '),
 ('176', 'title', '0', 'en_ie', ' hugh ward1 '),
 ('177', 'filename', '0', 'en_ie', ' johndonnelly jpg '),
 ('177', 'extension', '0', 'en_ie', ' jpg '),
 ('177', 'kind', '0', 'en_ie', ' image '),
 ('177', 'slug', '0', 'en_ie', ' john donnelly '),
 ('177', 'title', '0', 'en_ie', ' john donnelly '),
 ('178', 'filename', '0', 'en_ie', ' johndonnelly1 jpg '),
 ('178', 'extension', '0', 'en_ie', ' jpg '),
 ('178', 'kind', '0', 'en_ie', ' image '),
 ('178', 'slug', '0', 'en_ie', ' john donnelly1 '),
 ('178', 'title', '0', 'en_ie', ' john donnelly1 '),
 ('179', 'filename', '0', 'en_ie', ' marcmchugh jpg '),
 ('179', 'extension', '0', 'en_ie', ' jpg '),
 ('179', 'kind', '0', 'en_ie', ' image '),
 ('179', 'slug', '0', 'en_ie', ' marc mc hugh '),
 ('179', 'title', '0', 'en_ie', ' marc mc hugh '),
 ('180', 'filename', '0', 'en_ie', ' marcmchugh1 jpg '),
 ('180', 'extension', '0', 'en_ie', ' jpg '),
 ('180', 'kind', '0', 'en_ie', ' image '),
 ('180', 'slug', '0', 'en_ie', ' marc mc hugh1 '),
 ('180', 'title', '0', 'en_ie', ' marc mc hugh1 '),
 ('181', 'filename', '0', 'en_ie', ' margolynch jpg '),
 ('181', 'extension', '0', 'en_ie', ' jpg '),
 ('181', 'kind', '0', 'en_ie', ' image '),
 ('181', 'slug', '0', 'en_ie', ' margo lynch '),
 ('181', 'title', '0', 'en_ie', ' margo lynch '),
 ('182', 'filename', '0', 'en_ie', ' margolynch1 jpg '),
 ('182', 'extension', '0', 'en_ie', ' jpg '),
 ('182', 'kind', '0', 'en_ie', ' image '),
 ('182', 'slug', '0', 'en_ie', ' margo lynch1 '),
 ('182', 'title', '0', 'en_ie', ' margo lynch1 '),
 ('183', 'filename', '0', 'en_ie', ' mariehalpenny jpg '),
 ('183', 'extension', '0', 'en_ie', ' jpg '),
 ('183', 'kind', '0', 'en_ie', ' image '),
 ('183', 'slug', '0', 'en_ie', ' marie halpenny '),
 ('183', 'title', '0', 'en_ie', ' marie halpenny '),
 ('184', 'filename', '0', 'en_ie', ' mariehalpenny1 jpg '),
 ('184', 'extension', '0', 'en_ie', ' jpg '),
 ('184', 'kind', '0', 'en_ie', ' image '),
 ('184', 'slug', '0', 'en_ie', ' marie halpenny1 '),
 ('184', 'title', '0', 'en_ie', ' marie halpenny1 '),
 ('185', 'filename', '0', 'en_ie', ' martin brady 1 jpg '),
 ('185', 'extension', '0', 'en_ie', ' jpg '),
 ('185', 'kind', '0', 'en_ie', ' image '),
 ('185', 'slug', '0', 'en_ie', ' martin brady 1 '),
 ('185', 'title', '0', 'en_ie', ' martin brady 1 '),
 ('186', 'filename', '0', 'en_ie', ' martin brady jpg '),
 ('186', 'extension', '0', 'en_ie', ' jpg '),
 ('186', 'kind', '0', 'en_ie', ' image '),
 ('186', 'slug', '0', 'en_ie', ' martin brady '),
 ('186', 'title', '0', 'en_ie', ' martin brady '),
 ('187', 'filename', '0', 'en_ie', ' patric tuohy jpg '),
 ('187', 'extension', '0', 'en_ie', ' jpg '),
 ('187', 'kind', '0', 'en_ie', ' image '),
 ('187', 'slug', '0', 'en_ie', ' patric tuohy '),
 ('187', 'title', '0', 'en_ie', ' patric tuohy '),
 ('188', 'filename', '0', 'en_ie', ' patrik tuohy 1 jpg '),
 ('188', 'extension', '0', 'en_ie', ' jpg '),
 ('188', 'kind', '0', 'en_ie', ' image '),
 ('188', 'slug', '0', 'en_ie', ' patrik tuohy 1 '),
 ('188', 'title', '0', 'en_ie', ' patrik tuohy 1 '),
 ('189', 'filename', '0', 'en_ie', ' rayargue jpg '),
 ('189', 'extension', '0', 'en_ie', ' jpg '),
 ('189', 'kind', '0', 'en_ie', ' image '),
 ('189', 'slug', '0', 'en_ie', ' ray argue '),
 ('189', 'title', '0', 'en_ie', ' ray argue '),
 ('190', 'filename', '0', 'en_ie', ' rayargue1 jpg '),
 ('190', 'extension', '0', 'en_ie', ' jpg '),
 ('190', 'kind', '0', 'en_ie', ' image '),
 ('190', 'slug', '0', 'en_ie', ' ray argue1 '),
 ('190', 'title', '0', 'en_ie', ' ray argue1 '),
 ('191', 'filename', '0', 'en_ie', ' raymccaul jpg '),
 ('191', 'extension', '0', 'en_ie', ' jpg '),
 ('191', 'kind', '0', 'en_ie', ' image '),
 ('191', 'slug', '0', 'en_ie', ' ray mc caul '),
 ('191', 'title', '0', 'en_ie', ' ray mc caul '),
 ('192', 'filename', '0', 'en_ie', ' raymccaul1 jpg '),
 ('192', 'extension', '0', 'en_ie', ' jpg '),
 ('192', 'kind', '0', 'en_ie', ' image '),
 ('192', 'slug', '0', 'en_ie', ' ray mc caul1 '),
 ('192', 'title', '0', 'en_ie', ' ray mc caul1 '),
 ('193', 'filename', '0', 'en_ie', ' stephenkeane jpg '),
 ('193', 'extension', '0', 'en_ie', ' jpg '),
 ('193', 'kind', '0', 'en_ie', ' image '),
 ('193', 'slug', '0', 'en_ie', ' stephen keane '),
 ('193', 'title', '0', 'en_ie', ' stephen keane '),
 ('194', 'filename', '0', 'en_ie', ' stephenkeane1 jpg '),
 ('194', 'extension', '0', 'en_ie', ' jpg '),
 ('194', 'kind', '0', 'en_ie', ' image '),
 ('194', 'slug', '0', 'en_ie', ' stephen keane1 '),
 ('194', 'title', '0', 'en_ie', ' stephen keane1 '),
 ('195', 'filename', '0', 'en_ie', ' yemionasanya jpg '),
 ('195', 'extension', '0', 'en_ie', ' jpg '),
 ('195', 'kind', '0', 'en_ie', ' image '),
 ('195', 'slug', '0', 'en_ie', ' yemi onasanya ');
INSERT INTO `craft_searchindex` (`elementId`, `attribute`, `fieldId`, `locale`, `keywords`) VALUES
 ('195', 'title', '0', 'en_ie', ' yemi onasanya '),
 ('196', 'filename', '0', 'en_ie', ' yemionasanya1 jpg '),
 ('196', 'extension', '0', 'en_ie', ' jpg '),
 ('196', 'kind', '0', 'en_ie', ' image '),
 ('196', 'slug', '0', 'en_ie', ' yemi onasanya1 '),
 ('196', 'title', '0', 'en_ie', ' yemi onasanya1 '),
 ('197', 'filename', '0', 'en_ie', ' demonware 1 jpg '),
 ('197', 'extension', '0', 'en_ie', ' jpg '),
 ('197', 'kind', '0', 'en_ie', ' image '),
 ('197', 'slug', '0', 'en_ie', ' demonware 1 '),
 ('197', 'title', '0', 'en_ie', ' demonware 1 '),
 ('198', 'filename', '0', 'en_ie', ' demonware 12 jpg '),
 ('198', 'extension', '0', 'en_ie', ' jpg '),
 ('198', 'kind', '0', 'en_ie', ' image '),
 ('198', 'slug', '0', 'en_ie', ' demonware 12 '),
 ('198', 'title', '0', 'en_ie', ' demonware 12 '),
 ('199', 'filename', '0', 'en_ie', ' demonware 7 jpg '),
 ('199', 'extension', '0', 'en_ie', ' jpg '),
 ('199', 'kind', '0', 'en_ie', ' image '),
 ('199', 'slug', '0', 'en_ie', ' demonware 7 '),
 ('199', 'title', '0', 'en_ie', ' demonware 7 '),
 ('200', 'filename', '0', 'en_ie', ' demonware 13 jpg '),
 ('200', 'extension', '0', 'en_ie', ' jpg '),
 ('200', 'kind', '0', 'en_ie', ' image '),
 ('200', 'slug', '0', 'en_ie', ' demonware 13 '),
 ('200', 'title', '0', 'en_ie', ' demonware 13 '),
 ('201', 'filename', '0', 'en_ie', ' demonware_17_08_edit s jpg '),
 ('201', 'extension', '0', 'en_ie', ' jpg '),
 ('201', 'kind', '0', 'en_ie', ' image '),
 ('201', 'slug', '0', 'en_ie', ' demonware 17 08 edit s '),
 ('201', 'title', '0', 'en_ie', ' demonware 17 08 edit s '),
 ('202', 'field', '56', 'en_ie', ' citywest business campus '),
 ('202', 'field', '63', 'en_ie', ' adobe 42 '),
 ('202', 'field', '57', 'en_ie', ' adobe systems incorporated is the world leading it platform focused upon the creation of multimedia and creativity software products best known for photoshop acrobat reader and the portable document format pdf with over 50 billion adobe products opened from 2016 we relished the opportunity to deliver their new colour strident office space in dublin s citywest business campus our mandate was to take an existing vacant floor plate layout and transfigure it into a fully functional and dynamic office space the works involved the installation of all new wall partitions floor finishes internal decorations me services installations and management of client direct office furniture security and av solutions the design of the working environment was for a predominantly open plan space to allow for more collaborative interaction and employee connectivity with strategically placed workstations and cellular meeting spaces ensuring that teams retain their structure within the overall environment features of the project included a games room vaulting with animated formations and modern console equipment a combined spacious and homely canteen breakout area and a series of segmented board and meeting rooms grouped within an ostentatious catwalk the project was delivered in 10 weeks following an accelerated pre construction and mobilisation period to meet the clients rigorous occupation date achievement '),
 ('202', 'field', '58', 'en_ie', ' 900m2 '),
 ('202', 'field', '60', 'en_ie', ' 2 week pre construction10 weeks on site '),
 ('202', 'field', '59', 'en_ie', ' bespoke specialised joinery with numerous unique finishes and materialsinternational collaboration with adobe s overseas steering groupcorporate signage brand identitymanagement of client direct vend packages '),
 ('202', 'field', '64', 'en_ie', ' adobe 01 adobe 09 adobe 11 adobe 13 adobe 14 adobe 16 adobe 18 adobe 21 adobe 22 adobe 24 adobe 27 adobe 29 adobe 34 adobe 35 adobe 39 adobe 03 '),
 ('202', 'field', '61', 'en_ie', ''),
 ('202', 'field', '62', 'en_ie', ''),
 ('202', 'slug', '0', 'en_ie', ' adobe '),
 ('202', 'title', '0', 'en_ie', ' adobe '),
 ('203', 'filename', '0', 'en_ie', ' adobe 42 jpg '),
 ('203', 'extension', '0', 'en_ie', ' jpg '),
 ('203', 'kind', '0', 'en_ie', ' image '),
 ('203', 'slug', '0', 'en_ie', ' adobe 42 '),
 ('203', 'title', '0', 'en_ie', ' adobe 42 '),
 ('204', 'filename', '0', 'en_ie', ' charlemont 4 jpg '),
 ('204', 'extension', '0', 'en_ie', ' jpg '),
 ('204', 'kind', '0', 'en_ie', ' image '),
 ('204', 'slug', '0', 'en_ie', ' charlemont 4 '),
 ('204', 'title', '0', 'en_ie', ' charlemont 4 '),
 ('205', 'filename', '0', 'en_ie', ' 3 arena 10 jpg '),
 ('205', 'extension', '0', 'en_ie', ' jpg '),
 ('205', 'kind', '0', 'en_ie', ' image '),
 ('205', 'slug', '0', 'en_ie', ' 3 arena 10 '),
 ('205', 'title', '0', 'en_ie', ' 3 arena 10 '),
 ('206', 'filename', '0', 'en_ie', ' glg 04 jpg '),
 ('206', 'extension', '0', 'en_ie', ' jpg '),
 ('206', 'kind', '0', 'en_ie', ' image '),
 ('206', 'slug', '0', 'en_ie', ' glg 04 '),
 ('206', 'title', '0', 'en_ie', ' glg 04 '),
 ('207', 'filename', '0', 'en_ie', ' hubspot 4 jpg '),
 ('207', 'extension', '0', 'en_ie', ' jpg '),
 ('207', 'kind', '0', 'en_ie', ' image '),
 ('207', 'slug', '0', 'en_ie', ' hubspot 4 '),
 ('207', 'title', '0', 'en_ie', ' hubspot 4 '),
 ('208', 'filename', '0', 'en_ie', ' intercom 14 jpg '),
 ('208', 'extension', '0', 'en_ie', ' jpg '),
 ('208', 'kind', '0', 'en_ie', ' image '),
 ('208', 'slug', '0', 'en_ie', ' intercom 14 '),
 ('208', 'title', '0', 'en_ie', ' intercom 14 '),
 ('209', 'filename', '0', 'en_ie', ' intercom 21 jpg '),
 ('209', 'extension', '0', 'en_ie', ' jpg '),
 ('209', 'kind', '0', 'en_ie', ' image '),
 ('209', 'slug', '0', 'en_ie', ' intercom 21 '),
 ('209', 'title', '0', 'en_ie', ' intercom 21 '),
 ('210', 'filename', '0', 'en_ie', ' udg 2 jpg '),
 ('210', 'extension', '0', 'en_ie', ' jpg '),
 ('210', 'kind', '0', 'en_ie', ' image '),
 ('210', 'slug', '0', 'en_ie', ' udg 2 '),
 ('210', 'title', '0', 'en_ie', ' udg 2 '),
 ('211', 'filename', '0', 'en_ie', ' davy 3 jpg '),
 ('211', 'extension', '0', 'en_ie', ' jpg '),
 ('211', 'kind', '0', 'en_ie', ' image '),
 ('211', 'slug', '0', 'en_ie', ' davy 3 '),
 ('211', 'title', '0', 'en_ie', ' davy 3 '),
 ('212', 'filename', '0', 'en_ie', ' salesforce 6 jpg '),
 ('212', 'extension', '0', 'en_ie', ' jpg '),
 ('212', 'kind', '0', 'en_ie', ' image '),
 ('212', 'slug', '0', 'en_ie', ' salesforce 6 '),
 ('212', 'title', '0', 'en_ie', ' salesforce 6 '),
 ('213', 'filename', '0', 'en_ie', ' wipro 12 jpg '),
 ('213', 'extension', '0', 'en_ie', ' jpg '),
 ('213', 'kind', '0', 'en_ie', ' image '),
 ('213', 'slug', '0', 'en_ie', ' wipro 12 '),
 ('213', 'title', '0', 'en_ie', ' wipro 12 '),
 ('214', 'filename', '0', 'en_ie', ' davy 6 jpg '),
 ('214', 'extension', '0', 'en_ie', ' jpg '),
 ('214', 'kind', '0', 'en_ie', ' image ');
INSERT INTO `craft_searchindex` (`elementId`, `attribute`, `fieldId`, `locale`, `keywords`) VALUES
 ('214', 'slug', '0', 'en_ie', ' davy 6 '),
 ('214', 'title', '0', 'en_ie', ' davy 6 '),
 ('215', 'slug', '0', 'en_ie', ' settings '),
 ('215', 'title', '0', 'en_ie', ' settings '),
 ('215', 'field', '72', 'en_ie', ' test project name test project name another test project name another test project name '),
 ('216', 'filename', '0', 'en_ie', ' 100 stephens green 1 jpg '),
 ('216', 'extension', '0', 'en_ie', ' jpg '),
 ('216', 'kind', '0', 'en_ie', ' image '),
 ('216', 'slug', '0', 'en_ie', ' 100 stephens green 1 '),
 ('216', 'title', '0', 'en_ie', ' 100 stephens green 1 '),
 ('217', 'filename', '0', 'en_ie', ' 100 stephens green 24 jpg '),
 ('217', 'extension', '0', 'en_ie', ' jpg '),
 ('217', 'kind', '0', 'en_ie', ' image '),
 ('217', 'slug', '0', 'en_ie', ' 100 stephens green 24 '),
 ('217', 'title', '0', 'en_ie', ' 100 stephens green 24 '),
 ('218', 'filename', '0', 'en_ie', ' 100 stephens green 29 jpg '),
 ('218', 'extension', '0', 'en_ie', ' jpg '),
 ('218', 'kind', '0', 'en_ie', ' image '),
 ('218', 'slug', '0', 'en_ie', ' 100 stephens green 29 '),
 ('218', 'title', '0', 'en_ie', ' 100 stephens green 29 '),
 ('219', 'filename', '0', 'en_ie', ' 100 stephens green 26 jpg '),
 ('219', 'extension', '0', 'en_ie', ' jpg '),
 ('219', 'kind', '0', 'en_ie', ' image '),
 ('219', 'slug', '0', 'en_ie', ' 100 stephens green 26 '),
 ('219', 'title', '0', 'en_ie', ' 100 stephens green 26 '),
 ('220', 'filename', '0', 'en_ie', ' 100 stephens green 3 jpg '),
 ('220', 'extension', '0', 'en_ie', ' jpg '),
 ('220', 'kind', '0', 'en_ie', ' image '),
 ('220', 'slug', '0', 'en_ie', ' 100 stephens green 3 '),
 ('220', 'title', '0', 'en_ie', ' 100 stephens green 3 '),
 ('221', 'filename', '0', 'en_ie', ' 100 stephens green 6 jpg '),
 ('221', 'extension', '0', 'en_ie', ' jpg '),
 ('221', 'kind', '0', 'en_ie', ' image '),
 ('221', 'slug', '0', 'en_ie', ' 100 stephens green 6 '),
 ('221', 'title', '0', 'en_ie', ' 100 stephens green 6 '),
 ('222', 'filename', '0', 'en_ie', ' 3 arena 1 jpg '),
 ('222', 'extension', '0', 'en_ie', ' jpg '),
 ('222', 'kind', '0', 'en_ie', ' image '),
 ('222', 'slug', '0', 'en_ie', ' 3 arena 1 '),
 ('222', 'title', '0', 'en_ie', ' 3 arena 1 '),
 ('223', 'filename', '0', 'en_ie', ' 3 arena 12 jpg '),
 ('223', 'extension', '0', 'en_ie', ' jpg '),
 ('223', 'kind', '0', 'en_ie', ' image '),
 ('223', 'slug', '0', 'en_ie', ' 3 arena 12 '),
 ('223', 'title', '0', 'en_ie', ' 3 arena 12 '),
 ('224', 'filename', '0', 'en_ie', ' 3 arena 14 jpg '),
 ('224', 'extension', '0', 'en_ie', ' jpg '),
 ('224', 'kind', '0', 'en_ie', ' image '),
 ('224', 'slug', '0', 'en_ie', ' 3 arena 14 '),
 ('224', 'title', '0', 'en_ie', ' 3 arena 14 '),
 ('225', 'filename', '0', 'en_ie', ' 3 arena 15 jpg '),
 ('225', 'extension', '0', 'en_ie', ' jpg '),
 ('225', 'kind', '0', 'en_ie', ' image '),
 ('225', 'slug', '0', 'en_ie', ' 3 arena 15 '),
 ('225', 'title', '0', 'en_ie', ' 3 arena 15 '),
 ('226', 'filename', '0', 'en_ie', ' 3 arena 8 1 jpg '),
 ('226', 'extension', '0', 'en_ie', ' jpg '),
 ('226', 'kind', '0', 'en_ie', ' image '),
 ('226', 'slug', '0', 'en_ie', ' 3 arena 8 1 '),
 ('226', 'title', '0', 'en_ie', ' 3 arena 8 1 '),
 ('227', 'filename', '0', 'en_ie', ' 3 arena 8 jpg '),
 ('227', 'extension', '0', 'en_ie', ' jpg '),
 ('227', 'kind', '0', 'en_ie', ' image '),
 ('227', 'slug', '0', 'en_ie', ' 3 arena 8 '),
 ('227', 'title', '0', 'en_ie', ' 3 arena 8 '),
 ('228', 'filename', '0', 'en_ie', ' aig 1 jpg '),
 ('228', 'extension', '0', 'en_ie', ' jpg '),
 ('228', 'kind', '0', 'en_ie', ' image '),
 ('228', 'slug', '0', 'en_ie', ' aig 1 '),
 ('228', 'title', '0', 'en_ie', ' aig 1 '),
 ('229', 'filename', '0', 'en_ie', ' adobe 01 jpg '),
 ('229', 'extension', '0', 'en_ie', ' jpg '),
 ('229', 'kind', '0', 'en_ie', ' image '),
 ('229', 'slug', '0', 'en_ie', ' adobe 01 '),
 ('229', 'title', '0', 'en_ie', ' adobe 01 '),
 ('230', 'filename', '0', 'en_ie', ' adobe 03 jpg '),
 ('230', 'extension', '0', 'en_ie', ' jpg '),
 ('230', 'kind', '0', 'en_ie', ' image '),
 ('230', 'slug', '0', 'en_ie', ' adobe 03 '),
 ('230', 'title', '0', 'en_ie', ' adobe 03 '),
 ('231', 'filename', '0', 'en_ie', ' adobe 09 jpg '),
 ('231', 'extension', '0', 'en_ie', ' jpg '),
 ('231', 'kind', '0', 'en_ie', ' image '),
 ('231', 'slug', '0', 'en_ie', ' adobe 09 '),
 ('231', 'title', '0', 'en_ie', ' adobe 09 '),
 ('232', 'filename', '0', 'en_ie', ' adobe 11 jpg '),
 ('232', 'extension', '0', 'en_ie', ' jpg '),
 ('232', 'kind', '0', 'en_ie', ' image '),
 ('232', 'slug', '0', 'en_ie', ' adobe 11 '),
 ('232', 'title', '0', 'en_ie', ' adobe 11 '),
 ('233', 'filename', '0', 'en_ie', ' adobe 13 jpg '),
 ('233', 'extension', '0', 'en_ie', ' jpg '),
 ('233', 'kind', '0', 'en_ie', ' image '),
 ('233', 'slug', '0', 'en_ie', ' adobe 13 '),
 ('233', 'title', '0', 'en_ie', ' adobe 13 '),
 ('234', 'filename', '0', 'en_ie', ' adobe 14 jpg '),
 ('234', 'extension', '0', 'en_ie', ' jpg '),
 ('234', 'kind', '0', 'en_ie', ' image '),
 ('234', 'slug', '0', 'en_ie', ' adobe 14 '),
 ('234', 'title', '0', 'en_ie', ' adobe 14 ');
INSERT INTO `craft_searchindex` (`elementId`, `attribute`, `fieldId`, `locale`, `keywords`) VALUES
 ('235', 'filename', '0', 'en_ie', ' adobe 16 jpg '),
 ('235', 'extension', '0', 'en_ie', ' jpg '),
 ('235', 'kind', '0', 'en_ie', ' image '),
 ('235', 'slug', '0', 'en_ie', ' adobe 16 '),
 ('235', 'title', '0', 'en_ie', ' adobe 16 '),
 ('236', 'filename', '0', 'en_ie', ' adobe 18 jpg '),
 ('236', 'extension', '0', 'en_ie', ' jpg '),
 ('236', 'kind', '0', 'en_ie', ' image '),
 ('236', 'slug', '0', 'en_ie', ' adobe 18 '),
 ('236', 'title', '0', 'en_ie', ' adobe 18 '),
 ('237', 'filename', '0', 'en_ie', ' adobe 21 jpg '),
 ('237', 'extension', '0', 'en_ie', ' jpg '),
 ('237', 'kind', '0', 'en_ie', ' image '),
 ('237', 'slug', '0', 'en_ie', ' adobe 21 '),
 ('237', 'title', '0', 'en_ie', ' adobe 21 '),
 ('238', 'filename', '0', 'en_ie', ' adobe 22 jpg '),
 ('238', 'extension', '0', 'en_ie', ' jpg '),
 ('238', 'kind', '0', 'en_ie', ' image '),
 ('238', 'slug', '0', 'en_ie', ' adobe 22 '),
 ('238', 'title', '0', 'en_ie', ' adobe 22 '),
 ('239', 'filename', '0', 'en_ie', ' adobe 24 jpg '),
 ('239', 'extension', '0', 'en_ie', ' jpg '),
 ('239', 'kind', '0', 'en_ie', ' image '),
 ('239', 'slug', '0', 'en_ie', ' adobe 24 '),
 ('239', 'title', '0', 'en_ie', ' adobe 24 '),
 ('240', 'filename', '0', 'en_ie', ' adobe 27 jpg '),
 ('240', 'extension', '0', 'en_ie', ' jpg '),
 ('240', 'kind', '0', 'en_ie', ' image '),
 ('240', 'slug', '0', 'en_ie', ' adobe 27 '),
 ('240', 'title', '0', 'en_ie', ' adobe 27 '),
 ('241', 'filename', '0', 'en_ie', ' adobe 29 jpg '),
 ('241', 'extension', '0', 'en_ie', ' jpg '),
 ('241', 'kind', '0', 'en_ie', ' image '),
 ('241', 'slug', '0', 'en_ie', ' adobe 29 '),
 ('241', 'title', '0', 'en_ie', ' adobe 29 '),
 ('242', 'filename', '0', 'en_ie', ' adobe 34 jpg '),
 ('242', 'extension', '0', 'en_ie', ' jpg '),
 ('242', 'kind', '0', 'en_ie', ' image '),
 ('242', 'slug', '0', 'en_ie', ' adobe 34 '),
 ('242', 'title', '0', 'en_ie', ' adobe 34 '),
 ('243', 'filename', '0', 'en_ie', ' adobe 35 jpg '),
 ('243', 'extension', '0', 'en_ie', ' jpg '),
 ('243', 'kind', '0', 'en_ie', ' image '),
 ('243', 'slug', '0', 'en_ie', ' adobe 35 '),
 ('243', 'title', '0', 'en_ie', ' adobe 35 '),
 ('244', 'filename', '0', 'en_ie', ' adobe 39 jpg '),
 ('244', 'extension', '0', 'en_ie', ' jpg '),
 ('244', 'kind', '0', 'en_ie', ' image '),
 ('244', 'slug', '0', 'en_ie', ' adobe 39 '),
 ('244', 'title', '0', 'en_ie', ' adobe 39 '),
 ('245', 'filename', '0', 'en_ie', ' anya hindmarch 1 jpg '),
 ('245', 'extension', '0', 'en_ie', ' jpg '),
 ('245', 'kind', '0', 'en_ie', ' image '),
 ('245', 'slug', '0', 'en_ie', ' anya hindmarch 1 '),
 ('245', 'title', '0', 'en_ie', ' anya hindmarch 1 '),
 ('246', 'filename', '0', 'en_ie', ' anya hindmarch 2 jpg '),
 ('246', 'extension', '0', 'en_ie', ' jpg '),
 ('246', 'kind', '0', 'en_ie', ' image '),
 ('246', 'slug', '0', 'en_ie', ' anya hindmarch 2 '),
 ('246', 'title', '0', 'en_ie', ' anya hindmarch 2 '),
 ('247', 'filename', '0', 'en_ie', ' anya hindmarch 3 jpg '),
 ('247', 'extension', '0', 'en_ie', ' jpg '),
 ('247', 'kind', '0', 'en_ie', ' image '),
 ('247', 'slug', '0', 'en_ie', ' anya hindmarch 3 '),
 ('247', 'title', '0', 'en_ie', ' anya hindmarch 3 '),
 ('248', 'filename', '0', 'en_ie', ' anya hindmarch 4 jpg '),
 ('248', 'extension', '0', 'en_ie', ' jpg '),
 ('248', 'kind', '0', 'en_ie', ' image '),
 ('248', 'slug', '0', 'en_ie', ' anya hindmarch 4 '),
 ('248', 'title', '0', 'en_ie', ' anya hindmarch 4 '),
 ('249', 'filename', '0', 'en_ie', ' anya hindmarch 6 jpg '),
 ('249', 'extension', '0', 'en_ie', ' jpg '),
 ('249', 'kind', '0', 'en_ie', ' image '),
 ('249', 'slug', '0', 'en_ie', ' anya hindmarch 6 '),
 ('249', 'title', '0', 'en_ie', ' anya hindmarch 6 '),
 ('250', 'filename', '0', 'en_ie', ' anya hindmarch 7 jpg '),
 ('250', 'extension', '0', 'en_ie', ' jpg '),
 ('250', 'kind', '0', 'en_ie', ' image '),
 ('250', 'slug', '0', 'en_ie', ' anya hindmarch 7 '),
 ('250', 'title', '0', 'en_ie', ' anya hindmarch 7 ');



DROP TABLE IF EXISTS `craft_sections`;


--
-- Schema for table `craft_sections`
--
CREATE TABLE `craft_sections` (
  `id` int(11) NOT NULL AUTO_INCREMENT,
  `structureId` int(11) DEFAULT NULL,
  `name` varchar(255) COLLATE utf8_unicode_ci NOT NULL,
  `handle` varchar(255) COLLATE utf8_unicode_ci NOT NULL,
  `type` enum('single','channel','structure') COLLATE utf8_unicode_ci NOT NULL DEFAULT 'channel',
  `hasUrls` tinyint(1) unsigned NOT NULL DEFAULT '1',
  `template` varchar(500) COLLATE utf8_unicode_ci DEFAULT NULL,
  `enableVersioning` tinyint(1) unsigned NOT NULL DEFAULT '0',
  `dateCreated` datetime NOT NULL,
  `dateUpdated` datetime NOT NULL,
  `uid` char(36) COLLATE utf8_unicode_ci NOT NULL DEFAULT '0',
  PRIMARY KEY (`id`),
  UNIQUE KEY `craft_sections_name_unq_idx` (`name`),
  UNIQUE KEY `craft_sections_handle_unq_idx` (`handle`),
  KEY `craft_sections_structureId_fk` (`structureId`)
) ENGINE=InnoDB AUTO_INCREMENT=19 DEFAULT CHARSET=utf8 COLLATE=utf8_unicode_ci;

--
-- Data for table `craft_sections`
--

INSERT INTO `craft_sections` (`id`, `structureId`, `name`, `handle`, `type`, `hasUrls`, `template`, `enableVersioning`, `dateCreated`, `dateUpdated`, `uid`) VALUES
 ('16', '9', 'Case Studies', 'caseStudies', 'structure', '1', 'case-studies/_entry', '1', '2018-02-15 17:36:14', '2018-02-15 17:36:14', '08b805f2-5b25-4caf-8507-18ca143c6fb4'),
 ('17', '10', 'Team', 'team', 'structure', '1', 'team/_entry', '1', '2018-02-15 17:36:26', '2018-02-15 17:36:26', 'f57118ca-9dc3-4568-89a5-a9b1e59dbaab'),
 ('18', NULL, 'Settings', 'settings', 'single', '1', 'settings', '1', '2018-02-25 23:06:59', '2018-02-25 23:55:47', 'c1efeb08-413a-4e64-a270-b6d0b7d31ebd');



DROP TABLE IF EXISTS `craft_sections_i18n`;


--
-- Schema for table `craft_sections_i18n`
--
CREATE TABLE `craft_sections_i18n` (
  `id` int(11) NOT NULL AUTO_INCREMENT,
  `sectionId` int(11) NOT NULL,
  `locale` char(12) COLLATE utf8_unicode_ci NOT NULL,
  `enabledByDefault` tinyint(1) unsigned NOT NULL DEFAULT '1',
  `urlFormat` text COLLATE utf8_unicode_ci,
  `nestedUrlFormat` text COLLATE utf8_unicode_ci,
  `dateCreated` datetime NOT NULL,
  `dateUpdated` datetime NOT NULL,
  `uid` char(36) COLLATE utf8_unicode_ci NOT NULL DEFAULT '0',
  PRIMARY KEY (`id`),
  UNIQUE KEY `craft_sections_i18n_sectionId_locale_unq_idx` (`sectionId`,`locale`),
  KEY `craft_sections_i18n_locale_fk` (`locale`)
) ENGINE=InnoDB AUTO_INCREMENT=19 DEFAULT CHARSET=utf8 COLLATE=utf8_unicode_ci;

--
-- Data for table `craft_sections_i18n`
--

INSERT INTO `craft_sections_i18n` (`id`, `sectionId`, `locale`, `enabledByDefault`, `urlFormat`, `nestedUrlFormat`, `dateCreated`, `dateUpdated`, `uid`) VALUES
 ('16', '16', 'en_ie', '1', 'case-studies/{slug}', '{parent.uri}/{slug}', '2018-02-15 17:36:14', '2018-02-15 17:36:14', '8fdbcc3b-655b-404b-8157-3b142c0fc02a'),
 ('17', '17', 'en_ie', '1', 'team/{slug}', '{parent.uri}/{slug}', '2018-02-15 17:36:26', '2018-02-15 17:36:26', 'f3dcf3ee-76c6-4001-9ad5-01fdcb641156'),
 ('18', '18', 'en_ie', '1', 'settings', NULL, '2018-02-25 23:06:59', '2018-02-25 23:55:47', '349cbb09-d8bb-4018-b737-92c96c9eb983');



DROP TABLE IF EXISTS `craft_seomatic_meta`;


--
-- Schema for table `craft_seomatic_meta`
--
CREATE TABLE `craft_seomatic_meta` (
  `id` int(11) NOT NULL,
  `seoImageId` int(11) DEFAULT NULL,
  `seoTwitterImageId` int(11) DEFAULT NULL,
  `seoFacebookImageId` int(11) DEFAULT NULL,
  `locale` varchar(255) COLLATE utf8_unicode_ci DEFAULT 'en_ie',
  `elementId` int(10) DEFAULT '0',
  `metaType` enum('default','template') COLLATE utf8_unicode_ci DEFAULT 'template',
  `metaPath` varchar(255) COLLATE utf8_unicode_ci DEFAULT '',
  `seoMainEntityCategory` varchar(255) COLLATE utf8_unicode_ci DEFAULT '',
  `seoMainEntityOfPage` varchar(255) COLLATE utf8_unicode_ci DEFAULT '',
  `seoTitle` varchar(255) COLLATE utf8_unicode_ci DEFAULT '',
  `seoDescription` varchar(255) COLLATE utf8_unicode_ci DEFAULT '',
  `seoKeywords` varchar(255) COLLATE utf8_unicode_ci DEFAULT '',
  `seoImageTransform` varchar(255) COLLATE utf8_unicode_ci DEFAULT '',
  `seoFacebookImageTransform` varchar(255) COLLATE utf8_unicode_ci DEFAULT '',
  `seoTwitterImageTransform` varchar(255) COLLATE utf8_unicode_ci DEFAULT '',
  `twitterCardType` varchar(255) COLLATE utf8_unicode_ci DEFAULT 'summary',
  `openGraphType` varchar(255) COLLATE utf8_unicode_ci DEFAULT 'website',
  `robots` varchar(255) COLLATE utf8_unicode_ci DEFAULT '',
  `dateCreated` datetime NOT NULL,
  `dateUpdated` datetime NOT NULL,
  `uid` char(36) COLLATE utf8_unicode_ci NOT NULL DEFAULT '0',
  PRIMARY KEY (`id`),
  KEY `craft_seomatic_meta_seoImageId_fk` (`seoImageId`),
  KEY `craft_seomatic_meta_seoTwitterImageId_fk` (`seoTwitterImageId`),
  KEY `craft_seomatic_meta_seoFacebookImageId_fk` (`seoFacebookImageId`)
) ENGINE=InnoDB DEFAULT CHARSET=utf8 COLLATE=utf8_unicode_ci;

DROP TABLE IF EXISTS `craft_seomatic_settings`;


--
-- Schema for table `craft_seomatic_settings`
--
CREATE TABLE `craft_seomatic_settings` (
  `id` int(11) NOT NULL AUTO_INCREMENT,
  `siteSeoImageId` int(11) DEFAULT NULL,
  `siteSeoTwitterImageId` int(11) DEFAULT NULL,
  `siteSeoFacebookImageId` int(11) DEFAULT NULL,
  `genericOwnerImageId` int(11) DEFAULT NULL,
  `genericCreatorImageId` int(11) DEFAULT NULL,
  `locale` varchar(255) COLLATE utf8_unicode_ci DEFAULT '',
  `siteSeoName` varchar(255) COLLATE utf8_unicode_ci DEFAULT '',
  `siteSeoTitle` varchar(255) COLLATE utf8_unicode_ci DEFAULT '',
  `siteSeoTitleSeparator` varchar(10) COLLATE utf8_unicode_ci DEFAULT '|',
  `siteSeoTitlePlacement` enum('before','after','none') COLLATE utf8_unicode_ci DEFAULT 'after',
  `siteSeoDescription` varchar(255) COLLATE utf8_unicode_ci DEFAULT '',
  `siteSeoKeywords` varchar(255) COLLATE utf8_unicode_ci DEFAULT '',
  `siteSeoImageTransform` varchar(100) COLLATE utf8_unicode_ci DEFAULT '',
  `siteSeoFacebookImageTransform` varchar(100) COLLATE utf8_unicode_ci DEFAULT '',
  `siteSeoTwitterImageTransform` varchar(100) COLLATE utf8_unicode_ci DEFAULT '',
  `siteTwitterCardType` varchar(50) COLLATE utf8_unicode_ci DEFAULT '',
  `siteOpenGraphType` varchar(50) COLLATE utf8_unicode_ci DEFAULT '',
  `siteRobots` varchar(50) COLLATE utf8_unicode_ci DEFAULT '',
  `siteRobotsTxt` text COLLATE utf8_unicode_ci,
  `siteLinksSearchTargets` text COLLATE utf8_unicode_ci,
  `siteLinksQueryInput` varchar(50) COLLATE utf8_unicode_ci DEFAULT '',
  `googleSiteVerification` varchar(100) COLLATE utf8_unicode_ci DEFAULT '',
  `bingSiteVerification` varchar(100) COLLATE utf8_unicode_ci DEFAULT '',
  `googleAnalyticsUID` varchar(50) COLLATE utf8_unicode_ci DEFAULT '',
  `googleTagManagerID` varchar(50) COLLATE utf8_unicode_ci DEFAULT '',
  `googleAnalyticsSendPageview` tinyint(1) unsigned NOT NULL DEFAULT '1',
  `googleAnalyticsAdvertising` tinyint(1) unsigned NOT NULL DEFAULT '0',
  `googleAnalyticsEcommerce` tinyint(1) unsigned NOT NULL DEFAULT '0',
  `googleAnalyticsEEcommerce` tinyint(1) unsigned NOT NULL DEFAULT '0',
  `googleAnalyticsLinkAttribution` tinyint(1) unsigned NOT NULL DEFAULT '0',
  `googleAnalyticsLinker` tinyint(1) unsigned NOT NULL DEFAULT '0',
  `googleAnalyticsAnonymizeIp` tinyint(1) unsigned NOT NULL DEFAULT '0',
  `siteOwnerType` varchar(50) COLLATE utf8_unicode_ci DEFAULT '',
  `siteOwnerSubType` varchar(50) COLLATE utf8_unicode_ci DEFAULT '',
  `siteOwnerSpecificType` varchar(50) COLLATE utf8_unicode_ci DEFAULT '',
  `genericOwnerName` varchar(255) COLLATE utf8_unicode_ci DEFAULT '',
  `genericOwnerAlternateName` varchar(255) COLLATE utf8_unicode_ci DEFAULT '',
  `genericOwnerDescription` varchar(1024) COLLATE utf8_unicode_ci DEFAULT '',
  `genericOwnerUrl` varchar(255) COLLATE utf8_unicode_ci DEFAULT '',
  `genericOwnerTelephone` varchar(255) COLLATE utf8_unicode_ci DEFAULT '',
  `genericOwnerEmail` varchar(255) COLLATE utf8_unicode_ci DEFAULT '',
  `genericOwnerStreetAddress` varchar(255) COLLATE utf8_unicode_ci DEFAULT '',
  `genericOwnerAddressLocality` varchar(255) COLLATE utf8_unicode_ci DEFAULT '',
  `genericOwnerAddressRegion` varchar(255) COLLATE utf8_unicode_ci DEFAULT '',
  `genericOwnerPostalCode` varchar(255) COLLATE utf8_unicode_ci DEFAULT '',
  `genericOwnerAddressCountry` varchar(255) COLLATE utf8_unicode_ci DEFAULT '',
  `genericOwnerGeoLatitude` varchar(255) COLLATE utf8_unicode_ci DEFAULT '',
  `genericOwnerGeoLongitude` varchar(255) COLLATE utf8_unicode_ci DEFAULT '',
  `organizationOwnerDuns` varchar(255) COLLATE utf8_unicode_ci DEFAULT '',
  `organizationOwnerFounder` varchar(255) COLLATE utf8_unicode_ci DEFAULT '',
  `organizationOwnerFoundingDate` varchar(255) COLLATE utf8_unicode_ci DEFAULT '',
  `organizationOwnerFoundingLocation` varchar(255) COLLATE utf8_unicode_ci DEFAULT '',
  `organizationOwnerContactPoints` text COLLATE utf8_unicode_ci,
  `localBusinessPriceRange` varchar(10) COLLATE utf8_unicode_ci DEFAULT '$$$',
  `localBusinessOwnerOpeningHours` text COLLATE utf8_unicode_ci,
  `corporationOwnerTickerSymbol` varchar(255) COLLATE utf8_unicode_ci DEFAULT '',
  `restaurantOwnerServesCuisine` varchar(255) COLLATE utf8_unicode_ci DEFAULT '',
  `restaurantOwnerMenuUrl` varchar(255) COLLATE utf8_unicode_ci DEFAULT '',
  `restaurantOwnerReservationsUrl` varchar(255) COLLATE utf8_unicode_ci DEFAULT '',
  `personOwnerGender` varchar(255) COLLATE utf8_unicode_ci DEFAULT '',
  `personOwnerBirthPlace` varchar(255) COLLATE utf8_unicode_ci DEFAULT '',
  `twitterHandle` varchar(50) COLLATE utf8_unicode_ci DEFAULT '',
  `facebookHandle` varchar(50) COLLATE utf8_unicode_ci DEFAULT '',
  `facebookProfileId` varchar(50) COLLATE utf8_unicode_ci DEFAULT '',
  `facebookAppId` varchar(50) COLLATE utf8_unicode_ci DEFAULT '',
  `linkedInHandle` varchar(50) COLLATE utf8_unicode_ci DEFAULT '',
  `googlePlusHandle` varchar(50) COLLATE utf8_unicode_ci DEFAULT '',
  `youtubeHandle` varchar(50) COLLATE utf8_unicode_ci DEFAULT '',
  `youtubeChannelHandle` varchar(50) COLLATE utf8_unicode_ci DEFAULT '',
  `instagramHandle` varchar(50) COLLATE utf8_unicode_ci DEFAULT '',
  `pinterestHandle` varchar(50) COLLATE utf8_unicode_ci DEFAULT '',
  `githubHandle` varchar(50) COLLATE utf8_unicode_ci DEFAULT '',
  `vimeoHandle` varchar(50) COLLATE utf8_unicode_ci DEFAULT '',
  `wikipediaUrl` varchar(100) COLLATE utf8_unicode_ci DEFAULT '',
  `siteCreatorType` varchar(255) COLLATE utf8_unicode_ci DEFAULT '',
  `siteCreatorSubType` varchar(255) COLLATE utf8_unicode_ci DEFAULT '',
  `siteCreatorSpecificType` varchar(255) COLLATE utf8_unicode_ci DEFAULT '',
  `genericCreatorName` varchar(255) COLLATE utf8_unicode_ci DEFAULT '',
  `genericCreatorAlternateName` varchar(255) COLLATE utf8_unicode_ci DEFAULT '',
  `genericCreatorDescription` varchar(1024) COLLATE utf8_unicode_ci DEFAULT '',
  `genericCreatorUrl` varchar(255) COLLATE utf8_unicode_ci DEFAULT '',
  `genericCreatorTelephone` varchar(255) COLLATE utf8_unicode_ci DEFAULT '',
  `genericCreatorEmail` varchar(255) COLLATE utf8_unicode_ci DEFAULT '',
  `genericCreatorStreetAddress` varchar(255) COLLATE utf8_unicode_ci DEFAULT '',
  `genericCreatorAddressLocality` varchar(255) COLLATE utf8_unicode_ci DEFAULT '',
  `genericCreatorAddressRegion` varchar(255) COLLATE utf8_unicode_ci DEFAULT '',
  `genericCreatorPostalCode` varchar(255) COLLATE utf8_unicode_ci DEFAULT '',
  `genericCreatorAddressCountry` varchar(255) COLLATE utf8_unicode_ci DEFAULT '',
  `genericCreatorGeoLatitude` varchar(255) COLLATE utf8_unicode_ci DEFAULT '',
  `genericCreatorGeoLongitude` varchar(255) COLLATE utf8_unicode_ci DEFAULT '',
  `organizationCreatorDuns` varchar(255) COLLATE utf8_unicode_ci DEFAULT '',
  `organizationCreatorFounder` varchar(255) COLLATE utf8_unicode_ci DEFAULT '',
  `organizationCreatorFoundingDate` varchar(255) COLLATE utf8_unicode_ci DEFAULT '',
  `organizationCreatorFoundingLocation` varchar(255) COLLATE utf8_unicode_ci DEFAULT '',
  `organizationCreatorContactPoints` text COLLATE utf8_unicode_ci,
  `localBusinessCreatorOpeningHours` text COLLATE utf8_unicode_ci,
  `corporationCreatorTickerSymbol` varchar(255) COLLATE utf8_unicode_ci DEFAULT '',
  `restaurantCreatorServesCuisine` varchar(255) COLLATE utf8_unicode_ci DEFAULT '',
  `restaurantCreatorMenuUrl` varchar(255) COLLATE utf8_unicode_ci DEFAULT '',
  `restaurantCreatorReservationsUrl` varchar(255) COLLATE utf8_unicode_ci DEFAULT '',
  `personCreatorGender` varchar(255) COLLATE utf8_unicode_ci DEFAULT '',
  `personCreatorBirthPlace` varchar(255) COLLATE utf8_unicode_ci DEFAULT '',
  `genericCreatorHumansTxt` text COLLATE utf8_unicode_ci,
  `dateCreated` datetime NOT NULL,
  `dateUpdated` datetime NOT NULL,
  `uid` char(36) COLLATE utf8_unicode_ci NOT NULL DEFAULT '0',
  PRIMARY KEY (`id`),
  KEY `craft_seomatic_settings_siteSeoImageId_fk` (`siteSeoImageId`),
  KEY `craft_seomatic_settings_siteSeoTwitterImageId_fk` (`siteSeoTwitterImageId`),
  KEY `craft_seomatic_settings_siteSeoFacebookImageId_fk` (`siteSeoFacebookImageId`),
  KEY `craft_seomatic_settings_genericOwnerImageId_fk` (`genericOwnerImageId`),
  KEY `craft_seomatic_settings_genericCreatorImageId_fk` (`genericCreatorImageId`)
) ENGINE=InnoDB AUTO_INCREMENT=2 DEFAULT CHARSET=utf8 COLLATE=utf8_unicode_ci;

--
-- Data for table `craft_seomatic_settings`
--

INSERT INTO `craft_seomatic_settings` (`id`, `siteSeoImageId`, `siteSeoTwitterImageId`, `siteSeoFacebookImageId`, `genericOwnerImageId`, `genericCreatorImageId`, `locale`, `siteSeoName`, `siteSeoTitle`, `siteSeoTitleSeparator`, `siteSeoTitlePlacement`, `siteSeoDescription`, `siteSeoKeywords`, `siteSeoImageTransform`, `siteSeoFacebookImageTransform`, `siteSeoTwitterImageTransform`, `siteTwitterCardType`, `siteOpenGraphType`, `siteRobots`, `siteRobotsTxt`, `siteLinksSearchTargets`, `siteLinksQueryInput`, `googleSiteVerification`, `bingSiteVerification`, `googleAnalyticsUID`, `googleTagManagerID`, `googleAnalyticsSendPageview`, `googleAnalyticsAdvertising`, `googleAnalyticsEcommerce`, `googleAnalyticsEEcommerce`, `googleAnalyticsLinkAttribution`, `googleAnalyticsLinker`, `googleAnalyticsAnonymizeIp`, `siteOwnerType`, `siteOwnerSubType`, `siteOwnerSpecificType`, `genericOwnerName`, `genericOwnerAlternateName`, `genericOwnerDescription`, `genericOwnerUrl`, `genericOwnerTelephone`, `genericOwnerEmail`, `genericOwnerStreetAddress`, `genericOwnerAddressLocality`, `genericOwnerAddressRegion`, `genericOwnerPostalCode`, `genericOwnerAddressCountry`, `genericOwnerGeoLatitude`, `genericOwnerGeoLongitude`, `organizationOwnerDuns`, `organizationOwnerFounder`, `organizationOwnerFoundingDate`, `organizationOwnerFoundingLocation`, `organizationOwnerContactPoints`, `localBusinessPriceRange`, `localBusinessOwnerOpeningHours`, `corporationOwnerTickerSymbol`, `restaurantOwnerServesCuisine`, `restaurantOwnerMenuUrl`, `restaurantOwnerReservationsUrl`, `personOwnerGender`, `personOwnerBirthPlace`, `twitterHandle`, `facebookHandle`, `facebookProfileId`, `facebookAppId`, `linkedInHandle`, `googlePlusHandle`, `youtubeHandle`, `youtubeChannelHandle`, `instagramHandle`, `pinterestHandle`, `githubHandle`, `vimeoHandle`, `wikipediaUrl`, `siteCreatorType`, `siteCreatorSubType`, `siteCreatorSpecificType`, `genericCreatorName`, `genericCreatorAlternateName`, `genericCreatorDescription`, `genericCreatorUrl`, `genericCreatorTelephone`, `genericCreatorEmail`, `genericCreatorStreetAddress`, `genericCreatorAddressLocality`, `genericCreatorAddressRegion`, `genericCreatorPostalCode`, `genericCreatorAddressCountry`, `genericCreatorGeoLatitude`, `genericCreatorGeoLongitude`, `organizationCreatorDuns`, `organizationCreatorFounder`, `organizationCreatorFoundingDate`, `organizationCreatorFoundingLocation`, `organizationCreatorContactPoints`, `localBusinessCreatorOpeningHours`, `corporationCreatorTickerSymbol`, `restaurantCreatorServesCuisine`, `restaurantCreatorMenuUrl`, `restaurantCreatorReservationsUrl`, `personCreatorGender`, `personCreatorBirthPlace`, `genericCreatorHumansTxt`, `dateCreated`, `dateUpdated`, `uid`) VALUES
 ('1', NULL, NULL, NULL, NULL, NULL, 'en_ie', 'Sonica', 'Expect More', '·', 'after', '', '', '', '', '', 'summary', 'website', '', '# robots.txt for {{ siteUrl }}\r\n# For a multi-environment setup, see: https://nystudio107.com/blog/prevent-google-from-indexing-staging-sites\r\n\r\nSitemap: {{ siteUrl |trim(\'/\') }}/sitemap.xml\r\n\r\n{% if craft.config.devMode %}\r\n# devMode - disallow all\r\n\r\nUser-agent: *\r\nDisallow: /\r\n{% else %}\r\n# Live - Don\'t allow web crawlers to index Craft\r\n\r\nUser-agent: *\r\nDisallow: /craft/\r\n{% endif %}', '[]', '', '', '', '', '', '1', '0', '0', '0', '0', '0', '0', 'Organization', 'Corporation', '', '', '', '', '', '', '', '', '', '', '', '', '', '', '', '', '', '', '[]', '$$$', '[{\"open\":\"\",\"close\":\"\"},{\"open\":\"\",\"close\":\"\"},{\"open\":\"\",\"close\":\"\"},{\"open\":\"\",\"close\":\"\"},{\"open\":\"\",\"close\":\"\"},{\"open\":\"\",\"close\":\"\"},{\"open\":\"\",\"close\":\"\"}]', '', '', '', '', 'Male', '', '', '', '', '', '', '', '', '', '', '', '', '', '', 'Organization', 'Corporation', '', '', '', '', '', '', '', '', '', '', '', '', '', '', '', '', '', '', '', '', '', '', '', '', '', '', '/* TEAM */\n\n{% if seomaticCreator.name is defined and seomaticCreator.name %}\nCreator: {{ seomaticCreator.name }}\n{% endif %}\n{% if seomaticCreator.url is defined and seomaticCreator.url %}\nURL: {{ seomaticCreator.url }}\n{% endif %}\n{% if seomaticCreator.description is defined and seomaticCreator.description %}\nDescription: {{ seomaticCreator.description }}\n{% endif %}\n\n/* THANKS */\n\nPixel & Tonic - https://pixelandtonic.com\n\n/* SITE */\n\nStandards: HTML5, CSS3\nComponents: Craft CMS, Yii, PHP, Javascript, SEOmatic', '2017-10-13 13:41:30', '2018-02-15 17:13:50', '2e88e946-54cb-40d9-9d6f-f87570cd8334');



DROP TABLE IF EXISTS `craft_sessions`;


--
-- Schema for table `craft_sessions`
--
CREATE TABLE `craft_sessions` (
  `id` int(11) NOT NULL AUTO_INCREMENT,
  `userId` int(11) NOT NULL,
  `token` char(100) COLLATE utf8_unicode_ci NOT NULL,
  `dateCreated` datetime NOT NULL,
  `dateUpdated` datetime NOT NULL,
  `uid` char(36) COLLATE utf8_unicode_ci NOT NULL DEFAULT '0',
  PRIMARY KEY (`id`),
  KEY `craft_sessions_uid_idx` (`uid`),
  KEY `craft_sessions_token_idx` (`token`),
  KEY `craft_sessions_dateUpdated_idx` (`dateUpdated`),
  KEY `craft_sessions_userId_fk` (`userId`)
) ENGINE=InnoDB AUTO_INCREMENT=8 DEFAULT CHARSET=utf8 COLLATE=utf8_unicode_ci;

DROP TABLE IF EXISTS `craft_shunnedmessages`;


--
-- Schema for table `craft_shunnedmessages`
--
CREATE TABLE `craft_shunnedmessages` (
  `id` int(11) NOT NULL AUTO_INCREMENT,
  `userId` int(11) NOT NULL,
  `message` varchar(255) COLLATE utf8_unicode_ci NOT NULL,
  `expiryDate` datetime DEFAULT NULL,
  `dateCreated` datetime NOT NULL,
  `dateUpdated` datetime NOT NULL,
  `uid` char(36) COLLATE utf8_unicode_ci NOT NULL DEFAULT '0',
  PRIMARY KEY (`id`),
  UNIQUE KEY `craft_shunnedmessages_userId_message_unq_idx` (`userId`,`message`)
) ENGINE=InnoDB DEFAULT CHARSET=utf8 COLLATE=utf8_unicode_ci;

DROP TABLE IF EXISTS `craft_structureelements`;


--
-- Schema for table `craft_structureelements`
--
CREATE TABLE `craft_structureelements` (
  `id` int(11) NOT NULL AUTO_INCREMENT,
  `structureId` int(11) NOT NULL,
  `elementId` int(11) DEFAULT NULL,
  `root` int(11) unsigned DEFAULT NULL,
  `lft` int(11) unsigned NOT NULL,
  `rgt` int(11) unsigned NOT NULL,
  `level` smallint(6) unsigned NOT NULL,
  `dateCreated` datetime NOT NULL,
  `dateUpdated` datetime NOT NULL,
  `uid` char(36) COLLATE utf8_unicode_ci NOT NULL DEFAULT '0',
  PRIMARY KEY (`id`),
  UNIQUE KEY `craft_structureelements_structureId_elementId_unq_idx` (`structureId`,`elementId`),
  KEY `craft_structureelements_root_idx` (`root`),
  KEY `craft_structureelements_lft_idx` (`lft`),
  KEY `craft_structureelements_rgt_idx` (`rgt`),
  KEY `craft_structureelements_level_idx` (`level`),
  KEY `craft_structureelements_elementId_fk` (`elementId`)
) ENGINE=InnoDB AUTO_INCREMENT=104 DEFAULT CHARSET=utf8 COLLATE=utf8_unicode_ci;

--
-- Data for table `craft_structureelements`
--

INSERT INTO `craft_structureelements` (`id`, `structureId`, `elementId`, `root`, `lft`, `rgt`, `level`, `dateCreated`, `dateUpdated`, `uid`) VALUES
 ('43', '9', NULL, '43', '1', '84', '0', '2018-02-15 17:44:20', '2018-02-15 17:44:20', 'ac1e1ef7-ada0-4b6c-8884-d184b422c1e7'),
 ('44', '9', '102', '43', '4', '5', '1', '2018-02-15 17:44:20', '2018-02-15 17:44:20', '4df2b2e4-f022-4027-8462-19474c174a2d'),
 ('45', '9', '103', '43', '6', '7', '1', '2018-02-15 17:44:20', '2018-02-15 17:44:20', 'e3ce32b7-01e0-4102-9dd2-aba2092e6124'),
 ('46', '9', '104', '43', '8', '9', '1', '2018-02-15 17:44:20', '2018-02-15 17:44:20', '98e601dc-bb01-4c9f-8264-74d8ec33ffc8'),
 ('47', '9', '105', '43', '10', '11', '1', '2018-02-15 17:44:20', '2018-02-15 17:44:20', '29f11e24-1260-4b8c-97f5-d7f614b76747'),
 ('48', '9', '106', '43', '12', '13', '1', '2018-02-15 17:44:20', '2018-02-15 17:44:20', 'e17d1ba0-b9ee-4ea3-bdee-3be0ac2f576d'),
 ('49', '9', '107', '43', '14', '15', '1', '2018-02-15 17:44:20', '2018-02-15 17:44:20', '16bfb4f8-4846-4a9b-8a02-d6b797b1b913'),
 ('50', '9', '108', '43', '16', '17', '1', '2018-02-15 17:44:20', '2018-02-15 17:44:20', 'b78706cd-f467-4787-ac98-e9bf1c83a78e'),
 ('51', '9', '109', '43', '18', '19', '1', '2018-02-15 17:44:20', '2018-02-15 17:44:20', 'a00ffa39-55ef-403f-a38e-d16053246dec'),
 ('52', '9', '110', '43', '20', '21', '1', '2018-02-15 17:44:21', '2018-02-15 17:44:21', 'bb1b1e51-6208-436a-8258-64b0310f2dbf'),
 ('53', '9', '111', '43', '22', '23', '1', '2018-02-15 17:44:21', '2018-02-15 17:44:21', '81e02ca6-7a83-4a6e-b149-47e60dfdf851'),
 ('54', '9', '112', '43', '24', '25', '1', '2018-02-15 17:44:21', '2018-02-15 17:44:21', '613eeb99-3e3f-4b4b-b137-0770d01412a0'),
 ('55', '9', '113', '43', '26', '27', '1', '2018-02-15 17:44:21', '2018-02-15 17:44:21', '82c41660-760e-4dd2-afde-7e1e73dbcdfe'),
 ('56', '9', '114', '43', '28', '29', '1', '2018-02-15 17:44:21', '2018-02-15 17:44:21', 'ce71bced-3d47-4997-b5b0-76a778bf81ef'),
 ('57', '9', '115', '43', '30', '31', '1', '2018-02-15 17:44:21', '2018-02-15 17:44:21', '7116374f-92d2-4b39-9a9b-5f780e1110f8'),
 ('58', '9', '116', '43', '32', '33', '1', '2018-02-15 17:44:21', '2018-02-15 17:44:21', '7d7c7b9f-fde0-4315-8e48-67de7c59cac7'),
 ('59', '9', '117', '43', '34', '35', '1', '2018-02-15 17:44:21', '2018-02-15 17:44:21', 'bd5363c9-6671-4b41-bc3f-1831e8dc849d'),
 ('60', '9', '118', '43', '36', '37', '1', '2018-02-15 17:44:21', '2018-02-15 17:44:21', '68d533e7-160a-4385-961a-c8a99b962e4d'),
 ('61', '9', '119', '43', '38', '39', '1', '2018-02-15 17:44:21', '2018-02-15 17:44:21', 'afda6e7a-1248-4060-aeba-9fcbc652dda0'),
 ('62', '9', '120', '43', '40', '41', '1', '2018-02-15 17:44:21', '2018-02-15 17:44:21', 'ef2a989c-51d9-438f-934e-40809f8e5bc0'),
 ('63', '9', '121', '43', '42', '43', '1', '2018-02-15 17:44:21', '2018-02-15 17:44:21', '6fb80fc4-7b70-4bcb-a099-d92e2f2dd3a6'),
 ('64', '9', '122', '43', '44', '45', '1', '2018-02-15 17:44:21', '2018-02-15 17:44:21', 'c74adc7a-ed9d-4db8-86ea-9b1570817e18'),
 ('65', '9', '123', '43', '46', '47', '1', '2018-02-15 17:44:21', '2018-02-15 17:44:21', 'aaa79e57-b054-43a3-a168-4cb01cf38dad'),
 ('66', '9', '124', '43', '48', '49', '1', '2018-02-15 17:44:22', '2018-02-15 17:44:22', '58020f87-4a52-472a-9eb2-25398ccfc1ef'),
 ('67', '9', '125', '43', '50', '51', '1', '2018-02-15 17:44:22', '2018-02-15 17:44:22', '24defaaf-e115-4ab4-9fa1-c4dd209e941b'),
 ('68', '9', '126', '43', '52', '53', '1', '2018-02-15 17:44:22', '2018-02-15 17:44:22', '7ebb0ea6-6ef8-45bd-9be9-9dd95cee24e5'),
 ('69', '9', '127', '43', '54', '55', '1', '2018-02-15 17:44:22', '2018-02-15 17:44:22', 'dcaa33e5-e7e6-4c87-9753-38085d831475'),
 ('70', '9', '128', '43', '56', '57', '1', '2018-02-15 17:44:22', '2018-02-15 17:44:22', '60380528-124a-4306-bac8-f1512201e874'),
 ('71', '9', '129', '43', '58', '59', '1', '2018-02-15 17:44:22', '2018-02-15 17:44:22', '33ad455c-3d07-4bea-80ff-8b0fc5b3a9d2'),
 ('72', '9', '130', '43', '60', '61', '1', '2018-02-15 17:44:22', '2018-02-15 17:44:22', '7c4a2405-4ab1-467c-a2e7-b06b74dadaa1'),
 ('73', '9', '131', '43', '62', '63', '1', '2018-02-15 17:44:22', '2018-02-15 17:44:22', '9aa77d3a-7669-4622-9333-7460796cfe90'),
 ('74', '9', '132', '43', '64', '65', '1', '2018-02-15 17:44:22', '2018-02-15 17:44:22', 'b9c1e90e-028e-479d-8d1f-a0ff1fd7b727'),
 ('75', '9', '133', '43', '66', '67', '1', '2018-02-15 17:44:22', '2018-02-15 17:44:22', 'acc83c45-ced1-4ee3-a5e6-74169e63536e'),
 ('76', '9', '134', '43', '68', '69', '1', '2018-02-15 17:44:22', '2018-02-15 17:44:22', '691d1608-f855-4a62-a0a4-6080848d12a8'),
 ('77', '9', '135', '43', '70', '71', '1', '2018-02-15 17:44:22', '2018-02-15 17:44:22', '8149429d-9b86-4a88-b461-3879f3c67998'),
 ('78', '9', '136', '43', '72', '73', '1', '2018-02-15 17:44:22', '2018-02-15 17:44:22', '1d73593d-cf0d-4204-9f22-bc469c04dc9a'),
 ('79', '9', '137', '43', '74', '75', '1', '2018-02-15 17:44:23', '2018-02-15 17:44:23', '19b53799-b062-4fe5-bbea-956ab75455f6'),
 ('80', '9', '138', '43', '76', '77', '1', '2018-02-15 17:44:23', '2018-02-15 17:44:23', '9c8a2400-3c9b-474a-89b7-cb5e14f9fc5c'),
 ('81', '9', '139', '43', '78', '79', '1', '2018-02-15 17:44:23', '2018-02-15 17:44:23', '30d4dc72-ef84-488f-97b8-403e615099d5'),
 ('82', '9', '140', '43', '80', '81', '1', '2018-02-15 17:44:23', '2018-02-15 17:44:23', '3708d20a-be62-4ca7-a9e0-14d12d55d57b'),
 ('83', '9', '141', '43', '82', '83', '1', '2018-02-15 17:44:23', '2018-02-15 17:44:23', '4626d93a-c7e6-4177-af0e-0e75f2e206a3'),
 ('84', '10', NULL, '84', '1', '38', '0', '2018-02-15 17:45:29', '2018-02-15 17:45:29', '26fc0d6c-3e68-4cab-8b3b-49e4cd799341'),
 ('85', '10', '143', '84', '2', '3', '1', '2018-02-15 17:45:29', '2018-02-15 17:45:29', '34fba6aa-ac7b-4f8f-8dcd-79b5dfa5d950'),
 ('86', '10', '144', '84', '4', '5', '1', '2018-02-15 17:45:29', '2018-02-15 17:45:29', '2285f7cb-8ba8-4d9b-abde-2d38f1042b21'),
 ('87', '10', '145', '84', '6', '7', '1', '2018-02-15 17:45:29', '2018-02-15 17:45:29', 'b9262503-f42d-4db9-b231-7113621e8376'),
 ('88', '10', '146', '84', '8', '9', '1', '2018-02-15 17:45:29', '2018-02-15 17:45:29', '9cf64b30-2702-46b2-b94d-3a2d2dc1737d'),
 ('89', '10', '147', '84', '10', '11', '1', '2018-02-15 17:45:29', '2018-02-15 17:45:29', '9293f2d5-08ea-474a-b41e-2a7a6b16f15d'),
 ('90', '10', '148', '84', '12', '13', '1', '2018-02-15 17:45:29', '2018-02-15 17:45:29', '4c4c9af1-8fb5-4b69-9f18-07720726eb57'),
 ('91', '10', '149', '84', '14', '15', '1', '2018-02-15 17:45:29', '2018-02-15 17:45:29', '2c21b6d9-8607-4ac4-88e7-30ec34758780'),
 ('92', '10', '150', '84', '16', '17', '1', '2018-02-15 17:45:29', '2018-02-15 17:45:29', 'cae8bb40-3765-4f99-9434-ff795b300a50'),
 ('93', '10', '151', '84', '18', '19', '1', '2018-02-15 17:45:29', '2018-02-15 17:45:29', '028667aa-3715-48b8-8c15-e8452de2f9c3'),
 ('94', '10', '152', '84', '20', '21', '1', '2018-02-15 17:45:29', '2018-02-15 17:45:29', '9f146ce7-0a24-42a9-914d-2a5e13def459'),
 ('95', '10', '153', '84', '22', '23', '1', '2018-02-15 17:45:29', '2018-02-15 17:45:29', '92267198-c8b4-45c8-a9ff-28f1d7cd9509'),
 ('96', '10', '154', '84', '24', '25', '1', '2018-02-15 17:45:29', '2018-02-15 17:45:29', 'a691205a-47be-48db-9ecb-14be78d648aa'),
 ('97', '10', '155', '84', '26', '27', '1', '2018-02-15 17:45:29', '2018-02-15 17:45:29', '4c2ace36-67e7-4c59-9df1-34abdd618a6f'),
 ('98', '10', '156', '84', '28', '29', '1', '2018-02-15 17:45:29', '2018-02-15 17:45:29', '964f0f23-16a5-45a8-8c95-518365d21492'),
 ('99', '10', '157', '84', '30', '31', '1', '2018-02-15 17:45:30', '2018-02-15 17:45:30', '7ba8d0c2-a947-44fd-b543-967773a4b22a'),
 ('100', '10', '158', '84', '32', '33', '1', '2018-02-15 17:45:30', '2018-02-15 17:45:30', '2de33c66-13e5-4bdc-b30a-a965705da0ce'),
 ('101', '10', '159', '84', '34', '35', '1', '2018-02-15 17:45:30', '2018-02-15 17:45:30', 'dabad0cf-07da-43a8-b1f5-00369d0e39b1'),
 ('102', '10', '160', '84', '36', '37', '1', '2018-02-15 17:45:30', '2018-02-15 17:45:30', 'd08175b0-c844-4b64-a296-208c291cd020'),
 ('103', '9', '202', '43', '2', '3', '1', '2018-02-16 10:18:18', '2018-02-16 10:18:18', '5ae40453-281d-4b6e-bde3-2d4275a8bc9e');



DROP TABLE IF EXISTS `craft_structures`;


--
-- Schema for table `craft_structures`
--
CREATE TABLE `craft_structures` (
  `id` int(11) NOT NULL AUTO_INCREMENT,
  `maxLevels` smallint(6) unsigned DEFAULT NULL,
  `dateCreated` datetime NOT NULL,
  `dateUpdated` datetime NOT NULL,
  `uid` char(36) COLLATE utf8_unicode_ci NOT NULL DEFAULT '0',
  PRIMARY KEY (`id`)
) ENGINE=InnoDB AUTO_INCREMENT=11 DEFAULT CHARSET=utf8 COLLATE=utf8_unicode_ci;

--
-- Data for table `craft_structures`
--

INSERT INTO `craft_structures` (`id`, `maxLevels`, `dateCreated`, `dateUpdated`, `uid`) VALUES
 ('9', NULL, '2018-02-15 17:36:14', '2018-02-15 17:36:14', '35e63f8f-9dff-4688-ba3e-56bfa1ff97b1'),
 ('10', NULL, '2018-02-15 17:36:26', '2018-02-15 17:36:26', 'fab82810-e0a5-4196-a3cf-795e36e5f9fe');



DROP TABLE IF EXISTS `craft_supertableblocks`;


--
-- Schema for table `craft_supertableblocks`
--
CREATE TABLE `craft_supertableblocks` (
  `id` int(11) NOT NULL,
  `ownerId` int(11) NOT NULL,
  `fieldId` int(11) NOT NULL,
  `typeId` int(11) DEFAULT NULL,
  `sortOrder` smallint(6) unsigned DEFAULT NULL,
  `ownerLocale` char(12) COLLATE utf8_unicode_ci DEFAULT NULL,
  `dateCreated` datetime NOT NULL,
  `dateUpdated` datetime NOT NULL,
  `uid` char(36) COLLATE utf8_unicode_ci NOT NULL DEFAULT '0',
  PRIMARY KEY (`id`),
  KEY `craft_supertableblocks_ownerId_idx` (`ownerId`),
  KEY `craft_supertableblocks_fieldId_idx` (`fieldId`),
  KEY `craft_supertableblocks_typeId_idx` (`typeId`),
  KEY `craft_supertableblocks_sortOrder_idx` (`sortOrder`),
  KEY `craft_supertableblocks_ownerLocale_fk` (`ownerLocale`)
) ENGINE=InnoDB DEFAULT CHARSET=utf8 COLLATE=utf8_unicode_ci;

DROP TABLE IF EXISTS `craft_supertableblocktypes`;


--
-- Schema for table `craft_supertableblocktypes`
--
CREATE TABLE `craft_supertableblocktypes` (
  `id` int(11) NOT NULL AUTO_INCREMENT,
  `fieldId` int(11) NOT NULL,
  `fieldLayoutId` int(11) DEFAULT NULL,
  `dateCreated` datetime NOT NULL,
  `dateUpdated` datetime NOT NULL,
  `uid` char(36) COLLATE utf8_unicode_ci NOT NULL DEFAULT '0',
  PRIMARY KEY (`id`),
  KEY `craft_supertableblocktypes_fieldId_fk` (`fieldId`),
  KEY `craft_supertableblocktypes_fieldLayoutId_fk` (`fieldLayoutId`)
) ENGINE=InnoDB AUTO_INCREMENT=2 DEFAULT CHARSET=utf8 COLLATE=utf8_unicode_ci;

DROP TABLE IF EXISTS `craft_systemsettings`;


--
-- Schema for table `craft_systemsettings`
--
CREATE TABLE `craft_systemsettings` (
  `id` int(11) NOT NULL AUTO_INCREMENT,
  `category` varchar(15) COLLATE utf8_unicode_ci NOT NULL,
  `settings` text COLLATE utf8_unicode_ci,
  `dateCreated` datetime NOT NULL,
  `dateUpdated` datetime NOT NULL,
  `uid` char(36) COLLATE utf8_unicode_ci NOT NULL DEFAULT '0',
  PRIMARY KEY (`id`),
  UNIQUE KEY `craft_systemsettings_category_unq_idx` (`category`)
) ENGINE=InnoDB AUTO_INCREMENT=2 DEFAULT CHARSET=utf8 COLLATE=utf8_unicode_ci;

--
-- Data for table `craft_systemsettings`
--

INSERT INTO `craft_systemsettings` (`id`, `category`, `settings`, `dateCreated`, `dateUpdated`, `uid`) VALUES
 ('1', 'email', '{\"protocol\":\"php\",\"emailAddress\":\"david@workgroup.ie\",\"senderName\":\"FMco\"}', '2017-10-13 11:04:19', '2017-10-13 11:04:19', '9b3557b3-05de-488e-a643-c40449ad3929');



DROP TABLE IF EXISTS `craft_taggroups`;


--
-- Schema for table `craft_taggroups`
--
CREATE TABLE `craft_taggroups` (
  `id` int(11) NOT NULL AUTO_INCREMENT,
  `name` varchar(255) COLLATE utf8_unicode_ci NOT NULL,
  `handle` varchar(255) COLLATE utf8_unicode_ci NOT NULL,
  `fieldLayoutId` int(10) DEFAULT NULL,
  `dateCreated` datetime NOT NULL,
  `dateUpdated` datetime NOT NULL,
  `uid` char(36) COLLATE utf8_unicode_ci NOT NULL DEFAULT '0',
  PRIMARY KEY (`id`),
  UNIQUE KEY `craft_taggroups_name_unq_idx` (`name`),
  UNIQUE KEY `craft_taggroups_handle_unq_idx` (`handle`),
  KEY `craft_taggroups_fieldLayoutId_fk` (`fieldLayoutId`)
) ENGINE=InnoDB AUTO_INCREMENT=2 DEFAULT CHARSET=utf8 COLLATE=utf8_unicode_ci;

--
-- Data for table `craft_taggroups`
--

INSERT INTO `craft_taggroups` (`id`, `name`, `handle`, `fieldLayoutId`, `dateCreated`, `dateUpdated`, `uid`) VALUES
 ('1', 'Default', 'default', '1', '2017-10-13 11:04:19', '2017-10-13 11:04:19', 'b59c4689-c9f1-4b8d-94c5-0d9985416d2c');



DROP TABLE IF EXISTS `craft_tags`;


--
-- Schema for table `craft_tags`
--
CREATE TABLE `craft_tags` (
  `id` int(11) NOT NULL,
  `groupId` int(11) NOT NULL,
  `dateCreated` datetime NOT NULL,
  `dateUpdated` datetime NOT NULL,
  `uid` char(36) COLLATE utf8_unicode_ci NOT NULL DEFAULT '0',
  PRIMARY KEY (`id`),
  KEY `craft_tags_groupId_fk` (`groupId`)
) ENGINE=InnoDB DEFAULT CHARSET=utf8 COLLATE=utf8_unicode_ci;

DROP TABLE IF EXISTS `craft_tasks`;


--
-- Schema for table `craft_tasks`
--
CREATE TABLE `craft_tasks` (
  `id` int(11) NOT NULL AUTO_INCREMENT,
  `root` int(11) unsigned DEFAULT NULL,
  `lft` int(11) unsigned NOT NULL,
  `rgt` int(11) unsigned NOT NULL,
  `level` smallint(6) unsigned NOT NULL,
  `currentStep` int(11) unsigned DEFAULT NULL,
  `totalSteps` int(11) unsigned DEFAULT NULL,
  `status` enum('pending','error','running') COLLATE utf8_unicode_ci DEFAULT NULL,
  `type` varchar(150) COLLATE utf8_unicode_ci NOT NULL,
  `description` varchar(255) COLLATE utf8_unicode_ci DEFAULT NULL,
  `settings` mediumtext COLLATE utf8_unicode_ci,
  `dateCreated` datetime NOT NULL,
  `dateUpdated` datetime NOT NULL,
  `uid` char(36) COLLATE utf8_unicode_ci NOT NULL DEFAULT '0',
  PRIMARY KEY (`id`),
  KEY `craft_tasks_root_idx` (`root`),
  KEY `craft_tasks_lft_idx` (`lft`),
  KEY `craft_tasks_rgt_idx` (`rgt`),
  KEY `craft_tasks_level_idx` (`level`)
) ENGINE=InnoDB AUTO_INCREMENT=186 DEFAULT CHARSET=utf8 COLLATE=utf8_unicode_ci;

DROP TABLE IF EXISTS `craft_templatecachecriteria`;


--
-- Schema for table `craft_templatecachecriteria`
--
CREATE TABLE `craft_templatecachecriteria` (
  `id` int(11) NOT NULL AUTO_INCREMENT,
  `cacheId` int(11) NOT NULL,
  `type` varchar(150) COLLATE utf8_unicode_ci NOT NULL,
  `criteria` text COLLATE utf8_unicode_ci NOT NULL,
  PRIMARY KEY (`id`),
  KEY `craft_templatecachecriteria_cacheId_fk` (`cacheId`),
  KEY `craft_templatecachecriteria_type_idx` (`type`)
) ENGINE=InnoDB DEFAULT CHARSET=utf8 COLLATE=utf8_unicode_ci;

DROP TABLE IF EXISTS `craft_templatecacheelements`;


--
-- Schema for table `craft_templatecacheelements`
--
CREATE TABLE `craft_templatecacheelements` (
  `cacheId` int(11) NOT NULL,
  `elementId` int(11) NOT NULL,
  KEY `craft_templatecacheelements_cacheId_fk` (`cacheId`),
  KEY `craft_templatecacheelements_elementId_fk` (`elementId`)
) ENGINE=InnoDB DEFAULT CHARSET=utf8 COLLATE=utf8_unicode_ci;

DROP TABLE IF EXISTS `craft_templatecaches`;


--
-- Schema for table `craft_templatecaches`
--
CREATE TABLE `craft_templatecaches` (
  `id` int(11) NOT NULL AUTO_INCREMENT,
  `cacheKey` varchar(255) COLLATE utf8_unicode_ci NOT NULL,
  `locale` char(12) COLLATE utf8_unicode_ci NOT NULL,
  `path` varchar(255) COLLATE utf8_unicode_ci DEFAULT NULL,
  `expiryDate` datetime NOT NULL,
  `body` mediumtext COLLATE utf8_unicode_ci NOT NULL,
  PRIMARY KEY (`id`),
  KEY `craft_templatecaches_locale_fk` (`locale`),
  KEY `craft_templatecaches_cacheKey_locale_expiryDate_idx` (`cacheKey`,`locale`,`expiryDate`),
  KEY `craft_templatecaches_cacheKey_locale_expiryDate_path_idx` (`cacheKey`,`locale`,`expiryDate`,`path`)
) ENGINE=InnoDB DEFAULT CHARSET=utf8 COLLATE=utf8_unicode_ci;

DROP TABLE IF EXISTS `craft_tokens`;


--
-- Schema for table `craft_tokens`
--
CREATE TABLE `craft_tokens` (
  `id` int(11) NOT NULL AUTO_INCREMENT,
  `token` char(32) COLLATE utf8_unicode_ci NOT NULL,
  `route` text COLLATE utf8_unicode_ci,
  `usageLimit` tinyint(3) unsigned DEFAULT NULL,
  `usageCount` tinyint(3) unsigned DEFAULT NULL,
  `expiryDate` datetime NOT NULL,
  `dateCreated` datetime NOT NULL,
  `dateUpdated` datetime NOT NULL,
  `uid` char(36) COLLATE utf8_unicode_ci NOT NULL DEFAULT '0',
  PRIMARY KEY (`id`),
  UNIQUE KEY `craft_tokens_token_unq_idx` (`token`),
  KEY `craft_tokens_expiryDate_idx` (`expiryDate`)
) ENGINE=InnoDB DEFAULT CHARSET=utf8 COLLATE=utf8_unicode_ci;

DROP TABLE IF EXISTS `craft_usergroups`;


--
-- Schema for table `craft_usergroups`
--
CREATE TABLE `craft_usergroups` (
  `id` int(11) NOT NULL AUTO_INCREMENT,
  `name` varchar(255) COLLATE utf8_unicode_ci NOT NULL,
  `handle` varchar(255) COLLATE utf8_unicode_ci NOT NULL,
  `dateCreated` datetime NOT NULL,
  `dateUpdated` datetime NOT NULL,
  `uid` char(36) COLLATE utf8_unicode_ci NOT NULL DEFAULT '0',
  PRIMARY KEY (`id`),
  UNIQUE KEY `craft_usergroups_name_unq_idx` (`name`),
  UNIQUE KEY `craft_usergroups_handle_unq_idx` (`handle`)
) ENGINE=InnoDB DEFAULT CHARSET=utf8 COLLATE=utf8_unicode_ci;

DROP TABLE IF EXISTS `craft_usergroups_users`;


--
-- Schema for table `craft_usergroups_users`
--
CREATE TABLE `craft_usergroups_users` (
  `id` int(11) NOT NULL AUTO_INCREMENT,
  `groupId` int(11) NOT NULL,
  `userId` int(11) NOT NULL,
  `dateCreated` datetime NOT NULL,
  `dateUpdated` datetime NOT NULL,
  `uid` char(36) COLLATE utf8_unicode_ci NOT NULL DEFAULT '0',
  PRIMARY KEY (`id`),
  UNIQUE KEY `craft_usergroups_users_groupId_userId_unq_idx` (`groupId`,`userId`),
  KEY `craft_usergroups_users_userId_fk` (`userId`)
) ENGINE=InnoDB DEFAULT CHARSET=utf8 COLLATE=utf8_unicode_ci;

DROP TABLE IF EXISTS `craft_userpermissions`;


--
-- Schema for table `craft_userpermissions`
--
CREATE TABLE `craft_userpermissions` (
  `id` int(11) NOT NULL AUTO_INCREMENT,
  `name` varchar(255) COLLATE utf8_unicode_ci NOT NULL,
  `dateCreated` datetime NOT NULL,
  `dateUpdated` datetime NOT NULL,
  `uid` char(36) COLLATE utf8_unicode_ci NOT NULL DEFAULT '0',
  PRIMARY KEY (`id`),
  UNIQUE KEY `craft_userpermissions_name_unq_idx` (`name`)
) ENGINE=InnoDB DEFAULT CHARSET=utf8 COLLATE=utf8_unicode_ci;

DROP TABLE IF EXISTS `craft_userpermissions_usergroups`;


--
-- Schema for table `craft_userpermissions_usergroups`
--
CREATE TABLE `craft_userpermissions_usergroups` (
  `id` int(11) NOT NULL AUTO_INCREMENT,
  `permissionId` int(11) NOT NULL,
  `groupId` int(11) NOT NULL,
  `dateCreated` datetime NOT NULL,
  `dateUpdated` datetime NOT NULL,
  `uid` char(36) COLLATE utf8_unicode_ci NOT NULL DEFAULT '0',
  PRIMARY KEY (`id`),
  UNIQUE KEY `craft_userpermissions_usergroups_permissionId_groupId_unq_idx` (`permissionId`,`groupId`),
  KEY `craft_userpermissions_usergroups_groupId_fk` (`groupId`)
) ENGINE=InnoDB DEFAULT CHARSET=utf8 COLLATE=utf8_unicode_ci;

DROP TABLE IF EXISTS `craft_userpermissions_users`;


--
-- Schema for table `craft_userpermissions_users`
--
CREATE TABLE `craft_userpermissions_users` (
  `id` int(11) NOT NULL AUTO_INCREMENT,
  `permissionId` int(11) NOT NULL,
  `userId` int(11) NOT NULL,
  `dateCreated` datetime NOT NULL,
  `dateUpdated` datetime NOT NULL,
  `uid` char(36) COLLATE utf8_unicode_ci NOT NULL DEFAULT '0',
  PRIMARY KEY (`id`),
  UNIQUE KEY `craft_userpermissions_users_permissionId_userId_unq_idx` (`permissionId`,`userId`),
  KEY `craft_userpermissions_users_userId_fk` (`userId`)
) ENGINE=InnoDB DEFAULT CHARSET=utf8 COLLATE=utf8_unicode_ci;

DROP TABLE IF EXISTS `craft_users`;


--
-- Schema for table `craft_users`
--
CREATE TABLE `craft_users` (
  `id` int(11) NOT NULL,
  `username` varchar(100) COLLATE utf8_unicode_ci NOT NULL,
  `photo` varchar(100) COLLATE utf8_unicode_ci DEFAULT NULL,
  `firstName` varchar(100) COLLATE utf8_unicode_ci DEFAULT NULL,
  `lastName` varchar(100) COLLATE utf8_unicode_ci DEFAULT NULL,
  `email` varchar(255) COLLATE utf8_unicode_ci NOT NULL,
  `password` char(255) COLLATE utf8_unicode_ci DEFAULT NULL,
  `preferredLocale` char(12) COLLATE utf8_unicode_ci DEFAULT NULL,
  `weekStartDay` tinyint(1) unsigned NOT NULL DEFAULT '0',
  `admin` tinyint(1) unsigned NOT NULL DEFAULT '0',
  `client` tinyint(1) unsigned NOT NULL DEFAULT '0',
  `locked` tinyint(1) unsigned NOT NULL DEFAULT '0',
  `suspended` tinyint(1) unsigned NOT NULL DEFAULT '0',
  `pending` tinyint(1) unsigned NOT NULL DEFAULT '0',
  `archived` tinyint(1) unsigned NOT NULL DEFAULT '0',
  `lastLoginDate` datetime DEFAULT NULL,
  `lastLoginAttemptIPAddress` varchar(45) COLLATE utf8_unicode_ci DEFAULT NULL,
  `invalidLoginWindowStart` datetime DEFAULT NULL,
  `invalidLoginCount` tinyint(4) unsigned DEFAULT NULL,
  `lastInvalidLoginDate` datetime DEFAULT NULL,
  `lockoutDate` datetime DEFAULT NULL,
  `verificationCode` char(100) COLLATE utf8_unicode_ci DEFAULT NULL,
  `verificationCodeIssuedDate` datetime DEFAULT NULL,
  `unverifiedEmail` varchar(255) COLLATE utf8_unicode_ci DEFAULT NULL,
  `passwordResetRequired` tinyint(1) unsigned NOT NULL DEFAULT '0',
  `lastPasswordChangeDate` datetime DEFAULT NULL,
  `dateCreated` datetime NOT NULL,
  `dateUpdated` datetime NOT NULL,
  `uid` char(36) COLLATE utf8_unicode_ci NOT NULL DEFAULT '0',
  PRIMARY KEY (`id`),
  UNIQUE KEY `craft_users_username_unq_idx` (`username`),
  UNIQUE KEY `craft_users_email_unq_idx` (`email`),
  KEY `craft_users_verificationCode_idx` (`verificationCode`),
  KEY `craft_users_uid_idx` (`uid`),
  KEY `craft_users_preferredLocale_fk` (`preferredLocale`)
) ENGINE=InnoDB DEFAULT CHARSET=utf8 COLLATE=utf8_unicode_ci;

--
-- Data for table `craft_users`
--

INSERT INTO `craft_users` (`id`, `username`, `photo`, `firstName`, `lastName`, `email`, `password`, `preferredLocale`, `weekStartDay`, `admin`, `client`, `locked`, `suspended`, `pending`, `archived`, `lastLoginDate`, `lastLoginAttemptIPAddress`, `invalidLoginWindowStart`, `invalidLoginCount`, `lastInvalidLoginDate`, `lockoutDate`, `verificationCode`, `verificationCodeIssuedDate`, `unverifiedEmail`, `passwordResetRequired`, `lastPasswordChangeDate`, `dateCreated`, `dateUpdated`, `uid`) VALUES
 ('1', 'workgroup', NULL, '', '', 'david@workgroup.ie', '$2y$13$tSiisU.Xzu4ord4xq.50z.99xo5cf76rq.5a30Xc6ju6YQRDNDERy', NULL, '0', '1', '0', '0', '0', '0', '0', '2018-02-26 17:32:42', '::1', NULL, NULL, '2017-12-04 22:55:46', NULL, NULL, NULL, NULL, '0', '2017-10-13 11:05:55', '2017-10-13 11:04:16', '2018-02-26 17:32:42', '2a0b00d9-d0ac-447a-bb68-def4f63c6943');



DROP TABLE IF EXISTS `craft_widgets`;


--
-- Schema for table `craft_widgets`
--
CREATE TABLE `craft_widgets` (
  `id` int(11) NOT NULL AUTO_INCREMENT,
  `userId` int(11) NOT NULL,
  `type` varchar(150) COLLATE utf8_unicode_ci NOT NULL,
  `sortOrder` smallint(6) unsigned DEFAULT NULL,
  `colspan` tinyint(4) unsigned DEFAULT NULL,
  `settings` text COLLATE utf8_unicode_ci,
  `enabled` tinyint(1) unsigned NOT NULL DEFAULT '1',
  `dateCreated` datetime NOT NULL,
  `dateUpdated` datetime NOT NULL,
  `uid` char(36) COLLATE utf8_unicode_ci NOT NULL DEFAULT '0',
  PRIMARY KEY (`id`),
  KEY `craft_widgets_userId_fk` (`userId`)
) ENGINE=InnoDB AUTO_INCREMENT=5 DEFAULT CHARSET=utf8 COLLATE=utf8_unicode_ci;

--
-- Data for table `craft_widgets`
--

INSERT INTO `craft_widgets` (`id`, `userId`, `type`, `sortOrder`, `colspan`, `settings`, `enabled`, `dateCreated`, `dateUpdated`, `uid`) VALUES
 ('1', '1', 'RecentEntries', '1', NULL, NULL, '1', '2017-10-13 11:04:21', '2017-10-13 11:04:21', '8c595330-16a5-4a7a-920f-9ecabc6ab7ce'),
 ('2', '1', 'GetHelp', '2', NULL, NULL, '0', '2017-10-13 11:04:21', '2017-10-13 14:16:38', '58030859-7527-425e-a6b8-b39ea257a7a2'),
 ('3', '1', 'Updates', '3', NULL, NULL, '0', '2017-10-13 11:04:21', '2017-10-13 14:16:35', '4555e804-d83b-4e66-90c1-7724a4ba3447'),
 ('4', '1', 'Feed', '4', NULL, '{\"url\":\"https:\\/\\/craftcms.com\\/news.rss\",\"title\":\"Craft News\"}', '0', '2017-10-13 11:04:21', '2017-10-13 14:16:33', '9430b934-64b4-4422-8520-912487835846');


--
-- Constraints for tables
--


--
-- Constraints for table `craft_assetfiles`
--
ALTER TABLE `craft_assetfiles`
	ADD CONSTRAINT `craft_assetfiles_folderId_fk` FOREIGN KEY (`folderId`) REFERENCES `craft_assetfolders` (`id`) ON DELETE CASCADE,
	ADD CONSTRAINT `craft_assetfiles_id_fk` FOREIGN KEY (`id`) REFERENCES `craft_elements` (`id`) ON DELETE CASCADE,
	ADD CONSTRAINT `craft_assetfiles_sourceId_fk` FOREIGN KEY (`sourceId`) REFERENCES `craft_assetsources` (`id`) ON DELETE CASCADE;

--
-- Constraints for table `craft_assetfolders`
--
ALTER TABLE `craft_assetfolders`
	ADD CONSTRAINT `craft_assetfolders_parentId_fk` FOREIGN KEY (`parentId`) REFERENCES `craft_assetfolders` (`id`) ON DELETE CASCADE,
	ADD CONSTRAINT `craft_assetfolders_sourceId_fk` FOREIGN KEY (`sourceId`) REFERENCES `craft_assetsources` (`id`) ON DELETE CASCADE;

--
-- Constraints for table `craft_assetindexdata`
--
ALTER TABLE `craft_assetindexdata`
	ADD CONSTRAINT `craft_assetindexdata_sourceId_fk` FOREIGN KEY (`sourceId`) REFERENCES `craft_assetsources` (`id`) ON DELETE CASCADE;

--
-- Constraints for table `craft_assetsources`
--
ALTER TABLE `craft_assetsources`
	ADD CONSTRAINT `craft_assetsources_fieldLayoutId_fk` FOREIGN KEY (`fieldLayoutId`) REFERENCES `craft_fieldlayouts` (`id`) ON DELETE SET NULL;

--
-- Constraints for table `craft_categories`
--
ALTER TABLE `craft_categories`
	ADD CONSTRAINT `craft_categories_groupId_fk` FOREIGN KEY (`groupId`) REFERENCES `craft_categorygroups` (`id`) ON DELETE CASCADE,
	ADD CONSTRAINT `craft_categories_id_fk` FOREIGN KEY (`id`) REFERENCES `craft_elements` (`id`) ON DELETE CASCADE;

--
-- Constraints for table `craft_categorygroups`
--
ALTER TABLE `craft_categorygroups`
	ADD CONSTRAINT `craft_categorygroups_fieldLayoutId_fk` FOREIGN KEY (`fieldLayoutId`) REFERENCES `craft_fieldlayouts` (`id`) ON DELETE SET NULL,
	ADD CONSTRAINT `craft_categorygroups_structureId_fk` FOREIGN KEY (`structureId`) REFERENCES `craft_structures` (`id`) ON DELETE CASCADE;

--
-- Constraints for table `craft_categorygroups_i18n`
--
ALTER TABLE `craft_categorygroups_i18n`
	ADD CONSTRAINT `craft_categorygroups_i18n_groupId_fk` FOREIGN KEY (`groupId`) REFERENCES `craft_categorygroups` (`id`) ON DELETE CASCADE,
	ADD CONSTRAINT `craft_categorygroups_i18n_locale_fk` FOREIGN KEY (`locale`) REFERENCES `craft_locales` (`locale`) ON DELETE CASCADE ON UPDATE CASCADE;

--
-- Constraints for table `craft_content`
--
ALTER TABLE `craft_content`
	ADD CONSTRAINT `craft_content_elementId_fk` FOREIGN KEY (`elementId`) REFERENCES `craft_elements` (`id`) ON DELETE CASCADE,
	ADD CONSTRAINT `craft_content_locale_fk` FOREIGN KEY (`locale`) REFERENCES `craft_locales` (`locale`) ON DELETE CASCADE ON UPDATE CASCADE;

--
-- Constraints for table `craft_elements_i18n`
--
ALTER TABLE `craft_elements_i18n`
	ADD CONSTRAINT `craft_elements_i18n_elementId_fk` FOREIGN KEY (`elementId`) REFERENCES `craft_elements` (`id`) ON DELETE CASCADE,
	ADD CONSTRAINT `craft_elements_i18n_locale_fk` FOREIGN KEY (`locale`) REFERENCES `craft_locales` (`locale`) ON DELETE CASCADE ON UPDATE CASCADE;

--
-- Constraints for table `craft_emailmessages`
--
ALTER TABLE `craft_emailmessages`
	ADD CONSTRAINT `craft_emailmessages_locale_fk` FOREIGN KEY (`locale`) REFERENCES `craft_locales` (`locale`) ON DELETE CASCADE ON UPDATE CASCADE;

--
-- Constraints for table `craft_entries`
--
ALTER TABLE `craft_entries`
	ADD CONSTRAINT `craft_entries_authorId_fk` FOREIGN KEY (`authorId`) REFERENCES `craft_users` (`id`) ON DELETE CASCADE,
	ADD CONSTRAINT `craft_entries_id_fk` FOREIGN KEY (`id`) REFERENCES `craft_elements` (`id`) ON DELETE CASCADE,
	ADD CONSTRAINT `craft_entries_sectionId_fk` FOREIGN KEY (`sectionId`) REFERENCES `craft_sections` (`id`) ON DELETE CASCADE,
	ADD CONSTRAINT `craft_entries_typeId_fk` FOREIGN KEY (`typeId`) REFERENCES `craft_entrytypes` (`id`) ON DELETE CASCADE;

--
-- Constraints for table `craft_entrydrafts`
--
ALTER TABLE `craft_entrydrafts`
	ADD CONSTRAINT `craft_entrydrafts_creatorId_fk` FOREIGN KEY (`creatorId`) REFERENCES `craft_users` (`id`) ON DELETE CASCADE,
	ADD CONSTRAINT `craft_entrydrafts_entryId_fk` FOREIGN KEY (`entryId`) REFERENCES `craft_entries` (`id`) ON DELETE CASCADE,
	ADD CONSTRAINT `craft_entrydrafts_locale_fk` FOREIGN KEY (`locale`) REFERENCES `craft_locales` (`locale`) ON DELETE CASCADE ON UPDATE CASCADE,
	ADD CONSTRAINT `craft_entrydrafts_sectionId_fk` FOREIGN KEY (`sectionId`) REFERENCES `craft_sections` (`id`) ON DELETE CASCADE;

--
-- Constraints for table `craft_entrytypes`
--
ALTER TABLE `craft_entrytypes`
	ADD CONSTRAINT `craft_entrytypes_fieldLayoutId_fk` FOREIGN KEY (`fieldLayoutId`) REFERENCES `craft_fieldlayouts` (`id`) ON DELETE SET NULL,
	ADD CONSTRAINT `craft_entrytypes_sectionId_fk` FOREIGN KEY (`sectionId`) REFERENCES `craft_sections` (`id`) ON DELETE CASCADE;

--
-- Constraints for table `craft_entryversions`
--
ALTER TABLE `craft_entryversions`
	ADD CONSTRAINT `craft_entryversions_creatorId_fk` FOREIGN KEY (`creatorId`) REFERENCES `craft_users` (`id`) ON DELETE SET NULL,
	ADD CONSTRAINT `craft_entryversions_entryId_fk` FOREIGN KEY (`entryId`) REFERENCES `craft_entries` (`id`) ON DELETE CASCADE,
	ADD CONSTRAINT `craft_entryversions_locale_fk` FOREIGN KEY (`locale`) REFERENCES `craft_locales` (`locale`) ON DELETE CASCADE ON UPDATE CASCADE,
	ADD CONSTRAINT `craft_entryversions_sectionId_fk` FOREIGN KEY (`sectionId`) REFERENCES `craft_sections` (`id`) ON DELETE CASCADE;

--
-- Constraints for table `craft_fieldlayoutfields`
--
ALTER TABLE `craft_fieldlayoutfields`
	ADD CONSTRAINT `craft_fieldlayoutfields_fieldId_fk` FOREIGN KEY (`fieldId`) REFERENCES `craft_fields` (`id`) ON DELETE CASCADE,
	ADD CONSTRAINT `craft_fieldlayoutfields_layoutId_fk` FOREIGN KEY (`layoutId`) REFERENCES `craft_fieldlayouts` (`id`) ON DELETE CASCADE,
	ADD CONSTRAINT `craft_fieldlayoutfields_tabId_fk` FOREIGN KEY (`tabId`) REFERENCES `craft_fieldlayouttabs` (`id`) ON DELETE CASCADE;

--
-- Constraints for table `craft_fieldlayouttabs`
--
ALTER TABLE `craft_fieldlayouttabs`
	ADD CONSTRAINT `craft_fieldlayouttabs_layoutId_fk` FOREIGN KEY (`layoutId`) REFERENCES `craft_fieldlayouts` (`id`) ON DELETE CASCADE;

--
-- Constraints for table `craft_fields`
--
ALTER TABLE `craft_fields`
	ADD CONSTRAINT `craft_fields_groupId_fk` FOREIGN KEY (`groupId`) REFERENCES `craft_fieldgroups` (`id`) ON DELETE CASCADE;

--
-- Constraints for table `craft_globalsets`
--
ALTER TABLE `craft_globalsets`
	ADD CONSTRAINT `craft_globalsets_fieldLayoutId_fk` FOREIGN KEY (`fieldLayoutId`) REFERENCES `craft_fieldlayouts` (`id`) ON DELETE SET NULL,
	ADD CONSTRAINT `craft_globalsets_id_fk` FOREIGN KEY (`id`) REFERENCES `craft_elements` (`id`) ON DELETE CASCADE;

--
-- Constraints for table `craft_import_entries`
--
ALTER TABLE `craft_import_entries`
	ADD CONSTRAINT `craft_import_entries_versionId_fk` FOREIGN KEY (`versionId`) REFERENCES `craft_entryversions` (`id`) ON DELETE CASCADE,
	ADD CONSTRAINT `craft_import_entries_entryId_fk` FOREIGN KEY (`entryId`) REFERENCES `craft_entries` (`id`) ON DELETE CASCADE,
	ADD CONSTRAINT `craft_import_entries_historyId_fk` FOREIGN KEY (`historyId`) REFERENCES `craft_import_history` (`id`) ON DELETE SET NULL;

--
-- Constraints for table `craft_import_history`
--
ALTER TABLE `craft_import_history`
	ADD CONSTRAINT `craft_import_history_userId_fk` FOREIGN KEY (`userId`) REFERENCES `craft_users` (`id`) ON DELETE CASCADE;

--
-- Constraints for table `craft_import_log`
--
ALTER TABLE `craft_import_log`
	ADD CONSTRAINT `craft_import_log_historyId_fk` FOREIGN KEY (`historyId`) REFERENCES `craft_import_history` (`id`) ON DELETE SET NULL;

--
-- Constraints for table `craft_matrixblocks`
--
ALTER TABLE `craft_matrixblocks`
	ADD CONSTRAINT `craft_matrixblocks_fieldId_fk` FOREIGN KEY (`fieldId`) REFERENCES `craft_fields` (`id`) ON DELETE CASCADE,
	ADD CONSTRAINT `craft_matrixblocks_id_fk` FOREIGN KEY (`id`) REFERENCES `craft_elements` (`id`) ON DELETE CASCADE,
	ADD CONSTRAINT `craft_matrixblocks_ownerId_fk` FOREIGN KEY (`ownerId`) REFERENCES `craft_elements` (`id`) ON DELETE CASCADE,
	ADD CONSTRAINT `craft_matrixblocks_ownerLocale_fk` FOREIGN KEY (`ownerLocale`) REFERENCES `craft_locales` (`locale`) ON DELETE CASCADE ON UPDATE CASCADE,
	ADD CONSTRAINT `craft_matrixblocks_typeId_fk` FOREIGN KEY (`typeId`) REFERENCES `craft_matrixblocktypes` (`id`) ON DELETE CASCADE;

--
-- Constraints for table `craft_matrixblocktypes`
--
ALTER TABLE `craft_matrixblocktypes`
	ADD CONSTRAINT `craft_matrixblocktypes_fieldId_fk` FOREIGN KEY (`fieldId`) REFERENCES `craft_fields` (`id`) ON DELETE CASCADE,
	ADD CONSTRAINT `craft_matrixblocktypes_fieldLayoutId_fk` FOREIGN KEY (`fieldLayoutId`) REFERENCES `craft_fieldlayouts` (`id`) ON DELETE SET NULL;

--
-- Constraints for table `craft_migrations`
--
ALTER TABLE `craft_migrations`
	ADD CONSTRAINT `craft_migrations_pluginId_fk` FOREIGN KEY (`pluginId`) REFERENCES `craft_plugins` (`id`) ON DELETE CASCADE;

--
-- Constraints for table `craft_relabel`
--
ALTER TABLE `craft_relabel`
	ADD CONSTRAINT `craft_relabel_fieldId_fk` FOREIGN KEY (`fieldId`) REFERENCES `craft_fields` (`id`) ON DELETE CASCADE,
	ADD CONSTRAINT `craft_relabel_fieldLayoutId_fk` FOREIGN KEY (`fieldLayoutId`) REFERENCES `craft_fieldlayouts` (`id`) ON DELETE CASCADE;

--
-- Constraints for table `craft_relations`
--
ALTER TABLE `craft_relations`
	ADD CONSTRAINT `craft_relations_fieldId_fk` FOREIGN KEY (`fieldId`) REFERENCES `craft_fields` (`id`) ON DELETE CASCADE,
	ADD CONSTRAINT `craft_relations_sourceId_fk` FOREIGN KEY (`sourceId`) REFERENCES `craft_elements` (`id`) ON DELETE CASCADE,
	ADD CONSTRAINT `craft_relations_sourceLocale_fk` FOREIGN KEY (`sourceLocale`) REFERENCES `craft_locales` (`locale`) ON DELETE CASCADE ON UPDATE CASCADE,
	ADD CONSTRAINT `craft_relations_targetId_fk` FOREIGN KEY (`targetId`) REFERENCES `craft_elements` (`id`) ON DELETE CASCADE;

--
-- Constraints for table `craft_routes`
--
ALTER TABLE `craft_routes`
	ADD CONSTRAINT `craft_routes_locale_fk` FOREIGN KEY (`locale`) REFERENCES `craft_locales` (`locale`) ON DELETE CASCADE ON UPDATE CASCADE;

--
-- Constraints for table `craft_sections`
--
ALTER TABLE `craft_sections`
	ADD CONSTRAINT `craft_sections_structureId_fk` FOREIGN KEY (`structureId`) REFERENCES `craft_structures` (`id`) ON DELETE SET NULL;

--
-- Constraints for table `craft_sections_i18n`
--
ALTER TABLE `craft_sections_i18n`
	ADD CONSTRAINT `craft_sections_i18n_locale_fk` FOREIGN KEY (`locale`) REFERENCES `craft_locales` (`locale`) ON DELETE CASCADE ON UPDATE CASCADE,
	ADD CONSTRAINT `craft_sections_i18n_sectionId_fk` FOREIGN KEY (`sectionId`) REFERENCES `craft_sections` (`id`) ON DELETE CASCADE;

--
-- Constraints for table `craft_seomatic_meta`
--
ALTER TABLE `craft_seomatic_meta`
	ADD CONSTRAINT `craft_seomatic_meta_id_fk` FOREIGN KEY (`id`) REFERENCES `craft_elements` (`id`) ON DELETE CASCADE,
	ADD CONSTRAINT `craft_seomatic_meta_seoFacebookImageId_fk` FOREIGN KEY (`seoFacebookImageId`) REFERENCES `craft_assetfiles` (`id`) ON DELETE SET NULL,
	ADD CONSTRAINT `craft_seomatic_meta_seoImageId_fk` FOREIGN KEY (`seoImageId`) REFERENCES `craft_assetfiles` (`id`) ON DELETE SET NULL,
	ADD CONSTRAINT `craft_seomatic_meta_seoTwitterImageId_fk` FOREIGN KEY (`seoTwitterImageId`) REFERENCES `craft_assetfiles` (`id`) ON DELETE SET NULL;

--
-- Constraints for table `craft_seomatic_settings`
--
ALTER TABLE `craft_seomatic_settings`
	ADD CONSTRAINT `craft_seomatic_settings_genericCreatorImageId_fk` FOREIGN KEY (`genericCreatorImageId`) REFERENCES `craft_assetfiles` (`id`) ON DELETE SET NULL,
	ADD CONSTRAINT `craft_seomatic_settings_genericOwnerImageId_fk` FOREIGN KEY (`genericOwnerImageId`) REFERENCES `craft_assetfiles` (`id`) ON DELETE SET NULL,
	ADD CONSTRAINT `craft_seomatic_settings_siteSeoFacebookImageId_fk` FOREIGN KEY (`siteSeoFacebookImageId`) REFERENCES `craft_assetfiles` (`id`) ON DELETE SET NULL,
	ADD CONSTRAINT `craft_seomatic_settings_siteSeoImageId_fk` FOREIGN KEY (`siteSeoImageId`) REFERENCES `craft_assetfiles` (`id`) ON DELETE SET NULL,
	ADD CONSTRAINT `craft_seomatic_settings_siteSeoTwitterImageId_fk` FOREIGN KEY (`siteSeoTwitterImageId`) REFERENCES `craft_assetfiles` (`id`) ON DELETE SET NULL;

--
-- Constraints for table `craft_sessions`
--
ALTER TABLE `craft_sessions`
	ADD CONSTRAINT `craft_sessions_userId_fk` FOREIGN KEY (`userId`) REFERENCES `craft_users` (`id`) ON DELETE CASCADE;

--
-- Constraints for table `craft_shunnedmessages`
--
ALTER TABLE `craft_shunnedmessages`
	ADD CONSTRAINT `craft_shunnedmessages_userId_fk` FOREIGN KEY (`userId`) REFERENCES `craft_users` (`id`) ON DELETE CASCADE;

--
-- Constraints for table `craft_structureelements`
--
ALTER TABLE `craft_structureelements`
	ADD CONSTRAINT `craft_structureelements_elementId_fk` FOREIGN KEY (`elementId`) REFERENCES `craft_elements` (`id`) ON DELETE CASCADE,
	ADD CONSTRAINT `craft_structureelements_structureId_fk` FOREIGN KEY (`structureId`) REFERENCES `craft_structures` (`id`) ON DELETE CASCADE;

--
-- Constraints for table `craft_supertableblocks`
--
ALTER TABLE `craft_supertableblocks`
	ADD CONSTRAINT `craft_supertableblocks_fieldId_fk` FOREIGN KEY (`fieldId`) REFERENCES `craft_fields` (`id`) ON DELETE CASCADE,
	ADD CONSTRAINT `craft_supertableblocks_id_fk` FOREIGN KEY (`id`) REFERENCES `craft_elements` (`id`) ON DELETE CASCADE,
	ADD CONSTRAINT `craft_supertableblocks_ownerId_fk` FOREIGN KEY (`ownerId`) REFERENCES `craft_elements` (`id`) ON DELETE CASCADE,
	ADD CONSTRAINT `craft_supertableblocks_ownerLocale_fk` FOREIGN KEY (`ownerLocale`) REFERENCES `craft_locales` (`locale`) ON DELETE CASCADE ON UPDATE CASCADE,
	ADD CONSTRAINT `craft_supertableblocks_typeId_fk` FOREIGN KEY (`typeId`) REFERENCES `craft_supertableblocktypes` (`id`) ON DELETE CASCADE;

--
-- Constraints for table `craft_supertableblocktypes`
--
ALTER TABLE `craft_supertableblocktypes`
	ADD CONSTRAINT `craft_supertableblocktypes_fieldId_fk` FOREIGN KEY (`fieldId`) REFERENCES `craft_fields` (`id`) ON DELETE CASCADE,
	ADD CONSTRAINT `craft_supertableblocktypes_fieldLayoutId_fk` FOREIGN KEY (`fieldLayoutId`) REFERENCES `craft_fieldlayouts` (`id`) ON DELETE SET NULL;

--
-- Constraints for table `craft_taggroups`
--
ALTER TABLE `craft_taggroups`
	ADD CONSTRAINT `craft_taggroups_fieldLayoutId_fk` FOREIGN KEY (`fieldLayoutId`) REFERENCES `craft_fieldlayouts` (`id`) ON DELETE SET NULL;

--
-- Constraints for table `craft_tags`
--
ALTER TABLE `craft_tags`
	ADD CONSTRAINT `craft_tags_groupId_fk` FOREIGN KEY (`groupId`) REFERENCES `craft_taggroups` (`id`) ON DELETE CASCADE,
	ADD CONSTRAINT `craft_tags_id_fk` FOREIGN KEY (`id`) REFERENCES `craft_elements` (`id`) ON DELETE CASCADE;

--
-- Constraints for table `craft_templatecachecriteria`
--
ALTER TABLE `craft_templatecachecriteria`
	ADD CONSTRAINT `craft_templatecachecriteria_cacheId_fk` FOREIGN KEY (`cacheId`) REFERENCES `craft_templatecaches` (`id`) ON DELETE CASCADE;

--
-- Constraints for table `craft_templatecacheelements`
--
ALTER TABLE `craft_templatecacheelements`
	ADD CONSTRAINT `craft_templatecacheelements_cacheId_fk` FOREIGN KEY (`cacheId`) REFERENCES `craft_templatecaches` (`id`) ON DELETE CASCADE,
	ADD CONSTRAINT `craft_templatecacheelements_elementId_fk` FOREIGN KEY (`elementId`) REFERENCES `craft_elements` (`id`) ON DELETE CASCADE;

--
-- Constraints for table `craft_templatecaches`
--
ALTER TABLE `craft_templatecaches`
	ADD CONSTRAINT `craft_templatecaches_locale_fk` FOREIGN KEY (`locale`) REFERENCES `craft_locales` (`locale`) ON DELETE CASCADE ON UPDATE CASCADE;

--
-- Constraints for table `craft_usergroups_users`
--
ALTER TABLE `craft_usergroups_users`
	ADD CONSTRAINT `craft_usergroups_users_groupId_fk` FOREIGN KEY (`groupId`) REFERENCES `craft_usergroups` (`id`) ON DELETE CASCADE,
	ADD CONSTRAINT `craft_usergroups_users_userId_fk` FOREIGN KEY (`userId`) REFERENCES `craft_users` (`id`) ON DELETE CASCADE;

--
-- Constraints for table `craft_userpermissions_usergroups`
--
ALTER TABLE `craft_userpermissions_usergroups`
	ADD CONSTRAINT `craft_userpermissions_usergroups_groupId_fk` FOREIGN KEY (`groupId`) REFERENCES `craft_usergroups` (`id`) ON DELETE CASCADE,
	ADD CONSTRAINT `craft_userpermissions_usergroups_permissionId_fk` FOREIGN KEY (`permissionId`) REFERENCES `craft_userpermissions` (`id`) ON DELETE CASCADE;

--
-- Constraints for table `craft_userpermissions_users`
--
ALTER TABLE `craft_userpermissions_users`
	ADD CONSTRAINT `craft_userpermissions_users_permissionId_fk` FOREIGN KEY (`permissionId`) REFERENCES `craft_userpermissions` (`id`) ON DELETE CASCADE,
	ADD CONSTRAINT `craft_userpermissions_users_userId_fk` FOREIGN KEY (`userId`) REFERENCES `craft_users` (`id`) ON DELETE CASCADE;

--
-- Constraints for table `craft_users`
--
ALTER TABLE `craft_users`
	ADD CONSTRAINT `craft_users_id_fk` FOREIGN KEY (`id`) REFERENCES `craft_elements` (`id`) ON DELETE CASCADE,
	ADD CONSTRAINT `craft_users_preferredLocale_fk` FOREIGN KEY (`preferredLocale`) REFERENCES `craft_locales` (`locale`) ON DELETE SET NULL ON UPDATE CASCADE;

--
-- Constraints for table `craft_widgets`
--
ALTER TABLE `craft_widgets`
	ADD CONSTRAINT `craft_widgets_userId_fk` FOREIGN KEY (`userId`) REFERENCES `craft_users` (`id`) ON DELETE CASCADE;

SET FOREIGN_KEY_CHECKS = 1;
