-- Generated by Craft v2.6.3005 on 15 Feb 2018, 5:15:39 p.m..

--
-- Disable foreign key checks and autocommit.
--

SET FOREIGN_KEY_CHECKS = 0;
SET SQL_MODE = "NO_AUTO_VALUE_ON_ZERO";
SET AUTOCOMMIT = 0;
SET NAMES utf8;


DROP TABLE IF EXISTS `craft_assetfiles`;


--
-- Schema for table `craft_assetfiles`
--
CREATE TABLE `craft_assetfiles` (
  `id` int(11) NOT NULL,
  `sourceId` int(11) DEFAULT NULL,
  `folderId` int(11) NOT NULL,
  `filename` varchar(255) COLLATE utf8_unicode_ci NOT NULL,
  `kind` varchar(50) COLLATE utf8_unicode_ci NOT NULL DEFAULT 'unknown',
  `width` int(11) unsigned DEFAULT NULL,
  `height` int(11) unsigned DEFAULT NULL,
  `size` bigint(20) unsigned DEFAULT NULL,
  `dateModified` datetime DEFAULT NULL,
  `dateCreated` datetime NOT NULL,
  `dateUpdated` datetime NOT NULL,
  `uid` char(36) COLLATE utf8_unicode_ci NOT NULL DEFAULT '0',
  PRIMARY KEY (`id`),
  UNIQUE KEY `craft_assetfiles_filename_folderId_unq_idx` (`filename`,`folderId`),
  KEY `craft_assetfiles_sourceId_fk` (`sourceId`),
  KEY `craft_assetfiles_folderId_fk` (`folderId`)
) ENGINE=InnoDB DEFAULT CHARSET=utf8 COLLATE=utf8_unicode_ci;

--
-- Data for table `craft_assetfiles`
--

INSERT INTO `craft_assetfiles` (`id`, `sourceId`, `folderId`, `filename`, `kind`, `width`, `height`, `size`, `dateModified`, `dateCreated`, `dateUpdated`, `uid`) VALUES
 ('77', '4', '4', 'dw-about.jpg', 'image', '2892', '2826', '203604', '2017-12-07 13:43:45', '2017-12-07 13:26:17', '2018-01-26 09:35:21', 'a051c7ac-36c8-4c72-bf13-c85a463591dc'),
 ('78', '4', '4', 'dw-careers.jpg', 'image', '1433', '942', '56577', '2017-12-07 13:24:57', '2017-12-07 13:26:17', '2018-01-26 09:35:21', '2d8cb96e-dbc1-4a91-8d88-b96379229990'),
 ('79', '4', '4', 'dw-careers-alt.jpg', 'image', '2139', '2139', '216606', '2017-12-07 13:43:01', '2017-12-07 13:33:53', '2018-01-26 09:35:21', 'a545b80f-823e-41fb-92b8-4cc9c7f09a65'),
 ('80', '4', '4', 'home-bg.jpg', 'image', '6292', '3966', '883055', '2017-12-07 13:51:04', '2018-01-25 15:18:01', '2018-01-26 09:35:23', '715c0335-ac3c-47c2-b41a-317ffb1df35b'),
 ('81', '1', '1', 'photo.jpg', 'image', '2400', '1599', '206755', '2018-01-25 15:02:39', '2018-01-25 15:21:30', '2018-01-26 09:35:18', 'cc12a4bd-f252-4d84-a484-02a7758e9591'),
 ('82', '1', '1', 'photo1.jpg', 'image', '2400', '1599', '245964', '2018-01-25 15:21:00', '2018-01-25 15:21:30', '2018-01-26 09:35:19', '06b5b554-371a-47f2-b966-a8938d3d61b9'),
 ('86', '4', '4', 'dw-services-data.png', 'image', '100', '100', '4564', '2018-01-26 09:31:18', '2018-01-25 23:33:14', '2018-01-26 09:35:21', '4b3c369e-ca10-42d7-adb5-44655e6b86de'),
 ('87', '4', '4', 'dw-services-identity.png', 'image', '100', '100', '2979', '2018-01-26 09:31:18', '2018-01-25 23:33:14', '2018-01-26 09:35:22', '1a445539-9c41-4b44-9921-69a0ec8a00d5'),
 ('88', '4', '4', 'dw-services-leaderboards.png', 'image', '100', '100', '524', '2018-01-26 09:31:18', '2018-01-25 23:33:15', '2018-01-26 09:35:22', 'c40f2b75-293e-4f54-a316-0d52c1fe14c5'),
 ('89', '4', '4', 'dw-services-matchmaking.png', 'image', '100', '100', '4510', '2018-01-26 09:31:18', '2018-01-25 23:33:15', '2018-01-26 09:35:22', '506e0db3-f9ad-4fe4-83c5-e584852caab3'),
 ('90', '4', '4', 'dw-services-microtransactions.png', 'image', '100', '100', '5848', '2018-01-26 09:31:18', '2018-01-25 23:33:15', '2018-01-26 09:35:22', '49c8a7d9-36b4-40c9-af8d-0e2bcfab56d7'),
 ('91', '1', '1', 'dw-loc-01.jpg', 'image', '2000', '2000', '392192', '2018-01-26 09:31:18', '2018-01-25 23:50:37', '2018-01-26 09:35:18', '327ea6e2-9594-4eea-9462-52d88449b70d'),
 ('92', '1', '1', 'dw-loc-02.jpg', 'image', '2000', '1335', '339544', '2018-01-26 09:31:18', '2018-01-25 23:50:38', '2018-01-26 09:35:18', '0556742e-8ad3-44af-a607-c2fcd9f1ae30'),
 ('93', '1', '1', 'dw-loc-03.jpg', 'image', '957', '1431', '218494', '2018-01-26 09:31:18', '2018-01-25 23:50:38', '2018-01-26 09:35:19', 'f391de4d-7e27-4a48-8cb1-e1bb1f8b16f0'),
 ('94', '1', '1', 'team-brendan.jpg', 'image', '1232', '821', '73802', '2018-01-26 09:33:51', '2018-01-26 09:35:19', '2018-01-26 09:35:19', 'f997e9d5-aa5d-4081-b715-3bdb9e9f9426'),
 ('95', '1', '1', 'team-colin.jpg', 'image', '1232', '821', '79955', '2018-01-26 09:34:04', '2018-01-26 09:35:19', '2018-01-26 09:35:19', '22df99d8-67aa-4004-8532-965f2737ee31'),
 ('96', '1', '1', 'team-mike.jpg', 'image', '1232', '821', '102565', '2018-01-26 09:34:28', '2018-01-26 09:35:20', '2018-01-26 09:35:20', 'ca3d46e6-16bd-473f-89b6-470dcd1ad34e'),
 ('97', '1', '1', 'team-nadia.jpg', 'image', '1232', '821', '109248', '2018-01-26 09:34:19', '2018-01-26 09:35:20', '2018-01-26 09:35:20', 'a0ac3c6c-c76e-4a02-9515-5e2d6a6dfc54'),
 ('98', '1', '1', 'team-suzanne.jpg', 'image', '1232', '821', '128123', '2018-01-26 09:34:45', '2018-01-26 09:35:20', '2018-01-26 09:35:20', '7b18eb39-b259-48bb-b6b9-4b23b84a5e2f'),
 ('99', '1', '1', 'team-tendayi.jpg', 'image', '1232', '821', '66994', '2018-01-26 09:34:59', '2018-01-26 09:35:20', '2018-01-26 09:35:20', '4b0bbe30-d640-4d66-8036-a832572db4d5');



DROP TABLE IF EXISTS `craft_assetfolders`;


--
-- Schema for table `craft_assetfolders`
--
CREATE TABLE `craft_assetfolders` (
  `id` int(11) NOT NULL AUTO_INCREMENT,
  `parentId` int(11) DEFAULT NULL,
  `sourceId` int(11) DEFAULT NULL,
  `name` varchar(255) COLLATE utf8_unicode_ci NOT NULL,
  `path` varchar(255) COLLATE utf8_unicode_ci DEFAULT NULL,
  `dateCreated` datetime NOT NULL,
  `dateUpdated` datetime NOT NULL,
  `uid` char(36) COLLATE utf8_unicode_ci NOT NULL DEFAULT '0',
  PRIMARY KEY (`id`),
  UNIQUE KEY `craft_assetfolders_name_parentId_sourceId_unq_idx` (`name`,`parentId`,`sourceId`),
  KEY `craft_assetfolders_parentId_fk` (`parentId`),
  KEY `craft_assetfolders_sourceId_fk` (`sourceId`)
) ENGINE=InnoDB AUTO_INCREMENT=5 DEFAULT CHARSET=utf8 COLLATE=utf8_unicode_ci;

--
-- Data for table `craft_assetfolders`
--

INSERT INTO `craft_assetfolders` (`id`, `parentId`, `sourceId`, `name`, `path`, `dateCreated`, `dateUpdated`, `uid`) VALUES
 ('1', NULL, '1', 'Photos', '', '2017-10-13 15:38:54', '2017-12-04 20:41:07', 'e86685ec-df57-485a-8fa6-c608e19c2e8b'),
 ('4', NULL, '4', 'Site', '', '2017-11-21 22:40:49', '2017-11-21 22:40:49', '2bae5e4b-b55b-414b-922d-19cac288956b');



DROP TABLE IF EXISTS `craft_assetindexdata`;


--
-- Schema for table `craft_assetindexdata`
--
CREATE TABLE `craft_assetindexdata` (
  `id` int(11) NOT NULL AUTO_INCREMENT,
  `sessionId` varchar(36) COLLATE utf8_unicode_ci NOT NULL DEFAULT '',
  `sourceId` int(10) NOT NULL,
  `offset` int(10) NOT NULL,
  `uri` varchar(255) COLLATE utf8_unicode_ci DEFAULT NULL,
  `size` varchar(255) COLLATE utf8_unicode_ci DEFAULT NULL,
  `recordId` int(10) DEFAULT NULL,
  `dateCreated` datetime NOT NULL,
  `dateUpdated` datetime NOT NULL,
  `uid` char(36) COLLATE utf8_unicode_ci NOT NULL DEFAULT '0',
  PRIMARY KEY (`id`),
  UNIQUE KEY `craft_assetindexdata_sessionId_sourceId_offset_unq_idx` (`sessionId`,`sourceId`,`offset`),
  KEY `craft_assetindexdata_sourceId_fk` (`sourceId`)
) ENGINE=InnoDB DEFAULT CHARSET=utf8 COLLATE=utf8_unicode_ci;

DROP TABLE IF EXISTS `craft_assetsources`;


--
-- Schema for table `craft_assetsources`
--
CREATE TABLE `craft_assetsources` (
  `id` int(11) NOT NULL AUTO_INCREMENT,
  `name` varchar(255) COLLATE utf8_unicode_ci NOT NULL,
  `handle` varchar(255) COLLATE utf8_unicode_ci NOT NULL,
  `type` varchar(150) COLLATE utf8_unicode_ci NOT NULL,
  `settings` text COLLATE utf8_unicode_ci,
  `sortOrder` smallint(6) unsigned DEFAULT NULL,
  `fieldLayoutId` int(10) DEFAULT NULL,
  `dateCreated` datetime NOT NULL,
  `dateUpdated` datetime NOT NULL,
  `uid` char(36) COLLATE utf8_unicode_ci NOT NULL DEFAULT '0',
  PRIMARY KEY (`id`),
  UNIQUE KEY `craft_assetsources_name_unq_idx` (`name`),
  UNIQUE KEY `craft_assetsources_handle_unq_idx` (`handle`),
  KEY `craft_assetsources_fieldLayoutId_fk` (`fieldLayoutId`)
) ENGINE=InnoDB AUTO_INCREMENT=5 DEFAULT CHARSET=utf8 COLLATE=utf8_unicode_ci;

--
-- Data for table `craft_assetsources`
--

INSERT INTO `craft_assetsources` (`id`, `name`, `handle`, `type`, `settings`, `sortOrder`, `fieldLayoutId`, `dateCreated`, `dateUpdated`, `uid`) VALUES
 ('1', 'Photos', 'photos', 'Local', '{\"path\":\"images\\/photos\\/\",\"publicURLs\":\"1\",\"url\":\"http:\\/\\/localhost:8888\\/315028-DW-Web\\/images\\/photos\\/\"}', '1', '59', '2017-10-13 15:38:54', '2017-12-04 20:41:07', 'f88325b7-718b-4c26-8fe4-b7276e954cc2'),
 ('4', 'Site', 'site', 'Local', '{\"path\":\"images\\/site\\/\",\"publicURLs\":\"1\",\"url\":\"http:\\/\\/localhost:8888\\/315028-DW-Web\\/images\\/site\\/\"}', '4', '93', '2017-11-21 22:40:49', '2017-12-07 13:27:20', 'e8231238-0960-41d2-b3f8-d42398e451e1');



DROP TABLE IF EXISTS `craft_assettransformindex`;


--
-- Schema for table `craft_assettransformindex`
--
CREATE TABLE `craft_assettransformindex` (
  `id` int(11) NOT NULL AUTO_INCREMENT,
  `fileId` int(11) NOT NULL,
  `filename` varchar(255) COLLATE utf8_unicode_ci DEFAULT NULL,
  `format` varchar(255) COLLATE utf8_unicode_ci DEFAULT NULL,
  `location` varchar(255) COLLATE utf8_unicode_ci NOT NULL,
  `sourceId` int(11) DEFAULT NULL,
  `fileExists` tinyint(1) DEFAULT NULL,
  `inProgress` tinyint(1) DEFAULT NULL,
  `dateIndexed` datetime DEFAULT NULL,
  `dateCreated` datetime NOT NULL,
  `dateUpdated` datetime NOT NULL,
  `uid` char(36) COLLATE utf8_unicode_ci NOT NULL DEFAULT '0',
  PRIMARY KEY (`id`),
  KEY `craft_assettransformindex_sourceId_fileId_location_idx` (`sourceId`,`fileId`,`location`)
) ENGINE=InnoDB DEFAULT CHARSET=utf8 COLLATE=utf8_unicode_ci;

DROP TABLE IF EXISTS `craft_assettransforms`;


--
-- Schema for table `craft_assettransforms`
--
CREATE TABLE `craft_assettransforms` (
  `id` int(11) NOT NULL AUTO_INCREMENT,
  `name` varchar(255) COLLATE utf8_unicode_ci NOT NULL,
  `handle` varchar(255) COLLATE utf8_unicode_ci NOT NULL,
  `mode` enum('stretch','fit','crop') COLLATE utf8_unicode_ci NOT NULL DEFAULT 'crop',
  `position` enum('top-left','top-center','top-right','center-left','center-center','center-right','bottom-left','bottom-center','bottom-right') COLLATE utf8_unicode_ci NOT NULL DEFAULT 'center-center',
  `height` int(10) DEFAULT NULL,
  `width` int(10) DEFAULT NULL,
  `format` varchar(255) COLLATE utf8_unicode_ci DEFAULT NULL,
  `quality` int(10) DEFAULT NULL,
  `dimensionChangeTime` datetime DEFAULT NULL,
  `dateCreated` datetime NOT NULL,
  `dateUpdated` datetime NOT NULL,
  `uid` char(36) COLLATE utf8_unicode_ci NOT NULL DEFAULT '0',
  PRIMARY KEY (`id`),
  UNIQUE KEY `craft_assettransforms_name_unq_idx` (`name`),
  UNIQUE KEY `craft_assettransforms_handle_unq_idx` (`handle`)
) ENGINE=InnoDB DEFAULT CHARSET=utf8 COLLATE=utf8_unicode_ci;

DROP TABLE IF EXISTS `craft_categories`;


--
-- Schema for table `craft_categories`
--
CREATE TABLE `craft_categories` (
  `id` int(11) NOT NULL,
  `groupId` int(11) NOT NULL,
  `dateCreated` datetime NOT NULL,
  `dateUpdated` datetime NOT NULL,
  `uid` char(36) COLLATE utf8_unicode_ci NOT NULL DEFAULT '0',
  PRIMARY KEY (`id`),
  KEY `craft_categories_groupId_fk` (`groupId`)
) ENGINE=InnoDB DEFAULT CHARSET=utf8 COLLATE=utf8_unicode_ci;

DROP TABLE IF EXISTS `craft_categorygroups`;


--
-- Schema for table `craft_categorygroups`
--
CREATE TABLE `craft_categorygroups` (
  `id` int(11) NOT NULL AUTO_INCREMENT,
  `structureId` int(11) NOT NULL,
  `fieldLayoutId` int(11) DEFAULT NULL,
  `name` varchar(255) COLLATE utf8_unicode_ci NOT NULL,
  `handle` varchar(255) COLLATE utf8_unicode_ci NOT NULL,
  `hasUrls` tinyint(1) unsigned NOT NULL DEFAULT '1',
  `template` varchar(500) COLLATE utf8_unicode_ci DEFAULT NULL,
  `dateCreated` datetime NOT NULL,
  `dateUpdated` datetime NOT NULL,
  `uid` char(36) COLLATE utf8_unicode_ci NOT NULL DEFAULT '0',
  PRIMARY KEY (`id`),
  UNIQUE KEY `craft_categorygroups_name_unq_idx` (`name`),
  UNIQUE KEY `craft_categorygroups_handle_unq_idx` (`handle`),
  KEY `craft_categorygroups_structureId_fk` (`structureId`),
  KEY `craft_categorygroups_fieldLayoutId_fk` (`fieldLayoutId`)
) ENGINE=InnoDB DEFAULT CHARSET=utf8 COLLATE=utf8_unicode_ci;

DROP TABLE IF EXISTS `craft_categorygroups_i18n`;


--
-- Schema for table `craft_categorygroups_i18n`
--
CREATE TABLE `craft_categorygroups_i18n` (
  `id` int(11) NOT NULL AUTO_INCREMENT,
  `groupId` int(11) NOT NULL,
  `locale` char(12) COLLATE utf8_unicode_ci NOT NULL,
  `urlFormat` text COLLATE utf8_unicode_ci,
  `nestedUrlFormat` text COLLATE utf8_unicode_ci,
  `dateCreated` datetime NOT NULL,
  `dateUpdated` datetime NOT NULL,
  `uid` char(36) COLLATE utf8_unicode_ci NOT NULL DEFAULT '0',
  PRIMARY KEY (`id`),
  UNIQUE KEY `craft_categorygroups_i18n_groupId_locale_unq_idx` (`groupId`,`locale`),
  KEY `craft_categorygroups_i18n_locale_fk` (`locale`)
) ENGINE=InnoDB DEFAULT CHARSET=utf8 COLLATE=utf8_unicode_ci;

DROP TABLE IF EXISTS `craft_content`;


--
-- Schema for table `craft_content`
--
CREATE TABLE `craft_content` (
  `id` int(11) NOT NULL AUTO_INCREMENT,
  `elementId` int(11) NOT NULL,
  `locale` char(12) COLLATE utf8_unicode_ci NOT NULL,
  `title` varchar(255) COLLATE utf8_unicode_ci DEFAULT NULL,
  `field_body` text COLLATE utf8_unicode_ci,
  `field_intro` text COLLATE utf8_unicode_ci,
  `field_meta` text COLLATE utf8_unicode_ci,
  `field_address` text COLLATE utf8_unicode_ci,
  `field_telephone` text COLLATE utf8_unicode_ci,
  `field_contactEmail` text COLLATE utf8_unicode_ci,
  `field_twitter` text COLLATE utf8_unicode_ci,
  `field_linkedin` text COLLATE utf8_unicode_ci,
  `field_heading` text COLLATE utf8_unicode_ci,
  `field_statsIntroduction` text COLLATE utf8_unicode_ci,
  `field_openSourceIntroduction` text COLLATE utf8_unicode_ci,
  `field_linkedinText` text COLLATE utf8_unicode_ci,
  `field_studiosIntroduction` text COLLATE utf8_unicode_ci,
  `field_studiosNote` text COLLATE utf8_unicode_ci,
  `field_workWithUsNote` text COLLATE utf8_unicode_ci,
  `field_workWithUsHeading` text COLLATE utf8_unicode_ci,
  `field_location` text COLLATE utf8_unicode_ci,
  `field_description` text COLLATE utf8_unicode_ci,
  `field_webAddress` text COLLATE utf8_unicode_ci,
  `field_note` text COLLATE utf8_unicode_ci,
  `field_servicesIntroduction` text COLLATE utf8_unicode_ci,
  `field_departmentsIntroduction` text COLLATE utf8_unicode_ci,
  `field_perksAndBenefitsIntroduction` text COLLATE utf8_unicode_ci,
  `field_perks` text COLLATE utf8_unicode_ci,
  `field_benefits` text COLLATE utf8_unicode_ci,
  `field_careersNote` text COLLATE utf8_unicode_ci,
  `field_careersWebAddress` text COLLATE utf8_unicode_ci,
  `dateCreated` datetime NOT NULL,
  `dateUpdated` datetime NOT NULL,
  `uid` char(36) COLLATE utf8_unicode_ci NOT NULL DEFAULT '0',
  PRIMARY KEY (`id`),
  UNIQUE KEY `craft_content_elementId_locale_unq_idx` (`elementId`,`locale`),
  KEY `craft_content_title_idx` (`title`),
  KEY `craft_content_locale_fk` (`locale`)
) ENGINE=InnoDB AUTO_INCREMENT=97 DEFAULT CHARSET=utf8 COLLATE=utf8_unicode_ci;

--
-- Data for table `craft_content`
--

INSERT INTO `craft_content` (`id`, `elementId`, `locale`, `title`, `field_body`, `field_intro`, `field_meta`, `field_address`, `field_telephone`, `field_contactEmail`, `field_twitter`, `field_linkedin`, `field_heading`, `field_statsIntroduction`, `field_openSourceIntroduction`, `field_linkedinText`, `field_studiosIntroduction`, `field_studiosNote`, `field_workWithUsNote`, `field_workWithUsHeading`, `field_location`, `field_description`, `field_webAddress`, `field_note`, `field_servicesIntroduction`, `field_departmentsIntroduction`, `field_perksAndBenefitsIntroduction`, `field_perks`, `field_benefits`, `field_careersNote`, `field_careersWebAddress`, `dateCreated`, `dateUpdated`, `uid`) VALUES
 ('1', '1', 'en_ie', NULL, NULL, NULL, NULL, NULL, NULL, NULL, NULL, NULL, NULL, NULL, NULL, NULL, NULL, NULL, NULL, NULL, NULL, NULL, NULL, NULL, NULL, NULL, NULL, NULL, NULL, NULL, NULL, '2017-10-13 11:04:16', '2017-10-13 11:05:55', '3bd24037-549e-4ee3-9c59-483681b74106'),
 ('2', '2', 'en_ie', 'Homepage', '<p>It’s true, this site doesn’t have a whole lot of content yet, but don’t worry. Our web developers have just installed the CMS, and they’re setting things up for the content editors this very moment. Soon Localhost will be an oasis of fresh perspectives, sharp analyses, and astute opinions that will keep you coming back again and again.</p>', '<p>We create and provide the online services behind the biggest game titles in the world. We take on real challenges that affect almost half a billion players.</p>', '{\"id\":null,\"enabled\":1,\"archived\":0,\"locale\":\"en_ie\",\"localeEnabled\":1,\"slug\":null,\"uri\":null,\"dateCreated\":null,\"dateUpdated\":null,\"root\":null,\"lft\":null,\"rgt\":null,\"level\":null,\"searchScore\":null,\"elementId\":0,\"metaType\":\"template\",\"metaPath\":\"\",\"seoMainEntityCategory\":\"CreativeWork\",\"seoMainEntityOfPage\":\"WebPage\",\"seoTitle\":\"Homepage\",\"seoDescription\":\"\",\"seoKeywords\":\"\",\"seoImageTransform\":\"\",\"seoFacebookImageTransform\":\"\",\"seoTwitterImageTransform\":\"\",\"twitterCardType\":\"\",\"openGraphType\":\"\",\"robots\":\"\",\"seoImageId\":\"\",\"seoTwitterImageId\":\"\",\"seoFacebookImageId\":\"\",\"canonicalUrlOverride\":\"\",\"seoTitleUnparsed\":\"Homepage\",\"seoDescriptionUnparsed\":\"\",\"seoKeywordsUnparsed\":\"\",\"seoTitleSource\":\"field\",\"seoTitleSourceField\":\"title\",\"seoDescriptionSource\":\"custom\",\"seoDescriptionSourceField\":\"title\",\"seoKeywordsSource\":\"custom\",\"seoKeywordsSourceField\":\"title\",\"seoImageIdSource\":\"custom\",\"seoImageIdSourceField\":\"homeImages\",\"seoTwitterImageIdSource\":\"custom\",\"seoTwitterImageIdSourceField\":\"homeImages\",\"seoFacebookImageIdSource\":\"custom\",\"seoFacebookImageIdSourceField\":\"homeImages\",\"seoCommerceVariants\":null,\"__model__\":\"Craft\\\\Seomatic_MetaFieldModel\"}', NULL, NULL, NULL, NULL, NULL, 'We connect people to play online', 'If you’ve played, Call of Duty®, Destiny® and Skylanders™ or many other Activision titles; you’ve already interacted with the services that we create.', 'We have a commitment to open source. Our core focuses are Python, Erlang, C++, and MySQL.', 'Connect to get our latest events, jobs and news.', 'We work side-by-side with game studios at Activision.', 'Every studio and every title brings its own needs and personality which influence our approach.', 'Our offices are in Dublin, Ireland; Vancouver, Canada; and Shanghai, China, and we’re hiring in all locations.', 'Work with us', NULL, NULL, NULL, NULL, NULL, NULL, NULL, NULL, NULL, NULL, NULL, '2017-10-13 11:04:19', '2018-01-26 10:31:35', 'c2912160-d722-4b64-8562-1933f1b339d0'),
 ('5', '5', 'en_ie', 'About Us', NULL, '<p>At Demonware we believe customer problems are our own, sharing wisdom breeds success, and everyone deserves respect. We work smart, deliver on promises, and have fun doing it.</p>', '{\"id\":null,\"enabled\":1,\"archived\":0,\"locale\":\"en_ie\",\"localeEnabled\":1,\"slug\":null,\"uri\":null,\"dateCreated\":null,\"dateUpdated\":null,\"root\":null,\"lft\":null,\"rgt\":null,\"level\":null,\"searchScore\":null,\"elementId\":0,\"metaType\":\"template\",\"metaPath\":\"\",\"seoMainEntityCategory\":\"CreativeWork\",\"seoMainEntityOfPage\":\"WebPage\",\"seoTitle\":\"About Us\",\"seoDescription\":\"At Demonware we believe customer problems are our own, sharing wisdom breeds success, and everyone deserves respect. We work smart, deliver on promises, and\\u2026\",\"seoKeywords\":\"\",\"seoImageTransform\":\"\",\"seoFacebookImageTransform\":\"\",\"seoTwitterImageTransform\":\"\",\"twitterCardType\":\"\",\"openGraphType\":\"\",\"robots\":\"\",\"seoImageId\":\"\",\"seoTwitterImageId\":\"\",\"seoFacebookImageId\":\"\",\"canonicalUrlOverride\":\"\",\"seoTitleUnparsed\":\"About Us\",\"seoDescriptionUnparsed\":\"Since 1923, our business has been focussed on customer\\u2026\",\"seoKeywordsUnparsed\":\"\",\"seoTitleSource\":\"field\",\"seoTitleSourceField\":\"title\",\"seoDescriptionSource\":\"field\",\"seoDescriptionSourceField\":\"intro\",\"seoKeywordsSource\":\"custom\",\"seoKeywordsSourceField\":\"title\",\"seoImageIdSource\":\"custom\",\"seoImageIdSourceField\":\"headerImage\",\"seoTwitterImageIdSource\":\"custom\",\"seoTwitterImageIdSourceField\":\"headerImage\",\"seoFacebookImageIdSource\":\"custom\",\"seoFacebookImageIdSourceField\":\"headerImage\",\"seoCommerceVariants\":null,\"__model__\":\"Craft\\\\Seomatic_MetaFieldModel\"}', NULL, NULL, NULL, NULL, NULL, 'Always Game', NULL, NULL, NULL, NULL, NULL, NULL, NULL, NULL, NULL, NULL, NULL, '<p>The services that we create touch every aspect of gameplay.</p>', '', NULL, NULL, NULL, NULL, NULL, '2017-10-13 14:00:45', '2018-01-25 23:50:57', '76906a27-5be7-4ecd-adc7-1a926e48c4da'),
 ('9', '9', 'en_ie', NULL, NULL, NULL, NULL, '', '', '', '', '', NULL, NULL, NULL, NULL, NULL, NULL, NULL, NULL, NULL, NULL, NULL, NULL, NULL, NULL, NULL, NULL, NULL, NULL, NULL, '2017-10-13 14:23:03', '2017-12-04 23:29:49', '23ceb2a8-db4f-45df-9dfb-1ce352e6d976'),
 ('48', '48', 'en_ie', 'Careers', NULL, '<p>We are a technology-driven company with a culture of openness. This means collaborating to solve problems, the freedom to talk to anyone, and that the best idea wins.</p>', '{\"id\":null,\"enabled\":1,\"archived\":0,\"locale\":\"en_ie\",\"localeEnabled\":1,\"slug\":null,\"uri\":null,\"dateCreated\":null,\"dateUpdated\":null,\"root\":null,\"lft\":null,\"rgt\":null,\"level\":null,\"searchScore\":null,\"elementId\":0,\"metaType\":\"template\",\"metaPath\":\"\",\"seoMainEntityCategory\":\"CreativeWork\",\"seoMainEntityOfPage\":\"WebPage\",\"seoTitle\":\"Careers\",\"seoDescription\":\"\",\"seoKeywords\":\"\",\"seoImageTransform\":\"\",\"seoFacebookImageTransform\":\"\",\"seoTwitterImageTransform\":\"\",\"twitterCardType\":\"\",\"openGraphType\":\"\",\"robots\":\"\",\"seoImageId\":\"\",\"seoTwitterImageId\":\"\",\"seoFacebookImageId\":\"\",\"canonicalUrlOverride\":\"\",\"seoTitleUnparsed\":\"Careers\",\"seoDescriptionUnparsed\":\"\",\"seoKeywordsUnparsed\":\"\",\"seoTitleSource\":\"field\",\"seoTitleSourceField\":\"title\",\"seoDescriptionSource\":\"custom\",\"seoDescriptionSourceField\":\"title\",\"seoKeywordsSource\":\"custom\",\"seoKeywordsSourceField\":\"title\",\"seoImageIdSource\":\"custom\",\"seoImageIdSourceField\":\"headerImage\",\"seoTwitterImageIdSource\":\"custom\",\"seoTwitterImageIdSourceField\":\"headerImage\",\"seoFacebookImageIdSource\":\"custom\",\"seoFacebookImageIdSourceField\":\"headerImage\",\"seoCommerceVariants\":null,\"__model__\":\"Craft\\\\Seomatic_MetaFieldModel\"}', NULL, NULL, NULL, NULL, NULL, 'We take the work seriously; ourselves, not so much.', NULL, NULL, NULL, NULL, NULL, NULL, NULL, NULL, NULL, NULL, NULL, NULL, NULL, '<p>We have a particular focus on team happiness, through extensive benefits and the atmosphere that we foster in the workplace. Our team enjoy flexible hours, paid training and generous vacation time.</p>', '[{\"col1\":\"Flexible working practices, based on the belief that the quality of your work is not dependent on the number of hours sitting behind a desk.\"},{\"col1\":\"A culture that emphasizes continual learning and improvement, with opportunities for career progression, travel, and a commitment to open source.\"},{\"col1\":\"Tax Saver commuter ticket scheme.\"},{\"col1\":\"Bike to work scheme.\"},{\"col1\":\"Free Activision games.\"},{\"col1\":\"Snacks 24\\/7\"}]', '[{\"col1\":\"Competitive salary, with annual performance reviews.\"},{\"col1\":\"25 days holidays.\"},{\"col1\":\"Annual bonus program.\"},{\"col1\":\"Annual pay review.\"},{\"col1\":\"Pension matching contributions.\"},{\"col1\":\"Top-tier healthcare for you and your family.\"},{\"col1\":\"Life insurance coverage.\"}]', '<p>We’re looking for passionate and engaged people who want to contribute to games played around the world. If you’re excited about working with technologies for low-latency, large scale distributed systems in a collaborative environment then we’d love to hear from you.</p>', '', '2017-12-04 23:13:13', '2018-01-25 15:22:15', 'e2cc07b4-0e82-498e-88a0-0d694b4ae527'),
 ('49', '49', 'en_ie', 'Debbie', NULL, NULL, NULL, NULL, NULL, NULL, NULL, NULL, NULL, NULL, NULL, NULL, NULL, NULL, NULL, NULL, NULL, '<p>It\'s rare that I find a place that I so quickly fit into and enjoy. Demonware not only takes care of their employees, but also helps them grow as both employees and human beings. The open communication between the employees and leadership quickly helps you feel like your opinion is valued and the fun office environment helps people to connect to one another.</p>', NULL, 'Office Coordinator / Vancouver', NULL, NULL, NULL, NULL, NULL, NULL, NULL, '2017-12-07 01:35:22', '2017-12-07 01:39:58', 'd0325a54-a506-453c-8078-afbf6437d0b1'),
 ('50', '50', 'en_ie', 'Damien', NULL, NULL, NULL, NULL, NULL, NULL, NULL, NULL, NULL, NULL, NULL, NULL, NULL, NULL, NULL, NULL, NULL, '<p>Demonware is a great place to work. Working with great people, both at Demonware and in top game studios at Activision, on some of the biggest games entertainment franchises in the world is thrilling. On launch day, there\'s nothing quite like seeing that uniquely challenging project you\'ve worked on all year come to life on your games console at home, while you eagerly watch the user counts grow as each country comes on line.</p>', NULL, '', NULL, NULL, NULL, NULL, NULL, NULL, NULL, '2017-12-07 01:35:36', '2017-12-07 01:39:58', '4b3e7183-85d5-4372-9351-fef7d03a6be1'),
 ('51', '51', 'en_ie', 'Greg Smith', NULL, NULL, NULL, NULL, NULL, NULL, NULL, NULL, NULL, NULL, NULL, NULL, NULL, NULL, NULL, NULL, NULL, '<p>I like Demonware for a lot of reasons: I can be myself, and people accept it - which inspires and motivates me to be productive and creative. I am proud to be part of a world class brand (Activision), and be working on problems at scales that very few companies can claim to have reached.</p>', NULL, '', NULL, NULL, NULL, NULL, NULL, NULL, NULL, '2017-12-07 01:35:50', '2017-12-07 01:39:58', '0dac8170-81bc-46a9-a2f6-5948f5792ae1'),
 ('52', '52', 'en_ie', 'Infrastructure', NULL, NULL, NULL, NULL, NULL, NULL, NULL, NULL, NULL, NULL, NULL, NULL, NULL, NULL, NULL, NULL, NULL, '<p>The Infrastructure department designs, builds and operates our network of data centers and storage. We understand the challenges of scale and build for reliability.</p>', NULL, NULL, NULL, NULL, NULL, NULL, NULL, NULL, NULL, '2017-12-07 01:36:18', '2017-12-07 01:36:18', 'f5dacb22-b1e9-400f-b03f-b7f2ae2e16f7'),
 ('53', '53', 'en_ie', 'Products', NULL, NULL, NULL, NULL, NULL, NULL, NULL, NULL, NULL, NULL, NULL, NULL, NULL, NULL, NULL, NULL, NULL, '<p>The Products department creates game features. Alongside matchmaking, leaderboards, microtransactions, and identity management, we provide about 100 different services, touching almost every aspect of gameplay.</p>', NULL, NULL, NULL, NULL, NULL, NULL, NULL, NULL, NULL, '2017-12-07 01:36:27', '2017-12-07 01:36:27', '9d0707b4-4ab7-4fe2-be4a-d4ff0d38e85f'),
 ('54', '54', 'en_ie', 'Platforms', NULL, NULL, NULL, NULL, NULL, NULL, NULL, NULL, NULL, NULL, NULL, NULL, NULL, NULL, NULL, NULL, NULL, '<p>The Platforms department develops in-house services, frameworks and libraries. We create our own internal tools and tech to be efficient, responsive, and reusable.</p>', NULL, NULL, NULL, NULL, NULL, NULL, NULL, NULL, NULL, '2017-12-07 01:36:36', '2017-12-07 01:36:36', '170902f0-3779-45d7-9511-a6087c17b3cb'),
 ('55', '55', 'en_ie', 'Titles', NULL, NULL, NULL, NULL, NULL, NULL, NULL, NULL, NULL, NULL, NULL, NULL, NULL, NULL, NULL, NULL, NULL, '<p>The Titles department runs the services and infrastructure in live environments. We work side by side with game studios like Treyarch to execute innovative game designs and launch new titles smoothly each year.</p>', NULL, NULL, NULL, NULL, NULL, NULL, NULL, NULL, NULL, '2017-12-07 01:36:51', '2017-12-07 01:36:51', '2e58e0bb-032b-42ae-b799-99a4c44f7e3d'),
 ('56', '56', 'en_ie', 'Vancouver', NULL, NULL, NULL, NULL, NULL, NULL, NULL, NULL, NULL, NULL, NULL, NULL, NULL, NULL, NULL, NULL, NULL, '<p>Our East Van location is convenient to Olympic Village and the Science Centre SkyTrain stop. Our spacious offices, spread across two floors, look out across the mountains.</p>', NULL, NULL, NULL, NULL, NULL, NULL, NULL, NULL, NULL, '2017-12-07 01:37:16', '2017-12-07 01:37:16', '1765e777-4418-4730-9808-8f13e9a42da4'),
 ('57', '57', 'en_ie', 'Dublin', NULL, NULL, NULL, NULL, NULL, NULL, NULL, NULL, NULL, NULL, NULL, NULL, NULL, NULL, NULL, NULL, NULL, '<p>Located in Dublin’s vibrant city centre, we\'re close to shopping, cinemas and many, many pubs. Recently renovated, our top floor office enjoys panoramic views of they city\'s historic skyline.</p>', NULL, NULL, NULL, NULL, NULL, NULL, NULL, NULL, NULL, '2017-12-07 01:37:25', '2017-12-07 01:37:27', '2bc795c3-2e9b-46d3-99c3-34ba528e91be'),
 ('58', '58', 'en_ie', 'Shanghai', NULL, NULL, NULL, NULL, NULL, NULL, NULL, NULL, NULL, NULL, NULL, NULL, NULL, NULL, NULL, NULL, NULL, '<p>We\'re based in one of Shanghai\'s central city districts with convenient access to line 1 metro. Our newly refurbished office is co-located with Raven Shanghai to support Activision\'s China game titles.</p>', NULL, NULL, NULL, NULL, NULL, NULL, NULL, NULL, NULL, '2017-12-07 01:37:38', '2017-12-07 01:37:38', '1caafa6e-673f-4299-950a-9ecf9ba1ed11'),
 ('59', '59', 'en_ie', 'Tendayi Mawushe', NULL, NULL, NULL, NULL, NULL, NULL, NULL, NULL, NULL, NULL, NULL, NULL, NULL, NULL, NULL, NULL, NULL, '', NULL, 'Software Architect', NULL, NULL, NULL, NULL, NULL, NULL, NULL, '2017-12-07 01:38:00', '2018-01-26 09:36:46', '9739223c-08a2-400e-87d1-91ec2c635d6c'),
 ('60', '60', 'en_ie', 'Suzanne Boylan', NULL, NULL, NULL, NULL, NULL, NULL, NULL, NULL, NULL, NULL, NULL, NULL, NULL, NULL, NULL, NULL, NULL, '', NULL, 'Engineering Manager', NULL, NULL, NULL, NULL, NULL, NULL, NULL, '2017-12-07 01:39:00', '2018-01-26 09:36:51', '35c09bf5-ed9f-4e62-9c5c-7af79575dd8a'),
 ('61', '61', 'en_ie', 'Mike Whitty', NULL, NULL, NULL, NULL, NULL, NULL, NULL, NULL, NULL, NULL, NULL, NULL, NULL, NULL, NULL, NULL, NULL, '', NULL, 'Director of Engineering, Platform', NULL, NULL, NULL, NULL, NULL, NULL, NULL, '2017-12-07 01:39:08', '2018-01-26 09:36:56', '8a139bef-9456-441a-9a31-acabc3f48de5'),
 ('62', '62', 'en_ie', 'Nadia Alramli', NULL, NULL, NULL, NULL, NULL, NULL, NULL, NULL, NULL, NULL, NULL, NULL, NULL, NULL, NULL, NULL, NULL, '', NULL, 'Director of Engineering, Products', NULL, NULL, NULL, NULL, NULL, NULL, NULL, '2017-12-07 01:39:18', '2018-01-26 09:37:02', 'c8411046-6c79-43f4-9fb7-7a9665a711c6'),
 ('63', '63', 'en_ie', 'Colin Cashin', NULL, NULL, NULL, NULL, NULL, NULL, NULL, NULL, NULL, NULL, NULL, NULL, NULL, NULL, NULL, NULL, NULL, '', NULL, 'Director of Engineering, Infrastructure', NULL, NULL, NULL, NULL, NULL, NULL, NULL, '2017-12-07 01:39:25', '2018-01-26 09:37:07', '0b9ce570-5937-452e-aaca-7bd0b6aab31c'),
 ('64', '64', 'en_ie', 'Brendan Dillon', NULL, NULL, NULL, NULL, NULL, NULL, NULL, NULL, NULL, NULL, NULL, NULL, NULL, NULL, NULL, NULL, NULL, '', NULL, 'Director of Studio Operations', NULL, NULL, NULL, NULL, NULL, NULL, NULL, '2017-12-07 01:39:31', '2018-01-26 09:37:11', 'c52c949b-4b76-435e-81f6-ef37525cf0bf'),
 ('65', '65', 'en_ie', 'Matchmaking', NULL, NULL, NULL, NULL, NULL, NULL, NULL, NULL, NULL, NULL, NULL, NULL, NULL, NULL, NULL, NULL, NULL, '<p>Putting all the right players together in one session, a few thousand times a second.</p>', NULL, '', NULL, NULL, NULL, NULL, NULL, NULL, NULL, '2017-12-07 01:40:44', '2018-01-25 23:33:34', '9e940571-0cdf-45a2-be08-a08fcb6c5c8b'),
 ('66', '66', 'en_ie', 'Leaderboards', NULL, NULL, NULL, NULL, NULL, NULL, NULL, NULL, NULL, NULL, NULL, NULL, NULL, NULL, NULL, NULL, NULL, '<p>Ranking the winners, among friends or the best in the world.</p>', NULL, '', NULL, NULL, NULL, NULL, NULL, NULL, NULL, '2017-12-07 01:40:56', '2018-01-25 23:33:39', '9ad2cc40-b0f6-498e-85df-a18a47b6cba5'),
 ('67', '67', 'en_ie', 'Microtransactions', NULL, NULL, NULL, NULL, NULL, NULL, NULL, NULL, NULL, NULL, NULL, NULL, NULL, NULL, NULL, NULL, NULL, '<p>Buying that bigger gun for the next raid, or a new hat because… new hat!</p>', NULL, '', NULL, NULL, NULL, NULL, NULL, NULL, NULL, '2017-12-07 01:41:10', '2018-01-25 23:33:45', '128b9654-d023-4164-9658-4d58d1983bbb'),
 ('68', '68', 'en_ie', 'Identity Management', NULL, NULL, NULL, NULL, NULL, NULL, NULL, NULL, NULL, NULL, NULL, NULL, NULL, NULL, NULL, NULL, NULL, '<p>Recognising a player everywhere they log in.</p>', NULL, '', NULL, NULL, NULL, NULL, NULL, NULL, NULL, '2017-12-07 01:41:20', '2018-01-25 23:33:53', '29b2b348-aaa9-4648-8541-0fdf04038ec2'),
 ('69', '69', 'en_ie', 'Data Pipeline', NULL, NULL, NULL, NULL, NULL, NULL, NULL, NULL, NULL, NULL, NULL, NULL, NULL, NULL, NULL, NULL, NULL, '<p>Gathering every bit of information to make the next player experience better.</p>', NULL, '', NULL, NULL, NULL, NULL, NULL, NULL, NULL, '2017-12-07 01:41:30', '2018-01-25 23:34:00', '8c35c083-2c4b-4f94-8d36-9c932086e76c'),
 ('70', '70', 'en_ie', 'Treyarch', NULL, NULL, NULL, NULL, NULL, NULL, NULL, NULL, NULL, NULL, NULL, NULL, NULL, NULL, NULL, NULL, 'Santa Monica, CA', '<p>Founded in 1996 and located in Santa Monica, California, Treyarch creates some of the best-selling, launch-day-record-breaking, widely known games in the world.</p>', '', NULL, NULL, NULL, NULL, NULL, NULL, NULL, NULL, '2017-12-07 01:44:22', '2017-12-07 01:44:22', 'b9fde56f-2d5e-411b-8b60-653af479f6c7'),
 ('71', '71', 'en_ie', 'Infinity Ward', NULL, NULL, NULL, NULL, NULL, NULL, NULL, NULL, NULL, NULL, NULL, NULL, NULL, NULL, NULL, NULL, 'Los Angeles, CA', '<p>Founded in 2002, Infinity Ward is the original studio behind the Call of Duty franchise. Titles developed by Infinity Ward have won over 200 \"Game of the Year\" awards and 100 \"Editor\'s Choice\" awards, among many other industry accolades.</p>', '', NULL, NULL, NULL, NULL, NULL, NULL, NULL, NULL, '2017-12-07 01:44:38', '2017-12-07 01:44:38', 'b7aaa1a6-86c7-4842-8f88-c2a34d4ede5f'),
 ('72', '72', 'en_ie', 'Sledgehammer', NULL, NULL, NULL, NULL, NULL, NULL, NULL, NULL, NULL, NULL, NULL, NULL, NULL, NULL, NULL, NULL, 'Silicon Valley, CA', '<p>Sledgehammer Games was founded in 2009 with a singular goal: Achieve Excellence. Their focus is providing players with a fun and entertaining experience in gaming.</p>', '', NULL, NULL, NULL, NULL, NULL, NULL, NULL, NULL, '2017-12-07 01:44:52', '2017-12-07 01:44:52', 'e6caf2db-3c99-4ee0-a18f-99a230187e8d'),
 ('73', '73', 'en_ie', 'High Moon Studios', NULL, NULL, NULL, NULL, NULL, NULL, NULL, NULL, NULL, NULL, NULL, NULL, NULL, NULL, NULL, NULL, 'San Diego, CA', '<p>High Moon Studios was established in 2005 and is located in Carlsbad, CA. We are focused on making highly successful AAA titles for PS3, Xbox 360 and PC.</p>', '', NULL, NULL, NULL, NULL, NULL, NULL, NULL, NULL, '2017-12-07 01:45:08', '2017-12-07 01:45:08', 'a16088a6-81cc-486d-a86a-97c354ef6e61'),
 ('74', '74', 'en_ie', 'Raven', NULL, NULL, NULL, NULL, NULL, NULL, NULL, NULL, NULL, NULL, NULL, NULL, NULL, NULL, NULL, NULL, 'Madison, WI', '<p>Founded in 1990, Raven Software has gone from a five-person company with a dream of creating a role-playing game for the Amiga, to the developer of numerous award-winning games and best-selling titles.</p>', '', NULL, NULL, NULL, NULL, NULL, NULL, NULL, NULL, '2017-12-07 01:45:24', '2017-12-07 01:45:24', 'cd3033bb-184b-451e-9e32-362b83c97bae'),
 ('75', '75', 'en_ie', 'Vicarious Visions', NULL, NULL, NULL, NULL, NULL, NULL, NULL, NULL, NULL, NULL, NULL, NULL, NULL, NULL, NULL, NULL, 'Albany, NY', '<p>Over the past two decades, Vicarious Visions has grown from a few friends working in their parents’ basement to a leading developer of console and handheld game software.</p>', '', NULL, NULL, NULL, NULL, NULL, NULL, NULL, NULL, '2017-12-07 01:45:39', '2017-12-07 01:45:39', '941ce8b2-1499-4595-9047-d5f878609455'),
 ('76', '76', 'en_ie', 'Toys for Bob', NULL, NULL, NULL, NULL, NULL, NULL, NULL, NULL, NULL, NULL, NULL, NULL, NULL, NULL, NULL, NULL, 'Marin County, CA', '<p>Toys For Bob has been making games for over 20 years, and are the creators of the innovative Skylanders video game and toy franchise.</p>', '', NULL, NULL, NULL, NULL, NULL, NULL, NULL, NULL, '2017-12-07 01:45:57', '2017-12-07 01:45:57', '1c94a83a-52c4-494d-a7a7-a4216e4b57d0'),
 ('77', '77', 'en_ie', 'Dw About', NULL, NULL, NULL, NULL, NULL, NULL, NULL, NULL, NULL, NULL, NULL, NULL, NULL, NULL, NULL, NULL, NULL, NULL, NULL, NULL, NULL, NULL, NULL, NULL, NULL, NULL, NULL, '2017-12-07 13:26:17', '2018-01-26 09:35:21', '84d039fc-d009-4ce3-8d78-9e77672bc7e3'),
 ('78', '78', 'en_ie', 'Dw Careers', NULL, NULL, NULL, NULL, NULL, NULL, NULL, NULL, NULL, NULL, NULL, NULL, NULL, NULL, NULL, NULL, NULL, NULL, NULL, NULL, NULL, NULL, NULL, NULL, NULL, NULL, NULL, '2017-12-07 13:26:17', '2018-01-26 09:35:21', '97d080ce-2465-4743-b5b8-12092f62db46'),
 ('79', '79', 'en_ie', 'Dw Careers Alt', NULL, NULL, NULL, NULL, NULL, NULL, NULL, NULL, NULL, NULL, NULL, NULL, NULL, NULL, NULL, NULL, NULL, NULL, NULL, NULL, NULL, NULL, NULL, NULL, NULL, NULL, NULL, '2017-12-07 13:33:53', '2018-01-26 09:35:21', '7b3d7a9f-229d-4b06-85ed-aea2687a382d'),
 ('80', '80', 'en_ie', 'Home Bg', NULL, NULL, NULL, NULL, NULL, NULL, NULL, NULL, NULL, NULL, NULL, NULL, NULL, NULL, NULL, NULL, NULL, NULL, NULL, NULL, NULL, NULL, NULL, NULL, NULL, NULL, NULL, '2018-01-25 15:18:00', '2018-01-26 09:35:23', 'ac4ee328-5907-4083-abe9-dc5dc6f2c086'),
 ('81', '81', 'en_ie', 'Photo', NULL, NULL, NULL, NULL, NULL, NULL, NULL, NULL, NULL, NULL, NULL, NULL, NULL, NULL, NULL, NULL, NULL, NULL, NULL, NULL, NULL, NULL, NULL, NULL, NULL, NULL, NULL, '2018-01-25 15:21:30', '2018-01-26 09:35:18', '16b95ace-8b19-441a-b20c-1998118c0f42'),
 ('82', '82', 'en_ie', 'Photo1', NULL, NULL, NULL, NULL, NULL, NULL, NULL, NULL, NULL, NULL, NULL, NULL, NULL, NULL, NULL, NULL, NULL, NULL, NULL, NULL, NULL, NULL, NULL, NULL, NULL, NULL, NULL, '2018-01-25 15:21:30', '2018-01-26 09:35:19', 'de1926f6-c041-42e3-ae59-96ea5ca88702'),
 ('83', '86', 'en_ie', 'Dw Services Data', NULL, NULL, NULL, NULL, NULL, NULL, NULL, NULL, NULL, NULL, NULL, NULL, NULL, NULL, NULL, NULL, NULL, NULL, NULL, NULL, NULL, NULL, NULL, NULL, NULL, NULL, NULL, '2018-01-25 23:33:14', '2018-01-26 09:35:21', '6a5b8a6d-ae15-464d-9475-e0cbbe973ed4'),
 ('84', '87', 'en_ie', 'Dw Services Identity', NULL, NULL, NULL, NULL, NULL, NULL, NULL, NULL, NULL, NULL, NULL, NULL, NULL, NULL, NULL, NULL, NULL, NULL, NULL, NULL, NULL, NULL, NULL, NULL, NULL, NULL, NULL, '2018-01-25 23:33:14', '2018-01-26 09:35:22', '487d776c-eef2-4ee8-9d12-446a64e65b3d'),
 ('85', '88', 'en_ie', 'Dw Services Leaderboards', NULL, NULL, NULL, NULL, NULL, NULL, NULL, NULL, NULL, NULL, NULL, NULL, NULL, NULL, NULL, NULL, NULL, NULL, NULL, NULL, NULL, NULL, NULL, NULL, NULL, NULL, NULL, '2018-01-25 23:33:15', '2018-01-26 09:35:22', '9ab8da33-4cff-41b4-973d-20b99f454b7c'),
 ('86', '89', 'en_ie', 'Dw Services Matchmaking', NULL, NULL, NULL, NULL, NULL, NULL, NULL, NULL, NULL, NULL, NULL, NULL, NULL, NULL, NULL, NULL, NULL, NULL, NULL, NULL, NULL, NULL, NULL, NULL, NULL, NULL, NULL, '2018-01-25 23:33:15', '2018-01-26 09:35:22', '7c1c2b67-357a-4be2-9bf3-845195bc77ea'),
 ('87', '90', 'en_ie', 'Dw Services Microtransactions', NULL, NULL, NULL, NULL, NULL, NULL, NULL, NULL, NULL, NULL, NULL, NULL, NULL, NULL, NULL, NULL, NULL, NULL, NULL, NULL, NULL, NULL, NULL, NULL, NULL, NULL, NULL, '2018-01-25 23:33:15', '2018-01-26 09:35:22', 'c6efa5fb-e114-42e7-8900-ca1ab12b77f1'),
 ('88', '91', 'en_ie', 'Dw Loc 01', NULL, NULL, NULL, NULL, NULL, NULL, NULL, NULL, NULL, NULL, NULL, NULL, NULL, NULL, NULL, NULL, NULL, NULL, NULL, NULL, NULL, NULL, NULL, NULL, NULL, NULL, NULL, '2018-01-25 23:50:37', '2018-01-26 09:35:18', '94103fbe-4ec4-45f0-aa3d-e9219f28d4fb'),
 ('89', '92', 'en_ie', 'Dw Loc 02', NULL, NULL, NULL, NULL, NULL, NULL, NULL, NULL, NULL, NULL, NULL, NULL, NULL, NULL, NULL, NULL, NULL, NULL, NULL, NULL, NULL, NULL, NULL, NULL, NULL, NULL, NULL, '2018-01-25 23:50:38', '2018-01-26 09:35:18', '16e8fa3c-38be-47dc-8c9c-15e4f6f5f6b6'),
 ('90', '93', 'en_ie', 'Dw Loc 03', NULL, NULL, NULL, NULL, NULL, NULL, NULL, NULL, NULL, NULL, NULL, NULL, NULL, NULL, NULL, NULL, NULL, NULL, NULL, NULL, NULL, NULL, NULL, NULL, NULL, NULL, NULL, '2018-01-25 23:50:38', '2018-01-26 09:35:19', '02a26803-dc37-44be-9d9b-754f119740fb'),
 ('91', '94', 'en_ie', 'Team Brendan', NULL, NULL, NULL, NULL, NULL, NULL, NULL, NULL, NULL, NULL, NULL, NULL, NULL, NULL, NULL, NULL, NULL, NULL, NULL, NULL, NULL, NULL, NULL, NULL, NULL, NULL, NULL, '2018-01-26 09:35:19', '2018-01-26 09:35:19', 'c5ba1912-4762-4da1-b496-65dc4b1d9a06'),
 ('92', '95', 'en_ie', 'Team Colin', NULL, NULL, NULL, NULL, NULL, NULL, NULL, NULL, NULL, NULL, NULL, NULL, NULL, NULL, NULL, NULL, NULL, NULL, NULL, NULL, NULL, NULL, NULL, NULL, NULL, NULL, NULL, '2018-01-26 09:35:19', '2018-01-26 09:35:19', 'c3f3c88d-0d4e-4a07-acf9-d6fd20b0dab5'),
 ('93', '96', 'en_ie', 'Team Mike', NULL, NULL, NULL, NULL, NULL, NULL, NULL, NULL, NULL, NULL, NULL, NULL, NULL, NULL, NULL, NULL, NULL, NULL, NULL, NULL, NULL, NULL, NULL, NULL, NULL, NULL, NULL, '2018-01-26 09:35:19', '2018-01-26 09:35:20', '4bde89a6-dd64-45f4-8a65-db6d5cc7825a'),
 ('94', '97', 'en_ie', 'Team Nadia', NULL, NULL, NULL, NULL, NULL, NULL, NULL, NULL, NULL, NULL, NULL, NULL, NULL, NULL, NULL, NULL, NULL, NULL, NULL, NULL, NULL, NULL, NULL, NULL, NULL, NULL, NULL, '2018-01-26 09:35:20', '2018-01-26 09:35:20', '2e442b25-7f9a-415a-8e3b-b019bc84baf2'),
 ('95', '98', 'en_ie', 'Team Suzanne', NULL, NULL, NULL, NULL, NULL, NULL, NULL, NULL, NULL, NULL, NULL, NULL, NULL, NULL, NULL, NULL, NULL, NULL, NULL, NULL, NULL, NULL, NULL, NULL, NULL, NULL, NULL, '2018-01-26 09:35:20', '2018-01-26 09:35:20', '6a4951be-c226-404f-a018-a2adc0cd9f54'),
 ('96', '99', 'en_ie', 'Team Tendayi', NULL, NULL, NULL, NULL, NULL, NULL, NULL, NULL, NULL, NULL, NULL, NULL, NULL, NULL, NULL, NULL, NULL, NULL, NULL, NULL, NULL, NULL, NULL, NULL, NULL, NULL, NULL, '2018-01-26 09:35:20', '2018-01-26 09:35:20', '514ac233-c828-40a2-a6ad-7f308f85df13');



DROP TABLE IF EXISTS `craft_deprecationerrors`;


--
-- Schema for table `craft_deprecationerrors`
--
CREATE TABLE `craft_deprecationerrors` (
  `id` int(11) NOT NULL AUTO_INCREMENT,
  `key` varchar(255) COLLATE utf8_unicode_ci NOT NULL,
  `fingerprint` varchar(255) COLLATE utf8_unicode_ci NOT NULL,
  `lastOccurrence` datetime NOT NULL,
  `file` varchar(255) COLLATE utf8_unicode_ci NOT NULL,
  `line` smallint(6) unsigned NOT NULL,
  `class` varchar(255) COLLATE utf8_unicode_ci DEFAULT NULL,
  `method` varchar(255) COLLATE utf8_unicode_ci DEFAULT NULL,
  `template` varchar(255) COLLATE utf8_unicode_ci DEFAULT NULL,
  `templateLine` smallint(6) unsigned DEFAULT NULL,
  `message` varchar(255) COLLATE utf8_unicode_ci DEFAULT NULL,
  `traces` text COLLATE utf8_unicode_ci,
  `dateCreated` datetime NOT NULL,
  `dateUpdated` datetime NOT NULL,
  `uid` char(36) COLLATE utf8_unicode_ci NOT NULL DEFAULT '0',
  PRIMARY KEY (`id`),
  UNIQUE KEY `craft_deprecationerrors_key_fingerprint_unq_idx` (`key`,`fingerprint`)
) ENGINE=InnoDB DEFAULT CHARSET=utf8 COLLATE=utf8_unicode_ci;

DROP TABLE IF EXISTS `craft_elementindexsettings`;


--
-- Schema for table `craft_elementindexsettings`
--
CREATE TABLE `craft_elementindexsettings` (
  `id` int(11) NOT NULL AUTO_INCREMENT,
  `type` varchar(150) COLLATE utf8_unicode_ci NOT NULL,
  `settings` text COLLATE utf8_unicode_ci,
  `dateCreated` datetime NOT NULL,
  `dateUpdated` datetime NOT NULL,
  `uid` char(36) COLLATE utf8_unicode_ci NOT NULL DEFAULT '0',
  PRIMARY KEY (`id`),
  UNIQUE KEY `craft_elementindexsettings_type_unq_idx` (`type`)
) ENGINE=InnoDB AUTO_INCREMENT=2 DEFAULT CHARSET=utf8 COLLATE=utf8_unicode_ci;

--
-- Data for table `craft_elementindexsettings`
--

INSERT INTO `craft_elementindexsettings` (`id`, `type`, `settings`, `dateCreated`, `dateUpdated`, `uid`) VALUES
 ('1', 'Entry', '{\"sources\":{\"section:4\":{\"tableAttributes\":{\"1\":\"field:18\",\"2\":\"dateUpdated\"}},\"section:8\":{\"tableAttributes\":{\"1\":\"postDate\",\"2\":\"expiryDate\"}},\"singles\":{\"tableAttributes\":{\"1\":\"dateUpdated\",\"2\":\"link\"}},\"section:2\":{\"tableAttributes\":{\"1\":\"postDate\",\"2\":\"author\",\"3\":\"link\"}},\"section:6\":{\"tableAttributes\":{\"1\":\"field:20\",\"2\":\"link\"}}}}', '2017-10-13 15:09:00', '2017-10-23 14:26:18', '06297911-d4c3-4773-99fd-5c39466f4412');



DROP TABLE IF EXISTS `craft_elements`;


--
-- Schema for table `craft_elements`
--
CREATE TABLE `craft_elements` (
  `id` int(11) NOT NULL AUTO_INCREMENT,
  `type` varchar(150) COLLATE utf8_unicode_ci NOT NULL,
  `enabled` tinyint(1) unsigned NOT NULL DEFAULT '1',
  `archived` tinyint(1) unsigned NOT NULL DEFAULT '0',
  `dateCreated` datetime NOT NULL,
  `dateUpdated` datetime NOT NULL,
  `uid` char(36) COLLATE utf8_unicode_ci NOT NULL DEFAULT '0',
  PRIMARY KEY (`id`),
  KEY `craft_elements_type_idx` (`type`),
  KEY `craft_elements_enabled_idx` (`enabled`),
  KEY `craft_elements_archived_dateCreated_idx` (`archived`,`dateCreated`)
) ENGINE=InnoDB AUTO_INCREMENT=100 DEFAULT CHARSET=utf8 COLLATE=utf8_unicode_ci;

--
-- Data for table `craft_elements`
--

INSERT INTO `craft_elements` (`id`, `type`, `enabled`, `archived`, `dateCreated`, `dateUpdated`, `uid`) VALUES
 ('1', 'User', '1', '0', '2017-10-13 11:04:16', '2017-10-13 11:05:55', 'a34e6daf-4323-4b00-918f-e0c4fe677445'),
 ('2', 'Entry', '1', '0', '2017-10-13 11:04:19', '2018-01-26 10:31:35', 'fc50f329-8d5d-4aa8-b928-d0a9ed597dc7'),
 ('5', 'Entry', '1', '0', '2017-10-13 14:00:45', '2018-01-25 23:50:57', '0da0424c-7c35-489f-8d12-9c9b08898aaa'),
 ('9', 'GlobalSet', '1', '0', '2017-10-13 14:23:03', '2017-12-04 23:29:49', '5d26461d-1d6e-4f69-8809-937f9d73f2a1'),
 ('48', 'Entry', '1', '0', '2017-12-04 23:13:13', '2018-01-25 15:22:15', 'cd303a15-5ab3-494a-9c7e-2c51207f1905'),
 ('49', 'Entry', '1', '0', '2017-12-07 01:35:22', '2017-12-07 01:39:58', '0f9b355b-1016-4e5e-ab39-ef1fed4c9293'),
 ('50', 'Entry', '1', '0', '2017-12-07 01:35:36', '2017-12-07 01:39:58', 'c7e2b8fe-57f8-40d5-91a5-9cabc4cd3a23'),
 ('51', 'Entry', '1', '0', '2017-12-07 01:35:50', '2017-12-07 01:39:58', 'b72f061e-1ae7-4cd2-96b5-621542eacac1'),
 ('52', 'Entry', '1', '0', '2017-12-07 01:36:18', '2017-12-07 01:36:18', 'aa56c066-fa23-4c82-bec5-49d8c853d07d'),
 ('53', 'Entry', '1', '0', '2017-12-07 01:36:27', '2017-12-07 01:36:27', '6c615141-5847-4e4e-91c0-ce6e962af644'),
 ('54', 'Entry', '1', '0', '2017-12-07 01:36:36', '2017-12-07 01:36:36', '36303a22-80d1-42b1-976c-4efea4bbe4fb'),
 ('55', 'Entry', '1', '0', '2017-12-07 01:36:51', '2017-12-07 01:36:51', '6ff6e3a8-ba1c-4370-82a9-43287fefadc1'),
 ('56', 'Entry', '1', '0', '2017-12-07 01:37:16', '2017-12-07 01:37:16', '5d924cfc-4ea2-4ebd-a9ef-dfb64f5cd821'),
 ('57', 'Entry', '1', '0', '2017-12-07 01:37:25', '2017-12-07 01:37:27', 'fab0cc5c-e480-40d5-b7c2-6d3f6ea0e968'),
 ('58', 'Entry', '1', '0', '2017-12-07 01:37:38', '2017-12-07 01:37:38', '2b3319c7-db67-4df7-bda7-480fae9ff1ff'),
 ('59', 'Entry', '1', '0', '2017-12-07 01:38:00', '2018-01-26 09:36:46', 'bb7cf9dc-148e-4535-bb39-b4b0ee2d7fe1'),
 ('60', 'Entry', '1', '0', '2017-12-07 01:39:00', '2018-01-26 09:36:51', 'c66ab570-edcd-474e-853d-c56d0bd51667'),
 ('61', 'Entry', '1', '0', '2017-12-07 01:39:08', '2018-01-26 09:36:56', '67471272-bfcb-465b-a40a-ff516a530a2b'),
 ('62', 'Entry', '1', '0', '2017-12-07 01:39:18', '2018-01-26 09:37:02', '08287063-3a12-4cd3-b00c-667a06c4ef2f'),
 ('63', 'Entry', '1', '0', '2017-12-07 01:39:25', '2018-01-26 09:37:07', 'a0f231be-bc2b-4988-9a5e-5e75bc225313'),
 ('64', 'Entry', '1', '0', '2017-12-07 01:39:31', '2018-01-26 09:37:11', '2650fd96-9b87-4002-a39b-51cebcdc173d'),
 ('65', 'Entry', '1', '0', '2017-12-07 01:40:44', '2018-01-25 23:33:34', '051cfa0b-855a-416b-bbb5-085b619eb97c'),
 ('66', 'Entry', '1', '0', '2017-12-07 01:40:56', '2018-01-25 23:33:39', 'e11647aa-c6e4-4c3a-b26c-82c57c3cab34'),
 ('67', 'Entry', '1', '0', '2017-12-07 01:41:10', '2018-01-25 23:33:45', 'c6fd5b71-6159-4923-8e25-e14f95d7086f'),
 ('68', 'Entry', '1', '0', '2017-12-07 01:41:20', '2018-01-25 23:33:53', '4889c20b-1dd0-4baa-82b0-65007a5b61d0'),
 ('69', 'Entry', '1', '0', '2017-12-07 01:41:30', '2018-01-25 23:34:00', 'b7829c10-d2eb-4c31-a86a-cdf32fb36837'),
 ('70', 'Entry', '1', '0', '2017-12-07 01:44:22', '2017-12-07 01:44:22', '125fbbd5-3e77-4d9c-8bfb-9bbfa5192af4'),
 ('71', 'Entry', '1', '0', '2017-12-07 01:44:38', '2017-12-07 01:44:38', '9563dd02-cdf2-4fb2-adb8-4d4dab1d2555'),
 ('72', 'Entry', '1', '0', '2017-12-07 01:44:52', '2017-12-07 01:44:52', '49cce529-1efd-48ae-b00b-034b6356aa1a'),
 ('73', 'Entry', '1', '0', '2017-12-07 01:45:08', '2017-12-07 01:45:08', '8304c658-38d4-4efc-a74a-5816130d2b07'),
 ('74', 'Entry', '1', '0', '2017-12-07 01:45:24', '2017-12-07 01:45:24', 'c995419b-3f7f-4867-8a7a-b3e649b2d88a'),
 ('75', 'Entry', '1', '0', '2017-12-07 01:45:39', '2017-12-07 01:45:39', 'e77f1ebf-1655-481a-a9cf-ec2d96070f25'),
 ('76', 'Entry', '1', '0', '2017-12-07 01:45:57', '2017-12-07 01:45:57', 'efbe0347-f20a-4f5b-9bd9-4b22ae00f743'),
 ('77', 'Asset', '1', '0', '2017-12-07 13:26:17', '2018-01-26 09:35:21', 'ea936dd8-8a1e-4f8d-b320-270013589606'),
 ('78', 'Asset', '1', '0', '2017-12-07 13:26:17', '2018-01-26 09:35:21', 'e6ff14f3-6e0f-4dc0-bb9c-7d4c7e964a90'),
 ('79', 'Asset', '1', '0', '2017-12-07 13:33:53', '2018-01-26 09:35:21', '4367cf1c-3e5f-4a21-b3c2-f26f65ee098b'),
 ('80', 'Asset', '1', '0', '2018-01-25 15:18:00', '2018-01-26 09:35:23', 'b4d08a2b-acb5-40a2-84ab-6da2c494b16b'),
 ('81', 'Asset', '1', '0', '2018-01-25 15:21:30', '2018-01-26 09:35:18', '9eaa6936-4c48-4694-bb51-546381cef19d'),
 ('82', 'Asset', '1', '0', '2018-01-25 15:21:30', '2018-01-26 09:35:19', 'fe9a0d31-4608-4e81-a2b1-fad99412c786'),
 ('83', 'SuperTable_Block', '1', '0', '2018-01-25 15:22:15', '2018-01-25 15:22:15', 'c7a76c9d-25c5-4143-8b55-d616e4744e7c'),
 ('84', 'SuperTable_Block', '1', '0', '2018-01-25 15:22:15', '2018-01-25 15:22:15', '26c987b0-0ed0-4edb-8b51-d09f9513f167'),
 ('85', 'SuperTable_Block', '1', '0', '2018-01-25 15:22:15', '2018-01-25 15:22:15', 'a912ba77-328d-465d-8208-e500428e6314'),
 ('86', 'Asset', '1', '0', '2018-01-25 23:33:14', '2018-01-26 09:35:21', 'aa824b51-ce34-4097-b8fe-088eacde8917'),
 ('87', 'Asset', '1', '0', '2018-01-25 23:33:14', '2018-01-26 09:35:22', 'f7fa2ddc-f566-48b2-a821-dbf5c6a9ae7d'),
 ('88', 'Asset', '1', '0', '2018-01-25 23:33:15', '2018-01-26 09:35:22', '1b36ce72-fcd3-415f-9221-e94970c1743c'),
 ('89', 'Asset', '1', '0', '2018-01-25 23:33:15', '2018-01-26 09:35:22', 'b4ce7864-3a69-467d-a2fa-213e2ccaaae1'),
 ('90', 'Asset', '1', '0', '2018-01-25 23:33:15', '2018-01-26 09:35:22', 'c172b12d-8555-40fe-80f2-0454056c4c0b'),
 ('91', 'Asset', '1', '0', '2018-01-25 23:50:37', '2018-01-26 09:35:18', 'f18c4c2e-77a8-49dc-8a1e-f155bbf45907'),
 ('92', 'Asset', '1', '0', '2018-01-25 23:50:38', '2018-01-26 09:35:18', '83326b75-fbb1-4834-9027-dca0e1cbde18'),
 ('93', 'Asset', '1', '0', '2018-01-25 23:50:38', '2018-01-26 09:35:19', 'ef8b7e66-d7b1-40e1-a021-0f74eff09534'),
 ('94', 'Asset', '1', '0', '2018-01-26 09:35:19', '2018-01-26 09:35:19', '206cd354-8280-44a0-9914-dc9b3255b2f7'),
 ('95', 'Asset', '1', '0', '2018-01-26 09:35:19', '2018-01-26 09:35:19', 'c01cf35f-b92e-4f3a-85bc-1a8335516a30'),
 ('96', 'Asset', '1', '0', '2018-01-26 09:35:19', '2018-01-26 09:35:20', 'b4e113af-a8bf-46b3-a62c-d9bc7a2c8daf'),
 ('97', 'Asset', '1', '0', '2018-01-26 09:35:20', '2018-01-26 09:35:20', 'a44c3416-275c-4d07-94cd-390c14f74614'),
 ('98', 'Asset', '1', '0', '2018-01-26 09:35:20', '2018-01-26 09:35:20', '60380298-f0b9-41e2-8a04-eabcb8e017ce'),
 ('99', 'Asset', '1', '0', '2018-01-26 09:35:20', '2018-01-26 09:35:20', '68cec0d1-9ac3-45ad-a6b7-aca2d70087c4');



DROP TABLE IF EXISTS `craft_elements_i18n`;


--
-- Schema for table `craft_elements_i18n`
--
CREATE TABLE `craft_elements_i18n` (
  `id` int(11) NOT NULL AUTO_INCREMENT,
  `elementId` int(11) NOT NULL,
  `locale` char(12) COLLATE utf8_unicode_ci NOT NULL,
  `slug` varchar(255) COLLATE utf8_unicode_ci DEFAULT NULL,
  `uri` varchar(255) COLLATE utf8_unicode_ci DEFAULT NULL,
  `enabled` tinyint(1) unsigned NOT NULL DEFAULT '1',
  `dateCreated` datetime NOT NULL,
  `dateUpdated` datetime NOT NULL,
  `uid` char(36) COLLATE utf8_unicode_ci NOT NULL DEFAULT '0',
  PRIMARY KEY (`id`),
  UNIQUE KEY `craft_elements_i18n_elementId_locale_unq_idx` (`elementId`,`locale`),
  UNIQUE KEY `craft_elements_i18n_uri_locale_unq_idx` (`uri`,`locale`),
  KEY `craft_elements_i18n_slug_locale_idx` (`slug`,`locale`),
  KEY `craft_elements_i18n_enabled_idx` (`enabled`),
  KEY `craft_elements_i18n_locale_fk` (`locale`)
) ENGINE=InnoDB AUTO_INCREMENT=100 DEFAULT CHARSET=utf8 COLLATE=utf8_unicode_ci;

--
-- Data for table `craft_elements_i18n`
--

INSERT INTO `craft_elements_i18n` (`id`, `elementId`, `locale`, `slug`, `uri`, `enabled`, `dateCreated`, `dateUpdated`, `uid`) VALUES
 ('1', '1', 'en_ie', '', NULL, '1', '2017-10-13 11:04:16', '2017-10-13 11:05:55', 'b07a3f78-7f96-4636-8bd9-77946a527136'),
 ('2', '2', 'en_ie', 'homepage', '__home__', '1', '2017-10-13 11:04:19', '2018-01-26 10:31:35', '99cbb510-03a5-40ce-9df3-cb7896f7cd5e'),
 ('5', '5', 'en_ie', 'about-us', 'about', '1', '2017-10-13 14:00:45', '2018-01-25 23:50:57', '36d0bba5-d84a-4782-9b34-d0d4d72c729c'),
 ('9', '9', 'en_ie', '', NULL, '1', '2017-10-13 14:23:03', '2017-12-04 23:29:49', '605a0f0c-f420-4899-baf2-920599f0e1b3'),
 ('48', '48', 'en_ie', 'careers', 'careers', '1', '2017-12-04 23:13:13', '2018-01-25 15:22:15', 'c304c36b-0d22-45d5-b223-b3c968fbe7fb'),
 ('49', '49', 'en_ie', 'debbie', NULL, '1', '2017-12-07 01:35:22', '2017-12-07 01:39:58', 'f13bd789-ce26-4fa8-aba5-923042d38a3f'),
 ('50', '50', 'en_ie', 'damien', NULL, '1', '2017-12-07 01:35:36', '2017-12-07 01:39:58', '3bdd7326-50ba-4ad7-b4ab-6b268776d425'),
 ('51', '51', 'en_ie', 'greg-smith', NULL, '1', '2017-12-07 01:35:50', '2017-12-07 01:39:58', 'c05c9d04-f0e6-4f7b-ac93-c9f0db8c2db6'),
 ('52', '52', 'en_ie', 'infrastructure', NULL, '1', '2017-12-07 01:36:18', '2017-12-07 01:36:18', '43903afb-b0b8-4f82-a546-ae2a0ca282c9'),
 ('53', '53', 'en_ie', 'products', NULL, '1', '2017-12-07 01:36:27', '2017-12-07 01:36:27', '6444fc6b-760f-4803-b298-b80f2a01c136'),
 ('54', '54', 'en_ie', 'platforms', NULL, '1', '2017-12-07 01:36:36', '2017-12-07 01:36:36', 'b75d6da8-174d-4a32-9130-c69dac21ad38'),
 ('55', '55', 'en_ie', 'titles', NULL, '1', '2017-12-07 01:36:51', '2017-12-07 01:36:51', '9ba78a42-4bbf-4490-b28a-89ac63fc298a'),
 ('56', '56', 'en_ie', 'vancouver', NULL, '1', '2017-12-07 01:37:16', '2017-12-07 01:37:16', 'fb96c689-a53a-4162-b353-b9f539f981a5'),
 ('57', '57', 'en_ie', 'dublin', NULL, '1', '2017-12-07 01:37:25', '2017-12-07 01:37:27', '620ec58d-8d00-4ccc-bc38-cb364db2a634'),
 ('58', '58', 'en_ie', 'shanghai', NULL, '1', '2017-12-07 01:37:38', '2017-12-07 01:37:38', 'afb5a00e-5ed7-4881-b54f-1ebc34a3f4f8'),
 ('59', '59', 'en_ie', 'tendayi-mawushe', NULL, '1', '2017-12-07 01:38:00', '2018-01-26 09:36:46', '1552a783-0483-4de5-8f62-9046deef9930'),
 ('60', '60', 'en_ie', 'suzanne-boylan', NULL, '1', '2017-12-07 01:39:00', '2018-01-26 10:01:11', '00c13706-2616-4a39-8fdb-58dc56eb40c3'),
 ('61', '61', 'en_ie', 'mike-whitty', NULL, '1', '2017-12-07 01:39:08', '2018-01-26 09:36:56', '8a8243cd-ffe2-403c-90ac-1be20ff9ff0f'),
 ('62', '62', 'en_ie', 'nadia-alramli', NULL, '1', '2017-12-07 01:39:18', '2018-01-26 10:01:13', '05c9be40-5f95-4bcf-958c-bb48eef6653f'),
 ('63', '63', 'en_ie', 'colin-cashin', NULL, '1', '2017-12-07 01:39:25', '2018-01-26 10:01:15', '698d83cd-d1e5-4efc-9c38-01f5cd995837'),
 ('64', '64', 'en_ie', 'brendan-dillon', NULL, '1', '2017-12-07 01:39:31', '2018-01-26 10:01:07', '6ecf45ec-a5cb-4d8a-bdb6-df44fea956bc'),
 ('65', '65', 'en_ie', 'matchmaking', NULL, '1', '2017-12-07 01:40:44', '2018-01-25 23:33:34', 'e0fdef1e-fbfe-4819-b22c-b697287b28bd'),
 ('66', '66', 'en_ie', 'leaderboards', NULL, '1', '2017-12-07 01:40:56', '2018-01-25 23:33:39', '8c73bc4b-c637-4d3a-996d-74e12e294e23'),
 ('67', '67', 'en_ie', 'microtransactions', NULL, '1', '2017-12-07 01:41:10', '2018-01-25 23:33:45', '768744f9-0411-4877-b82e-b5eb4c6e7151'),
 ('68', '68', 'en_ie', 'identity-management', NULL, '1', '2017-12-07 01:41:20', '2018-01-25 23:33:54', 'abb7fa23-b8b0-45e6-8b87-5d89ebc3cd72'),
 ('69', '69', 'en_ie', 'data-pipeline', NULL, '1', '2017-12-07 01:41:30', '2018-01-25 23:34:00', '49f6727a-e94a-4cd8-bb1a-4720021e434d'),
 ('70', '70', 'en_ie', 'treyarch', NULL, '1', '2017-12-07 01:44:22', '2017-12-07 01:44:22', 'f5b81694-072d-4322-8283-d9ad27eb44f5'),
 ('71', '71', 'en_ie', 'infinity-ward', NULL, '1', '2017-12-07 01:44:38', '2017-12-07 01:44:38', '37264fa4-7cdf-482c-8f36-a9ffcef51ab3'),
 ('72', '72', 'en_ie', 'sledgehammer', NULL, '1', '2017-12-07 01:44:52', '2017-12-07 01:44:52', '0d6ade63-ee4b-46fd-ae44-8c26c1e36086'),
 ('73', '73', 'en_ie', 'high-moon-studios', NULL, '1', '2017-12-07 01:45:08', '2017-12-07 01:45:08', 'c1356cb8-a6e6-41b4-a304-c867af43d924'),
 ('74', '74', 'en_ie', 'raven', NULL, '1', '2017-12-07 01:45:24', '2017-12-07 01:45:24', 'd1869b3c-d312-4833-9d96-1fec9ab2d490'),
 ('75', '75', 'en_ie', 'vicarious-visions', NULL, '1', '2017-12-07 01:45:40', '2017-12-07 01:45:40', '7176a432-f8fc-4a6c-bfa9-ee9127253e55'),
 ('76', '76', 'en_ie', 'toys-for-bob', NULL, '1', '2017-12-07 01:45:57', '2017-12-07 01:45:57', '392cae73-dbb2-402e-8f6a-1556801cc934'),
 ('77', '77', 'en_ie', 'dw-about', NULL, '1', '2017-12-07 13:26:17', '2018-01-26 09:35:21', 'cdeaf26c-8746-4665-95e7-1f29b441e012'),
 ('78', '78', 'en_ie', 'dw-careers', NULL, '1', '2017-12-07 13:26:17', '2018-01-26 09:35:21', '6bd1aed9-10db-4d58-a39a-6752f3843d35'),
 ('79', '79', 'en_ie', 'dw-careers-alt', NULL, '1', '2017-12-07 13:33:53', '2018-01-26 09:35:21', '11aced2a-b6cd-4980-8069-2488c2a08df1'),
 ('80', '80', 'en_ie', 'home-bg', NULL, '1', '2018-01-25 15:18:01', '2018-01-26 09:35:23', '187e61e5-f017-4817-8981-650bc3f042e3'),
 ('81', '81', 'en_ie', 'photo', NULL, '1', '2018-01-25 15:21:30', '2018-01-26 09:35:18', '28f7c1c5-9960-4c53-a009-8a11d1113dc3'),
 ('82', '82', 'en_ie', 'photo1', NULL, '1', '2018-01-25 15:21:30', '2018-01-26 09:35:19', 'e22df718-9fd7-48f4-a757-f1f13f299f06'),
 ('83', '83', 'en_ie', '', NULL, '1', '2018-01-25 15:22:15', '2018-01-25 15:22:15', 'c7adbe8a-9e12-4fdc-b9d1-bb8101b5d996'),
 ('84', '84', 'en_ie', '', NULL, '1', '2018-01-25 15:22:15', '2018-01-25 15:22:15', 'e3281906-dd78-4fa5-89d6-3007e9848c07'),
 ('85', '85', 'en_ie', '', NULL, '1', '2018-01-25 15:22:15', '2018-01-25 15:22:15', '43de264a-955e-483e-ac4a-1dddfb927056'),
 ('86', '86', 'en_ie', 'dw-services-data', NULL, '1', '2018-01-25 23:33:14', '2018-01-26 09:35:21', 'a7ab12ae-9f50-4266-b422-7b056461051d'),
 ('87', '87', 'en_ie', 'dw-services-identity', NULL, '1', '2018-01-25 23:33:14', '2018-01-26 09:35:22', 'bc29b967-62ae-4520-908f-373a987e01e4'),
 ('88', '88', 'en_ie', 'dw-services-leaderboards', NULL, '1', '2018-01-25 23:33:15', '2018-01-26 09:35:22', 'bdb064c0-d292-42d9-a498-1bbbadfef44f'),
 ('89', '89', 'en_ie', 'dw-services-matchmaking', NULL, '1', '2018-01-25 23:33:15', '2018-01-26 09:35:22', '1e1e080c-bc0c-4a46-9970-13c96dae6e4a'),
 ('90', '90', 'en_ie', 'dw-services-microtransactions', NULL, '1', '2018-01-25 23:33:15', '2018-01-26 09:35:22', '091e336a-fef7-4bf1-ae3c-86496da096be'),
 ('91', '91', 'en_ie', 'dw-loc-01', NULL, '1', '2018-01-25 23:50:37', '2018-01-26 09:35:18', 'a9fe0f78-6f8c-422e-9edb-df09888fc297'),
 ('92', '92', 'en_ie', 'dw-loc-02', NULL, '1', '2018-01-25 23:50:38', '2018-01-26 09:35:18', '49c2e25d-fcaf-428a-90ba-142e4c315cbb'),
 ('93', '93', 'en_ie', 'dw-loc-03', NULL, '1', '2018-01-25 23:50:38', '2018-01-26 09:35:19', '01bde836-9f7d-4e42-9e93-6c020445763d'),
 ('94', '94', 'en_ie', 'team-brendan', NULL, '1', '2018-01-26 09:35:19', '2018-01-26 09:35:19', '79a7293b-1941-4a8c-90f3-413c9b618d22'),
 ('95', '95', 'en_ie', 'team-colin', NULL, '1', '2018-01-26 09:35:19', '2018-01-26 09:35:19', '1456eccd-bf10-47d2-a1ac-148d6459ad85'),
 ('96', '96', 'en_ie', 'team-mike', NULL, '1', '2018-01-26 09:35:20', '2018-01-26 09:35:20', 'd09371de-8289-43a9-8ed4-1ede6ab90e29'),
 ('97', '97', 'en_ie', 'team-nadia', NULL, '1', '2018-01-26 09:35:20', '2018-01-26 09:35:20', '36607b33-e7ac-47ef-a20f-c1f58e5e4fd8'),
 ('98', '98', 'en_ie', 'team-suzanne', NULL, '1', '2018-01-26 09:35:20', '2018-01-26 09:35:20', 'c5fc43e0-6944-4529-94ec-0ff34c6d16b1'),
 ('99', '99', 'en_ie', 'team-tendayi', NULL, '1', '2018-01-26 09:35:20', '2018-01-26 09:35:20', '29019c80-dc20-401b-bb80-9762e8a6de38');



DROP TABLE IF EXISTS `craft_emailmessages`;


--
-- Schema for table `craft_emailmessages`
--
CREATE TABLE `craft_emailmessages` (
  `id` int(11) NOT NULL AUTO_INCREMENT,
  `key` char(150) COLLATE utf8_unicode_ci NOT NULL,
  `locale` char(12) COLLATE utf8_unicode_ci NOT NULL,
  `subject` varchar(1000) COLLATE utf8_unicode_ci NOT NULL,
  `body` text COLLATE utf8_unicode_ci NOT NULL,
  `dateCreated` datetime NOT NULL,
  `dateUpdated` datetime NOT NULL,
  `uid` char(36) COLLATE utf8_unicode_ci NOT NULL DEFAULT '0',
  PRIMARY KEY (`id`),
  UNIQUE KEY `craft_emailmessages_key_locale_unq_idx` (`key`,`locale`),
  KEY `craft_emailmessages_locale_fk` (`locale`)
) ENGINE=InnoDB DEFAULT CHARSET=utf8 COLLATE=utf8_unicode_ci;

DROP TABLE IF EXISTS `craft_entries`;


--
-- Schema for table `craft_entries`
--
CREATE TABLE `craft_entries` (
  `id` int(11) NOT NULL,
  `sectionId` int(11) NOT NULL,
  `typeId` int(11) DEFAULT NULL,
  `authorId` int(11) DEFAULT NULL,
  `postDate` datetime DEFAULT NULL,
  `expiryDate` datetime DEFAULT NULL,
  `dateCreated` datetime NOT NULL,
  `dateUpdated` datetime NOT NULL,
  `uid` char(36) COLLATE utf8_unicode_ci NOT NULL DEFAULT '0',
  PRIMARY KEY (`id`),
  KEY `craft_entries_sectionId_idx` (`sectionId`),
  KEY `craft_entries_typeId_idx` (`typeId`),
  KEY `craft_entries_postDate_idx` (`postDate`),
  KEY `craft_entries_expiryDate_idx` (`expiryDate`),
  KEY `craft_entries_authorId_fk` (`authorId`)
) ENGINE=InnoDB DEFAULT CHARSET=utf8 COLLATE=utf8_unicode_ci;

--
-- Data for table `craft_entries`
--

INSERT INTO `craft_entries` (`id`, `sectionId`, `typeId`, `authorId`, `postDate`, `expiryDate`, `dateCreated`, `dateUpdated`, `uid`) VALUES
 ('2', '1', '1', NULL, '2017-11-21 22:56:36', NULL, '2017-10-13 11:04:19', '2018-01-26 10:31:35', 'b1444856-e906-4261-95d6-eb0e45ac61fc'),
 ('5', '5', '5', NULL, '2017-11-28 23:59:57', NULL, '2017-10-13 14:00:45', '2018-01-25 23:50:57', '230cab4a-5a45-4f3a-acfe-0fcb900f25bd'),
 ('48', '9', NULL, NULL, '2017-12-04 23:13:13', NULL, '2017-12-04 23:13:13', '2018-01-25 15:22:15', '9be39401-6ce5-4937-b234-da1f23f12bef'),
 ('49', '14', '14', '1', '2017-12-07 01:35:00', NULL, '2017-12-07 01:35:22', '2017-12-07 01:35:25', '3b79ea0d-a4e7-4f3f-8505-bdbacc65f828'),
 ('50', '14', '14', '1', '2017-12-07 01:35:00', NULL, '2017-12-07 01:35:36', '2017-12-07 01:35:43', '8200337d-7145-46e4-aae0-918cfc9fc11f'),
 ('51', '14', '14', '1', '2017-12-07 01:35:50', NULL, '2017-12-07 01:35:50', '2017-12-07 01:35:50', '1e105ac7-bf9f-438c-a903-b768bf97cd27'),
 ('52', '10', '10', '1', '2017-12-07 01:36:18', NULL, '2017-12-07 01:36:18', '2017-12-07 01:36:18', '18fc2b87-3308-4b14-9035-2c7352c5a4b6'),
 ('53', '10', '10', '1', '2017-12-07 01:36:27', NULL, '2017-12-07 01:36:27', '2017-12-07 01:36:27', '3afdd537-2f0d-4e7f-9318-243308357577'),
 ('54', '10', '10', '1', '2017-12-07 01:36:36', NULL, '2017-12-07 01:36:36', '2017-12-07 01:36:36', '055dddfe-e53a-4b05-8e1b-1ba31f29387c'),
 ('55', '10', '10', '1', '2017-12-07 01:36:51', NULL, '2017-12-07 01:36:51', '2017-12-07 01:36:51', '0ed1e19a-2505-4478-87c1-62b97e58992e'),
 ('56', '15', '15', '1', '2017-12-07 01:37:16', NULL, '2017-12-07 01:37:16', '2017-12-07 01:37:16', 'fa2dc8df-ac97-4957-a119-1508744b396d'),
 ('57', '15', '15', '1', '2017-12-07 01:37:00', NULL, '2017-12-07 01:37:25', '2017-12-07 01:37:27', '44859863-ae71-4a55-ab8f-9b6dc254ebc4'),
 ('58', '15', '15', '1', '2017-12-07 01:37:38', NULL, '2017-12-07 01:37:38', '2017-12-07 01:37:38', '3ef98620-57d0-4580-949f-01f4a521182f'),
 ('59', '11', '11', '1', '2017-12-07 01:38:00', NULL, '2017-12-07 01:38:00', '2018-01-26 09:36:46', 'a5a1f1cb-6aca-4ede-8750-f040c555b6ae'),
 ('60', '11', '11', '1', '2017-12-07 01:39:00', NULL, '2017-12-07 01:39:00', '2018-01-26 09:36:51', 'b2d9158a-0481-4379-94d9-860e837fa4da'),
 ('61', '11', '11', '1', '2017-12-07 01:39:00', NULL, '2017-12-07 01:39:08', '2018-01-26 09:36:56', 'eb6d9a3f-c6cf-43cf-aa51-507fe86c5ea3'),
 ('62', '11', '11', '1', '2017-12-07 01:39:00', NULL, '2017-12-07 01:39:18', '2018-01-26 09:37:02', '9c7b0a59-13b3-48a4-862d-781c47169b02'),
 ('63', '11', '11', '1', '2017-12-07 01:39:00', NULL, '2017-12-07 01:39:25', '2018-01-26 09:37:07', '1a2faf49-7021-4ae8-9541-bad5382a764d'),
 ('64', '11', '11', '1', '2017-12-07 01:39:00', NULL, '2017-12-07 01:39:31', '2018-01-26 09:37:12', 'b8098a18-4106-4883-9648-8c8528e65c1a'),
 ('65', '6', '6', '1', '2017-12-07 01:40:00', NULL, '2017-12-07 01:40:44', '2018-01-25 23:33:34', '8c86b021-9f02-4c22-97ec-75bff91be477'),
 ('66', '6', '6', '1', '2017-12-07 01:40:00', NULL, '2017-12-07 01:40:56', '2018-01-25 23:33:39', 'adb8e4ee-c1f5-41e6-9f9b-efbd1cd123dd'),
 ('67', '6', '6', '1', '2017-12-07 01:41:00', NULL, '2017-12-07 01:41:10', '2018-01-25 23:33:45', '07ef7dfa-7f11-47ff-beff-8f519d57363f'),
 ('68', '6', '6', '1', '2017-12-07 01:41:00', NULL, '2017-12-07 01:41:20', '2018-01-25 23:33:54', 'a32127a7-7768-42fc-9c52-a48ddc38b164'),
 ('69', '6', '6', '1', '2017-12-07 01:41:00', NULL, '2017-12-07 01:41:30', '2018-01-25 23:34:00', '1ff5fd6b-a1d7-4867-9444-878c311883fc'),
 ('70', '13', '13', '1', '2017-12-07 01:44:22', NULL, '2017-12-07 01:44:22', '2017-12-07 01:44:22', 'a8b7db0f-9c3f-4e0d-b8bf-bc45713dbfb7'),
 ('71', '13', '13', '1', '2017-12-07 01:44:38', NULL, '2017-12-07 01:44:38', '2017-12-07 01:44:38', '803f5732-915e-4798-8870-1682f8099dac'),
 ('72', '13', '13', '1', '2017-12-07 01:44:52', NULL, '2017-12-07 01:44:52', '2017-12-07 01:44:52', '841e7e9e-8178-4498-bf66-b4415ce8cc0b'),
 ('73', '13', '13', '1', '2017-12-07 01:45:08', NULL, '2017-12-07 01:45:08', '2017-12-07 01:45:08', '0ca71518-2135-42b9-9ca4-50d955fe79dc'),
 ('74', '13', '13', '1', '2017-12-07 01:45:24', NULL, '2017-12-07 01:45:24', '2017-12-07 01:45:24', 'fa071e6c-abc4-4775-b069-447839e926e5'),
 ('75', '13', '13', '1', '2017-12-07 01:45:39', NULL, '2017-12-07 01:45:40', '2017-12-07 01:45:40', 'fa006f8d-4f68-43b9-a87a-6ffa8eada47c'),
 ('76', '13', '13', '1', '2017-12-07 01:45:57', NULL, '2017-12-07 01:45:57', '2017-12-07 01:45:57', '4e4bdce1-07c1-4d42-a670-42edcf7a63f3');



DROP TABLE IF EXISTS `craft_entrydrafts`;


--
-- Schema for table `craft_entrydrafts`
--
CREATE TABLE `craft_entrydrafts` (
  `id` int(11) NOT NULL AUTO_INCREMENT,
  `entryId` int(11) NOT NULL,
  `sectionId` int(11) NOT NULL,
  `creatorId` int(11) NOT NULL,
  `locale` char(12) COLLATE utf8_unicode_ci NOT NULL,
  `name` varchar(255) COLLATE utf8_unicode_ci NOT NULL,
  `notes` tinytext COLLATE utf8_unicode_ci,
  `data` mediumtext COLLATE utf8_unicode_ci NOT NULL,
  `dateCreated` datetime NOT NULL,
  `dateUpdated` datetime NOT NULL,
  `uid` char(36) COLLATE utf8_unicode_ci NOT NULL DEFAULT '0',
  PRIMARY KEY (`id`),
  KEY `craft_entrydrafts_entryId_locale_idx` (`entryId`,`locale`),
  KEY `craft_entrydrafts_sectionId_fk` (`sectionId`),
  KEY `craft_entrydrafts_creatorId_fk` (`creatorId`),
  KEY `craft_entrydrafts_locale_fk` (`locale`)
) ENGINE=InnoDB DEFAULT CHARSET=utf8 COLLATE=utf8_unicode_ci;

DROP TABLE IF EXISTS `craft_entrytypes`;


--
-- Schema for table `craft_entrytypes`
--
CREATE TABLE `craft_entrytypes` (
  `id` int(11) NOT NULL AUTO_INCREMENT,
  `sectionId` int(11) NOT NULL,
  `fieldLayoutId` int(11) DEFAULT NULL,
  `name` varchar(255) COLLATE utf8_unicode_ci NOT NULL,
  `handle` varchar(255) COLLATE utf8_unicode_ci NOT NULL,
  `hasTitleField` tinyint(1) unsigned NOT NULL DEFAULT '1',
  `titleLabel` varchar(255) COLLATE utf8_unicode_ci DEFAULT 'Title',
  `titleFormat` varchar(255) COLLATE utf8_unicode_ci DEFAULT NULL,
  `sortOrder` smallint(6) unsigned DEFAULT NULL,
  `dateCreated` datetime NOT NULL,
  `dateUpdated` datetime NOT NULL,
  `uid` char(36) COLLATE utf8_unicode_ci NOT NULL DEFAULT '0',
  PRIMARY KEY (`id`),
  UNIQUE KEY `craft_entrytypes_name_sectionId_unq_idx` (`name`,`sectionId`),
  UNIQUE KEY `craft_entrytypes_handle_sectionId_unq_idx` (`handle`,`sectionId`),
  KEY `craft_entrytypes_sectionId_fk` (`sectionId`),
  KEY `craft_entrytypes_fieldLayoutId_fk` (`fieldLayoutId`)
) ENGINE=InnoDB AUTO_INCREMENT=16 DEFAULT CHARSET=utf8 COLLATE=utf8_unicode_ci;

--
-- Data for table `craft_entrytypes`
--

INSERT INTO `craft_entrytypes` (`id`, `sectionId`, `fieldLayoutId`, `name`, `handle`, `hasTitleField`, `titleLabel`, `titleFormat`, `sortOrder`, `dateCreated`, `dateUpdated`, `uid`) VALUES
 ('1', '1', '86', 'Homepage', 'homepage', '0', NULL, 'Homepage', '1', '2017-10-13 11:04:19', '2017-12-05 17:46:20', '3cbc70e0-1e1d-407e-8984-5242821c336a'),
 ('5', '5', '81', 'About Us', 'aboutUs', '0', NULL, '{section.name|raw}', '1', '2017-10-13 14:00:45', '2017-12-05 00:09:00', '938cff91-7d45-4098-977a-3830906e9dc5'),
 ('6', '6', '84', 'Services', 'services', '1', 'Service Title', NULL, '1', '2017-10-13 14:29:59', '2017-12-05 00:10:56', 'f5013055-8401-4806-9c7a-aaea6aa2b27b'),
 ('9', '9', '90', 'Careers', 'careers', '0', NULL, '{section.name|raw}', '1', '2017-12-04 23:13:13', '2017-12-05 18:07:13', '8f9a3c40-8831-49c7-813a-a4ea5b4bf5f6'),
 ('10', '10', '71', 'Departments', 'departments', '1', 'Title', NULL, '1', '2017-12-04 23:13:31', '2017-12-04 23:44:12', 'ec5dbde4-7664-4756-a7fa-d3806ab2fa99'),
 ('11', '11', '92', 'Leadership Team', 'leadershipTeam', '1', 'Name', NULL, '1', '2017-12-04 23:13:56', '2017-12-07 01:38:40', 'ee22b17a-6dd8-4cc8-8bf3-e7d733ac7d3d'),
 ('12', '12', '87', 'Open Source Platforms', 'openSourcePlatforms', '1', 'Title', NULL, '1', '2017-12-04 23:14:06', '2017-12-05 17:50:28', '9d5b6b69-3c7b-45a1-9e80-5530481561d0'),
 ('13', '13', '75', 'Studios', 'studios', '1', 'Title', NULL, '1', '2017-12-04 23:14:19', '2017-12-04 23:45:27', '7f659a47-745c-49a3-8294-d2083363a9f3'),
 ('14', '14', '91', 'Testimonials', 'testimonials', '1', 'Name', NULL, '1', '2017-12-04 23:14:25', '2017-12-07 01:34:55', 'b903a28e-13a7-476f-82dd-94645625b0e3'),
 ('15', '15', '89', 'Locations', 'locations', '1', 'Title', NULL, '1', '2017-12-05 17:59:04', '2017-12-05 17:59:37', '0e67e5ff-7f9d-4fdb-b119-029f83a810cc');



DROP TABLE IF EXISTS `craft_entryversions`;


--
-- Schema for table `craft_entryversions`
--
CREATE TABLE `craft_entryversions` (
  `id` int(11) NOT NULL AUTO_INCREMENT,
  `entryId` int(11) NOT NULL,
  `sectionId` int(11) NOT NULL,
  `creatorId` int(11) DEFAULT NULL,
  `locale` char(12) COLLATE utf8_unicode_ci NOT NULL,
  `num` smallint(6) unsigned NOT NULL,
  `notes` tinytext COLLATE utf8_unicode_ci,
  `data` mediumtext COLLATE utf8_unicode_ci NOT NULL,
  `dateCreated` datetime NOT NULL,
  `dateUpdated` datetime NOT NULL,
  `uid` char(36) COLLATE utf8_unicode_ci NOT NULL DEFAULT '0',
  PRIMARY KEY (`id`),
  KEY `craft_entryversions_entryId_locale_idx` (`entryId`,`locale`),
  KEY `craft_entryversions_sectionId_fk` (`sectionId`),
  KEY `craft_entryversions_creatorId_fk` (`creatorId`),
  KEY `craft_entryversions_locale_fk` (`locale`)
) ENGINE=InnoDB AUTO_INCREMENT=48 DEFAULT CHARSET=utf8 COLLATE=utf8_unicode_ci;

--
-- Data for table `craft_entryversions`
--

INSERT INTO `craft_entryversions` (`id`, `entryId`, `sectionId`, `creatorId`, `locale`, `num`, `notes`, `data`, `dateCreated`, `dateUpdated`, `uid`) VALUES
 ('1', '2', '1', '1', 'en_ie', '1', NULL, '{\"typeId\":\"1\",\"authorId\":null,\"title\":\"Homepage\",\"slug\":\"homepage\",\"postDate\":1507892659,\"expiryDate\":null,\"enabled\":1,\"parentId\":null,\"fields\":[]}', '2017-10-13 11:04:19', '2017-10-13 11:04:19', '824c5d5b-fb0a-4fdc-a0a2-f67dd8ad5c06'),
 ('2', '2', '1', '1', 'en_ie', '2', NULL, '{\"typeId\":null,\"authorId\":null,\"title\":\"Welcome to Localhost!\",\"slug\":\"homepage\",\"postDate\":1507892659,\"expiryDate\":null,\"enabled\":\"1\",\"parentId\":null,\"fields\":{\"1\":\"<p>It\\u2019s true, this site doesn\\u2019t have a whole lot of content yet, but don\\u2019t worry. Our web developers have just installed the CMS, and they\\u2019re setting things up for the content editors this very moment. Soon Localhost will be an oasis of fresh perspectives, sharp analyses, and astute opinions that will keep you coming back again and again.<\\/p>\"}}', '2017-10-13 11:04:19', '2017-10-13 11:04:19', '30eb36b9-ec22-4d79-80dd-a45d2fad8776'),
 ('4', '2', '1', '1', 'en_ie', '3', '', '{\"typeId\":null,\"authorId\":null,\"title\":\"Homepage\",\"slug\":\"homepage\",\"postDate\":1507892659,\"expiryDate\":null,\"enabled\":1,\"parentId\":null,\"fields\":{\"1\":\"<p>It\\u2019s true, this site doesn\\u2019t have a whole lot of content yet, but don\\u2019t worry. Our web developers have just installed the CMS, and they\\u2019re setting things up for the content editors this very moment. Soon Localhost will be an oasis of fresh perspectives, sharp analyses, and astute opinions that will keep you coming back again and again.<\\/p>\",\"4\":{\"seoMainEntityCategory\":\"CreativeWork\",\"seoMainEntityOfPage\":\"WebPage\",\"seoTitleSource\":\"field\",\"seoTitleSourceField\":\"title\",\"seoTitleUnparsed\":\"\",\"seoDescriptionSource\":\"custom\",\"seoDescriptionSourceField\":\"title\",\"seoDescriptionUnparsed\":\"\",\"seoKeywordsSource\":\"custom\",\"seoKeywordsSourceField\":\"title\",\"seoKeywordsUnparsed\":\"\",\"seoImageIdSource\":\"custom\",\"seoImageTransform\":\"\",\"canonicalUrlOverride\":\"\",\"twitterCardType\":\"\",\"seoTwitterImageIdSource\":\"custom\",\"seoTwitterImageTransform\":\"\",\"openGraphType\":\"\",\"seoFacebookImageIdSource\":\"custom\",\"seoFacebookImageTransform\":\"\",\"robots\":\"\"}}}', '2017-10-13 15:16:56', '2017-10-13 15:16:56', '03435050-4a29-4cb9-8559-0a5f229b866b'),
 ('5', '2', '1', '1', 'en_ie', '4', '', '{\"typeId\":null,\"authorId\":null,\"title\":\"Homepage\",\"slug\":\"homepage\",\"postDate\":1507892659,\"expiryDate\":null,\"enabled\":1,\"parentId\":null,\"fields\":{\"1\":\"<p>It\\u2019s true, this site doesn\\u2019t have a whole lot of content yet, but don\\u2019t worry. Our web developers have just installed the CMS, and they\\u2019re setting things up for the content editors this very moment. Soon Localhost will be an oasis of fresh perspectives, sharp analyses, and astute opinions that will keep you coming back again and again.<\\/p>\",\"22\":\"\",\"24\":\"Guidance & Vision for your SME\",\"3\":\"<p>Established in 1923, Finlay-Mulligan & Co. is a firm of&nbsp;Chartered Accountants and Registered Auditors based in&nbsp;Dublin, Ireland. We specialise in providing a full suite of&nbsp;accountancy services for small- to medium-sized&nbsp;businesses and professionals.<br><\\/p>\",\"4\":{\"seoMainEntityCategory\":\"CreativeWork\",\"seoMainEntityOfPage\":\"WebPage\",\"seoTitleSource\":\"field\",\"seoTitleSourceField\":\"title\",\"seoTitleUnparsed\":\"Homepage\",\"seoDescriptionSource\":\"custom\",\"seoDescriptionSourceField\":\"title\",\"seoDescriptionUnparsed\":\"\",\"seoKeywordsSource\":\"custom\",\"seoKeywordsSourceField\":\"title\",\"seoKeywordsUnparsed\":\"\",\"seoImageIdSource\":\"custom\",\"seoImageIdSourceField\":\"headerImage\",\"seoImageId\":\"\",\"seoImageTransform\":\"\",\"canonicalUrlOverride\":\"\",\"twitterCardType\":\"\",\"seoTwitterImageIdSource\":\"custom\",\"seoTwitterImageIdSourceField\":\"headerImage\",\"seoTwitterImageId\":\"\",\"seoTwitterImageTransform\":\"\",\"openGraphType\":\"\",\"seoFacebookImageIdSource\":\"custom\",\"seoFacebookImageIdSourceField\":\"headerImage\",\"seoFacebookImageId\":\"\",\"seoFacebookImageTransform\":\"\",\"robots\":\"\"},\"23\":\"<p><\\/p><p>Beyond an audit or accounting exercise we work closely with clients to help realise their potential: We take pride in seeing our clients\\u2019 businesses grow and flourish.<\\/p><p><\\/p>\"}}', '2017-11-21 22:47:58', '2017-11-21 22:47:58', 'fe7bdb90-a3c1-4890-8e09-8f330df6c673'),
 ('6', '2', '1', '1', 'en_ie', '5', '', '{\"typeId\":null,\"authorId\":null,\"title\":\"Homepage\",\"slug\":\"homepage\",\"postDate\":1507892659,\"expiryDate\":null,\"enabled\":1,\"parentId\":null,\"fields\":{\"22\":\"\",\"24\":\"Guidance & Vision for your SME\",\"3\":\"<p>Established in 1923, Finlay-Mulligan & Co. is a firm of&nbsp;Chartered Accountants and Registered Auditors based in&nbsp;Dublin, Ireland. We specialise in providing a full suite of&nbsp;accountancy services for small- to medium-sized&nbsp;businesses and professionals.<br><\\/p>\",\"4\":{\"seoMainEntityCategory\":\"CreativeWork\",\"seoMainEntityOfPage\":\"WebPage\",\"seoTitleSource\":\"field\",\"seoTitleSourceField\":\"title\",\"seoTitleUnparsed\":\"Homepage\",\"seoDescriptionSource\":\"custom\",\"seoDescriptionSourceField\":\"title\",\"seoDescriptionUnparsed\":\"\",\"seoKeywordsSource\":\"custom\",\"seoKeywordsSourceField\":\"title\",\"seoKeywordsUnparsed\":\"\",\"seoImageIdSource\":\"custom\",\"seoImageIdSourceField\":\"headerImage\",\"seoImageId\":\"\",\"seoImageTransform\":\"\",\"canonicalUrlOverride\":\"\",\"twitterCardType\":\"\",\"seoTwitterImageIdSource\":\"custom\",\"seoTwitterImageIdSourceField\":\"headerImage\",\"seoTwitterImageId\":\"\",\"seoTwitterImageTransform\":\"\",\"openGraphType\":\"\",\"seoFacebookImageIdSource\":\"custom\",\"seoFacebookImageIdSourceField\":\"headerImage\",\"seoFacebookImageId\":\"\",\"seoFacebookImageTransform\":\"\",\"robots\":\"\"},\"25\":\"Planning and maintaining your financial success can time-consuming and complex, but it doesn\\u2019t have to be\",\"27\":\"\",\"26\":\"<p>We have valuable experience and knowledge in a wide&nbsp;range of commercial activities. Whatever stage your&nbsp;business is at, we will advise you on the financial and&nbsp;taxation implications of each step along the way.<br><\\/p>\",\"23\":\"<p>Beyond an audit or accounting exercise we work closely with clients to help realise their potential: We take pride in seeing our clients\\u2019 businesses grow and flourish.<\\/p>\"}}', '2017-11-21 22:53:56', '2017-11-21 22:53:56', '017d9e2f-1488-4447-85af-78104a24f991'),
 ('7', '2', '1', '1', 'en_ie', '6', '', '{\"typeId\":null,\"authorId\":null,\"title\":\"Homepage\",\"slug\":\"homepage\",\"postDate\":1507892659,\"expiryDate\":null,\"enabled\":1,\"parentId\":null,\"fields\":{\"22\":\"\",\"24\":\"Guidance & Vision for your SME\",\"3\":\"<p>Established in 1923, Finlay-Mulligan & Co. is a firm of&nbsp;Chartered Accountants and Registered Auditors based in&nbsp;Dublin, Ireland. We specialise in providing a full suite of&nbsp;accountancy services for small- to medium-sized&nbsp;businesses and professionals.<br><\\/p>\",\"4\":{\"seoMainEntityCategory\":\"CreativeWork\",\"seoMainEntityOfPage\":\"WebPage\",\"seoTitleSource\":\"field\",\"seoTitleSourceField\":\"title\",\"seoTitleUnparsed\":\"Homepage\",\"seoDescriptionSource\":\"custom\",\"seoDescriptionSourceField\":\"title\",\"seoDescriptionUnparsed\":\"\",\"seoKeywordsSource\":\"custom\",\"seoKeywordsSourceField\":\"title\",\"seoKeywordsUnparsed\":\"\",\"seoImageIdSource\":\"custom\",\"seoImageIdSourceField\":\"headerImage\",\"seoImageId\":\"\",\"seoImageTransform\":\"\",\"canonicalUrlOverride\":\"\",\"twitterCardType\":\"\",\"seoTwitterImageIdSource\":\"custom\",\"seoTwitterImageIdSourceField\":\"headerImage\",\"seoTwitterImageId\":\"\",\"seoTwitterImageTransform\":\"\",\"openGraphType\":\"\",\"seoFacebookImageIdSource\":\"custom\",\"seoFacebookImageIdSourceField\":\"headerImage\",\"seoFacebookImageId\":\"\",\"seoFacebookImageTransform\":\"\",\"robots\":\"\"},\"25\":\"Planning and maintaining your financial success can time-consuming and complex, but it doesn\\u2019t have to be.\",\"27\":\"\",\"26\":\"<p>We have valuable experience and knowledge in a wide&nbsp;range of commercial activities. Whatever stage your&nbsp;business is at, we will advise you on the financial and&nbsp;taxation implications of each step along the way.<br><\\/p>\",\"23\":\"<p>Beyond an audit or accounting exercise we work closely with clients to help realise their potential: We take pride in seeing our clients\\u2019 businesses grow and flourish.<\\/p>\"}}', '2017-11-21 22:56:23', '2017-11-21 22:56:23', '17cb0140-016c-4b9f-81e3-85b9c2ea6e36'),
 ('8', '48', '9', '1', 'en_ie', '1', NULL, '{\"typeId\":\"9\",\"authorId\":null,\"title\":\"Careers\",\"slug\":\"careers\",\"postDate\":1512429193,\"expiryDate\":null,\"enabled\":1,\"parentId\":null,\"fields\":[]}', '2017-12-04 23:13:13', '2017-12-04 23:13:13', 'd7f06839-e298-464f-8b99-93d65471f88d'),
 ('9', '48', '9', '1', 'en_ie', '2', '', '{\"typeId\":null,\"authorId\":null,\"title\":\"Careers\",\"slug\":\"careers\",\"postDate\":1512429193,\"expiryDate\":null,\"enabled\":1,\"parentId\":null,\"fields\":{\"51\":\"\",\"52\":\"\",\"53\":\"\",\"22\":\"\",\"24\":\"We take the work seriously; ourselves, not so much.\",\"3\":\"<p>We are a technology-driven company with a culture of openness. This means collaborating to solve problems, the freedom to talk to anyone, and that the best idea wins.<\\/p>\",\"4\":{\"seoMainEntityCategory\":\"CreativeWork\",\"seoMainEntityOfPage\":\"WebPage\",\"seoTitleSource\":\"field\",\"seoTitleSourceField\":\"title\",\"seoTitleUnparsed\":\"\",\"seoDescriptionSource\":\"custom\",\"seoDescriptionSourceField\":\"title\",\"seoDescriptionUnparsed\":\"\",\"seoKeywordsSource\":\"custom\",\"seoKeywordsSourceField\":\"title\",\"seoKeywordsUnparsed\":\"\",\"seoImageIdSource\":\"custom\",\"seoImageIdSourceField\":\"headerImage\",\"seoImageId\":\"\",\"seoImageTransform\":\"\",\"canonicalUrlOverride\":\"\",\"twitterCardType\":\"\",\"seoTwitterImageIdSource\":\"custom\",\"seoTwitterImageIdSourceField\":\"headerImage\",\"seoTwitterImageId\":\"\",\"seoTwitterImageTransform\":\"\",\"openGraphType\":\"\",\"seoFacebookImageIdSource\":\"custom\",\"seoFacebookImageIdSourceField\":\"headerImage\",\"seoFacebookImageId\":\"\",\"seoFacebookImageTransform\":\"\",\"robots\":\"\"},\"50\":\"\",\"49\":\"\",\"48\":\"\"}}', '2017-12-07 01:30:57', '2017-12-07 01:30:57', '1d2e7443-0c7d-4abf-8123-243e7e77f0cf'),
 ('10', '48', '9', '1', 'en_ie', '3', '', '{\"typeId\":null,\"authorId\":null,\"title\":\"Careers\",\"slug\":\"careers\",\"postDate\":1512429193,\"expiryDate\":null,\"enabled\":1,\"parentId\":null,\"fields\":{\"51\":[{\"col1\":\"Competitive salary, with annual performance reviews.\"},{\"col1\":\"25 days holidays.\"},{\"col1\":\"Annual bonus program.\"},{\"col1\":\"Annual pay review.\"},{\"col1\":\"Pension matching contributions.\"},{\"col1\":\"Top-tier healthcare for you and your family.\"},{\"col1\":\"Life insurance coverage.\"}],\"52\":\"<p><span class=\\\"s1\\\">We\\u2019re looking for passionate and engaged people who want to contribute to games played around the world. If you\\u2019re excited about working with technologies for low-latency, large scale distributed systems in a collaborative environment then we\\u2019d love to hear from you.<\\/span><span><\\/span><\\/p>\",\"53\":\"\",\"22\":\"\",\"24\":\"We take the work seriously; ourselves, not so much.\",\"3\":\"<p>We are a technology-driven company with a culture of openness. This means collaborating to solve problems, the freedom to talk to anyone, and that the best idea wins.<\\/p>\",\"4\":{\"seoMainEntityCategory\":\"CreativeWork\",\"seoMainEntityOfPage\":\"WebPage\",\"seoTitleSource\":\"field\",\"seoTitleSourceField\":\"title\",\"seoTitleUnparsed\":\"Careers\",\"seoDescriptionSource\":\"custom\",\"seoDescriptionSourceField\":\"title\",\"seoDescriptionUnparsed\":\"\",\"seoKeywordsSource\":\"custom\",\"seoKeywordsSourceField\":\"title\",\"seoKeywordsUnparsed\":\"\",\"seoImageIdSource\":\"custom\",\"seoImageIdSourceField\":\"headerImage\",\"seoImageId\":\"\",\"seoImageTransform\":\"\",\"canonicalUrlOverride\":\"\",\"twitterCardType\":\"\",\"seoTwitterImageIdSource\":\"custom\",\"seoTwitterImageIdSourceField\":\"headerImage\",\"seoTwitterImageId\":\"\",\"seoTwitterImageTransform\":\"\",\"openGraphType\":\"\",\"seoFacebookImageIdSource\":\"custom\",\"seoFacebookImageIdSourceField\":\"headerImage\",\"seoFacebookImageId\":\"\",\"seoFacebookImageTransform\":\"\",\"robots\":\"\"},\"50\":[{\"col1\":\"Flexible working practices, based on the belief that the quality of your work is not dependent on the number of hours sitting behind a desk.\"},{\"col1\":\"A culture that emphasizes continual learning and improvement, with opportunities for career progression, travel, and a commitment to open source.\"},{\"col1\":\"Tax Saver commuter ticket scheme.\"},{\"col1\":\"Bike to work scheme.\"},{\"col1\":\"Free Activision games.\"},{\"col1\":\"Snacks 24\\/7\"}],\"49\":\"<p>We have a particular focus on team happiness, through extensive benefits and the atmosphere that we foster in the workplace. Our team enjoy flexible hours, paid training and generous vacation time.<\\/p>\",\"48\":\"\"}}', '2017-12-07 01:33:53', '2017-12-07 01:33:53', '7f9e416f-6d3b-42af-8f02-c12edc910854'),
 ('11', '49', '14', '1', 'en_ie', '1', '', '{\"typeId\":null,\"authorId\":\"1\",\"title\":\"Debbie\",\"slug\":\"debbie\",\"postDate\":1512610522,\"expiryDate\":null,\"enabled\":1,\"parentId\":null,\"fields\":{\"39\":\"<p>It\'s rare that I find a place that I so quickly fit into and enjoy. Demonware not only takes care of their employees, but also helps them grow as both employees and human beings. The open communication between the employees and leadership quickly helps you feel like your opinion is valued and the fun office environment helps people to connect to one another.<\\/p>\",\"42\":\"Office Coordinator \\/ Vancouver\"}}', '2017-12-07 01:35:22', '2017-12-07 01:35:22', 'b1c5d0a6-f851-4852-84d2-30bc4e15b3c3'),
 ('12', '49', '14', '1', 'en_ie', '2', '', '{\"typeId\":\"14\",\"authorId\":\"1\",\"title\":\"Debbie\",\"slug\":\"debbie\",\"postDate\":1512610500,\"expiryDate\":null,\"enabled\":1,\"parentId\":null,\"fields\":{\"39\":\"<p>It\'s rare that I find a place that I so quickly fit into and enjoy. Demonware not only takes care of their employees, but also helps them grow as both employees and human beings. The open communication between the employees and leadership quickly helps you feel like your opinion is valued and the fun office environment helps people to connect to one another.<\\/p>\",\"42\":\"Office Coordinator \\/ Vancouver\"}}', '2017-12-07 01:35:25', '2017-12-07 01:35:25', 'acdba41a-1146-4f4b-b03a-2bb0384e2f21'),
 ('13', '50', '14', '1', 'en_ie', '1', '', '{\"typeId\":null,\"authorId\":\"1\",\"title\":\"Damien\",\"slug\":\"damien\",\"postDate\":1512610536,\"expiryDate\":null,\"enabled\":1,\"parentId\":null,\"fields\":{\"39\":\"<p>Demonware is a great place to work. Working with great people, both at Demonware and in top game studios at Activision, on some of the biggest games entertainment franchises in the world is thrilling. On launch day, there\'s nothing quite like seeing that uniquely challenging project you\'ve worked on all year come to life on your games console at home, while you eagerly watch the user counts grow as each country comes on line.<\\/p>\",\"42\":\"\"}}', '2017-12-07 01:35:36', '2017-12-07 01:35:36', '08762115-7d6a-49d1-b89e-55ca43e6da70'),
 ('14', '50', '14', '1', 'en_ie', '2', '', '{\"typeId\":\"14\",\"authorId\":\"1\",\"title\":\"Damien\",\"slug\":\"damien\",\"postDate\":1512610500,\"expiryDate\":null,\"enabled\":1,\"parentId\":null,\"fields\":{\"39\":\"<p>Demonware is a great place to work. Working with great people, both at Demonware and in top game studios at Activision, on some of the biggest games entertainment franchises in the world is thrilling. On launch day, there\'s nothing quite like seeing that uniquely challenging project you\'ve worked on all year come to life on your games console at home, while you eagerly watch the user counts grow as each country comes on line.<\\/p>\",\"42\":\"\"}}', '2017-12-07 01:35:43', '2017-12-07 01:35:43', '2ff1c098-104b-4bf0-977c-9568ed51ca36'),
 ('15', '51', '14', '1', 'en_ie', '1', '', '{\"typeId\":null,\"authorId\":\"1\",\"title\":\"Greg Smith\",\"slug\":\"greg-smith\",\"postDate\":1512610550,\"expiryDate\":null,\"enabled\":1,\"parentId\":null,\"fields\":{\"39\":\"<p>I like Demonware for a lot of reasons: I can be myself, and people accept it - which inspires and motivates me to be productive and creative. I am proud to be part of a world class brand (Activision), and be working on problems at scales that very few companies can claim to have reached.<\\/p>\",\"42\":\"\"}}', '2017-12-07 01:35:50', '2017-12-07 01:35:50', 'c8ef0bdd-37dd-4e9b-a10a-61e8d0004c82'),
 ('16', '52', '10', '1', 'en_ie', '1', '', '{\"typeId\":null,\"authorId\":\"1\",\"title\":\"Infrastructure\",\"slug\":\"infrastructure\",\"postDate\":1512610578,\"expiryDate\":null,\"enabled\":1,\"parentId\":\"\",\"fields\":{\"39\":\"<p>The Infrastructure department designs, builds and operates our network of data centers and storage. We understand the challenges of scale and build for reliability.<\\/p>\"}}', '2017-12-07 01:36:18', '2017-12-07 01:36:18', '6c1b27b9-8245-46ce-bfee-2901242b3d8f'),
 ('17', '53', '10', '1', 'en_ie', '1', '', '{\"typeId\":null,\"authorId\":\"1\",\"title\":\"Products\",\"slug\":\"products\",\"postDate\":1512610587,\"expiryDate\":null,\"enabled\":1,\"parentId\":\"\",\"fields\":{\"39\":\"<p>The Products department creates game features. Alongside matchmaking, leaderboards, microtransactions, and identity management, we provide about 100 different services, touching almost every aspect of gameplay.<\\/p>\"}}', '2017-12-07 01:36:27', '2017-12-07 01:36:27', '9dd6b6ce-c5c5-43dc-ada4-3a6d6b2805ba'),
 ('18', '54', '10', '1', 'en_ie', '1', '', '{\"typeId\":null,\"authorId\":\"1\",\"title\":\"Platforms\",\"slug\":\"platforms\",\"postDate\":1512610596,\"expiryDate\":null,\"enabled\":1,\"parentId\":\"\",\"fields\":{\"39\":\"<p>The Platforms department develops in-house services, frameworks and libraries. We create our own internal tools and tech to be efficient, responsive, and reusable.<\\/p>\"}}', '2017-12-07 01:36:36', '2017-12-07 01:36:36', 'b2d6f29b-86a5-46a9-9858-f0d8ff4f1db1'),
 ('19', '55', '10', '1', 'en_ie', '1', '', '{\"typeId\":null,\"authorId\":\"1\",\"title\":\"Titles\",\"slug\":\"titles\",\"postDate\":1512610611,\"expiryDate\":null,\"enabled\":1,\"parentId\":\"\",\"fields\":{\"39\":\"<p>The Titles department runs the services and infrastructure in live environments. We work side by side with game studios like Treyarch to execute innovative game designs and launch new titles smoothly each year.<\\/p>\"}}', '2017-12-07 01:36:51', '2017-12-07 01:36:51', '38fe7ea3-711c-4d52-9669-a0bdab7516cf'),
 ('20', '56', '15', '1', 'en_ie', '1', '', '{\"typeId\":null,\"authorId\":\"1\",\"title\":\"Vancouver\",\"slug\":\"vancouver\",\"postDate\":1512610636,\"expiryDate\":null,\"enabled\":1,\"parentId\":\"\",\"fields\":{\"39\":\"<p><span class=\\\"s1\\\">Our East Van location is convenient to Olympic Village and the Science Centre SkyTrain stop. Our spacious offices, spread across two floors, look out across the mountains.<\\/span><span><\\/span><\\/p>\"}}', '2017-12-07 01:37:16', '2017-12-07 01:37:16', '91c19b77-0f37-4d60-8133-e98b3b63a978'),
 ('21', '57', '15', '1', 'en_ie', '1', '', '{\"typeId\":null,\"authorId\":\"1\",\"title\":\"Dublin\",\"slug\":\"dublin\",\"postDate\":1512610645,\"expiryDate\":null,\"enabled\":1,\"parentId\":\"\",\"fields\":{\"39\":\"<p>Located in Dublin\\u2019s vibrant city centre, we\'re close to shopping, cinemas and many, many pubs. Recently renovated, our top floor office enjoys panoramic views of they city\'s historic skyline.<\\/p>\"}}', '2017-12-07 01:37:25', '2017-12-07 01:37:25', '573b6055-8f7e-479a-9a7f-ff70de357e40'),
 ('22', '57', '15', '1', 'en_ie', '2', '', '{\"typeId\":\"15\",\"authorId\":\"1\",\"title\":\"Dublin\",\"slug\":\"dublin\",\"postDate\":1512610620,\"expiryDate\":null,\"enabled\":1,\"parentId\":\"\",\"fields\":{\"39\":\"<p>Located in Dublin\\u2019s vibrant city centre, we\'re close to shopping, cinemas and many, many pubs. Recently renovated, our top floor office enjoys panoramic views of they city\'s historic skyline.<\\/p>\"}}', '2017-12-07 01:37:27', '2017-12-07 01:37:27', '21b024a7-c38f-454a-b7fc-0d1f61d05ab6'),
 ('23', '58', '15', '1', 'en_ie', '1', '', '{\"typeId\":null,\"authorId\":\"1\",\"title\":\"Shanghai\",\"slug\":\"shanghai\",\"postDate\":1512610658,\"expiryDate\":null,\"enabled\":1,\"parentId\":\"\",\"fields\":{\"39\":\"<p>We\'re based in one of Shanghai\'s central city districts with convenient access to line 1 metro. Our newly refurbished office is co-located with Raven Shanghai to support Activision\'s China game titles.<\\/p>\"}}', '2017-12-07 01:37:38', '2017-12-07 01:37:38', '1d291e91-9499-4fa1-b2e8-44f17a53fb34'),
 ('24', '59', '11', '1', 'en_ie', '1', '', '{\"typeId\":null,\"authorId\":\"1\",\"title\":\"Tendayi Mawushe\",\"slug\":\"tendayi-mawushe\",\"postDate\":1512610680,\"expiryDate\":null,\"enabled\":1,\"parentId\":\"\",\"fields\":{\"39\":\"\",\"41\":\"\"}}', '2017-12-07 01:38:00', '2017-12-07 01:38:00', '77fe7f4e-be49-4a28-8137-bf048c3f4dfe'),
 ('25', '59', '11', '1', 'en_ie', '2', '', '{\"typeId\":\"11\",\"authorId\":\"1\",\"title\":\"Tendayi Mawushe\",\"slug\":\"tendayi-mawushe\",\"postDate\":1512610680,\"expiryDate\":null,\"enabled\":1,\"parentId\":\"\",\"fields\":{\"39\":\"\",\"41\":\"\",\"42\":\"Software Architect\"}}', '2017-12-07 01:38:52', '2017-12-07 01:38:52', '0f83d979-9494-4ca1-90c5-6acf4d28890e'),
 ('26', '60', '11', '1', 'en_ie', '1', '', '{\"typeId\":null,\"authorId\":\"1\",\"title\":\"Suzanne Boylan\",\"slug\":\"suzanne-boylan\",\"postDate\":1512610740,\"expiryDate\":null,\"enabled\":1,\"parentId\":\"\",\"fields\":{\"39\":\"\",\"41\":\"\",\"42\":\"Engineering Manager\"}}', '2017-12-07 01:39:00', '2017-12-07 01:39:00', 'a8340e82-69ea-42a6-a9ec-fb7eb92a5cd3'),
 ('27', '61', '11', '1', 'en_ie', '1', '', '{\"typeId\":null,\"authorId\":\"1\",\"title\":\"Mike Whitty\",\"slug\":\"mike-whitty\",\"postDate\":1512610748,\"expiryDate\":null,\"enabled\":1,\"parentId\":\"\",\"fields\":{\"39\":\"\",\"41\":\"\",\"42\":\"Director of Engineering, Platform\"}}', '2017-12-07 01:39:08', '2017-12-07 01:39:08', '72a4d47f-03b4-44ab-a467-2d327e3e0b54'),
 ('28', '61', '11', '1', 'en_ie', '2', '', '{\"typeId\":\"11\",\"authorId\":\"1\",\"title\":\"Mike Whitty\",\"slug\":\"mike-whitty\",\"postDate\":1512610740,\"expiryDate\":null,\"enabled\":1,\"parentId\":\"\",\"fields\":{\"39\":\"\",\"41\":\"\",\"42\":\"Director of Engineering, Platform\"}}', '2017-12-07 01:39:10', '2017-12-07 01:39:10', '8619dc85-b762-4e4d-a779-c1589a205c7c'),
 ('29', '62', '11', '1', 'en_ie', '1', '', '{\"typeId\":null,\"authorId\":\"1\",\"title\":\"Nadia Alramli\",\"slug\":\"nadia-alramli\",\"postDate\":1512610758,\"expiryDate\":null,\"enabled\":1,\"parentId\":\"\",\"fields\":{\"39\":\"\",\"41\":\"\",\"42\":\"Director of Engineering, Products\"}}', '2017-12-07 01:39:18', '2017-12-07 01:39:18', '2b0f6ed3-f34f-4e31-8785-803902cc9729'),
 ('30', '63', '11', '1', 'en_ie', '1', '', '{\"typeId\":null,\"authorId\":\"1\",\"title\":\"Colin Cashin\",\"slug\":\"colin-cashin\",\"postDate\":1512610765,\"expiryDate\":null,\"enabled\":1,\"parentId\":\"\",\"fields\":{\"39\":\"\",\"41\":\"\",\"42\":\"Director of Engineering, Infrastructure\"}}', '2017-12-07 01:39:25', '2017-12-07 01:39:25', 'caaaff70-3702-4420-86f2-debb818b8cc6'),
 ('31', '64', '11', '1', 'en_ie', '1', '', '{\"typeId\":null,\"authorId\":\"1\",\"title\":\"Brendan Dillon\",\"slug\":\"brendan-dillon\",\"postDate\":1512610771,\"expiryDate\":null,\"enabled\":1,\"parentId\":\"\",\"fields\":{\"39\":\"\",\"41\":\"\",\"42\":\"Director of Studio Operations\"}}', '2017-12-07 01:39:31', '2017-12-07 01:39:31', '6a9a9986-5a0f-43f2-bf24-48787f3baa77'),
 ('32', '70', '13', '1', 'en_ie', '1', '', '{\"typeId\":null,\"authorId\":\"1\",\"title\":\"Treyarch\",\"slug\":\"treyarch\",\"postDate\":1512611062,\"expiryDate\":null,\"enabled\":1,\"parentId\":\"\",\"fields\":{\"39\":\"<p>Founded in 1996 and located in Santa Monica, California, Treyarch creates some of the best-selling, launch-day-record-breaking, widely known games in the world.<\\/p>\",\"41\":\"\",\"38\":\"Santa Monica, CA\",\"40\":\"\"}}', '2017-12-07 01:44:22', '2017-12-07 01:44:22', '4fba39d2-4eae-455d-a3e2-da4fb63c1770'),
 ('33', '71', '13', '1', 'en_ie', '1', '', '{\"typeId\":null,\"authorId\":\"1\",\"title\":\"Infinity Ward\",\"slug\":\"infinity-ward\",\"postDate\":1512611078,\"expiryDate\":null,\"enabled\":1,\"parentId\":\"\",\"fields\":{\"39\":\"<p>Founded in 2002, Infinity Ward is the original studio behind the Call of Duty franchise. Titles developed by Infinity Ward have won over 200 \\\"Game of the Year\\\" awards and 100 \\\"Editor\'s Choice\\\" awards, among many other industry accolades.<\\/p>\",\"41\":\"\",\"38\":\"Los Angeles, CA\",\"40\":\"\"}}', '2017-12-07 01:44:38', '2017-12-07 01:44:38', 'f82ffd85-9818-4ddb-b248-929813b2f70e'),
 ('34', '72', '13', '1', 'en_ie', '1', '', '{\"typeId\":null,\"authorId\":\"1\",\"title\":\"Sledgehammer\",\"slug\":\"sledgehammer\",\"postDate\":1512611092,\"expiryDate\":null,\"enabled\":1,\"parentId\":\"\",\"fields\":{\"39\":\"<p>Sledgehammer Games was founded in 2009 with a singular goal: Achieve Excellence. Their focus is providing players with a fun and entertaining experience in gaming.<\\/p>\",\"41\":\"\",\"38\":\"Silicon Valley, CA\",\"40\":\"\"}}', '2017-12-07 01:44:52', '2017-12-07 01:44:52', '502ef2b2-aeac-470a-9e3c-537930d8a139'),
 ('35', '73', '13', '1', 'en_ie', '1', '', '{\"typeId\":null,\"authorId\":\"1\",\"title\":\"High Moon Studios\",\"slug\":\"high-moon-studios\",\"postDate\":1512611108,\"expiryDate\":null,\"enabled\":1,\"parentId\":\"\",\"fields\":{\"39\":\"<p>High Moon Studios was established in 2005 and is located in Carlsbad, CA. We are focused on making highly successful AAA titles for PS3, Xbox 360 and PC.<\\/p>\",\"41\":\"\",\"38\":\"San Diego, CA\",\"40\":\"\"}}', '2017-12-07 01:45:08', '2017-12-07 01:45:08', '9a140e3f-0b33-4c19-a6b3-1e7105ee2362'),
 ('36', '74', '13', '1', 'en_ie', '1', '', '{\"typeId\":null,\"authorId\":\"1\",\"title\":\"Raven\",\"slug\":\"raven\",\"postDate\":1512611124,\"expiryDate\":null,\"enabled\":1,\"parentId\":\"\",\"fields\":{\"39\":\"<p>Founded in 1990, Raven Software has gone from a five-person company with a dream of creating a role-playing game for the Amiga, to the developer of numerous award-winning games and best-selling titles.<\\/p>\",\"41\":\"\",\"38\":\"Madison, WI\",\"40\":\"\"}}', '2017-12-07 01:45:24', '2017-12-07 01:45:24', '99009f5a-193d-4a70-8d07-bdbd4bfcc451'),
 ('37', '75', '13', '1', 'en_ie', '1', '', '{\"typeId\":null,\"authorId\":\"1\",\"title\":\"Vicarious Visions\",\"slug\":\"vicarious-visions\",\"postDate\":1512611139,\"expiryDate\":null,\"enabled\":1,\"parentId\":\"\",\"fields\":{\"39\":\"<p>Over the past two decades, Vicarious Visions has grown from a few friends working in their parents\\u2019 basement to a leading developer of console and handheld game software.<\\/p>\",\"41\":\"\",\"38\":\"Albany, NY\",\"40\":\"\"}}', '2017-12-07 01:45:40', '2017-12-07 01:45:40', 'a1a18592-0fdd-40c9-b2d3-4552adec5d28'),
 ('38', '76', '13', '1', 'en_ie', '1', '', '{\"typeId\":null,\"authorId\":\"1\",\"title\":\"Toys for Bob\",\"slug\":\"toys-for-bob\",\"postDate\":1512611157,\"expiryDate\":null,\"enabled\":1,\"parentId\":\"\",\"fields\":{\"39\":\"<p>Toys For Bob has been making games for over 20 years, and are the creators of the innovative Skylanders video game and toy franchise.<\\/p>\",\"41\":\"\",\"38\":\"Marin County, CA\",\"40\":\"\"}}', '2017-12-07 01:45:57', '2017-12-07 01:45:57', '68762565-60e2-4a84-8185-29278862e6f6'),
 ('39', '48', '9', '1', 'en_ie', '4', '', '{\"typeId\":null,\"authorId\":null,\"title\":\"Careers\",\"slug\":\"careers\",\"postDate\":1512429193,\"expiryDate\":null,\"enabled\":1,\"parentId\":null,\"fields\":{\"51\":[{\"col1\":\"Competitive salary, with annual performance reviews.\"},{\"col1\":\"25 days holidays.\"},{\"col1\":\"Annual bonus program.\"},{\"col1\":\"Annual pay review.\"},{\"col1\":\"Pension matching contributions.\"},{\"col1\":\"Top-tier healthcare for you and your family.\"},{\"col1\":\"Life insurance coverage.\"}],\"52\":\"<p>We\\u2019re looking for passionate and engaged people who want to contribute to games played around the world. If you\\u2019re excited about working with technologies for low-latency, large scale distributed systems in a collaborative environment then we\\u2019d love to hear from you.<\\/p>\",\"53\":\"\",\"22\":[\"78\"],\"24\":\"We take the work seriously; ourselves, not so much.\",\"3\":\"<p>We are a technology-driven company with a culture of openness. This means collaborating to solve problems, the freedom to talk to anyone, and that the best idea wins.<\\/p>\",\"4\":{\"seoMainEntityCategory\":\"CreativeWork\",\"seoMainEntityOfPage\":\"WebPage\",\"seoTitleSource\":\"field\",\"seoTitleSourceField\":\"title\",\"seoTitleUnparsed\":\"Careers\",\"seoDescriptionSource\":\"custom\",\"seoDescriptionSourceField\":\"title\",\"seoDescriptionUnparsed\":\"\",\"seoKeywordsSource\":\"custom\",\"seoKeywordsSourceField\":\"title\",\"seoKeywordsUnparsed\":\"\",\"seoImageIdSource\":\"custom\",\"seoImageIdSourceField\":\"headerImage\",\"seoImageId\":\"\",\"seoImageTransform\":\"\",\"canonicalUrlOverride\":\"\",\"twitterCardType\":\"\",\"seoTwitterImageIdSource\":\"custom\",\"seoTwitterImageIdSourceField\":\"headerImage\",\"seoTwitterImageId\":\"\",\"seoTwitterImageTransform\":\"\",\"openGraphType\":\"\",\"seoFacebookImageIdSource\":\"custom\",\"seoFacebookImageIdSourceField\":\"headerImage\",\"seoFacebookImageId\":\"\",\"seoFacebookImageTransform\":\"\",\"robots\":\"\"},\"50\":[{\"col1\":\"Flexible working practices, based on the belief that the quality of your work is not dependent on the number of hours sitting behind a desk.\"},{\"col1\":\"A culture that emphasizes continual learning and improvement, with opportunities for career progression, travel, and a commitment to open source.\"},{\"col1\":\"Tax Saver commuter ticket scheme.\"},{\"col1\":\"Bike to work scheme.\"},{\"col1\":\"Free Activision games.\"},{\"col1\":\"Snacks 24\\/7\"}],\"49\":\"<p>We have a particular focus on team happiness, through extensive benefits and the atmosphere that we foster in the workplace. Our team enjoy flexible hours, paid training and generous vacation time.<\\/p>\",\"48\":\"\"}}', '2017-12-07 13:26:42', '2017-12-07 13:26:42', 'b0f691ff-bdcf-429b-9ce9-f20fbd6cb01f'),
 ('40', '48', '9', '1', 'en_ie', '5', '', '{\"typeId\":null,\"authorId\":null,\"title\":\"Careers\",\"slug\":\"careers\",\"postDate\":1512429193,\"expiryDate\":null,\"enabled\":1,\"parentId\":null,\"fields\":{\"51\":[{\"col1\":\"Competitive salary, with annual performance reviews.\"},{\"col1\":\"25 days holidays.\"},{\"col1\":\"Annual bonus program.\"},{\"col1\":\"Annual pay review.\"},{\"col1\":\"Pension matching contributions.\"},{\"col1\":\"Top-tier healthcare for you and your family.\"},{\"col1\":\"Life insurance coverage.\"}],\"52\":\"<p>We\\u2019re looking for passionate and engaged people who want to contribute to games played around the world. If you\\u2019re excited about working with technologies for low-latency, large scale distributed systems in a collaborative environment then we\\u2019d love to hear from you.<\\/p>\",\"53\":\"\",\"22\":[\"79\"],\"24\":\"We take the work seriously; ourselves, not so much.\",\"3\":\"<p>We are a technology-driven company with a culture of openness. This means collaborating to solve problems, the freedom to talk to anyone, and that the best idea wins.<\\/p>\",\"4\":{\"seoMainEntityCategory\":\"CreativeWork\",\"seoMainEntityOfPage\":\"WebPage\",\"seoTitleSource\":\"field\",\"seoTitleSourceField\":\"title\",\"seoTitleUnparsed\":\"Careers\",\"seoDescriptionSource\":\"custom\",\"seoDescriptionSourceField\":\"title\",\"seoDescriptionUnparsed\":\"\",\"seoKeywordsSource\":\"custom\",\"seoKeywordsSourceField\":\"title\",\"seoKeywordsUnparsed\":\"\",\"seoImageIdSource\":\"custom\",\"seoImageIdSourceField\":\"headerImage\",\"seoImageId\":\"\",\"seoImageTransform\":\"\",\"canonicalUrlOverride\":\"\",\"twitterCardType\":\"\",\"seoTwitterImageIdSource\":\"custom\",\"seoTwitterImageIdSourceField\":\"headerImage\",\"seoTwitterImageId\":\"\",\"seoTwitterImageTransform\":\"\",\"openGraphType\":\"\",\"seoFacebookImageIdSource\":\"custom\",\"seoFacebookImageIdSourceField\":\"headerImage\",\"seoFacebookImageId\":\"\",\"seoFacebookImageTransform\":\"\",\"robots\":\"\"},\"50\":[{\"col1\":\"Flexible working practices, based on the belief that the quality of your work is not dependent on the number of hours sitting behind a desk.\"},{\"col1\":\"A culture that emphasizes continual learning and improvement, with opportunities for career progression, travel, and a commitment to open source.\"},{\"col1\":\"Tax Saver commuter ticket scheme.\"},{\"col1\":\"Bike to work scheme.\"},{\"col1\":\"Free Activision games.\"},{\"col1\":\"Snacks 24\\/7\"}],\"49\":\"<p>We have a particular focus on team happiness, through extensive benefits and the atmosphere that we foster in the workplace. Our team enjoy flexible hours, paid training and generous vacation time.<\\/p>\",\"48\":\"\"}}', '2017-12-07 13:34:06', '2017-12-07 13:34:06', '01f9feae-a72b-4424-8b3b-ed134a8292ba'),
 ('41', '48', '9', '1', 'en_ie', '6', '', '{\"typeId\":null,\"authorId\":null,\"title\":\"Careers\",\"slug\":\"careers\",\"postDate\":1512429193,\"expiryDate\":null,\"enabled\":1,\"parentId\":null,\"fields\":{\"51\":[{\"col1\":\"Competitive salary, with annual performance reviews.\"},{\"col1\":\"25 days holidays.\"},{\"col1\":\"Annual bonus program.\"},{\"col1\":\"Annual pay review.\"},{\"col1\":\"Pension matching contributions.\"},{\"col1\":\"Top-tier healthcare for you and your family.\"},{\"col1\":\"Life insurance coverage.\"}],\"52\":\"<p>We\\u2019re looking for passionate and engaged people who want to contribute to games played around the world. If you\\u2019re excited about working with technologies for low-latency, large scale distributed systems in a collaborative environment then we\\u2019d love to hear from you.<\\/p>\",\"53\":\"\",\"22\":[\"79\"],\"24\":\"We take the work seriously; ourselves, not so much.\",\"3\":\"<p>We are a technology-driven company with a culture of openness. This means collaborating to solve problems, the freedom to talk to anyone, and that the best idea wins.<\\/p>\",\"4\":{\"seoMainEntityCategory\":\"CreativeWork\",\"seoMainEntityOfPage\":\"WebPage\",\"seoTitleSource\":\"field\",\"seoTitleSourceField\":\"title\",\"seoTitleUnparsed\":\"Careers\",\"seoDescriptionSource\":\"custom\",\"seoDescriptionSourceField\":\"title\",\"seoDescriptionUnparsed\":\"\",\"seoKeywordsSource\":\"custom\",\"seoKeywordsSourceField\":\"title\",\"seoKeywordsUnparsed\":\"\",\"seoImageIdSource\":\"custom\",\"seoImageIdSourceField\":\"headerImage\",\"seoImageId\":\"\",\"seoImageTransform\":\"\",\"canonicalUrlOverride\":\"\",\"twitterCardType\":\"\",\"seoTwitterImageIdSource\":\"custom\",\"seoTwitterImageIdSourceField\":\"headerImage\",\"seoTwitterImageId\":\"\",\"seoTwitterImageTransform\":\"\",\"openGraphType\":\"\",\"seoFacebookImageIdSource\":\"custom\",\"seoFacebookImageIdSourceField\":\"headerImage\",\"seoFacebookImageId\":\"\",\"seoFacebookImageTransform\":\"\",\"robots\":\"\"},\"50\":[{\"col1\":\"Flexible working practices, based on the belief that the quality of your work is not dependent on the number of hours sitting behind a desk.\"},{\"col1\":\"A culture that emphasizes continual learning and improvement, with opportunities for career progression, travel, and a commitment to open source.\"},{\"col1\":\"Tax Saver commuter ticket scheme.\"},{\"col1\":\"Bike to work scheme.\"},{\"col1\":\"Free Activision games.\"},{\"col1\":\"Snacks 24\\/7\"}],\"49\":\"<p>We have a particular focus on team happiness, through extensive benefits and the atmosphere that we foster in the workplace. Our team enjoy flexible hours, paid training and generous vacation time.<\\/p>\",\"48\":{\"new1\":{\"type\":\"1\",\"fields\":{\"image\":[\"81\",\"82\"]}},\"new2\":{\"type\":\"1\",\"fields\":{\"image\":[\"81\"]}},\"new3\":{\"type\":\"1\",\"fields\":{\"image\":[\"82\"]}}}}}', '2018-01-25 15:22:15', '2018-01-25 15:22:15', 'af4af307-0e62-47b5-b65e-f15635baf268'),
 ('42', '59', '11', '1', 'en_ie', '3', '', '{\"typeId\":\"11\",\"authorId\":\"1\",\"title\":\"Tendayi Mawushe\",\"slug\":\"tendayi-mawushe\",\"postDate\":1512610680,\"expiryDate\":null,\"enabled\":1,\"parentId\":\"\",\"fields\":{\"39\":\"\",\"41\":[\"99\"],\"42\":\"Software Architect\"}}', '2018-01-26 09:36:46', '2018-01-26 09:36:46', '71cfa043-594e-4565-83eb-156925e7a8d3'),
 ('43', '60', '11', '1', 'en_ie', '2', '', '{\"typeId\":\"11\",\"authorId\":\"1\",\"title\":\"Suzanne Boylan\",\"slug\":\"suzanne-boylan\",\"postDate\":1512610740,\"expiryDate\":null,\"enabled\":1,\"parentId\":\"\",\"fields\":{\"39\":\"\",\"41\":[\"98\"],\"42\":\"Engineering Manager\"}}', '2018-01-26 09:36:51', '2018-01-26 09:36:51', '5c586be1-a08e-4fce-8cd3-5d0b6ecf923a'),
 ('44', '61', '11', '1', 'en_ie', '3', '', '{\"typeId\":\"11\",\"authorId\":\"1\",\"title\":\"Mike Whitty\",\"slug\":\"mike-whitty\",\"postDate\":1512610740,\"expiryDate\":null,\"enabled\":1,\"parentId\":\"\",\"fields\":{\"39\":\"\",\"41\":[\"96\"],\"42\":\"Director of Engineering, Platform\"}}', '2018-01-26 09:36:56', '2018-01-26 09:36:56', '557eb058-3b17-4a93-9b76-7f3750bc2248'),
 ('45', '62', '11', '1', 'en_ie', '2', '', '{\"typeId\":\"11\",\"authorId\":\"1\",\"title\":\"Nadia Alramli\",\"slug\":\"nadia-alramli\",\"postDate\":1512610740,\"expiryDate\":null,\"enabled\":1,\"parentId\":\"\",\"fields\":{\"39\":\"\",\"41\":[\"97\"],\"42\":\"Director of Engineering, Products\"}}', '2018-01-26 09:37:02', '2018-01-26 09:37:02', '05129b43-aa12-480a-a1b4-997eb74467f0'),
 ('46', '63', '11', '1', 'en_ie', '2', '', '{\"typeId\":\"11\",\"authorId\":\"1\",\"title\":\"Colin Cashin\",\"slug\":\"colin-cashin\",\"postDate\":1512610740,\"expiryDate\":null,\"enabled\":1,\"parentId\":\"\",\"fields\":{\"39\":\"\",\"41\":[\"95\"],\"42\":\"Director of Engineering, Infrastructure\"}}', '2018-01-26 09:37:07', '2018-01-26 09:37:07', '4050c683-2231-488a-bba6-501ed94df973'),
 ('47', '64', '11', '1', 'en_ie', '2', '', '{\"typeId\":\"11\",\"authorId\":\"1\",\"title\":\"Brendan Dillon\",\"slug\":\"brendan-dillon\",\"postDate\":1512610740,\"expiryDate\":null,\"enabled\":1,\"parentId\":\"\",\"fields\":{\"39\":\"\",\"41\":[\"94\"],\"42\":\"Director of Studio Operations\"}}', '2018-01-26 09:37:12', '2018-01-26 09:37:12', '168b852e-c6ef-43ec-81b2-4d408b1ca856');



DROP TABLE IF EXISTS `craft_fieldgroups`;


--
-- Schema for table `craft_fieldgroups`
--
CREATE TABLE `craft_fieldgroups` (
  `id` int(11) NOT NULL AUTO_INCREMENT,
  `name` varchar(255) COLLATE utf8_unicode_ci NOT NULL,
  `dateCreated` datetime NOT NULL,
  `dateUpdated` datetime NOT NULL,
  `uid` char(36) COLLATE utf8_unicode_ci NOT NULL DEFAULT '0',
  PRIMARY KEY (`id`),
  UNIQUE KEY `craft_fieldgroups_name_unq_idx` (`name`)
) ENGINE=InnoDB AUTO_INCREMENT=11 DEFAULT CHARSET=utf8 COLLATE=utf8_unicode_ci;

--
-- Data for table `craft_fieldgroups`
--

INSERT INTO `craft_fieldgroups` (`id`, `name`, `dateCreated`, `dateUpdated`, `uid`) VALUES
 ('1', 'Default', '2017-10-13 11:04:19', '2017-10-13 11:04:19', '4deac12d-0e28-4b5f-a1ad-b0623260c08e'),
 ('4', 'Globals', '2017-10-13 14:23:15', '2017-10-13 14:23:15', '808ac226-a23a-425c-8387-9b97d78d2b70'),
 ('5', 'Homepage', '2017-11-21 22:49:13', '2017-11-21 22:49:13', '50842555-0705-462f-b737-0847c42481c1'),
 ('6', 'Entry', '2017-12-04 23:36:15', '2017-12-04 23:43:54', '28a4314f-2642-4024-806f-c8adb2067831'),
 ('7', 'Page', '2017-12-04 23:47:14', '2017-12-04 23:47:14', 'e1c04761-dd98-4437-8ed1-8fb29dfaff01'),
 ('8', 'Meta', '2017-12-04 23:51:00', '2017-12-04 23:51:00', '0b5c5ae3-2270-4551-a06c-01dd25e6a3e9'),
 ('9', 'About', '2017-12-05 00:04:38', '2017-12-05 00:04:38', '5a5b7b1c-815c-4957-954d-d3aa5953d4a4'),
 ('10', 'Careers', '2017-12-05 00:06:01', '2017-12-05 00:06:01', '1693bea0-2f37-4ed4-8342-b74edc3c87ca');



DROP TABLE IF EXISTS `craft_fieldlayoutfields`;


--
-- Schema for table `craft_fieldlayoutfields`
--
CREATE TABLE `craft_fieldlayoutfields` (
  `id` int(11) NOT NULL AUTO_INCREMENT,
  `layoutId` int(11) NOT NULL,
  `tabId` int(11) NOT NULL,
  `fieldId` int(11) NOT NULL,
  `required` tinyint(1) unsigned NOT NULL DEFAULT '0',
  `sortOrder` smallint(6) unsigned DEFAULT NULL,
  `dateCreated` datetime NOT NULL,
  `dateUpdated` datetime NOT NULL,
  `uid` char(36) COLLATE utf8_unicode_ci NOT NULL DEFAULT '0',
  PRIMARY KEY (`id`),
  UNIQUE KEY `craft_fieldlayoutfields_layoutId_fieldId_unq_idx` (`layoutId`,`fieldId`),
  KEY `craft_fieldlayoutfields_sortOrder_idx` (`sortOrder`),
  KEY `craft_fieldlayoutfields_tabId_fk` (`tabId`),
  KEY `craft_fieldlayoutfields_fieldId_fk` (`fieldId`)
) ENGINE=InnoDB AUTO_INCREMENT=204 DEFAULT CHARSET=utf8 COLLATE=utf8_unicode_ci;

--
-- Data for table `craft_fieldlayoutfields`
--

INSERT INTO `craft_fieldlayoutfields` (`id`, `layoutId`, `tabId`, `fieldId`, `required`, `sortOrder`, `dateCreated`, `dateUpdated`, `uid`) VALUES
 ('23', '19', '17', '9', '0', '1', '2017-10-13 14:28:05', '2017-10-13 14:28:05', 'd5178104-dfc2-489a-a748-4800b24763f5'),
 ('24', '19', '17', '10', '0', '2', '2017-10-13 14:28:05', '2017-10-13 14:28:05', '5426a773-4fed-4574-a9b4-3bc25e76dd41'),
 ('26', '19', '17', '12', '0', '4', '2017-10-13 14:28:05', '2017-10-13 14:28:05', 'c9b01f4b-e56d-4f81-b7ca-3b8ab16c9bc8'),
 ('27', '19', '17', '13', '0', '5', '2017-10-13 14:28:05', '2017-10-13 14:28:05', 'ca78365e-1d3e-4cb5-832c-48c272cbab7f'),
 ('28', '19', '17', '14', '0', '6', '2017-10-13 14:28:05', '2017-10-13 14:28:05', 'bf377452-a6fc-4263-8500-8bb128cf2d60'),
 ('117', '71', '61', '39', '0', '1', '2017-12-04 23:44:12', '2017-12-04 23:44:12', 'c72d5686-9f2b-4782-b932-d311b870a1e4'),
 ('124', '75', '65', '38', '0', '1', '2017-12-04 23:45:27', '2017-12-04 23:45:27', 'c74854b2-90b6-45ee-93a6-84f1b15916a5'),
 ('125', '75', '65', '39', '0', '2', '2017-12-04 23:45:27', '2017-12-04 23:45:27', '9a473a20-d7f1-445c-a142-cb8392e318bc'),
 ('126', '75', '65', '40', '0', '3', '2017-12-04 23:45:27', '2017-12-04 23:45:27', '05b02845-2367-4f63-8ed3-17b94c651ef2'),
 ('127', '75', '65', '41', '0', '4', '2017-12-04 23:45:27', '2017-12-04 23:45:27', '6b27d33c-8cf5-415e-b093-4a263beb97ba'),
 ('157', '81', '77', '22', '0', '1', '2017-12-05 00:09:00', '2017-12-05 00:09:00', 'd997b6db-3fb0-453c-b1e9-65292c2e327d'),
 ('158', '81', '77', '24', '0', '2', '2017-12-05 00:09:00', '2017-12-05 00:09:00', 'ed8b7d56-e228-43c2-8f1d-a98b0d5e2dcd'),
 ('159', '81', '77', '3', '0', '3', '2017-12-05 00:09:00', '2017-12-05 00:09:00', 'a75e5c90-ff6c-40cf-8fef-0bcf2c1487d0'),
 ('160', '81', '78', '45', '0', '1', '2017-12-05 00:09:00', '2017-12-05 00:09:00', '5774dded-fa1e-4487-9e2e-007e9bd8c132'),
 ('161', '81', '78', '46', '0', '2', '2017-12-05 00:09:00', '2017-12-05 00:09:00', '4a3223ab-1c13-4381-b224-08940df2ec5d'),
 ('162', '81', '78', '47', '0', '3', '2017-12-05 00:09:00', '2017-12-05 00:09:00', '6c08ee4f-e32b-4a9f-b9c2-0b17b4583c8f'),
 ('163', '81', '79', '4', '0', '1', '2017-12-05 00:09:00', '2017-12-05 00:09:00', '49d9c961-ff73-4d09-848b-a81003d9c486'),
 ('168', '84', '82', '41', '0', '1', '2017-12-05 00:10:56', '2017-12-05 00:10:56', '01f55c3a-92e5-4eac-b953-b408ae5a07e4'),
 ('169', '84', '82', '39', '0', '2', '2017-12-05 00:10:56', '2017-12-05 00:10:56', '9f0923a0-fca5-4103-b7d9-890b80902da0'),
 ('170', '84', '82', '42', '0', '3', '2017-12-05 00:10:56', '2017-12-05 00:10:56', 'da984c40-4981-4991-acb1-5b68774d5b03'),
 ('173', '86', '84', '43', '0', '1', '2017-12-05 17:46:20', '2017-12-05 17:46:20', '70ca1380-ca7b-48e5-9e89-fe314d389a8f'),
 ('174', '86', '84', '24', '0', '2', '2017-12-05 17:46:20', '2017-12-05 17:46:20', '6f16ba68-d240-4bad-b23e-4f444873920a'),
 ('175', '86', '84', '3', '0', '3', '2017-12-05 17:46:20', '2017-12-05 17:46:20', '4b0f40fc-4c95-4e9b-8923-bd6b7dd9eb23'),
 ('176', '86', '85', '31', '0', '1', '2017-12-05 17:46:20', '2017-12-05 17:46:20', '669293fb-5ae6-4832-965a-3c5f5b6710aa'),
 ('177', '86', '85', '32', '0', '2', '2017-12-05 17:46:20', '2017-12-05 17:46:20', 'fe4a77a0-af55-4d5a-bfe3-292594878206'),
 ('178', '86', '85', '33', '0', '3', '2017-12-05 17:46:20', '2017-12-05 17:46:20', '9131a6ee-065a-49a8-9af0-378892eeaca8'),
 ('179', '86', '85', '34', '0', '4', '2017-12-05 17:46:20', '2017-12-05 17:46:20', '8ce4a483-633e-4680-a319-10c927868fa2'),
 ('180', '86', '85', '35', '0', '5', '2017-12-05 17:46:20', '2017-12-05 17:46:20', '35e5b2c0-9297-4a06-a51b-0933ceb3eb01'),
 ('181', '86', '85', '37', '0', '6', '2017-12-05 17:46:20', '2017-12-05 17:46:20', '6c17a0db-e95c-4ebe-981c-cd8708830598'),
 ('182', '86', '85', '44', '0', '7', '2017-12-05 17:46:20', '2017-12-05 17:46:20', '032a134d-ca6a-43cb-9abd-0afaba15528f'),
 ('183', '86', '85', '36', '0', '8', '2017-12-05 17:46:20', '2017-12-05 17:46:20', '575d1543-83a4-48ee-999e-0ed0cafc9d1f'),
 ('184', '86', '86', '4', '0', '1', '2017-12-05 17:46:20', '2017-12-05 17:46:20', '908ca58b-bf14-4cbe-b9af-8090a35b4722'),
 ('185', '87', '87', '41', '0', '1', '2017-12-05 17:50:28', '2017-12-05 17:50:28', 'fc0a4108-fa78-4a30-bd3e-a63e3f72345e'),
 ('186', '87', '87', '40', '0', '2', '2017-12-05 17:50:28', '2017-12-05 17:50:28', 'b78ec0d6-4031-4292-8122-570e04fb47ff'),
 ('187', '89', '88', '39', '0', '1', '2017-12-05 17:59:37', '2017-12-05 17:59:37', 'c67dd480-41aa-4175-9a06-1c46a2843910'),
 ('188', '90', '89', '22', '0', '1', '2017-12-05 18:07:13', '2017-12-05 18:07:13', '0b0ee4e5-aed2-4664-88de-134c280b161a'),
 ('189', '90', '89', '24', '0', '2', '2017-12-05 18:07:13', '2017-12-05 18:07:13', 'a960ead6-5fd6-4e24-b548-1a5ec712fe20'),
 ('190', '90', '89', '3', '0', '3', '2017-12-05 18:07:13', '2017-12-05 18:07:13', '37ed4f11-10ed-439c-a18f-109a7a50ab65'),
 ('191', '90', '90', '48', '0', '1', '2017-12-05 18:07:13', '2017-12-05 18:07:13', '3c4fa7e3-b394-4977-9557-a7755c9d9aef'),
 ('192', '90', '90', '49', '0', '2', '2017-12-05 18:07:13', '2017-12-05 18:07:13', 'a0eb743f-903a-433b-98e2-d9efc87172dd'),
 ('193', '90', '90', '51', '0', '3', '2017-12-05 18:07:13', '2017-12-05 18:07:13', '7edec9bb-eacb-4133-a77e-770fb85e024a'),
 ('194', '90', '90', '50', '0', '4', '2017-12-05 18:07:13', '2017-12-05 18:07:13', 'd1549875-7c86-47b2-88e0-a2019595544e'),
 ('195', '90', '90', '52', '0', '5', '2017-12-05 18:07:13', '2017-12-05 18:07:13', '1a4bc796-730c-4c81-8911-413db3ce16fe'),
 ('196', '90', '90', '53', '0', '6', '2017-12-05 18:07:13', '2017-12-05 18:07:13', '85edda49-4d81-48dd-b897-ec9df31a3d16'),
 ('197', '90', '91', '4', '0', '1', '2017-12-05 18:07:13', '2017-12-05 18:07:13', '40bee825-ac24-44c6-87d7-a057405ea35a'),
 ('198', '91', '92', '42', '0', '1', '2017-12-07 01:34:55', '2017-12-07 01:34:55', '947d84d5-74a3-40ec-965c-511df3877479'),
 ('199', '91', '92', '39', '0', '2', '2017-12-07 01:34:55', '2017-12-07 01:34:55', '7238e126-6ac2-4b3d-90d6-902a8105b5cb'),
 ('200', '92', '93', '42', '0', '1', '2017-12-07 01:38:40', '2017-12-07 01:38:40', 'f479e400-cd31-4880-84da-afe8fdb31e3a'),
 ('201', '92', '93', '39', '0', '2', '2017-12-07 01:38:40', '2017-12-07 01:38:40', 'cbc9710f-dc3b-43f2-8dd1-764ca723e0f0'),
 ('202', '92', '93', '41', '0', '3', '2017-12-07 01:38:40', '2017-12-07 01:38:40', '3e1085f8-b6f5-431c-866e-3d8c86a2446e'),
 ('203', '94', '94', '54', '0', '1', '2018-01-25 15:15:38', '2018-01-25 15:15:38', '0e345730-54ba-41a7-b940-2517c5126bdb');



DROP TABLE IF EXISTS `craft_fieldlayouts`;


--
-- Schema for table `craft_fieldlayouts`
--
CREATE TABLE `craft_fieldlayouts` (
  `id` int(11) NOT NULL AUTO_INCREMENT,
  `type` varchar(150) COLLATE utf8_unicode_ci NOT NULL,
  `dateCreated` datetime NOT NULL,
  `dateUpdated` datetime NOT NULL,
  `uid` char(36) COLLATE utf8_unicode_ci NOT NULL DEFAULT '0',
  PRIMARY KEY (`id`),
  KEY `craft_fieldlayouts_type_idx` (`type`)
) ENGINE=InnoDB AUTO_INCREMENT=95 DEFAULT CHARSET=utf8 COLLATE=utf8_unicode_ci;

--
-- Data for table `craft_fieldlayouts`
--

INSERT INTO `craft_fieldlayouts` (`id`, `type`, `dateCreated`, `dateUpdated`, `uid`) VALUES
 ('1', 'Tag', '2017-10-13 11:04:19', '2017-10-13 11:04:19', 'e20fdef2-b394-4325-b57f-716746b9f18c'),
 ('19', 'GlobalSet', '2017-10-13 14:28:05', '2017-10-13 14:28:05', '24364809-6b95-4374-95c8-e93fe467011d'),
 ('56', 'Asset', '2017-11-28 17:27:41', '2017-11-28 17:27:41', 'd86823a4-adba-4ccf-a618-640f51d6ea73'),
 ('57', 'Asset', '2017-11-28 17:27:45', '2017-11-28 17:27:45', 'c62bdcae-b5ac-4f14-b6d1-a8aee2382c85'),
 ('59', 'Asset', '2017-12-04 20:41:07', '2017-12-04 20:41:07', '3b35314c-1a66-4a3b-a78f-cf0efbd631f5'),
 ('71', 'Entry', '2017-12-04 23:44:12', '2017-12-04 23:44:12', 'd95e29bb-0be6-4979-9958-8cde11a0ae0e'),
 ('75', 'Entry', '2017-12-04 23:45:27', '2017-12-04 23:45:27', 'edb3619d-a3a2-40d0-9f31-eba16be2ded6'),
 ('81', 'Entry', '2017-12-05 00:09:00', '2017-12-05 00:09:00', '47ea4358-e490-41af-aa0d-67704737ac11'),
 ('84', 'Entry', '2017-12-05 00:10:56', '2017-12-05 00:10:56', '42fb5367-823b-499f-9de7-dfc1bb73eec8'),
 ('86', 'Entry', '2017-12-05 17:46:20', '2017-12-05 17:46:20', '1d9b4346-a81c-4fd3-ab4d-840337127adc'),
 ('87', 'Entry', '2017-12-05 17:50:28', '2017-12-05 17:50:28', '508bb8f0-c26a-4982-8172-656eafcce952'),
 ('89', 'Entry', '2017-12-05 17:59:37', '2017-12-05 17:59:37', '3445a951-f963-4a06-8691-45c780fe87f9'),
 ('90', 'Entry', '2017-12-05 18:07:13', '2017-12-05 18:07:13', '3b637ad3-a8ef-4bee-a3c7-c94b926ca4fa'),
 ('91', 'Entry', '2017-12-07 01:34:55', '2017-12-07 01:34:55', 'ff08ea65-7a68-4176-b86a-dc1fce061875'),
 ('92', 'Entry', '2017-12-07 01:38:40', '2017-12-07 01:38:40', '9872444e-1f28-4eca-883e-7849a9804981'),
 ('93', 'Asset', '2017-12-07 13:27:20', '2017-12-07 13:27:20', '8872794d-7ff7-40f9-a41d-4b84438fd4f2'),
 ('94', 'SuperTable_Block', '2018-01-25 15:15:38', '2018-01-25 15:15:38', 'ca9da186-301b-4471-8679-f19b67bbf2da');



DROP TABLE IF EXISTS `craft_fieldlayouttabs`;


--
-- Schema for table `craft_fieldlayouttabs`
--
CREATE TABLE `craft_fieldlayouttabs` (
  `id` int(11) NOT NULL AUTO_INCREMENT,
  `layoutId` int(11) NOT NULL,
  `name` varchar(255) COLLATE utf8_unicode_ci NOT NULL,
  `sortOrder` smallint(6) unsigned DEFAULT NULL,
  `dateCreated` datetime NOT NULL,
  `dateUpdated` datetime NOT NULL,
  `uid` char(36) COLLATE utf8_unicode_ci NOT NULL DEFAULT '0',
  PRIMARY KEY (`id`),
  KEY `craft_fieldlayouttabs_sortOrder_idx` (`sortOrder`),
  KEY `craft_fieldlayouttabs_layoutId_fk` (`layoutId`)
) ENGINE=InnoDB AUTO_INCREMENT=95 DEFAULT CHARSET=utf8 COLLATE=utf8_unicode_ci;

--
-- Data for table `craft_fieldlayouttabs`
--

INSERT INTO `craft_fieldlayouttabs` (`id`, `layoutId`, `name`, `sortOrder`, `dateCreated`, `dateUpdated`, `uid`) VALUES
 ('17', '19', 'Content', '1', '2017-10-13 14:28:05', '2017-10-13 14:28:05', 'cb882fb6-76e5-4cd4-bf64-8078995ea9cb'),
 ('61', '71', 'Entry', '1', '2017-12-04 23:44:12', '2017-12-04 23:44:12', 'eb7a2377-2ab7-4cc4-a6d7-a600e89709c1'),
 ('65', '75', 'Entry', '1', '2017-12-04 23:45:27', '2017-12-04 23:45:27', '799cc8c2-35b6-4306-a1ae-855782fc3e13'),
 ('77', '81', 'Page', '1', '2017-12-05 00:09:00', '2017-12-05 00:09:00', '4c922ed7-0da1-40d0-863e-7b734b5c597c'),
 ('78', '81', 'About', '2', '2017-12-05 00:09:00', '2017-12-05 00:09:00', 'ac3c8fa5-ba08-42a8-829b-5697553b18c9'),
 ('79', '81', 'Meta', '3', '2017-12-05 00:09:00', '2017-12-05 00:09:00', '336fa5a9-5442-40c8-9afd-176885aa1712'),
 ('82', '84', 'Entry', '1', '2017-12-05 00:10:56', '2017-12-05 00:10:56', 'dcfe2140-af9b-41a5-bd6f-82676574e48d'),
 ('84', '86', 'Intro', '1', '2017-12-05 17:46:20', '2017-12-05 17:46:20', '90544288-3989-4bac-ade4-1b795cbefd77'),
 ('85', '86', 'Page', '2', '2017-12-05 17:46:20', '2017-12-05 17:46:20', 'd8f4f75e-c47e-486e-9b70-82afc5293757'),
 ('86', '86', 'Meta', '3', '2017-12-05 17:46:20', '2017-12-05 17:46:20', 'eeeebcdd-e4c9-41f3-8a59-b26877eeac9e'),
 ('87', '87', 'Entry', '1', '2017-12-05 17:50:28', '2017-12-05 17:50:28', 'bb65c4c1-740b-47d3-b721-576f87269ba7'),
 ('88', '89', 'Entry', '1', '2017-12-05 17:59:37', '2017-12-05 17:59:37', '55bcb5cb-2de1-4c8c-aee7-d5c55832be0a'),
 ('89', '90', 'Page', '1', '2017-12-05 18:07:13', '2017-12-05 18:07:13', 'a84c7057-d2c1-4c7c-86ba-78497b7694a7'),
 ('90', '90', 'Careers', '2', '2017-12-05 18:07:13', '2017-12-05 18:07:13', 'a9785ddd-c884-4753-b037-fcff24259e19'),
 ('91', '90', 'Meta', '3', '2017-12-05 18:07:13', '2017-12-05 18:07:13', 'a8d9dae5-5242-4140-97d4-7946978aa9c6'),
 ('92', '91', 'Entry', '1', '2017-12-07 01:34:55', '2017-12-07 01:34:55', 'e56024d8-7780-48a8-943b-0cf3cf30eeb0'),
 ('93', '92', 'Entry', '1', '2017-12-07 01:38:40', '2017-12-07 01:38:40', '716a1d39-d441-499a-b0dc-600c9e3a0835'),
 ('94', '94', 'Content', '1', '2018-01-25 15:15:38', '2018-01-25 15:15:38', 'b3ea9018-245d-49a8-9646-6c9b1c5cb5f1');



DROP TABLE IF EXISTS `craft_fields`;


--
-- Schema for table `craft_fields`
--
CREATE TABLE `craft_fields` (
  `id` int(11) NOT NULL AUTO_INCREMENT,
  `groupId` int(11) DEFAULT NULL,
  `name` varchar(255) COLLATE utf8_unicode_ci NOT NULL,
  `handle` varchar(58) COLLATE utf8_unicode_ci NOT NULL,
  `context` varchar(255) COLLATE utf8_unicode_ci NOT NULL DEFAULT 'global',
  `instructions` text COLLATE utf8_unicode_ci,
  `translatable` tinyint(1) unsigned NOT NULL DEFAULT '0',
  `type` varchar(150) COLLATE utf8_unicode_ci NOT NULL,
  `settings` text COLLATE utf8_unicode_ci,
  `dateCreated` datetime NOT NULL,
  `dateUpdated` datetime NOT NULL,
  `uid` char(36) COLLATE utf8_unicode_ci NOT NULL DEFAULT '0',
  PRIMARY KEY (`id`),
  UNIQUE KEY `craft_fields_handle_context_unq_idx` (`handle`,`context`),
  KEY `craft_fields_context_idx` (`context`),
  KEY `craft_fields_groupId_fk` (`groupId`)
) ENGINE=InnoDB AUTO_INCREMENT=55 DEFAULT CHARSET=utf8 COLLATE=utf8_unicode_ci;

--
-- Data for table `craft_fields`
--

INSERT INTO `craft_fields` (`id`, `groupId`, `name`, `handle`, `context`, `instructions`, `translatable`, `type`, `settings`, `dateCreated`, `dateUpdated`, `uid`) VALUES
 ('1', '1', 'Body', 'body', 'global', NULL, '1', 'RichText', '{\"configFile\":\"Standard.json\",\"columnType\":\"text\"}', '2017-10-13 11:04:19', '2017-10-13 11:04:19', '6e4db6e7-5c78-40c8-b223-86e88d0e255e'),
 ('2', '1', 'Tags', 'tags', 'global', NULL, '0', 'Tags', '{\"source\":\"taggroup:1\"}', '2017-10-13 11:04:19', '2017-10-13 11:04:19', '5f63f395-9858-470e-8202-2f14838e3a6a'),
 ('3', '7', 'Intro', 'intro', 'global', '', '0', 'RichText', '{\"configFile\":\"\",\"availableAssetSources\":\"*\",\"availableTransforms\":\"*\",\"cleanupHtml\":\"1\",\"purifyHtml\":\"1\",\"purifierConfig\":\"\",\"columnType\":\"text\"}', '2017-10-13 13:33:23', '2017-12-04 23:50:29', '78b794f7-e291-47cd-9ac9-ec652270a2fb'),
 ('4', '8', 'Meta', 'meta', 'global', '', '0', 'Seomatic_Meta', '{\"assetSources\":\"*\",\"seoMainEntityCategory\":\"CreativeWork\",\"seoMainEntityOfPage\":\"WebPage\",\"seoTitleSource\":\"field\",\"seoTitleSourceField\":\"title\",\"seoTitle\":\"\",\"seoTitleSourceChangeable\":\"1\",\"seoDescriptionSource\":\"custom\",\"seoDescriptionSourceField\":\"title\",\"seoDescription\":\"\",\"seoDescriptionSourceChangeable\":\"1\",\"seoKeywordsSource\":\"custom\",\"seoKeywordsSourceField\":\"title\",\"seoKeywords\":\"\",\"seoKeywordsSourceChangeable\":\"1\",\"seoImageIdSource\":\"custom\",\"seoImageIdSourceField\":\"headerImage\",\"seoImageIdSourceChangeable\":\"1\",\"seoImageTransform\":\"\",\"twitterCardType\":\"\",\"twitterCardTypeChangeable\":\"1\",\"seoTwitterImageIdSource\":\"custom\",\"seoTwitterImageIdSourceField\":\"headerImage\",\"seoTwitterImageIdSourceChangeable\":\"1\",\"seoTwitterImageTransform\":\"\",\"openGraphType\":\"\",\"openGraphTypeChangeable\":\"1\",\"seoFacebookImageIdSource\":\"custom\",\"seoFacebookImageIdSourceField\":\"headerImage\",\"seoFacebookImageIdSourceChangeable\":\"1\",\"seoFacebookImageTransform\":\"\",\"robots\":\"\",\"robotsChangeable\":\"1\"}', '2017-10-13 13:54:53', '2017-12-04 23:51:19', '2a83aa24-b6ec-45aa-8e25-6f007a9d1ede'),
 ('9', '4', 'Address', 'address', 'global', '', '0', 'PlainText', '{\"placeholder\":\"\",\"maxLength\":\"\",\"multiline\":\"1\",\"initialRows\":\"4\"}', '2017-10-13 14:23:26', '2017-10-13 14:23:26', 'bd8a9f06-8dca-407e-8699-6c986329d695'),
 ('10', '4', 'Telephone', 'telephone', 'global', '', '0', 'PlainText', '{\"placeholder\":\"\",\"maxLength\":\"\",\"multiline\":\"\",\"initialRows\":\"4\"}', '2017-10-13 14:23:34', '2017-10-13 14:23:34', '6e05aa15-643e-45b7-b860-5dafe2695885'),
 ('12', '4', 'Contact Email', 'contactEmail', 'global', '', '0', 'PlainText', '{\"placeholder\":\"\",\"maxLength\":\"\",\"multiline\":\"\",\"initialRows\":\"4\"}', '2017-10-13 14:23:50', '2017-10-13 14:23:50', '090e82b7-957f-4e2d-8409-a5043b1f03ff'),
 ('13', '4', 'Twitter', 'twitter', 'global', '', '0', 'VzUrl', '{\"followRedirects\":\"1\"}', '2017-10-13 14:23:57', '2017-10-13 14:27:33', '9120fd65-b3c9-4971-9a7c-c4c74ee9eb5a'),
 ('14', '4', 'LinkedIn', 'linkedin', 'global', '', '0', 'VzUrl', '{\"followRedirects\":\"1\"}', '2017-10-13 14:24:09', '2017-10-13 14:27:23', 'e9245355-419c-49e8-bd16-8dd149586250'),
 ('22', '7', 'Header Image', 'headerImage', 'global', '', '0', 'Assets', '{\"useSingleFolder\":\"1\",\"sources\":[\"folder:4\"],\"defaultUploadLocationSource\":\"1\",\"defaultUploadLocationSubpath\":\"\",\"singleUploadLocationSource\":\"4\",\"singleUploadLocationSubpath\":\"\",\"restrictFiles\":\"\",\"limit\":\"1\",\"viewMode\":\"large\",\"selectionLabel\":\"\"}', '2017-11-21 22:41:35', '2017-12-04 23:50:16', '4c1b6c3e-91ac-4fc7-a065-927855b6fec8'),
 ('24', '7', 'Heading', 'heading', 'global', '', '0', 'PlainText', '{\"placeholder\":\"\",\"maxLength\":\"\",\"multiline\":\"\",\"initialRows\":\"4\"}', '2017-11-21 22:45:44', '2017-12-04 23:50:23', 'fdc65351-a4af-4182-80b8-e882cb21c280'),
 ('31', '5', 'Stats Introduction', 'statsIntroduction', 'global', '', '0', 'PlainText', '{\"placeholder\":\"\",\"maxLength\":\"\",\"multiline\":\"1\",\"initialRows\":\"4\"}', '2017-12-04 23:32:25', '2017-12-07 01:28:41', 'fb37635b-9ea3-478d-85b3-2ab99096bf85'),
 ('32', '5', 'Open Source Introduction', 'openSourceIntroduction', 'global', '', '0', 'PlainText', '{\"placeholder\":\"\",\"maxLength\":\"\",\"multiline\":\"1\",\"initialRows\":\"4\"}', '2017-12-04 23:32:59', '2017-12-07 01:28:33', '281d6c6b-dcb0-4b25-8c7d-c5250d90cf4f'),
 ('33', '5', 'LinkedIn Text', 'linkedinText', 'global', '', '0', 'PlainText', '{\"placeholder\":\"\",\"maxLength\":\"\",\"multiline\":\"\",\"initialRows\":\"4\"}', '2017-12-04 23:33:32', '2017-12-04 23:34:15', '9be9de47-efe1-4f7d-ab51-2a4cf13ad112'),
 ('34', '5', 'Studios Introduction', 'studiosIntroduction', 'global', '', '0', 'PlainText', '{\"placeholder\":\"\",\"maxLength\":\"\",\"multiline\":\"1\",\"initialRows\":\"4\"}', '2017-12-04 23:33:48', '2017-12-07 01:28:36', '4a3088cd-3f05-4db1-839a-e31080884232'),
 ('35', '5', 'Studios Note', 'studiosNote', 'global', '', '0', 'PlainText', '{\"placeholder\":\"\",\"maxLength\":\"\",\"multiline\":\"1\",\"initialRows\":\"4\"}', '2017-12-04 23:34:03', '2017-12-07 01:28:48', 'b640bd87-b6c3-4a60-9ba1-801b1c662261'),
 ('36', '5', '‘Work With Us’ Note', 'workWithUsNote', 'global', '', '0', 'PlainText', '{\"placeholder\":\"\",\"maxLength\":\"\",\"multiline\":\"1\",\"initialRows\":\"4\"}', '2017-12-04 23:35:00', '2017-12-07 01:28:59', 'a11e18b9-2185-4def-92ac-e29a1b7dbd8b'),
 ('37', '5', '‘Work With Us’ Heading', 'workWithUsHeading', 'global', '', '0', 'PlainText', '{\"placeholder\":\"\",\"maxLength\":\"\",\"multiline\":\"\",\"initialRows\":\"4\"}', '2017-12-04 23:35:37', '2017-12-04 23:35:37', 'd3218dde-c2cb-491d-bbbd-e2c5408051a2'),
 ('38', '6', 'Location', 'location', 'global', '', '0', 'PlainText', '{\"placeholder\":\"\",\"maxLength\":\"\",\"multiline\":\"\",\"initialRows\":\"4\"}', '2017-12-04 23:36:43', '2017-12-04 23:38:47', '0a748155-0d9e-4f05-8cff-766c9ccddf2f'),
 ('39', '6', 'Description', 'description', 'global', '', '0', 'RichText', '{\"configFile\":\"\",\"availableAssetSources\":\"*\",\"availableTransforms\":\"*\",\"cleanupHtml\":\"1\",\"purifyHtml\":\"1\",\"purifierConfig\":\"\",\"columnType\":\"text\"}', '2017-12-04 23:37:08', '2017-12-04 23:38:41', 'eaa1fe4d-7c5e-485a-b887-3d6a5ba9a72f'),
 ('40', '6', 'Web Address', 'webAddress', 'global', '', '0', 'PlainText', '{\"placeholder\":\"\",\"maxLength\":\"\",\"multiline\":\"\",\"initialRows\":\"4\"}', '2017-12-04 23:37:19', '2017-12-04 23:39:15', '6846588d-683a-41c9-9337-7a0d9b6ad797'),
 ('41', '6', 'Image', 'image', 'global', '', '0', 'Assets', '{\"useSingleFolder\":\"\",\"sources\":[\"folder:1\",\"folder:4\"],\"defaultUploadLocationSource\":\"4\",\"defaultUploadLocationSubpath\":\"\",\"singleUploadLocationSource\":\"1\",\"singleUploadLocationSubpath\":\"\",\"restrictFiles\":\"\",\"limit\":\"1\",\"viewMode\":\"list\",\"selectionLabel\":\"\"}', '2017-12-04 23:37:41', '2018-01-26 09:36:27', 'ca9b3a32-039e-4abc-a950-0e9b11e4c2d0'),
 ('42', '6', 'Note', 'note', 'global', '', '0', 'PlainText', '{\"placeholder\":\"\",\"maxLength\":\"\",\"multiline\":\"\",\"initialRows\":\"4\"}', '2017-12-04 23:46:34', '2017-12-04 23:46:34', '52fb29da-c50d-4a2e-844a-edd2f80ef3df'),
 ('43', '5', 'Home Images', 'homeImages', 'global', '', '0', 'Assets', '{\"useSingleFolder\":\"\",\"sources\":[\"folder:4\"],\"defaultUploadLocationSource\":\"4\",\"defaultUploadLocationSubpath\":\"\",\"singleUploadLocationSource\":\"1\",\"singleUploadLocationSubpath\":\"\",\"restrictFiles\":\"\",\"limit\":\"\",\"viewMode\":\"list\",\"selectionLabel\":\"\"}', '2017-12-04 23:48:36', '2017-12-04 23:48:50', '0543f7f6-f13a-4917-b4c9-a4a857300a62'),
 ('44', '5', '‘Work With Us’ Images', 'workWithUsImages', 'global', '', '0', 'Assets', '{\"useSingleFolder\":\"1\",\"sources\":[\"folder:1\"],\"defaultUploadLocationSource\":\"1\",\"defaultUploadLocationSubpath\":\"\",\"singleUploadLocationSource\":\"1\",\"singleUploadLocationSubpath\":\"\",\"restrictFiles\":\"\",\"limit\":\"\",\"viewMode\":\"large\",\"selectionLabel\":\"\"}', '2017-12-05 00:04:27', '2017-12-05 00:04:27', '8b134993-3fbf-4263-ac10-2eadd738f453'),
 ('45', '9', 'Services Introduction', 'servicesIntroduction', 'global', '', '0', 'RichText', '{\"configFile\":\"\",\"availableAssetSources\":\"*\",\"availableTransforms\":\"*\",\"cleanupHtml\":\"1\",\"purifyHtml\":\"1\",\"purifierConfig\":\"\",\"columnType\":\"text\"}', '2017-12-05 00:04:52', '2017-12-05 00:04:52', '51ca1ef9-ba83-4c63-8df2-f016200aeafe'),
 ('46', '9', 'Departments Introduction', 'departmentsIntroduction', 'global', '', '0', 'RichText', '{\"configFile\":\"\",\"availableAssetSources\":\"*\",\"availableTransforms\":\"*\",\"cleanupHtml\":\"1\",\"purifyHtml\":\"1\",\"purifierConfig\":\"\",\"columnType\":\"text\"}', '2017-12-05 00:05:04', '2017-12-05 00:05:04', '45c4c387-b304-401b-b9c8-9234346bef97'),
 ('47', '9', 'Locations Images', 'locationsImages', 'global', '', '0', 'Assets', '{\"useSingleFolder\":\"1\",\"sources\":[\"folder:1\"],\"defaultUploadLocationSource\":\"1\",\"defaultUploadLocationSubpath\":\"\",\"singleUploadLocationSource\":\"1\",\"singleUploadLocationSubpath\":\"\",\"restrictFiles\":\"\",\"limit\":\"\",\"viewMode\":\"large\",\"selectionLabel\":\"\"}', '2017-12-05 00:05:33', '2017-12-05 00:05:33', '814da5e2-2fb4-4ad1-bc45-8d9bc9ece929'),
 ('48', '10', 'Team Images', 'teamImages', 'global', '', '0', 'SuperTable', '{\"columns\":{\"new1\":{\"width\":\"\"}},\"fieldLayout\":\"table\",\"staticField\":null,\"selectionLabel\":\"Add a row\",\"maxRows\":null,\"minRows\":null}', '2017-12-05 00:06:19', '2018-01-25 15:15:38', 'b567ce92-40d6-4d3b-a0bf-b0d9e4552f26'),
 ('49', '10', 'Perks and Benefits Introduction', 'perksAndBenefitsIntroduction', 'global', '', '0', 'RichText', '{\"configFile\":\"\",\"availableAssetSources\":\"*\",\"availableTransforms\":\"*\",\"cleanupHtml\":\"1\",\"purifyHtml\":\"1\",\"purifierConfig\":\"\",\"columnType\":\"text\"}', '2017-12-05 00:06:45', '2017-12-05 00:06:45', 'ac2bb015-28a0-4b0e-97f9-e28fcb51724f'),
 ('50', '10', 'Perks', 'perks', 'global', '', '0', 'Table', '{\"columns\":{\"col1\":{\"heading\":\"Perk\",\"handle\":\"perk\",\"width\":\"\",\"type\":\"singleline\"}},\"defaults\":{\"row1\":{\"col1\":\"\"}}}', '2017-12-05 00:07:13', '2017-12-05 00:07:13', '8e396a8c-57d9-4211-99b9-481db8fcbc92'),
 ('51', '10', 'Benefits', 'benefits', 'global', '', '0', 'Table', '{\"columns\":{\"col1\":{\"heading\":\"Benefit\",\"handle\":\"benefit\",\"width\":\"\",\"type\":\"singleline\"}},\"defaults\":{\"row1\":{\"col1\":\"\"}}}', '2017-12-05 00:07:29', '2017-12-05 00:07:29', '00b35c85-1c63-448c-ade9-427a201bc564'),
 ('52', '10', 'Careers Note', 'careersNote', 'global', '', '0', 'RichText', '{\"configFile\":\"\",\"availableAssetSources\":\"*\",\"availableTransforms\":\"*\",\"cleanupHtml\":\"1\",\"purifyHtml\":\"1\",\"purifierConfig\":\"\",\"columnType\":\"text\"}', '2017-12-05 00:07:51', '2017-12-05 00:07:51', 'e954c8ce-0b81-4192-a7bb-51f6f25e7941'),
 ('53', '10', 'Careers Web Address', 'careersWebAddress', 'global', '', '0', 'PlainText', '{\"placeholder\":\"\",\"maxLength\":\"\",\"multiline\":\"\",\"initialRows\":\"4\"}', '2017-12-05 18:06:45', '2017-12-05 18:06:45', '81946913-a043-4376-9453-72f09b0f1ffd'),
 ('54', NULL, 'Image', 'image', 'superTableBlockType:1', '', '0', 'Assets', '{\"useSingleFolder\":\"1\",\"sources\":\"\",\"defaultUploadLocationSource\":\"1\",\"defaultUploadLocationSubpath\":\"\",\"singleUploadLocationSource\":\"1\",\"singleUploadLocationSubpath\":\"\",\"restrictFiles\":\"\",\"limit\":\"2\",\"viewMode\":\"list\",\"selectionLabel\":\"\"}', '2018-01-25 15:15:38', '2018-01-25 15:15:38', '4f620816-3fe9-4c29-a528-c5dc8fe9f63e');



DROP TABLE IF EXISTS `craft_globalsets`;


--
-- Schema for table `craft_globalsets`
--
CREATE TABLE `craft_globalsets` (
  `id` int(11) NOT NULL,
  `name` varchar(255) COLLATE utf8_unicode_ci NOT NULL,
  `handle` varchar(255) COLLATE utf8_unicode_ci NOT NULL,
  `fieldLayoutId` int(10) DEFAULT NULL,
  `dateCreated` datetime NOT NULL,
  `dateUpdated` datetime NOT NULL,
  `uid` char(36) COLLATE utf8_unicode_ci NOT NULL DEFAULT '0',
  PRIMARY KEY (`id`),
  UNIQUE KEY `craft_globalsets_name_unq_idx` (`name`),
  UNIQUE KEY `craft_globalsets_handle_unq_idx` (`handle`),
  KEY `craft_globalsets_fieldLayoutId_fk` (`fieldLayoutId`)
) ENGINE=InnoDB DEFAULT CHARSET=utf8 COLLATE=utf8_unicode_ci;

--
-- Data for table `craft_globalsets`
--

INSERT INTO `craft_globalsets` (`id`, `name`, `handle`, `fieldLayoutId`, `dateCreated`, `dateUpdated`, `uid`) VALUES
 ('9', 'Contact Details', 'contactDetails', '19', '2017-10-13 14:23:03', '2017-10-13 14:28:05', 'd8d38d0a-4030-461c-bfef-fca7b7d58520');



DROP TABLE IF EXISTS `craft_info`;


--
-- Schema for table `craft_info`
--
CREATE TABLE `craft_info` (
  `id` int(11) NOT NULL AUTO_INCREMENT,
  `version` varchar(50) COLLATE utf8_unicode_ci NOT NULL,
  `schemaVersion` varchar(15) COLLATE utf8_unicode_ci NOT NULL,
  `edition` tinyint(1) unsigned NOT NULL DEFAULT '0',
  `siteName` varchar(100) COLLATE utf8_unicode_ci NOT NULL,
  `siteUrl` varchar(255) COLLATE utf8_unicode_ci NOT NULL,
  `timezone` varchar(30) COLLATE utf8_unicode_ci DEFAULT NULL,
  `on` tinyint(1) unsigned NOT NULL DEFAULT '0',
  `maintenance` tinyint(1) unsigned NOT NULL DEFAULT '0',
  `dateCreated` datetime NOT NULL,
  `dateUpdated` datetime NOT NULL,
  `uid` char(36) COLLATE utf8_unicode_ci NOT NULL DEFAULT '0',
  PRIMARY KEY (`id`)
) ENGINE=InnoDB AUTO_INCREMENT=2 DEFAULT CHARSET=utf8 COLLATE=utf8_unicode_ci;

--
-- Data for table `craft_info`
--

INSERT INTO `craft_info` (`id`, `version`, `schemaVersion`, `edition`, `siteName`, `siteUrl`, `timezone`, `on`, `maintenance`, `dateCreated`, `dateUpdated`, `uid`) VALUES
 ('1', '2.6.3005', '2.6.13', '2', 'Sonica', 'http://localhost:8888/459001-Sonica/', 'UTC', '1', '0', '2017-10-13 11:04:14', '2018-02-15 17:13:06', 'd4513535-75d0-40be-bef2-f02904d20a2d');



DROP TABLE IF EXISTS `craft_locales`;


--
-- Schema for table `craft_locales`
--
CREATE TABLE `craft_locales` (
  `locale` char(12) COLLATE utf8_unicode_ci NOT NULL,
  `sortOrder` smallint(6) unsigned DEFAULT NULL,
  `dateCreated` datetime NOT NULL,
  `dateUpdated` datetime NOT NULL,
  `uid` char(36) COLLATE utf8_unicode_ci NOT NULL DEFAULT '0',
  PRIMARY KEY (`locale`),
  KEY `craft_locales_sortOrder_idx` (`sortOrder`)
) ENGINE=InnoDB DEFAULT CHARSET=utf8 COLLATE=utf8_unicode_ci;

--
-- Data for table `craft_locales`
--

INSERT INTO `craft_locales` (`locale`, `sortOrder`, `dateCreated`, `dateUpdated`, `uid`) VALUES
 ('en_ie', '1', '2017-10-13 11:04:14', '2017-10-13 11:04:14', 'e58ad645-71d5-4ff5-97c8-11c3e51e0a17');



DROP TABLE IF EXISTS `craft_matrixblocks`;


--
-- Schema for table `craft_matrixblocks`
--
CREATE TABLE `craft_matrixblocks` (
  `id` int(11) NOT NULL,
  `ownerId` int(11) NOT NULL,
  `fieldId` int(11) NOT NULL,
  `typeId` int(11) DEFAULT NULL,
  `sortOrder` smallint(6) unsigned DEFAULT NULL,
  `ownerLocale` char(12) COLLATE utf8_unicode_ci DEFAULT NULL,
  `dateCreated` datetime NOT NULL,
  `dateUpdated` datetime NOT NULL,
  `uid` char(36) COLLATE utf8_unicode_ci NOT NULL DEFAULT '0',
  PRIMARY KEY (`id`),
  KEY `craft_matrixblocks_ownerId_idx` (`ownerId`),
  KEY `craft_matrixblocks_fieldId_idx` (`fieldId`),
  KEY `craft_matrixblocks_typeId_idx` (`typeId`),
  KEY `craft_matrixblocks_sortOrder_idx` (`sortOrder`),
  KEY `craft_matrixblocks_ownerLocale_fk` (`ownerLocale`)
) ENGINE=InnoDB DEFAULT CHARSET=utf8 COLLATE=utf8_unicode_ci;

DROP TABLE IF EXISTS `craft_matrixblocktypes`;


--
-- Schema for table `craft_matrixblocktypes`
--
CREATE TABLE `craft_matrixblocktypes` (
  `id` int(11) NOT NULL AUTO_INCREMENT,
  `fieldId` int(11) NOT NULL,
  `fieldLayoutId` int(11) DEFAULT NULL,
  `name` varchar(255) COLLATE utf8_unicode_ci NOT NULL,
  `handle` varchar(255) COLLATE utf8_unicode_ci NOT NULL,
  `sortOrder` smallint(6) unsigned DEFAULT NULL,
  `dateCreated` datetime NOT NULL,
  `dateUpdated` datetime NOT NULL,
  `uid` char(36) COLLATE utf8_unicode_ci NOT NULL DEFAULT '0',
  PRIMARY KEY (`id`),
  UNIQUE KEY `craft_matrixblocktypes_name_fieldId_unq_idx` (`name`,`fieldId`),
  UNIQUE KEY `craft_matrixblocktypes_handle_fieldId_unq_idx` (`handle`,`fieldId`),
  KEY `craft_matrixblocktypes_fieldId_fk` (`fieldId`),
  KEY `craft_matrixblocktypes_fieldLayoutId_fk` (`fieldLayoutId`)
) ENGINE=InnoDB DEFAULT CHARSET=utf8 COLLATE=utf8_unicode_ci;

DROP TABLE IF EXISTS `craft_migrations`;


--
-- Schema for table `craft_migrations`
--
CREATE TABLE `craft_migrations` (
  `id` int(11) NOT NULL AUTO_INCREMENT,
  `pluginId` int(11) DEFAULT NULL,
  `version` varchar(255) COLLATE utf8_unicode_ci NOT NULL,
  `applyTime` datetime NOT NULL,
  `dateCreated` datetime NOT NULL,
  `dateUpdated` datetime NOT NULL,
  `uid` char(36) COLLATE utf8_unicode_ci NOT NULL DEFAULT '0',
  PRIMARY KEY (`id`),
  UNIQUE KEY `craft_migrations_version_unq_idx` (`version`),
  KEY `craft_migrations_pluginId_fk` (`pluginId`)
) ENGINE=InnoDB AUTO_INCREMENT=71 DEFAULT CHARSET=utf8 COLLATE=utf8_unicode_ci;

--
-- Data for table `craft_migrations`
--

INSERT INTO `craft_migrations` (`id`, `pluginId`, `version`, `applyTime`, `dateCreated`, `dateUpdated`, `uid`) VALUES
 ('1', NULL, 'm000000_000000_base', '2017-10-13 11:04:14', '2017-10-13 11:04:14', '2017-10-13 11:04:14', 'aa4d696f-c849-4cab-8589-1e7b0b9ea314'),
 ('2', NULL, 'm140730_000001_add_filename_and_format_to_transformindex', '2017-10-13 11:04:14', '2017-10-13 11:04:14', '2017-10-13 11:04:14', '81b0507e-e282-4432-8528-6cfc05d3bb27'),
 ('3', NULL, 'm140815_000001_add_format_to_transforms', '2017-10-13 11:04:14', '2017-10-13 11:04:14', '2017-10-13 11:04:14', 'e8651b7d-1b3f-4fc8-8051-bc66a4baeae0'),
 ('4', NULL, 'm140822_000001_allow_more_than_128_items_per_field', '2017-10-13 11:04:14', '2017-10-13 11:04:14', '2017-10-13 11:04:14', '4940b509-2370-469c-bf8a-5f95959da5d7'),
 ('5', NULL, 'm140829_000001_single_title_formats', '2017-10-13 11:04:14', '2017-10-13 11:04:14', '2017-10-13 11:04:14', '08a57243-40a9-487f-8c08-be02e5a60a15'),
 ('6', NULL, 'm140831_000001_extended_cache_keys', '2017-10-13 11:04:14', '2017-10-13 11:04:14', '2017-10-13 11:04:14', '4337d03e-02ce-4301-8c74-fd73826d4a53'),
 ('7', NULL, 'm140922_000001_delete_orphaned_matrix_blocks', '2017-10-13 11:04:14', '2017-10-13 11:04:14', '2017-10-13 11:04:14', 'b7ff6334-3d34-4a54-a73d-26d9e3d34da5'),
 ('8', NULL, 'm141008_000001_elements_index_tune', '2017-10-13 11:04:14', '2017-10-13 11:04:14', '2017-10-13 11:04:14', 'd40548b1-b5aa-4b65-89e0-a83342a5bb01'),
 ('9', NULL, 'm141009_000001_assets_source_handle', '2017-10-13 11:04:14', '2017-10-13 11:04:14', '2017-10-13 11:04:14', '46c2c75b-91c4-4222-a796-ae2d2226ddac'),
 ('10', NULL, 'm141024_000001_field_layout_tabs', '2017-10-13 11:04:14', '2017-10-13 11:04:14', '2017-10-13 11:04:14', '7c3cc157-a889-48d6-950d-ebafc3d59fb3'),
 ('11', NULL, 'm141030_000000_plugin_schema_versions', '2017-10-13 11:04:14', '2017-10-13 11:04:14', '2017-10-13 11:04:14', '0278bdc5-a005-446a-a55f-4de18d0a22e1'),
 ('12', NULL, 'm141030_000001_drop_structure_move_permission', '2017-10-13 11:04:14', '2017-10-13 11:04:14', '2017-10-13 11:04:14', 'c020c4d8-534a-4066-aa1f-bdbe411865aa'),
 ('13', NULL, 'm141103_000001_tag_titles', '2017-10-13 11:04:14', '2017-10-13 11:04:14', '2017-10-13 11:04:14', 'dd50ebcd-d2d2-4233-aa88-61ac99c7455a'),
 ('14', NULL, 'm141109_000001_user_status_shuffle', '2017-10-13 11:04:14', '2017-10-13 11:04:14', '2017-10-13 11:04:14', '0e2ef9d3-de72-42b7-ab0b-bcdabef2af26'),
 ('15', NULL, 'm141126_000001_user_week_start_day', '2017-10-13 11:04:14', '2017-10-13 11:04:14', '2017-10-13 11:04:14', '2f13171d-1c18-4a17-8717-3798be2051e3'),
 ('16', NULL, 'm150210_000001_adjust_user_photo_size', '2017-10-13 11:04:14', '2017-10-13 11:04:14', '2017-10-13 11:04:14', 'ed7d247f-6d71-4c39-861b-24194cc53f11'),
 ('17', NULL, 'm150724_000001_adjust_quality_settings', '2017-10-13 11:04:14', '2017-10-13 11:04:14', '2017-10-13 11:04:14', 'ba863447-7ffc-4f77-8e0c-ce2ef8078bc0'),
 ('18', NULL, 'm150827_000000_element_index_settings', '2017-10-13 11:04:14', '2017-10-13 11:04:14', '2017-10-13 11:04:14', '88b755fc-3af4-43db-8e5c-535c059edec6'),
 ('19', NULL, 'm150918_000001_add_colspan_to_widgets', '2017-10-13 11:04:14', '2017-10-13 11:04:14', '2017-10-13 11:04:14', 'c80b8dc2-e83b-4a71-9d78-0b6de7325fdc'),
 ('20', NULL, 'm151007_000000_clear_asset_caches', '2017-10-13 11:04:14', '2017-10-13 11:04:14', '2017-10-13 11:04:14', 'db8b464a-c3fc-42e3-93f3-c34456c389bd'),
 ('21', NULL, 'm151109_000000_text_url_formats', '2017-10-13 11:04:14', '2017-10-13 11:04:14', '2017-10-13 11:04:14', 'd2f20107-3736-4030-a639-4a0f9b3c332f'),
 ('22', NULL, 'm151110_000000_move_logo', '2017-10-13 11:04:14', '2017-10-13 11:04:14', '2017-10-13 11:04:14', '963c3715-4734-4289-8196-310e900059ba'),
 ('23', NULL, 'm151117_000000_adjust_image_widthheight', '2017-10-13 11:04:14', '2017-10-13 11:04:14', '2017-10-13 11:04:14', '2da0f216-37d0-4407-a8c1-6e156ed9db2d'),
 ('24', NULL, 'm151127_000000_clear_license_key_status', '2017-10-13 11:04:14', '2017-10-13 11:04:14', '2017-10-13 11:04:14', 'ca0877f1-01dc-48a2-b67c-6213d7158bcd'),
 ('25', NULL, 'm151127_000000_plugin_license_keys', '2017-10-13 11:04:14', '2017-10-13 11:04:14', '2017-10-13 11:04:14', 'daa5cca6-d403-40f5-b9fb-fa05845973ef'),
 ('26', NULL, 'm151130_000000_update_pt_widget_feeds', '2017-10-13 11:04:14', '2017-10-13 11:04:14', '2017-10-13 11:04:14', 'b6232690-b861-4888-93a6-68332000e6f5'),
 ('27', NULL, 'm160114_000000_asset_sources_public_url_default_true', '2017-10-13 11:04:14', '2017-10-13 11:04:14', '2017-10-13 11:04:14', '63228c77-351a-46ff-9a78-5523a64cf976'),
 ('28', NULL, 'm160223_000000_sortorder_to_smallint', '2017-10-13 11:04:14', '2017-10-13 11:04:14', '2017-10-13 11:04:14', 'ca24444e-980a-4a4a-b4d4-01a79102dd29'),
 ('29', NULL, 'm160229_000000_set_default_entry_statuses', '2017-10-13 11:04:14', '2017-10-13 11:04:14', '2017-10-13 11:04:14', 'f1a1be63-1f45-4138-8042-590ec137da32'),
 ('30', NULL, 'm160304_000000_client_permissions', '2017-10-13 11:04:14', '2017-10-13 11:04:14', '2017-10-13 11:04:14', 'ab53107d-e463-47f0-9ffb-c297c9f2d22d'),
 ('31', NULL, 'm160322_000000_asset_filesize', '2017-10-13 11:04:14', '2017-10-13 11:04:14', '2017-10-13 11:04:14', 'a9cc5adb-89c6-40bb-b9a4-c6d659e2dc17'),
 ('32', NULL, 'm160503_000000_orphaned_fieldlayouts', '2017-10-13 11:04:14', '2017-10-13 11:04:14', '2017-10-13 11:04:14', 'a1d277b6-baaf-40ee-924f-1d22bbb3ed0f'),
 ('33', NULL, 'm160510_000000_tasksettings', '2017-10-13 11:04:14', '2017-10-13 11:04:14', '2017-10-13 11:04:14', '3b68c5c9-5c62-4da8-a435-1c12dacc7d8a'),
 ('34', NULL, 'm160829_000000_pending_user_content_cleanup', '2017-10-13 11:04:14', '2017-10-13 11:04:14', '2017-10-13 11:04:14', 'e91cc56f-fdfc-4b7e-9c0b-5fbd9a295d11'),
 ('35', NULL, 'm160830_000000_asset_index_uri_increase', '2017-10-13 11:04:14', '2017-10-13 11:04:14', '2017-10-13 11:04:14', 'ae4fd9c5-bcde-4243-82bf-553e1281e179'),
 ('36', NULL, 'm160919_000000_usergroup_handle_title_unique', '2017-10-13 11:04:14', '2017-10-13 11:04:14', '2017-10-13 11:04:14', '1ef5cdb2-e46d-45e0-ad78-2e316567eb6b'),
 ('37', NULL, 'm161108_000000_new_version_format', '2017-10-13 11:04:14', '2017-10-13 11:04:14', '2017-10-13 11:04:14', '259d2ea9-cb86-465b-a6aa-530f371712d3'),
 ('38', NULL, 'm161109_000000_index_shuffle', '2017-10-13 11:04:14', '2017-10-13 11:04:14', '2017-10-13 11:04:14', '4aa2f890-fa3f-43aa-bde3-f78bb1616c0d'),
 ('39', NULL, 'm170612_000000_route_index_shuffle', '2017-10-13 11:04:14', '2017-10-13 11:04:14', '2017-10-13 11:04:14', '95f92c55-f66f-46ce-8af8-feec7ba90d4a'),
 ('40', '4', 'm151225_000000_seomatic_addHumansField', '2017-10-13 13:41:25', '2017-10-13 13:41:25', '2017-10-13 13:41:25', '505bc2f8-39cb-40f2-9b2d-b968520079d9'),
 ('41', '4', 'm151226_000000_seomatic_addTwitterFacebookFields', '2017-10-13 13:41:25', '2017-10-13 13:41:25', '2017-10-13 13:41:25', 'b64a6793-f242-4669-91cf-14f067c682b8'),
 ('42', '4', 'm160101_000000_seomatic_addRobotsFields', '2017-10-13 13:41:25', '2017-10-13 13:41:25', '2017-10-13 13:41:25', '96f9b340-8ee8-4787-a2a1-17627e69f3c1'),
 ('43', '4', 'm160111_000000_seomatic_addTitleFields', '2017-10-13 13:41:25', '2017-10-13 13:41:25', '2017-10-13 13:41:25', '13ea9a9c-ce3e-49bc-848e-7152f8dbd1d3'),
 ('44', '4', 'm160122_000000_seomatic_addTypeFields', '2017-10-13 13:41:25', '2017-10-13 13:41:25', '2017-10-13 13:41:25', '9568d9fb-219a-4ee0-baab-d5d966ea692d'),
 ('45', '4', 'm160123_000000_seomatic_addOpeningHours', '2017-10-13 13:41:25', '2017-10-13 13:41:25', '2017-10-13 13:41:25', 'c6341774-47f0-47e9-9025-111c3fe2b3fb'),
 ('46', '4', 'm160202_000000_seomatic_addSocialHandles', '2017-10-13 13:41:25', '2017-10-13 13:41:25', '2017-10-13 13:41:25', '282b4ee9-a189-41ee-8a1d-103f170879bf'),
 ('47', '4', 'm160204_000000_seomatic_addGoogleAnalytics', '2017-10-13 13:41:25', '2017-10-13 13:41:25', '2017-10-13 13:41:25', '1df5ba0f-8352-49fc-a1e0-e5dff6429352'),
 ('48', '4', 'm160205_000000_seomatic_addResturantMenu', '2017-10-13 13:41:25', '2017-10-13 13:41:25', '2017-10-13 13:41:25', 'bbc7893b-5b7a-410d-bd0c-4e3e809c8987'),
 ('49', '4', 'm160206_000000_seomatic_addGoogleAnalyticsPlugins', '2017-10-13 13:41:25', '2017-10-13 13:41:25', '2017-10-13 13:41:25', 'f20fff59-7a9c-4b38-a719-367749402aba'),
 ('50', '4', 'm160206_000000_seomatic_addGoogleAnalyticsSendPageView', '2017-10-13 13:41:25', '2017-10-13 13:41:25', '2017-10-13 13:41:25', 'f4080984-3691-4b1a-a8fd-94c76f53e29b'),
 ('51', '4', 'm160209_000000_seomatic_alterDescriptionsColumns', '2017-10-13 13:41:25', '2017-10-13 13:41:25', '2017-10-13 13:41:25', 'ccf7a4a5-2238-43d9-b8cf-6ceca45515f3'),
 ('52', '4', 'm160209_000001_seomatic_addRobotsTxt', '2017-10-13 13:41:25', '2017-10-13 13:41:25', '2017-10-13 13:41:25', 'cd726356-d338-462e-8d0d-b2c813010720'),
 ('53', '4', 'm160227_000000_seomatic_addFacebookAppId', '2017-10-13 13:41:25', '2017-10-13 13:41:25', '2017-10-13 13:41:25', '275674a5-9d51-4161-83eb-f0b3ca5f39d7'),
 ('54', '4', 'm160416_000000_seomatic_addContactPoints', '2017-10-13 13:41:25', '2017-10-13 13:41:25', '2017-10-13 13:41:25', 'a1bf5aff-45b7-430e-ac69-8fbfddb3467e'),
 ('55', '4', 'm160509_000000_seomatic_addSiteLinksBing', '2017-10-13 13:41:25', '2017-10-13 13:41:25', '2017-10-13 13:41:25', '4a749642-2713-4db6-b516-f5c4183d7c9f'),
 ('56', '4', 'm160707_000000_seomatic_addGoogleTagManager', '2017-10-13 13:41:25', '2017-10-13 13:41:25', '2017-10-13 13:41:25', '4c3c1670-6d7f-4d98-836b-ce360f02b7ef'),
 ('57', '4', 'm160715_000000_seomatic_addSeoImageTransforms', '2017-10-13 13:41:25', '2017-10-13 13:41:25', '2017-10-13 13:41:25', '56455967-a63c-4059-a55b-b2ed3d90432c'),
 ('58', '4', 'm160723_000000_seomatic_addSeoMainEntityOfPage', '2017-10-13 13:41:25', '2017-10-13 13:41:25', '2017-10-13 13:41:25', '8514c045-56f8-40eb-ad03-e64ce8e8ce4b'),
 ('59', '4', 'm160724_000000_seomatic_addSeoMainEntityCategory', '2017-10-13 13:41:25', '2017-10-13 13:41:25', '2017-10-13 13:41:25', '7601a207-aee6-4f05-a25a-5b16022fe95b'),
 ('60', '4', 'm160811_000000_seomatic_addVimeo', '2017-10-13 13:41:25', '2017-10-13 13:41:25', '2017-10-13 13:41:25', '07e2fc63-1953-4f0d-a93f-7a7ebde8e5f1'),
 ('61', '4', 'm160904_000000_seomatic_addTwitterFacebookImages', '2017-10-13 13:41:25', '2017-10-13 13:41:25', '2017-10-13 13:41:25', '8703849b-7656-4857-8711-cdd956c18fb8'),
 ('62', '4', 'm161220_000000_seomatic_addPriceRange', '2017-10-13 13:41:25', '2017-10-13 13:41:25', '2017-10-13 13:41:25', '67450f45-2e13-43d0-b133-9734659807a4'),
 ('63', '4', 'm170212_000000_seomatic_addGoogleAnalyticsAnonymizeIp', '2017-10-13 13:41:25', '2017-10-13 13:41:25', '2017-10-13 13:41:25', 'ea6fa33a-0a30-400e-a594-ee586498d242'),
 ('64', '4', 'm170212_000000_seomatic_addWikipedia', '2017-10-13 13:41:25', '2017-10-13 13:41:25', '2017-10-13 13:41:25', '7beed305-359c-4c23-bfac-ed25f0c19b82'),
 ('65', '5', 'm170216_100000_vzurl_to_text_column', '2017-10-13 14:25:32', '2017-10-13 14:25:32', '2017-10-13 14:25:32', '5b559a19-8542-40da-9429-d9b4d53d909b'),
 ('67', NULL, 'm171107_000000_assign_group_permissions', '2017-12-04 20:52:05', '2017-12-04 20:52:05', '2017-12-04 20:52:05', '54b38d60-d3df-40ea-8cae-51ef4afa9780'),
 ('68', NULL, 'm171117_000001_templatecache_index_tune', '2017-12-04 20:52:05', '2017-12-04 20:52:05', '2017-12-04 20:52:05', '23ebd018-877a-4b6c-8fbc-1e76c309b85b'),
 ('69', NULL, 'm171204_000001_templatecache_index_tune_deux', '2018-01-22 16:54:06', '2018-01-22 16:54:06', '2018-01-22 16:54:06', 'd0a51498-fec0-4d95-a3b7-0087bf788cff'),
 ('70', '10', 'm150901_144609_superTable_fixForContentTables', '2018-01-25 15:10:26', '2018-01-25 15:10:26', '2018-01-25 15:10:26', '03e0fe43-4687-4947-94ac-e2d34e85dc2b');



DROP TABLE IF EXISTS `craft_plugins`;


--
-- Schema for table `craft_plugins`
--
CREATE TABLE `craft_plugins` (
  `id` int(11) NOT NULL AUTO_INCREMENT,
  `class` varchar(150) COLLATE utf8_unicode_ci NOT NULL,
  `version` varchar(15) COLLATE utf8_unicode_ci NOT NULL,
  `schemaVersion` varchar(15) COLLATE utf8_unicode_ci DEFAULT NULL,
  `licenseKey` char(24) COLLATE utf8_unicode_ci DEFAULT NULL,
  `licenseKeyStatus` enum('valid','invalid','mismatched','unknown') COLLATE utf8_unicode_ci NOT NULL DEFAULT 'unknown',
  `enabled` tinyint(1) unsigned NOT NULL DEFAULT '0',
  `settings` text COLLATE utf8_unicode_ci,
  `installDate` datetime NOT NULL,
  `dateCreated` datetime NOT NULL,
  `dateUpdated` datetime NOT NULL,
  `uid` char(36) COLLATE utf8_unicode_ci NOT NULL DEFAULT '0',
  PRIMARY KEY (`id`)
) ENGINE=InnoDB AUTO_INCREMENT=12 DEFAULT CHARSET=utf8 COLLATE=utf8_unicode_ci;

--
-- Data for table `craft_plugins`
--

INSERT INTO `craft_plugins` (`id`, `class`, `version`, `schemaVersion`, `licenseKey`, `licenseKeyStatus`, `enabled`, `settings`, `installDate`, `dateCreated`, `dateUpdated`, `uid`) VALUES
 ('2', 'Imager', '1.6.4', '1.0.0', NULL, 'unknown', '1', NULL, '2017-10-13 13:41:21', '2017-10-13 13:41:21', '2018-01-25 23:20:57', '2e881bcd-f48d-46e6-83a9-95d91e3622a8'),
 ('3', 'RedactorTweaks', '1.0.0', NULL, NULL, 'unknown', '1', NULL, '2017-10-13 13:41:23', '2017-10-13 13:41:23', '2018-01-25 23:20:57', '56c9eb2a-71a4-4ac0-9778-23f4ed0a1b41'),
 ('4', 'Seomatic', '1.1.56', '1.1.25', NULL, 'unknown', '1', '{\"pluginNameOverride\":\"Meta\"}', '2017-10-13 13:41:25', '2017-10-13 13:41:25', '2018-01-25 23:20:57', '0c85d958-9437-482e-bdc4-725b3677e03f'),
 ('5', 'VzUrl', '1.1.1', '1.2', NULL, 'unknown', '1', NULL, '2017-10-13 14:25:32', '2017-10-13 14:25:32', '2018-01-25 23:20:57', '619805e5-3228-42cb-9a42-3556b2de3047'),
 ('6', 'Relabel', '0.1.3', '1.0.0', NULL, 'unknown', '1', NULL, '2017-10-13 15:13:39', '2017-10-13 15:13:39', '2018-01-25 23:20:57', '5db9f054-ec51-4ef7-9969-6417a2d1c157'),
 ('9', 'Inlin', '1.1', NULL, NULL, 'unknown', '1', NULL, '2017-11-21 23:26:27', '2017-11-21 23:26:27', '2018-01-25 23:20:57', '5dd75bb9-22e5-409b-8614-7211b1de9ca7'),
 ('10', 'SuperTable', '1.0.6', '1.0.0', NULL, 'unknown', '1', NULL, '2018-01-25 15:10:26', '2018-01-25 15:10:26', '2018-01-25 23:20:57', '485f8ecf-13d1-4c21-bcf4-b8004fde36b7'),
 ('11', 'WidontExtension', '1.0', NULL, NULL, 'unknown', '1', NULL, '2018-01-25 23:22:15', '2018-01-25 23:22:15', '2018-01-25 23:22:15', '6d007839-58d2-4677-8144-91e796fa775b');



DROP TABLE IF EXISTS `craft_rackspaceaccess`;


--
-- Schema for table `craft_rackspaceaccess`
--
CREATE TABLE `craft_rackspaceaccess` (
  `id` int(11) NOT NULL AUTO_INCREMENT,
  `connectionKey` varchar(255) COLLATE utf8_unicode_ci NOT NULL,
  `token` varchar(255) COLLATE utf8_unicode_ci NOT NULL,
  `storageUrl` varchar(255) COLLATE utf8_unicode_ci NOT NULL,
  `cdnUrl` varchar(255) COLLATE utf8_unicode_ci NOT NULL,
  `dateCreated` datetime NOT NULL,
  `dateUpdated` datetime NOT NULL,
  `uid` char(36) COLLATE utf8_unicode_ci NOT NULL DEFAULT '0',
  PRIMARY KEY (`id`),
  UNIQUE KEY `craft_rackspaceaccess_connectionKey_unq_idx` (`connectionKey`)
) ENGINE=InnoDB DEFAULT CHARSET=utf8 COLLATE=utf8_unicode_ci;

DROP TABLE IF EXISTS `craft_relabel`;


--
-- Schema for table `craft_relabel`
--
CREATE TABLE `craft_relabel` (
  `id` int(11) NOT NULL AUTO_INCREMENT,
  `fieldId` int(11) DEFAULT NULL,
  `fieldLayoutId` int(11) DEFAULT NULL,
  `name` varchar(255) COLLATE utf8_unicode_ci DEFAULT NULL,
  `instructions` varchar(255) COLLATE utf8_unicode_ci DEFAULT NULL,
  `dateCreated` datetime NOT NULL,
  `dateUpdated` datetime NOT NULL,
  `uid` char(36) COLLATE utf8_unicode_ci NOT NULL DEFAULT '0',
  PRIMARY KEY (`id`),
  KEY `craft_relabel_fieldId_fk` (`fieldId`),
  KEY `craft_relabel_fieldLayoutId_fk` (`fieldLayoutId`)
) ENGINE=InnoDB AUTO_INCREMENT=27 DEFAULT CHARSET=utf8 COLLATE=utf8_unicode_ci;

--
-- Data for table `craft_relabel`
--

INSERT INTO `craft_relabel` (`id`, `fieldId`, `fieldLayoutId`, `name`, `instructions`, `dateCreated`, `dateUpdated`, `uid`) VALUES
 ('13', '41', '75', 'Logo', NULL, '2017-12-04 23:45:27', '2017-12-04 23:45:27', '20c7b061-c606-40c1-b077-1ff3541f4022'),
 ('18', '41', '84', 'Icon', NULL, '2017-12-05 00:10:56', '2017-12-05 00:10:56', 'c61dc250-a67c-4672-8340-c097bb15e65a'),
 ('19', '42', '84', 'Tech Stack', NULL, '2017-12-05 00:10:56', '2017-12-05 00:10:56', '3a272cea-a4b8-4e36-9937-6f9ba24a18ad'),
 ('20', '3', '84', 'Description', NULL, '2017-12-05 00:10:56', '2017-12-05 00:10:56', 'c9fbb540-826c-4451-9201-d7326367af09'),
 ('22', '41', '87', 'Logo', NULL, '2017-12-05 17:50:28', '2017-12-05 17:50:28', '15bd3b4b-4826-48ad-9049-624432e63112'),
 ('23', '42', '91', 'Title', NULL, '2017-12-07 01:34:55', '2017-12-07 01:34:55', 'a07a6c1d-ebe9-4cc0-b67c-612d607025f8'),
 ('24', '39', '91', 'Testimonial Text', NULL, '2017-12-07 01:34:55', '2017-12-07 01:34:55', 'b7eb5e07-316a-4bc6-9686-7bc89b4e01ad'),
 ('25', '42', '92', 'Title', NULL, '2017-12-07 01:38:40', '2017-12-07 01:38:40', 'b76a97fe-c714-4b1c-94af-c7c3fc9eecbd'),
 ('26', '39', '92', 'Bio', NULL, '2017-12-07 01:38:40', '2017-12-07 01:38:40', 'e0b63b10-4c8b-4d28-8a22-c12aec12d160');



DROP TABLE IF EXISTS `craft_relations`;


--
-- Schema for table `craft_relations`
--
CREATE TABLE `craft_relations` (
  `id` int(11) NOT NULL AUTO_INCREMENT,
  `fieldId` int(11) NOT NULL,
  `sourceId` int(11) NOT NULL,
  `sourceLocale` char(12) COLLATE utf8_unicode_ci DEFAULT NULL,
  `targetId` int(11) NOT NULL,
  `sortOrder` smallint(6) DEFAULT NULL,
  `dateCreated` datetime NOT NULL,
  `dateUpdated` datetime NOT NULL,
  `uid` char(36) COLLATE utf8_unicode_ci NOT NULL DEFAULT '0',
  PRIMARY KEY (`id`),
  UNIQUE KEY `craft_relations_fieldId_sourceId_sourceLocale_targetId_unq_idx` (`fieldId`,`sourceId`,`sourceLocale`,`targetId`),
  KEY `craft_relations_sourceId_fk` (`sourceId`),
  KEY `craft_relations_sourceLocale_fk` (`sourceLocale`),
  KEY `craft_relations_targetId_fk` (`targetId`)
) ENGINE=InnoDB AUTO_INCREMENT=75 DEFAULT CHARSET=utf8 COLLATE=utf8_unicode_ci;

--
-- Data for table `craft_relations`
--

INSERT INTO `craft_relations` (`id`, `fieldId`, `sourceId`, `sourceLocale`, `targetId`, `sortOrder`, `dateCreated`, `dateUpdated`, `uid`) VALUES
 ('49', '22', '48', NULL, '79', '1', '2018-01-25 15:22:15', '2018-01-25 15:22:15', 'f418379b-64f2-417c-ad8c-5db8d6039f0b'),
 ('50', '54', '83', NULL, '81', '1', '2018-01-25 15:22:15', '2018-01-25 15:22:15', '906d2ad2-27a8-4c95-a0de-ab2198decb71'),
 ('51', '54', '83', NULL, '82', '2', '2018-01-25 15:22:15', '2018-01-25 15:22:15', '8085a50d-b985-4af3-a29b-06d25a82c4d6'),
 ('52', '54', '84', NULL, '81', '1', '2018-01-25 15:22:15', '2018-01-25 15:22:15', '502d0b2e-09c2-4405-8763-266e2e4efff8'),
 ('53', '54', '85', NULL, '82', '1', '2018-01-25 15:22:15', '2018-01-25 15:22:15', '10af801e-29b3-4ab2-9ee2-4c89f128dc60'),
 ('54', '41', '65', NULL, '89', '1', '2018-01-25 23:33:34', '2018-01-25 23:33:34', '52891cad-309c-4bce-93b6-ceafaae354bc'),
 ('55', '41', '66', NULL, '88', '1', '2018-01-25 23:33:39', '2018-01-25 23:33:39', 'dbef3c5a-49bc-49f2-b087-b6973267a6a0'),
 ('56', '41', '67', NULL, '90', '1', '2018-01-25 23:33:45', '2018-01-25 23:33:45', '552a441c-d26b-4120-abc7-21a72dcac8b7'),
 ('57', '41', '68', NULL, '87', '1', '2018-01-25 23:33:54', '2018-01-25 23:33:54', '173ffe72-ce1c-4628-9a8a-d66406e0548a'),
 ('58', '41', '69', NULL, '86', '1', '2018-01-25 23:34:00', '2018-01-25 23:34:00', '9220488d-150a-45d6-9bbd-edea74bf8af9'),
 ('59', '22', '5', NULL, '77', '1', '2018-01-25 23:50:57', '2018-01-25 23:50:57', '821e2e5f-9a94-4192-a08c-641d9fbf343c'),
 ('60', '47', '5', NULL, '91', '1', '2018-01-25 23:50:57', '2018-01-25 23:50:57', '3deb005a-6903-4228-9af7-531d510db3d3'),
 ('61', '47', '5', NULL, '92', '2', '2018-01-25 23:50:57', '2018-01-25 23:50:57', '93e02196-750a-4aec-9eb5-c5c5cc24a5ed'),
 ('62', '47', '5', NULL, '93', '3', '2018-01-25 23:50:57', '2018-01-25 23:50:57', 'acc960a6-59a8-4959-81b6-b785053fd2ea'),
 ('63', '41', '59', NULL, '99', '1', '2018-01-26 09:36:46', '2018-01-26 09:36:46', '9a05afd4-12ed-49ee-b93c-68d46f844d1d'),
 ('64', '41', '60', NULL, '98', '1', '2018-01-26 09:36:51', '2018-01-26 09:36:51', '4f016303-4aa9-43f8-981f-65d70629542a'),
 ('65', '41', '61', NULL, '96', '1', '2018-01-26 09:36:56', '2018-01-26 09:36:56', '6b2b22ca-ad6e-4338-b243-a8ea0f2bade4'),
 ('66', '41', '62', NULL, '97', '1', '2018-01-26 09:37:02', '2018-01-26 09:37:02', '5554126f-1629-474a-92b7-642209277245'),
 ('67', '41', '63', NULL, '95', '1', '2018-01-26 09:37:07', '2018-01-26 09:37:07', '46aa5e2a-8784-49e6-8f9d-227389c804a8'),
 ('68', '41', '64', NULL, '94', '1', '2018-01-26 09:37:12', '2018-01-26 09:37:12', 'e942fa80-b0f4-4ea9-ab58-42c6a7405d5f'),
 ('73', '44', '2', NULL, '82', '1', '2018-01-26 10:31:35', '2018-01-26 10:31:35', '5c332ac6-7531-46e4-84ba-04df5a030560'),
 ('74', '44', '2', NULL, '81', '2', '2018-01-26 10:31:35', '2018-01-26 10:31:35', '05788865-de8e-455e-b8a0-730c46775af9');



DROP TABLE IF EXISTS `craft_routes`;


--
-- Schema for table `craft_routes`
--
CREATE TABLE `craft_routes` (
  `id` int(11) NOT NULL AUTO_INCREMENT,
  `locale` char(12) COLLATE utf8_unicode_ci DEFAULT NULL,
  `urlParts` varchar(255) COLLATE utf8_unicode_ci NOT NULL,
  `urlPattern` varchar(255) COLLATE utf8_unicode_ci NOT NULL,
  `template` varchar(255) COLLATE utf8_unicode_ci NOT NULL,
  `sortOrder` smallint(6) unsigned DEFAULT NULL,
  `dateCreated` datetime NOT NULL,
  `dateUpdated` datetime NOT NULL,
  `uid` char(36) COLLATE utf8_unicode_ci NOT NULL DEFAULT '0',
  PRIMARY KEY (`id`),
  KEY `craft_routes_locale_idx` (`locale`),
  KEY `craft_routes_urlPattern_idx` (`urlPattern`)
) ENGINE=InnoDB DEFAULT CHARSET=utf8 COLLATE=utf8_unicode_ci;

DROP TABLE IF EXISTS `craft_searchindex`;


--
-- Schema for table `craft_searchindex`
--
CREATE TABLE `craft_searchindex` (
  `elementId` int(11) NOT NULL,
  `attribute` varchar(25) COLLATE utf8_unicode_ci NOT NULL,
  `fieldId` int(11) NOT NULL,
  `locale` char(12) COLLATE utf8_unicode_ci NOT NULL,
  `keywords` text COLLATE utf8_unicode_ci NOT NULL,
  PRIMARY KEY (`elementId`,`attribute`,`fieldId`,`locale`),
  FULLTEXT KEY `craft_searchindex_keywords_idx` (`keywords`)
) ENGINE=MyISAM DEFAULT CHARSET=utf8 COLLATE=utf8_unicode_ci;

--
-- Data for table `craft_searchindex`
--

INSERT INTO `craft_searchindex` (`elementId`, `attribute`, `fieldId`, `locale`, `keywords`) VALUES
 ('1', 'username', '0', 'en_ie', ' workgroup '),
 ('1', 'firstname', '0', 'en_ie', ''),
 ('1', 'lastname', '0', 'en_ie', ''),
 ('1', 'fullname', '0', 'en_ie', ''),
 ('1', 'email', '0', 'en_ie', ' david workgroup ie '),
 ('1', 'slug', '0', 'en_ie', ''),
 ('2', 'slug', '0', 'en_ie', ' homepage '),
 ('2', 'title', '0', 'en_ie', ' homepage '),
 ('2', 'field', '1', 'en_ie', ' it s true this site doesn t have a whole lot of content yet but don t worry our web developers have just installed the cms and they re setting things up for the content editors this very moment soon localhost will be an oasis of fresh perspectives sharp analyses and astute opinions that will keep you coming back again and again '),
 ('5', 'slug', '0', 'en_ie', ' about us '),
 ('5', 'title', '0', 'en_ie', ' about us '),
 ('48', 'title', '0', 'en_ie', ' careers '),
 ('48', 'slug', '0', 'en_ie', ' careers '),
 ('5', 'field', '3', 'en_ie', ' at demonware we believe customer problems are our own sharing wisdom breeds success and everyone deserves respect we work smart deliver on promises and have fun doing it '),
 ('5', 'field', '45', 'en_ie', ' the services that we create touch every aspect of gameplay '),
 ('5', 'field', '8', 'en_ie', ' ian brennan niall derham david gildea '),
 ('5', 'field', '4', 'en_ie', ' 1 en_ie 1 0 template creativework webpage about us at demonware we believe customer problems are our own sharing wisdom breeds success and everyone deserves respect we work smart deliver on promises and about us since 1923 our business has been focussed on customer field title field intro custom title custom headerimage custom headerimage custom headerimage '),
 ('9', 'slug', '0', 'en_ie', ''),
 ('9', 'field', '9', 'en_ie', ''),
 ('9', 'field', '10', 'en_ie', ''),
 ('9', 'field', '11', 'en_ie', ' 353 1 663 8704 '),
 ('9', 'field', '12', 'en_ie', ''),
 ('9', 'field', '13', 'en_ie', ''),
 ('9', 'field', '14', 'en_ie', ''),
 ('9', 'field', '15', 'en_ie', ' https www google ie maps search finlay mulligan accountants 53 297235 6 140327 5328m data= 3m1 4b1 source=embed hl=en dg=dbrw newdg=1 '),
 ('5', 'field', '17', 'en_ie', ' the following positions are available within the firm at present applicants should forward their cv to admin fmco ie for the attention of lesley scanlon '),
 ('5', 'field', '16', 'en_ie', ' trainee cai school leaver or college graduate '),
 ('2', 'field', '4', 'en_ie', ' 1 en_ie 1 0 template creativework webpage homepage homepage field title custom title custom title custom homeimages custom homeimages custom homeimages '),
 ('65', 'field', '42', 'en_ie', ''),
 ('65', 'slug', '0', 'en_ie', ' matchmaking '),
 ('65', 'title', '0', 'en_ie', ' matchmaking '),
 ('65', 'field', '39', 'en_ie', ' putting all the right players together in one session a few thousand times a second '),
 ('65', 'field', '41', 'en_ie', ' dw services matchmaking '),
 ('2', 'field', '22', 'en_ie', ' fmco home '),
 ('2', 'field', '24', 'en_ie', ' we connect people to play online '),
 ('2', 'field', '3', 'en_ie', ' we create and provide the online services behind the biggest game titles in the world we take on real challenges that affect almost half a billion players '),
 ('2', 'field', '31', 'en_ie', ' if you ve played call of duty destiny and skylanders or many other activision titles you ve already interacted with the services that we create '),
 ('2', 'field', '23', 'en_ie', ' beyond an audit or accounting exercise we work closely with clients to help realise their potential we take pride in seeing our clients businesses grow and flourish '),
 ('2', 'field', '27', 'en_ie', ' asset 9 '),
 ('2', 'field', '25', 'en_ie', ' planning and maintaining your financial success can time consuming and complex but it doesn t have to be '),
 ('2', 'field', '26', 'en_ie', ' we have valuable experience and knowledge in a wide range of commercial activities whatever stage your business is at we will advise you on the financial and taxation implications of each step along the way '),
 ('5', 'field', '22', 'en_ie', ' dw about '),
 ('85', 'slug', '0', 'en_ie', ''),
 ('85', 'field', '54', 'en_ie', ' photo1 '),
 ('84', 'slug', '0', 'en_ie', ''),
 ('83', 'slug', '0', 'en_ie', ''),
 ('84', 'field', '54', 'en_ie', ' photo '),
 ('83', 'field', '54', 'en_ie', ' photo photo1 '),
 ('82', 'title', '0', 'en_ie', ' photo1 '),
 ('82', 'slug', '0', 'en_ie', ' photo1 '),
 ('82', 'kind', '0', 'en_ie', ' image '),
 ('82', 'extension', '0', 'en_ie', ' jpg '),
 ('82', 'filename', '0', 'en_ie', ' photo1 jpg '),
 ('81', 'title', '0', 'en_ie', ' photo '),
 ('81', 'slug', '0', 'en_ie', ' photo '),
 ('81', 'kind', '0', 'en_ie', ' image '),
 ('81', 'extension', '0', 'en_ie', ' jpg '),
 ('81', 'filename', '0', 'en_ie', ' photo jpg '),
 ('2', 'field', '43', 'en_ie', ''),
 ('2', 'field', '32', 'en_ie', ' we have a commitment to open source our core focuses are python erlang c and mysql '),
 ('2', 'field', '33', 'en_ie', ' connect to get our latest events jobs and news '),
 ('2', 'field', '34', 'en_ie', ' we work side by side with game studios at activision '),
 ('2', 'field', '35', 'en_ie', ' every studio and every title brings its own needs and personality which influence our approach '),
 ('2', 'field', '37', 'en_ie', ' work with us '),
 ('2', 'field', '44', 'en_ie', ' photo1 photo '),
 ('2', 'field', '36', 'en_ie', ' our offices are in dublin ireland vancouver canada and shanghai china and we re hiring in all locations '),
 ('5', 'field', '24', 'en_ie', ' always game '),
 ('5', 'field', '46', 'en_ie', ''),
 ('5', 'field', '47', 'en_ie', ' dw loc 01 dw loc 02 dw loc 03 '),
 ('48', 'field', '22', 'en_ie', ' dw careers alt '),
 ('48', 'field', '24', 'en_ie', ' we take the work seriously ourselves not so much '),
 ('48', 'field', '3', 'en_ie', ' we are a technology driven company with a culture of openness this means collaborating to solve problems the freedom to talk to anyone and that the best idea wins '),
 ('48', 'field', '48', 'en_ie', ' photo photo1 photo photo1 '),
 ('48', 'field', '49', 'en_ie', ' we have a particular focus on team happiness through extensive benefits and the atmosphere that we foster in the workplace our team enjoy flexible hours paid training and generous vacation time '),
 ('48', 'field', '51', 'en_ie', ' competitive salary with annual performance reviews competitive salary with annual performance reviews 25 days holidays 25 days holidays annual bonus program annual bonus program annual pay review annual pay review pension matching contributions pension matching contributions top tier healthcare for you and your family top tier healthcare for you and your family life insurance coverage life insurance coverage '),
 ('48', 'field', '50', 'en_ie', ' flexible working practices based on the belief that the quality of your work is not dependent on the number of hours sitting behind a desk flexible working practices based on the belief that the quality of your work is not dependent on the number of hours sitting behind a desk a culture that emphasizes continual learning and improvement with opportunities for career progression travel and a commitment to open source a culture that emphasizes continual learning and improvement with opportunities for career progression travel and a commitment to open source tax saver commuter ticket scheme tax saver commuter ticket scheme bike to work scheme bike to work scheme free activision games free activision games snacks 24 7 snacks 24 7 '),
 ('48', 'field', '52', 'en_ie', ' we re looking for passionate and engaged people who want to contribute to games played around the world if you re excited about working with technologies for low latency large scale distributed systems in a collaborative environment then we d love to hear from you '),
 ('48', 'field', '53', 'en_ie', ''),
 ('48', 'field', '4', 'en_ie', ' 1 en_ie 1 0 template creativework webpage careers careers field title custom title custom title custom headerimage custom headerimage custom headerimage '),
 ('49', 'field', '42', 'en_ie', ' office coordinator vancouver '),
 ('49', 'field', '39', 'en_ie', ' it s rare that i find a place that i so quickly fit into and enjoy demonware not only takes care of their employees but also helps them grow as both employees and human beings the open communication between the employees and leadership quickly helps you feel like your opinion is valued and the fun office environment helps people to connect to one another '),
 ('49', 'slug', '0', 'en_ie', ' debbie '),
 ('49', 'title', '0', 'en_ie', ' debbie '),
 ('50', 'field', '42', 'en_ie', ''),
 ('50', 'field', '39', 'en_ie', ' demonware is a great place to work working with great people both at demonware and in top game studios at activision on some of the biggest games entertainment franchises in the world is thrilling on launch day there s nothing quite like seeing that uniquely challenging project you ve worked on all year come to life on your games console at home while you eagerly watch the user counts grow as each country comes on line '),
 ('50', 'slug', '0', 'en_ie', ' damien '),
 ('50', 'title', '0', 'en_ie', ' damien '),
 ('51', 'field', '42', 'en_ie', ''),
 ('51', 'field', '39', 'en_ie', ' i like demonware for a lot of reasons i can be myself and people accept it which inspires and motivates me to be productive and creative i am proud to be part of a world class brand activision and be working on problems at scales that very few companies can claim to have reached '),
 ('51', 'slug', '0', 'en_ie', ' greg smith '),
 ('51', 'title', '0', 'en_ie', ' greg smith '),
 ('52', 'field', '39', 'en_ie', ' the infrastructure department designs builds and operates our network of data centers and storage we understand the challenges of scale and build for reliability '),
 ('52', 'slug', '0', 'en_ie', ' infrastructure '),
 ('52', 'title', '0', 'en_ie', ' infrastructure '),
 ('53', 'field', '39', 'en_ie', ' the products department creates game features alongside matchmaking leaderboards microtransactions and identity management we provide about 100 different services touching almost every aspect of gameplay '),
 ('53', 'slug', '0', 'en_ie', ' products '),
 ('53', 'title', '0', 'en_ie', ' products '),
 ('54', 'field', '39', 'en_ie', ' the platforms department develops in house services frameworks and libraries we create our own internal tools and tech to be efficient responsive and reusable '),
 ('54', 'slug', '0', 'en_ie', ' platforms '),
 ('54', 'title', '0', 'en_ie', ' platforms ');
INSERT INTO `craft_searchindex` (`elementId`, `attribute`, `fieldId`, `locale`, `keywords`) VALUES
 ('55', 'field', '39', 'en_ie', ' the titles department runs the services and infrastructure in live environments we work side by side with game studios like treyarch to execute innovative game designs and launch new titles smoothly each year '),
 ('55', 'slug', '0', 'en_ie', ' titles '),
 ('55', 'title', '0', 'en_ie', ' titles '),
 ('56', 'field', '39', 'en_ie', ' our east van location is convenient to olympic village and the science centre skytrain stop our spacious offices spread across two floors look out across the mountains '),
 ('56', 'slug', '0', 'en_ie', ' vancouver '),
 ('56', 'title', '0', 'en_ie', ' vancouver '),
 ('57', 'field', '39', 'en_ie', ' located in dublin s vibrant city centre we re close to shopping cinemas and many many pubs recently renovated our top floor office enjoys panoramic views of they city s historic skyline '),
 ('57', 'slug', '0', 'en_ie', ' dublin '),
 ('57', 'title', '0', 'en_ie', ' dublin '),
 ('58', 'field', '39', 'en_ie', ' we re based in one of shanghai s central city districts with convenient access to line 1 metro our newly refurbished office is co located with raven shanghai to support activision s china game titles '),
 ('58', 'slug', '0', 'en_ie', ' shanghai '),
 ('58', 'title', '0', 'en_ie', ' shanghai '),
 ('59', 'field', '41', 'en_ie', ' team tendayi '),
 ('59', 'field', '39', 'en_ie', ''),
 ('59', 'slug', '0', 'en_ie', ' tendayi mawushe '),
 ('59', 'title', '0', 'en_ie', ' tendayi mawushe '),
 ('59', 'field', '42', 'en_ie', ' software architect '),
 ('60', 'field', '42', 'en_ie', ' engineering manager '),
 ('60', 'field', '39', 'en_ie', ''),
 ('60', 'field', '41', 'en_ie', ' team suzanne '),
 ('60', 'slug', '0', 'en_ie', ' suzanne boylan '),
 ('60', 'title', '0', 'en_ie', ' suzanne boylan '),
 ('61', 'field', '42', 'en_ie', ' director of engineering platform '),
 ('61', 'field', '39', 'en_ie', ''),
 ('61', 'field', '41', 'en_ie', ' team mike '),
 ('61', 'slug', '0', 'en_ie', ' mike whitty '),
 ('61', 'title', '0', 'en_ie', ' mike whitty '),
 ('62', 'field', '42', 'en_ie', ' director of engineering products '),
 ('62', 'field', '39', 'en_ie', ''),
 ('62', 'field', '41', 'en_ie', ' team nadia '),
 ('62', 'slug', '0', 'en_ie', ' nadia alramli '),
 ('62', 'title', '0', 'en_ie', ' nadia alramli '),
 ('63', 'field', '42', 'en_ie', ' director of engineering infrastructure '),
 ('63', 'field', '39', 'en_ie', ''),
 ('63', 'field', '41', 'en_ie', ' team colin '),
 ('63', 'slug', '0', 'en_ie', ' colin cashin '),
 ('63', 'title', '0', 'en_ie', ' colin cashin '),
 ('64', 'field', '42', 'en_ie', ' director of studio operations '),
 ('64', 'field', '39', 'en_ie', ''),
 ('64', 'field', '41', 'en_ie', ' team brendan '),
 ('64', 'slug', '0', 'en_ie', ' brendan dillon '),
 ('64', 'title', '0', 'en_ie', ' brendan dillon '),
 ('66', 'field', '41', 'en_ie', ' dw services leaderboards '),
 ('66', 'field', '39', 'en_ie', ' ranking the winners among friends or the best in the world '),
 ('66', 'field', '42', 'en_ie', ''),
 ('66', 'slug', '0', 'en_ie', ' leaderboards '),
 ('66', 'title', '0', 'en_ie', ' leaderboards '),
 ('67', 'field', '41', 'en_ie', ' dw services microtransactions '),
 ('67', 'field', '39', 'en_ie', ' buying that bigger gun for the next raid or a new hat because new hat '),
 ('67', 'field', '42', 'en_ie', ''),
 ('67', 'slug', '0', 'en_ie', ' microtransactions '),
 ('67', 'title', '0', 'en_ie', ' microtransactions '),
 ('68', 'field', '41', 'en_ie', ' dw services identity '),
 ('68', 'field', '39', 'en_ie', ' recognising a player everywhere they log in '),
 ('68', 'field', '42', 'en_ie', ''),
 ('68', 'slug', '0', 'en_ie', ' identity management '),
 ('68', 'title', '0', 'en_ie', ' identity management '),
 ('69', 'field', '41', 'en_ie', ' dw services data '),
 ('69', 'field', '39', 'en_ie', ' gathering every bit of information to make the next player experience better '),
 ('69', 'field', '42', 'en_ie', ''),
 ('69', 'slug', '0', 'en_ie', ' data pipeline '),
 ('69', 'title', '0', 'en_ie', ' data pipeline '),
 ('70', 'field', '38', 'en_ie', ' santa monica ca '),
 ('70', 'field', '39', 'en_ie', ' founded in 1996 and located in santa monica california treyarch creates some of the best selling launch day record breaking widely known games in the world '),
 ('70', 'field', '40', 'en_ie', ''),
 ('70', 'field', '41', 'en_ie', ''),
 ('70', 'slug', '0', 'en_ie', ' treyarch '),
 ('70', 'title', '0', 'en_ie', ' treyarch '),
 ('71', 'field', '38', 'en_ie', ' los angeles ca '),
 ('71', 'field', '39', 'en_ie', ' founded in 2002 infinity ward is the original studio behind the call of duty franchise titles developed by infinity ward have won over 200 game of the year awards and 100 editor s choice awards among many other industry accolades '),
 ('71', 'field', '40', 'en_ie', ''),
 ('71', 'field', '41', 'en_ie', ''),
 ('71', 'slug', '0', 'en_ie', ' infinity ward '),
 ('71', 'title', '0', 'en_ie', ' infinity ward '),
 ('72', 'field', '38', 'en_ie', ' silicon valley ca '),
 ('72', 'field', '39', 'en_ie', ' sledgehammer games was founded in 2009 with a singular goal achieve excellence their focus is providing players with a fun and entertaining experience in gaming '),
 ('72', 'field', '40', 'en_ie', ''),
 ('72', 'field', '41', 'en_ie', ''),
 ('72', 'slug', '0', 'en_ie', ' sledgehammer '),
 ('72', 'title', '0', 'en_ie', ' sledgehammer '),
 ('73', 'field', '38', 'en_ie', ' san diego ca '),
 ('73', 'field', '39', 'en_ie', ' high moon studios was established in 2005 and is located in carlsbad ca we are focused on making highly successful aaa titles for ps3 xbox 360 and pc '),
 ('73', 'field', '40', 'en_ie', ''),
 ('73', 'field', '41', 'en_ie', ''),
 ('73', 'slug', '0', 'en_ie', ' high moon studios '),
 ('73', 'title', '0', 'en_ie', ' high moon studios '),
 ('74', 'field', '38', 'en_ie', ' madison wi '),
 ('74', 'field', '39', 'en_ie', ' founded in 1990 raven software has gone from a five person company with a dream of creating a role playing game for the amiga to the developer of numerous award winning games and best selling titles '),
 ('74', 'field', '40', 'en_ie', ''),
 ('74', 'field', '41', 'en_ie', ''),
 ('74', 'slug', '0', 'en_ie', ' raven '),
 ('74', 'title', '0', 'en_ie', ' raven '),
 ('75', 'field', '38', 'en_ie', ' albany ny '),
 ('75', 'field', '39', 'en_ie', ' over the past two decades vicarious visions has grown from a few friends working in their parents basement to a leading developer of console and handheld game software '),
 ('75', 'field', '40', 'en_ie', ''),
 ('75', 'field', '41', 'en_ie', ''),
 ('75', 'slug', '0', 'en_ie', ' vicarious visions '),
 ('75', 'title', '0', 'en_ie', ' vicarious visions '),
 ('76', 'field', '38', 'en_ie', ' marin county ca '),
 ('76', 'field', '39', 'en_ie', ' toys for bob has been making games for over 20 years and are the creators of the innovative skylanders video game and toy franchise ');
INSERT INTO `craft_searchindex` (`elementId`, `attribute`, `fieldId`, `locale`, `keywords`) VALUES
 ('76', 'field', '40', 'en_ie', ''),
 ('76', 'field', '41', 'en_ie', ''),
 ('76', 'slug', '0', 'en_ie', ' toys for bob '),
 ('76', 'title', '0', 'en_ie', ' toys for bob '),
 ('77', 'filename', '0', 'en_ie', ' dw about jpg '),
 ('77', 'extension', '0', 'en_ie', ' jpg '),
 ('77', 'kind', '0', 'en_ie', ' image '),
 ('77', 'slug', '0', 'en_ie', ' dw about '),
 ('77', 'title', '0', 'en_ie', ' dw about '),
 ('78', 'filename', '0', 'en_ie', ' dw careers jpg '),
 ('78', 'extension', '0', 'en_ie', ' jpg '),
 ('78', 'kind', '0', 'en_ie', ' image '),
 ('78', 'slug', '0', 'en_ie', ' dw careers '),
 ('78', 'title', '0', 'en_ie', ' dw careers '),
 ('79', 'filename', '0', 'en_ie', ' dw careers alt jpg '),
 ('79', 'extension', '0', 'en_ie', ' jpg '),
 ('79', 'kind', '0', 'en_ie', ' image '),
 ('79', 'slug', '0', 'en_ie', ' dw careers alt '),
 ('79', 'title', '0', 'en_ie', ' dw careers alt '),
 ('80', 'filename', '0', 'en_ie', ' home bg jpg '),
 ('80', 'extension', '0', 'en_ie', ' jpg '),
 ('80', 'kind', '0', 'en_ie', ' image '),
 ('80', 'slug', '0', 'en_ie', ' home bg '),
 ('80', 'title', '0', 'en_ie', ' home bg '),
 ('86', 'filename', '0', 'en_ie', ' dw services data png '),
 ('86', 'extension', '0', 'en_ie', ' png '),
 ('86', 'kind', '0', 'en_ie', ' image '),
 ('86', 'slug', '0', 'en_ie', ' dw services data '),
 ('86', 'title', '0', 'en_ie', ' dw services data '),
 ('87', 'filename', '0', 'en_ie', ' dw services identity png '),
 ('87', 'extension', '0', 'en_ie', ' png '),
 ('87', 'kind', '0', 'en_ie', ' image '),
 ('87', 'slug', '0', 'en_ie', ' dw services identity '),
 ('87', 'title', '0', 'en_ie', ' dw services identity '),
 ('88', 'filename', '0', 'en_ie', ' dw services leaderboards png '),
 ('88', 'extension', '0', 'en_ie', ' png '),
 ('88', 'kind', '0', 'en_ie', ' image '),
 ('88', 'slug', '0', 'en_ie', ' dw services leaderboards '),
 ('88', 'title', '0', 'en_ie', ' dw services leaderboards '),
 ('89', 'filename', '0', 'en_ie', ' dw services matchmaking png '),
 ('89', 'extension', '0', 'en_ie', ' png '),
 ('89', 'kind', '0', 'en_ie', ' image '),
 ('89', 'slug', '0', 'en_ie', ' dw services matchmaking '),
 ('89', 'title', '0', 'en_ie', ' dw services matchmaking '),
 ('90', 'filename', '0', 'en_ie', ' dw services microtransactions png '),
 ('90', 'extension', '0', 'en_ie', ' png '),
 ('90', 'kind', '0', 'en_ie', ' image '),
 ('90', 'slug', '0', 'en_ie', ' dw services microtransactions '),
 ('90', 'title', '0', 'en_ie', ' dw services microtransactions '),
 ('91', 'filename', '0', 'en_ie', ' dw loc 01 jpg '),
 ('91', 'extension', '0', 'en_ie', ' jpg '),
 ('91', 'kind', '0', 'en_ie', ' image '),
 ('91', 'slug', '0', 'en_ie', ' dw loc 01 '),
 ('91', 'title', '0', 'en_ie', ' dw loc 01 '),
 ('92', 'filename', '0', 'en_ie', ' dw loc 02 jpg '),
 ('92', 'extension', '0', 'en_ie', ' jpg '),
 ('92', 'kind', '0', 'en_ie', ' image '),
 ('92', 'slug', '0', 'en_ie', ' dw loc 02 '),
 ('92', 'title', '0', 'en_ie', ' dw loc 02 '),
 ('93', 'filename', '0', 'en_ie', ' dw loc 03 jpg '),
 ('93', 'extension', '0', 'en_ie', ' jpg '),
 ('93', 'kind', '0', 'en_ie', ' image '),
 ('93', 'slug', '0', 'en_ie', ' dw loc 03 '),
 ('93', 'title', '0', 'en_ie', ' dw loc 03 '),
 ('94', 'filename', '0', 'en_ie', ' team brendan jpg '),
 ('94', 'extension', '0', 'en_ie', ' jpg '),
 ('94', 'kind', '0', 'en_ie', ' image '),
 ('94', 'slug', '0', 'en_ie', ' team brendan '),
 ('94', 'title', '0', 'en_ie', ' team brendan '),
 ('95', 'filename', '0', 'en_ie', ' team colin jpg '),
 ('95', 'extension', '0', 'en_ie', ' jpg '),
 ('95', 'kind', '0', 'en_ie', ' image '),
 ('95', 'slug', '0', 'en_ie', ' team colin '),
 ('95', 'title', '0', 'en_ie', ' team colin '),
 ('96', 'filename', '0', 'en_ie', ' team mike jpg '),
 ('96', 'extension', '0', 'en_ie', ' jpg '),
 ('96', 'kind', '0', 'en_ie', ' image '),
 ('96', 'slug', '0', 'en_ie', ' team mike '),
 ('96', 'title', '0', 'en_ie', ' team mike '),
 ('97', 'filename', '0', 'en_ie', ' team nadia jpg '),
 ('97', 'extension', '0', 'en_ie', ' jpg '),
 ('97', 'kind', '0', 'en_ie', ' image '),
 ('97', 'slug', '0', 'en_ie', ' team nadia '),
 ('97', 'title', '0', 'en_ie', ' team nadia '),
 ('98', 'filename', '0', 'en_ie', ' team suzanne jpg '),
 ('98', 'extension', '0', 'en_ie', ' jpg '),
 ('98', 'kind', '0', 'en_ie', ' image '),
 ('98', 'slug', '0', 'en_ie', ' team suzanne '),
 ('98', 'title', '0', 'en_ie', ' team suzanne '),
 ('99', 'filename', '0', 'en_ie', ' team tendayi jpg '),
 ('99', 'extension', '0', 'en_ie', ' jpg '),
 ('99', 'kind', '0', 'en_ie', ' image '),
 ('99', 'slug', '0', 'en_ie', ' team tendayi '),
 ('99', 'title', '0', 'en_ie', ' team tendayi ');



DROP TABLE IF EXISTS `craft_sections`;


--
-- Schema for table `craft_sections`
--
CREATE TABLE `craft_sections` (
  `id` int(11) NOT NULL AUTO_INCREMENT,
  `structureId` int(11) DEFAULT NULL,
  `name` varchar(255) COLLATE utf8_unicode_ci NOT NULL,
  `handle` varchar(255) COLLATE utf8_unicode_ci NOT NULL,
  `type` enum('single','channel','structure') COLLATE utf8_unicode_ci NOT NULL DEFAULT 'channel',
  `hasUrls` tinyint(1) unsigned NOT NULL DEFAULT '1',
  `template` varchar(500) COLLATE utf8_unicode_ci DEFAULT NULL,
  `enableVersioning` tinyint(1) unsigned NOT NULL DEFAULT '0',
  `dateCreated` datetime NOT NULL,
  `dateUpdated` datetime NOT NULL,
  `uid` char(36) COLLATE utf8_unicode_ci NOT NULL DEFAULT '0',
  PRIMARY KEY (`id`),
  UNIQUE KEY `craft_sections_name_unq_idx` (`name`),
  UNIQUE KEY `craft_sections_handle_unq_idx` (`handle`),
  KEY `craft_sections_structureId_fk` (`structureId`)
) ENGINE=InnoDB AUTO_INCREMENT=16 DEFAULT CHARSET=utf8 COLLATE=utf8_unicode_ci;

--
-- Data for table `craft_sections`
--

INSERT INTO `craft_sections` (`id`, `structureId`, `name`, `handle`, `type`, `hasUrls`, `template`, `enableVersioning`, `dateCreated`, `dateUpdated`, `uid`) VALUES
 ('1', NULL, 'Homepage', 'homepage', 'single', '1', 'index', '0', '2017-10-13 11:04:19', '2017-11-21 22:56:36', 'b7c4bd58-b859-4d69-b161-cbc7279fcf98'),
 ('5', NULL, 'About Us', 'aboutUs', 'single', '1', 'about/index.html', '0', '2017-10-13 14:00:45', '2017-11-28 23:59:57', '9da60a77-67d1-4fe1-80b2-1dea03bfc504'),
 ('6', '2', 'Services', 'services', 'structure', '0', NULL, '0', '2017-10-13 14:29:59', '2017-10-13 15:19:52', '261b7097-72e7-4ca0-af42-2010f70fd01c'),
 ('9', NULL, 'Careers', 'careers', 'single', '1', 'careers', '1', '2017-12-04 23:13:13', '2017-12-04 23:13:13', '5d10080c-02e9-4cc1-bb36-8e81a4f042cd'),
 ('10', '3', 'Departments', 'departments', 'structure', '0', NULL, '1', '2017-12-04 23:13:31', '2017-12-04 23:13:41', '576cd43b-fe4f-4792-8607-f23f4fc83581'),
 ('11', '4', 'Leadership Team', 'leadershipTeam', 'structure', '0', NULL, '1', '2017-12-04 23:13:56', '2017-12-04 23:13:56', 'a4911cb4-5cf6-4af0-8f48-0f59a6c7294a'),
 ('12', '5', 'Open Source Platforms', 'openSourcePlatforms', 'structure', '0', NULL, '1', '2017-12-04 23:14:06', '2017-12-04 23:14:06', 'b6a4311e-2b83-4766-a2bd-fb1640302505'),
 ('13', '6', 'Studios', 'studios', 'structure', '0', NULL, '1', '2017-12-04 23:14:19', '2017-12-04 23:14:19', '542e3318-7a7b-4e85-a2f4-66abbeaaffd7'),
 ('14', '8', 'Testimonials', 'testimonials', 'structure', '0', NULL, '1', '2017-12-04 23:14:25', '2017-12-07 01:39:58', '927c35e9-5ed3-427a-a54c-0c46fc280630'),
 ('15', '7', 'Locations', 'locations', 'structure', '0', NULL, '1', '2017-12-05 17:59:04', '2017-12-05 17:59:04', '57fe67a2-572f-4a76-be36-3b3b80ac4a4d');



DROP TABLE IF EXISTS `craft_sections_i18n`;


--
-- Schema for table `craft_sections_i18n`
--
CREATE TABLE `craft_sections_i18n` (
  `id` int(11) NOT NULL AUTO_INCREMENT,
  `sectionId` int(11) NOT NULL,
  `locale` char(12) COLLATE utf8_unicode_ci NOT NULL,
  `enabledByDefault` tinyint(1) unsigned NOT NULL DEFAULT '1',
  `urlFormat` text COLLATE utf8_unicode_ci,
  `nestedUrlFormat` text COLLATE utf8_unicode_ci,
  `dateCreated` datetime NOT NULL,
  `dateUpdated` datetime NOT NULL,
  `uid` char(36) COLLATE utf8_unicode_ci NOT NULL DEFAULT '0',
  PRIMARY KEY (`id`),
  UNIQUE KEY `craft_sections_i18n_sectionId_locale_unq_idx` (`sectionId`,`locale`),
  KEY `craft_sections_i18n_locale_fk` (`locale`)
) ENGINE=InnoDB AUTO_INCREMENT=16 DEFAULT CHARSET=utf8 COLLATE=utf8_unicode_ci;

--
-- Data for table `craft_sections_i18n`
--

INSERT INTO `craft_sections_i18n` (`id`, `sectionId`, `locale`, `enabledByDefault`, `urlFormat`, `nestedUrlFormat`, `dateCreated`, `dateUpdated`, `uid`) VALUES
 ('1', '1', 'en_ie', '1', '__home__', NULL, '2017-10-13 11:04:19', '2017-10-13 11:04:19', '937b03db-543f-42d2-b758-d8ddf2573faf'),
 ('5', '5', 'en_ie', '1', 'about', NULL, '2017-10-13 14:00:45', '2017-11-28 23:59:57', 'bcd30ed4-dd43-421e-815a-84142de369c4'),
 ('6', '6', 'en_ie', '1', NULL, NULL, '2017-10-13 14:29:59', '2017-10-13 15:19:52', '57d7a00f-044c-44d6-9043-647816890eb0'),
 ('9', '9', 'en_ie', '1', 'careers', NULL, '2017-12-04 23:13:13', '2017-12-04 23:13:13', '9a4a1524-381b-4663-adf9-5e4997b4ec0b'),
 ('10', '10', 'en_ie', '1', NULL, NULL, '2017-12-04 23:13:31', '2017-12-04 23:13:41', '587e563e-ee1c-4be4-a26f-c70e4dbd3006'),
 ('11', '11', 'en_ie', '1', NULL, NULL, '2017-12-04 23:13:56', '2017-12-04 23:13:56', '2e7b900d-57c4-4411-a41c-ced95a724780'),
 ('12', '12', 'en_ie', '1', NULL, NULL, '2017-12-04 23:14:06', '2017-12-04 23:14:06', '3311b5c9-3d34-4dd6-befb-146958854c56'),
 ('13', '13', 'en_ie', '1', NULL, NULL, '2017-12-04 23:14:19', '2017-12-04 23:14:19', 'b3d262ea-69cb-4425-96af-e8b6852b75b2'),
 ('14', '14', 'en_ie', '1', NULL, NULL, '2017-12-04 23:14:25', '2017-12-04 23:14:25', '27055222-6c10-42e3-8e47-ff79a1a8f2db'),
 ('15', '15', 'en_ie', '1', NULL, NULL, '2017-12-05 17:59:04', '2017-12-05 17:59:04', '9520c199-c14e-4195-b3f3-6884b80de207');



DROP TABLE IF EXISTS `craft_seomatic_meta`;


--
-- Schema for table `craft_seomatic_meta`
--
CREATE TABLE `craft_seomatic_meta` (
  `id` int(11) NOT NULL,
  `seoImageId` int(11) DEFAULT NULL,
  `seoTwitterImageId` int(11) DEFAULT NULL,
  `seoFacebookImageId` int(11) DEFAULT NULL,
  `locale` varchar(255) COLLATE utf8_unicode_ci DEFAULT 'en_ie',
  `elementId` int(10) DEFAULT '0',
  `metaType` enum('default','template') COLLATE utf8_unicode_ci DEFAULT 'template',
  `metaPath` varchar(255) COLLATE utf8_unicode_ci DEFAULT '',
  `seoMainEntityCategory` varchar(255) COLLATE utf8_unicode_ci DEFAULT '',
  `seoMainEntityOfPage` varchar(255) COLLATE utf8_unicode_ci DEFAULT '',
  `seoTitle` varchar(255) COLLATE utf8_unicode_ci DEFAULT '',
  `seoDescription` varchar(255) COLLATE utf8_unicode_ci DEFAULT '',
  `seoKeywords` varchar(255) COLLATE utf8_unicode_ci DEFAULT '',
  `seoImageTransform` varchar(255) COLLATE utf8_unicode_ci DEFAULT '',
  `seoFacebookImageTransform` varchar(255) COLLATE utf8_unicode_ci DEFAULT '',
  `seoTwitterImageTransform` varchar(255) COLLATE utf8_unicode_ci DEFAULT '',
  `twitterCardType` varchar(255) COLLATE utf8_unicode_ci DEFAULT 'summary',
  `openGraphType` varchar(255) COLLATE utf8_unicode_ci DEFAULT 'website',
  `robots` varchar(255) COLLATE utf8_unicode_ci DEFAULT '',
  `dateCreated` datetime NOT NULL,
  `dateUpdated` datetime NOT NULL,
  `uid` char(36) COLLATE utf8_unicode_ci NOT NULL DEFAULT '0',
  PRIMARY KEY (`id`),
  KEY `craft_seomatic_meta_seoImageId_fk` (`seoImageId`),
  KEY `craft_seomatic_meta_seoTwitterImageId_fk` (`seoTwitterImageId`),
  KEY `craft_seomatic_meta_seoFacebookImageId_fk` (`seoFacebookImageId`)
) ENGINE=InnoDB DEFAULT CHARSET=utf8 COLLATE=utf8_unicode_ci;

DROP TABLE IF EXISTS `craft_seomatic_settings`;


--
-- Schema for table `craft_seomatic_settings`
--
CREATE TABLE `craft_seomatic_settings` (
  `id` int(11) NOT NULL AUTO_INCREMENT,
  `siteSeoImageId` int(11) DEFAULT NULL,
  `siteSeoTwitterImageId` int(11) DEFAULT NULL,
  `siteSeoFacebookImageId` int(11) DEFAULT NULL,
  `genericOwnerImageId` int(11) DEFAULT NULL,
  `genericCreatorImageId` int(11) DEFAULT NULL,
  `locale` varchar(255) COLLATE utf8_unicode_ci DEFAULT '',
  `siteSeoName` varchar(255) COLLATE utf8_unicode_ci DEFAULT '',
  `siteSeoTitle` varchar(255) COLLATE utf8_unicode_ci DEFAULT '',
  `siteSeoTitleSeparator` varchar(10) COLLATE utf8_unicode_ci DEFAULT '|',
  `siteSeoTitlePlacement` enum('before','after','none') COLLATE utf8_unicode_ci DEFAULT 'after',
  `siteSeoDescription` varchar(255) COLLATE utf8_unicode_ci DEFAULT '',
  `siteSeoKeywords` varchar(255) COLLATE utf8_unicode_ci DEFAULT '',
  `siteSeoImageTransform` varchar(100) COLLATE utf8_unicode_ci DEFAULT '',
  `siteSeoFacebookImageTransform` varchar(100) COLLATE utf8_unicode_ci DEFAULT '',
  `siteSeoTwitterImageTransform` varchar(100) COLLATE utf8_unicode_ci DEFAULT '',
  `siteTwitterCardType` varchar(50) COLLATE utf8_unicode_ci DEFAULT '',
  `siteOpenGraphType` varchar(50) COLLATE utf8_unicode_ci DEFAULT '',
  `siteRobots` varchar(50) COLLATE utf8_unicode_ci DEFAULT '',
  `siteRobotsTxt` text COLLATE utf8_unicode_ci,
  `siteLinksSearchTargets` text COLLATE utf8_unicode_ci,
  `siteLinksQueryInput` varchar(50) COLLATE utf8_unicode_ci DEFAULT '',
  `googleSiteVerification` varchar(100) COLLATE utf8_unicode_ci DEFAULT '',
  `bingSiteVerification` varchar(100) COLLATE utf8_unicode_ci DEFAULT '',
  `googleAnalyticsUID` varchar(50) COLLATE utf8_unicode_ci DEFAULT '',
  `googleTagManagerID` varchar(50) COLLATE utf8_unicode_ci DEFAULT '',
  `googleAnalyticsSendPageview` tinyint(1) unsigned NOT NULL DEFAULT '1',
  `googleAnalyticsAdvertising` tinyint(1) unsigned NOT NULL DEFAULT '0',
  `googleAnalyticsEcommerce` tinyint(1) unsigned NOT NULL DEFAULT '0',
  `googleAnalyticsEEcommerce` tinyint(1) unsigned NOT NULL DEFAULT '0',
  `googleAnalyticsLinkAttribution` tinyint(1) unsigned NOT NULL DEFAULT '0',
  `googleAnalyticsLinker` tinyint(1) unsigned NOT NULL DEFAULT '0',
  `googleAnalyticsAnonymizeIp` tinyint(1) unsigned NOT NULL DEFAULT '0',
  `siteOwnerType` varchar(50) COLLATE utf8_unicode_ci DEFAULT '',
  `siteOwnerSubType` varchar(50) COLLATE utf8_unicode_ci DEFAULT '',
  `siteOwnerSpecificType` varchar(50) COLLATE utf8_unicode_ci DEFAULT '',
  `genericOwnerName` varchar(255) COLLATE utf8_unicode_ci DEFAULT '',
  `genericOwnerAlternateName` varchar(255) COLLATE utf8_unicode_ci DEFAULT '',
  `genericOwnerDescription` varchar(1024) COLLATE utf8_unicode_ci DEFAULT '',
  `genericOwnerUrl` varchar(255) COLLATE utf8_unicode_ci DEFAULT '',
  `genericOwnerTelephone` varchar(255) COLLATE utf8_unicode_ci DEFAULT '',
  `genericOwnerEmail` varchar(255) COLLATE utf8_unicode_ci DEFAULT '',
  `genericOwnerStreetAddress` varchar(255) COLLATE utf8_unicode_ci DEFAULT '',
  `genericOwnerAddressLocality` varchar(255) COLLATE utf8_unicode_ci DEFAULT '',
  `genericOwnerAddressRegion` varchar(255) COLLATE utf8_unicode_ci DEFAULT '',
  `genericOwnerPostalCode` varchar(255) COLLATE utf8_unicode_ci DEFAULT '',
  `genericOwnerAddressCountry` varchar(255) COLLATE utf8_unicode_ci DEFAULT '',
  `genericOwnerGeoLatitude` varchar(255) COLLATE utf8_unicode_ci DEFAULT '',
  `genericOwnerGeoLongitude` varchar(255) COLLATE utf8_unicode_ci DEFAULT '',
  `organizationOwnerDuns` varchar(255) COLLATE utf8_unicode_ci DEFAULT '',
  `organizationOwnerFounder` varchar(255) COLLATE utf8_unicode_ci DEFAULT '',
  `organizationOwnerFoundingDate` varchar(255) COLLATE utf8_unicode_ci DEFAULT '',
  `organizationOwnerFoundingLocation` varchar(255) COLLATE utf8_unicode_ci DEFAULT '',
  `organizationOwnerContactPoints` text COLLATE utf8_unicode_ci,
  `localBusinessPriceRange` varchar(10) COLLATE utf8_unicode_ci DEFAULT '$$$',
  `localBusinessOwnerOpeningHours` text COLLATE utf8_unicode_ci,
  `corporationOwnerTickerSymbol` varchar(255) COLLATE utf8_unicode_ci DEFAULT '',
  `restaurantOwnerServesCuisine` varchar(255) COLLATE utf8_unicode_ci DEFAULT '',
  `restaurantOwnerMenuUrl` varchar(255) COLLATE utf8_unicode_ci DEFAULT '',
  `restaurantOwnerReservationsUrl` varchar(255) COLLATE utf8_unicode_ci DEFAULT '',
  `personOwnerGender` varchar(255) COLLATE utf8_unicode_ci DEFAULT '',
  `personOwnerBirthPlace` varchar(255) COLLATE utf8_unicode_ci DEFAULT '',
  `twitterHandle` varchar(50) COLLATE utf8_unicode_ci DEFAULT '',
  `facebookHandle` varchar(50) COLLATE utf8_unicode_ci DEFAULT '',
  `facebookProfileId` varchar(50) COLLATE utf8_unicode_ci DEFAULT '',
  `facebookAppId` varchar(50) COLLATE utf8_unicode_ci DEFAULT '',
  `linkedInHandle` varchar(50) COLLATE utf8_unicode_ci DEFAULT '',
  `googlePlusHandle` varchar(50) COLLATE utf8_unicode_ci DEFAULT '',
  `youtubeHandle` varchar(50) COLLATE utf8_unicode_ci DEFAULT '',
  `youtubeChannelHandle` varchar(50) COLLATE utf8_unicode_ci DEFAULT '',
  `instagramHandle` varchar(50) COLLATE utf8_unicode_ci DEFAULT '',
  `pinterestHandle` varchar(50) COLLATE utf8_unicode_ci DEFAULT '',
  `githubHandle` varchar(50) COLLATE utf8_unicode_ci DEFAULT '',
  `vimeoHandle` varchar(50) COLLATE utf8_unicode_ci DEFAULT '',
  `wikipediaUrl` varchar(100) COLLATE utf8_unicode_ci DEFAULT '',
  `siteCreatorType` varchar(255) COLLATE utf8_unicode_ci DEFAULT '',
  `siteCreatorSubType` varchar(255) COLLATE utf8_unicode_ci DEFAULT '',
  `siteCreatorSpecificType` varchar(255) COLLATE utf8_unicode_ci DEFAULT '',
  `genericCreatorName` varchar(255) COLLATE utf8_unicode_ci DEFAULT '',
  `genericCreatorAlternateName` varchar(255) COLLATE utf8_unicode_ci DEFAULT '',
  `genericCreatorDescription` varchar(1024) COLLATE utf8_unicode_ci DEFAULT '',
  `genericCreatorUrl` varchar(255) COLLATE utf8_unicode_ci DEFAULT '',
  `genericCreatorTelephone` varchar(255) COLLATE utf8_unicode_ci DEFAULT '',
  `genericCreatorEmail` varchar(255) COLLATE utf8_unicode_ci DEFAULT '',
  `genericCreatorStreetAddress` varchar(255) COLLATE utf8_unicode_ci DEFAULT '',
  `genericCreatorAddressLocality` varchar(255) COLLATE utf8_unicode_ci DEFAULT '',
  `genericCreatorAddressRegion` varchar(255) COLLATE utf8_unicode_ci DEFAULT '',
  `genericCreatorPostalCode` varchar(255) COLLATE utf8_unicode_ci DEFAULT '',
  `genericCreatorAddressCountry` varchar(255) COLLATE utf8_unicode_ci DEFAULT '',
  `genericCreatorGeoLatitude` varchar(255) COLLATE utf8_unicode_ci DEFAULT '',
  `genericCreatorGeoLongitude` varchar(255) COLLATE utf8_unicode_ci DEFAULT '',
  `organizationCreatorDuns` varchar(255) COLLATE utf8_unicode_ci DEFAULT '',
  `organizationCreatorFounder` varchar(255) COLLATE utf8_unicode_ci DEFAULT '',
  `organizationCreatorFoundingDate` varchar(255) COLLATE utf8_unicode_ci DEFAULT '',
  `organizationCreatorFoundingLocation` varchar(255) COLLATE utf8_unicode_ci DEFAULT '',
  `organizationCreatorContactPoints` text COLLATE utf8_unicode_ci,
  `localBusinessCreatorOpeningHours` text COLLATE utf8_unicode_ci,
  `corporationCreatorTickerSymbol` varchar(255) COLLATE utf8_unicode_ci DEFAULT '',
  `restaurantCreatorServesCuisine` varchar(255) COLLATE utf8_unicode_ci DEFAULT '',
  `restaurantCreatorMenuUrl` varchar(255) COLLATE utf8_unicode_ci DEFAULT '',
  `restaurantCreatorReservationsUrl` varchar(255) COLLATE utf8_unicode_ci DEFAULT '',
  `personCreatorGender` varchar(255) COLLATE utf8_unicode_ci DEFAULT '',
  `personCreatorBirthPlace` varchar(255) COLLATE utf8_unicode_ci DEFAULT '',
  `genericCreatorHumansTxt` text COLLATE utf8_unicode_ci,
  `dateCreated` datetime NOT NULL,
  `dateUpdated` datetime NOT NULL,
  `uid` char(36) COLLATE utf8_unicode_ci NOT NULL DEFAULT '0',
  PRIMARY KEY (`id`),
  KEY `craft_seomatic_settings_siteSeoImageId_fk` (`siteSeoImageId`),
  KEY `craft_seomatic_settings_siteSeoTwitterImageId_fk` (`siteSeoTwitterImageId`),
  KEY `craft_seomatic_settings_siteSeoFacebookImageId_fk` (`siteSeoFacebookImageId`),
  KEY `craft_seomatic_settings_genericOwnerImageId_fk` (`genericOwnerImageId`),
  KEY `craft_seomatic_settings_genericCreatorImageId_fk` (`genericCreatorImageId`)
) ENGINE=InnoDB AUTO_INCREMENT=2 DEFAULT CHARSET=utf8 COLLATE=utf8_unicode_ci;

--
-- Data for table `craft_seomatic_settings`
--

INSERT INTO `craft_seomatic_settings` (`id`, `siteSeoImageId`, `siteSeoTwitterImageId`, `siteSeoFacebookImageId`, `genericOwnerImageId`, `genericCreatorImageId`, `locale`, `siteSeoName`, `siteSeoTitle`, `siteSeoTitleSeparator`, `siteSeoTitlePlacement`, `siteSeoDescription`, `siteSeoKeywords`, `siteSeoImageTransform`, `siteSeoFacebookImageTransform`, `siteSeoTwitterImageTransform`, `siteTwitterCardType`, `siteOpenGraphType`, `siteRobots`, `siteRobotsTxt`, `siteLinksSearchTargets`, `siteLinksQueryInput`, `googleSiteVerification`, `bingSiteVerification`, `googleAnalyticsUID`, `googleTagManagerID`, `googleAnalyticsSendPageview`, `googleAnalyticsAdvertising`, `googleAnalyticsEcommerce`, `googleAnalyticsEEcommerce`, `googleAnalyticsLinkAttribution`, `googleAnalyticsLinker`, `googleAnalyticsAnonymizeIp`, `siteOwnerType`, `siteOwnerSubType`, `siteOwnerSpecificType`, `genericOwnerName`, `genericOwnerAlternateName`, `genericOwnerDescription`, `genericOwnerUrl`, `genericOwnerTelephone`, `genericOwnerEmail`, `genericOwnerStreetAddress`, `genericOwnerAddressLocality`, `genericOwnerAddressRegion`, `genericOwnerPostalCode`, `genericOwnerAddressCountry`, `genericOwnerGeoLatitude`, `genericOwnerGeoLongitude`, `organizationOwnerDuns`, `organizationOwnerFounder`, `organizationOwnerFoundingDate`, `organizationOwnerFoundingLocation`, `organizationOwnerContactPoints`, `localBusinessPriceRange`, `localBusinessOwnerOpeningHours`, `corporationOwnerTickerSymbol`, `restaurantOwnerServesCuisine`, `restaurantOwnerMenuUrl`, `restaurantOwnerReservationsUrl`, `personOwnerGender`, `personOwnerBirthPlace`, `twitterHandle`, `facebookHandle`, `facebookProfileId`, `facebookAppId`, `linkedInHandle`, `googlePlusHandle`, `youtubeHandle`, `youtubeChannelHandle`, `instagramHandle`, `pinterestHandle`, `githubHandle`, `vimeoHandle`, `wikipediaUrl`, `siteCreatorType`, `siteCreatorSubType`, `siteCreatorSpecificType`, `genericCreatorName`, `genericCreatorAlternateName`, `genericCreatorDescription`, `genericCreatorUrl`, `genericCreatorTelephone`, `genericCreatorEmail`, `genericCreatorStreetAddress`, `genericCreatorAddressLocality`, `genericCreatorAddressRegion`, `genericCreatorPostalCode`, `genericCreatorAddressCountry`, `genericCreatorGeoLatitude`, `genericCreatorGeoLongitude`, `organizationCreatorDuns`, `organizationCreatorFounder`, `organizationCreatorFoundingDate`, `organizationCreatorFoundingLocation`, `organizationCreatorContactPoints`, `localBusinessCreatorOpeningHours`, `corporationCreatorTickerSymbol`, `restaurantCreatorServesCuisine`, `restaurantCreatorMenuUrl`, `restaurantCreatorReservationsUrl`, `personCreatorGender`, `personCreatorBirthPlace`, `genericCreatorHumansTxt`, `dateCreated`, `dateUpdated`, `uid`) VALUES
 ('1', NULL, NULL, NULL, NULL, NULL, 'en_ie', 'Sonica', 'Expect More', '·', 'after', '', '', '', '', '', 'summary', 'website', '', '# robots.txt for {{ siteUrl }}\r\n# For a multi-environment setup, see: https://nystudio107.com/blog/prevent-google-from-indexing-staging-sites\r\n\r\nSitemap: {{ siteUrl |trim(\'/\') }}/sitemap.xml\r\n\r\n{% if craft.config.devMode %}\r\n# devMode - disallow all\r\n\r\nUser-agent: *\r\nDisallow: /\r\n{% else %}\r\n# Live - Don\'t allow web crawlers to index Craft\r\n\r\nUser-agent: *\r\nDisallow: /craft/\r\n{% endif %}', '[]', '', '', '', '', '', '1', '0', '0', '0', '0', '0', '0', 'Organization', 'Corporation', '', '', '', '', '', '', '', '', '', '', '', '', '', '', '', '', '', '', '[]', '$$$', '[{\"open\":\"\",\"close\":\"\"},{\"open\":\"\",\"close\":\"\"},{\"open\":\"\",\"close\":\"\"},{\"open\":\"\",\"close\":\"\"},{\"open\":\"\",\"close\":\"\"},{\"open\":\"\",\"close\":\"\"},{\"open\":\"\",\"close\":\"\"}]', '', '', '', '', 'Male', '', '', '', '', '', '', '', '', '', '', '', '', '', '', 'Organization', 'Corporation', '', '', '', '', '', '', '', '', '', '', '', '', '', '', '', '', '', '', '', '', '', '', '', '', '', '', '/* TEAM */\n\n{% if seomaticCreator.name is defined and seomaticCreator.name %}\nCreator: {{ seomaticCreator.name }}\n{% endif %}\n{% if seomaticCreator.url is defined and seomaticCreator.url %}\nURL: {{ seomaticCreator.url }}\n{% endif %}\n{% if seomaticCreator.description is defined and seomaticCreator.description %}\nDescription: {{ seomaticCreator.description }}\n{% endif %}\n\n/* THANKS */\n\nPixel & Tonic - https://pixelandtonic.com\n\n/* SITE */\n\nStandards: HTML5, CSS3\nComponents: Craft CMS, Yii, PHP, Javascript, SEOmatic', '2017-10-13 13:41:30', '2018-02-15 17:13:50', '2e88e946-54cb-40d9-9d6f-f87570cd8334');



DROP TABLE IF EXISTS `craft_sessions`;


--
-- Schema for table `craft_sessions`
--
CREATE TABLE `craft_sessions` (
  `id` int(11) NOT NULL AUTO_INCREMENT,
  `userId` int(11) NOT NULL,
  `token` char(100) COLLATE utf8_unicode_ci NOT NULL,
  `dateCreated` datetime NOT NULL,
  `dateUpdated` datetime NOT NULL,
  `uid` char(36) COLLATE utf8_unicode_ci NOT NULL DEFAULT '0',
  PRIMARY KEY (`id`),
  KEY `craft_sessions_uid_idx` (`uid`),
  KEY `craft_sessions_token_idx` (`token`),
  KEY `craft_sessions_dateUpdated_idx` (`dateUpdated`),
  KEY `craft_sessions_userId_fk` (`userId`)
) ENGINE=InnoDB AUTO_INCREMENT=3 DEFAULT CHARSET=utf8 COLLATE=utf8_unicode_ci;

DROP TABLE IF EXISTS `craft_shunnedmessages`;


--
-- Schema for table `craft_shunnedmessages`
--
CREATE TABLE `craft_shunnedmessages` (
  `id` int(11) NOT NULL AUTO_INCREMENT,
  `userId` int(11) NOT NULL,
  `message` varchar(255) COLLATE utf8_unicode_ci NOT NULL,
  `expiryDate` datetime DEFAULT NULL,
  `dateCreated` datetime NOT NULL,
  `dateUpdated` datetime NOT NULL,
  `uid` char(36) COLLATE utf8_unicode_ci NOT NULL DEFAULT '0',
  PRIMARY KEY (`id`),
  UNIQUE KEY `craft_shunnedmessages_userId_message_unq_idx` (`userId`,`message`)
) ENGINE=InnoDB DEFAULT CHARSET=utf8 COLLATE=utf8_unicode_ci;

DROP TABLE IF EXISTS `craft_structureelements`;


--
-- Schema for table `craft_structureelements`
--
CREATE TABLE `craft_structureelements` (
  `id` int(11) NOT NULL AUTO_INCREMENT,
  `structureId` int(11) NOT NULL,
  `elementId` int(11) DEFAULT NULL,
  `root` int(11) unsigned DEFAULT NULL,
  `lft` int(11) unsigned NOT NULL,
  `rgt` int(11) unsigned NOT NULL,
  `level` smallint(6) unsigned NOT NULL,
  `dateCreated` datetime NOT NULL,
  `dateUpdated` datetime NOT NULL,
  `uid` char(36) COLLATE utf8_unicode_ci NOT NULL DEFAULT '0',
  PRIMARY KEY (`id`),
  UNIQUE KEY `craft_structureelements_structureId_elementId_unq_idx` (`structureId`,`elementId`),
  KEY `craft_structureelements_root_idx` (`root`),
  KEY `craft_structureelements_lft_idx` (`lft`),
  KEY `craft_structureelements_rgt_idx` (`rgt`),
  KEY `craft_structureelements_level_idx` (`level`),
  KEY `craft_structureelements_elementId_fk` (`elementId`)
) ENGINE=InnoDB AUTO_INCREMENT=43 DEFAULT CHARSET=utf8 COLLATE=utf8_unicode_ci;

--
-- Data for table `craft_structureelements`
--

INSERT INTO `craft_structureelements` (`id`, `structureId`, `elementId`, `root`, `lft`, `rgt`, `level`, `dateCreated`, `dateUpdated`, `uid`) VALUES
 ('1', '2', NULL, '1', '1', '12', '0', '2017-10-23 14:17:54', '2017-10-23 14:17:54', 'b5bb5435-d167-48ba-bd25-29101b4e4e14'),
 ('10', '3', NULL, '10', '1', '10', '0', '2017-12-07 01:36:18', '2017-12-07 01:36:18', '1578bc21-9d6d-4768-87ea-3274992dd26b'),
 ('11', '3', '52', '10', '2', '3', '1', '2017-12-07 01:36:18', '2017-12-07 01:36:18', '68f57f04-b65a-43ab-8ffd-12ae95038e37'),
 ('12', '3', '53', '10', '4', '5', '1', '2017-12-07 01:36:27', '2017-12-07 01:36:27', '4a1e9975-01ef-4a62-bcf9-2562e140e2d2'),
 ('13', '3', '54', '10', '6', '7', '1', '2017-12-07 01:36:36', '2017-12-07 01:36:36', '3b680003-ed54-439c-bf1e-1a27bc4e4a8a'),
 ('14', '3', '55', '10', '8', '9', '1', '2017-12-07 01:36:51', '2017-12-07 01:36:51', '42bf689d-00b2-48b1-bcdf-300e0ba05430'),
 ('15', '7', NULL, '15', '1', '8', '0', '2017-12-07 01:37:16', '2017-12-07 01:37:16', '7aaf9ac6-82ca-4bc4-b31a-e37c31a9cb3c'),
 ('16', '7', '56', '15', '2', '3', '1', '2017-12-07 01:37:16', '2017-12-07 01:37:16', '28d46097-01d6-4025-a9e5-64799be3959b'),
 ('17', '7', '57', '15', '4', '5', '1', '2017-12-07 01:37:25', '2017-12-07 01:37:25', 'eedf3e1f-2891-4cd7-8894-66c4801a4ce4'),
 ('18', '7', '58', '15', '6', '7', '1', '2017-12-07 01:37:38', '2017-12-07 01:37:38', '7598eaf3-1591-44a3-be4d-4d77f470ad68'),
 ('19', '4', NULL, '19', '1', '14', '0', '2017-12-07 01:38:00', '2017-12-07 01:38:00', 'ad6cf4ed-3a74-469e-8724-8c4b5bc18c09'),
 ('20', '4', '59', '19', '10', '11', '1', '2017-12-07 01:38:00', '2017-12-07 01:38:00', 'e974061c-d205-4ae0-9d34-82f3f7c99a90'),
 ('21', '4', '60', '19', '4', '5', '1', '2017-12-07 01:39:00', '2017-12-07 01:39:00', '6098da37-3fb5-4421-afef-55dc085495f5'),
 ('22', '4', '61', '19', '12', '13', '1', '2017-12-07 01:39:08', '2017-12-07 01:39:08', '36025c19-3d0b-4524-b24b-38f4722b6670'),
 ('23', '4', '62', '19', '2', '3', '1', '2017-12-07 01:39:18', '2017-12-07 01:39:18', 'ad5ed1e9-21d4-4618-b4c6-a182894e88ef'),
 ('24', '4', '63', '19', '6', '7', '1', '2017-12-07 01:39:25', '2017-12-07 01:39:25', 'c09a4159-b66c-4231-b284-b91035ca91ce'),
 ('25', '4', '64', '19', '8', '9', '1', '2017-12-07 01:39:31', '2017-12-07 01:39:31', 'f296e07c-51ec-4ab9-bdff-ed352a28f0ed'),
 ('26', '8', NULL, '26', '1', '8', '0', '2017-12-07 01:39:58', '2017-12-07 01:39:58', 'f089c3b3-abc7-4919-829e-b6ff6e1eb46a'),
 ('27', '8', '49', '26', '2', '3', '1', '2017-12-07 01:39:58', '2017-12-07 01:39:58', 'a11a8a33-1977-4da5-88df-90281e4c5cda'),
 ('28', '8', '50', '26', '4', '5', '1', '2017-12-07 01:39:58', '2017-12-07 01:39:58', 'e03c54a0-1411-44ae-8538-7fd1f2818e48'),
 ('29', '8', '51', '26', '6', '7', '1', '2017-12-07 01:39:58', '2017-12-07 01:39:58', 'ba8ee374-d893-4424-86cb-fb0fd2944133'),
 ('30', '2', '65', '1', '2', '3', '1', '2017-12-07 01:40:44', '2017-12-07 01:40:44', '0de6589c-1125-45f0-b3ca-78226176d298'),
 ('31', '2', '66', '1', '4', '5', '1', '2017-12-07 01:40:56', '2017-12-07 01:40:56', '1e750ca8-b8bf-40b2-8a87-b1b999343eb3'),
 ('32', '2', '67', '1', '6', '7', '1', '2017-12-07 01:41:10', '2017-12-07 01:41:10', 'a5e2c528-ea2b-426f-92c3-9041f49cf03a'),
 ('33', '2', '68', '1', '8', '9', '1', '2017-12-07 01:41:20', '2017-12-07 01:41:20', '0ace4002-1e69-426e-b5e0-17b41ec7a420'),
 ('34', '2', '69', '1', '10', '11', '1', '2017-12-07 01:41:30', '2017-12-07 01:41:30', 'ab764293-7562-4ffc-b446-95cb9a4bad9b'),
 ('35', '6', NULL, '35', '1', '16', '0', '2017-12-07 01:44:22', '2017-12-07 01:44:22', 'c6d3878c-51aa-4d7e-b6e5-75f10233307e'),
 ('36', '6', '70', '35', '2', '3', '1', '2017-12-07 01:44:22', '2017-12-07 01:44:22', 'eaa1ae38-d7b9-4989-80d9-9f0a4c990d1f'),
 ('37', '6', '71', '35', '4', '5', '1', '2017-12-07 01:44:38', '2017-12-07 01:44:38', 'e0a5fc6e-a11e-48e4-adab-acd5ff472a4e'),
 ('38', '6', '72', '35', '6', '7', '1', '2017-12-07 01:44:52', '2017-12-07 01:44:52', 'b57a5ddf-b9cf-4afb-b21a-477e2a6de2a1'),
 ('39', '6', '73', '35', '8', '9', '1', '2017-12-07 01:45:08', '2017-12-07 01:45:08', '171b07bc-c067-4ff3-80fe-9a042dd7e39e'),
 ('40', '6', '74', '35', '10', '11', '1', '2017-12-07 01:45:24', '2017-12-07 01:45:24', '7f3c5cd7-ad7d-4fa2-b5c2-945edef8ff85'),
 ('41', '6', '75', '35', '12', '13', '1', '2017-12-07 01:45:40', '2017-12-07 01:45:40', '986f9b8a-02d6-4be0-92d0-4fcefba0751d'),
 ('42', '6', '76', '35', '14', '15', '1', '2017-12-07 01:45:57', '2017-12-07 01:45:57', '425d3b4b-dbf6-4628-9427-d275ffb7db0f');



DROP TABLE IF EXISTS `craft_structures`;


--
-- Schema for table `craft_structures`
--
CREATE TABLE `craft_structures` (
  `id` int(11) NOT NULL AUTO_INCREMENT,
  `maxLevels` smallint(6) unsigned DEFAULT NULL,
  `dateCreated` datetime NOT NULL,
  `dateUpdated` datetime NOT NULL,
  `uid` char(36) COLLATE utf8_unicode_ci NOT NULL DEFAULT '0',
  PRIMARY KEY (`id`)
) ENGINE=InnoDB AUTO_INCREMENT=9 DEFAULT CHARSET=utf8 COLLATE=utf8_unicode_ci;

--
-- Data for table `craft_structures`
--

INSERT INTO `craft_structures` (`id`, `maxLevels`, `dateCreated`, `dateUpdated`, `uid`) VALUES
 ('2', NULL, '2017-10-13 14:29:59', '2017-10-13 15:19:52', '53c3ea87-50d3-4318-9ed6-108079a32ba3'),
 ('3', NULL, '2017-12-04 23:13:31', '2017-12-04 23:13:41', '6f1f3db9-0c1c-46f5-92a6-a1ca8efdd0e2'),
 ('4', NULL, '2017-12-04 23:13:56', '2017-12-04 23:13:56', 'b5891750-8868-4774-9b3b-fc6768cf3b95'),
 ('5', NULL, '2017-12-04 23:14:06', '2017-12-04 23:14:06', '2d75d2ef-2f25-423b-8a6d-8a83b08c1fc7'),
 ('6', NULL, '2017-12-04 23:14:19', '2017-12-04 23:14:19', 'fef54b8e-fde1-4e5f-a874-0ccd4b963dfa'),
 ('7', NULL, '2017-12-05 17:59:04', '2017-12-05 17:59:04', 'e447d2b6-2b5f-45bf-939b-af3c5bc79709'),
 ('8', NULL, '2017-12-07 01:39:58', '2017-12-07 01:39:58', 'dd8a399e-82ca-4208-a702-348c4898ba5f');



DROP TABLE IF EXISTS `craft_supertableblocks`;


--
-- Schema for table `craft_supertableblocks`
--
CREATE TABLE `craft_supertableblocks` (
  `id` int(11) NOT NULL,
  `ownerId` int(11) NOT NULL,
  `fieldId` int(11) NOT NULL,
  `typeId` int(11) DEFAULT NULL,
  `sortOrder` smallint(6) unsigned DEFAULT NULL,
  `ownerLocale` char(12) COLLATE utf8_unicode_ci DEFAULT NULL,
  `dateCreated` datetime NOT NULL,
  `dateUpdated` datetime NOT NULL,
  `uid` char(36) COLLATE utf8_unicode_ci NOT NULL DEFAULT '0',
  PRIMARY KEY (`id`),
  KEY `craft_supertableblocks_ownerId_idx` (`ownerId`),
  KEY `craft_supertableblocks_fieldId_idx` (`fieldId`),
  KEY `craft_supertableblocks_typeId_idx` (`typeId`),
  KEY `craft_supertableblocks_sortOrder_idx` (`sortOrder`),
  KEY `craft_supertableblocks_ownerLocale_fk` (`ownerLocale`)
) ENGINE=InnoDB DEFAULT CHARSET=utf8 COLLATE=utf8_unicode_ci;

--
-- Data for table `craft_supertableblocks`
--

INSERT INTO `craft_supertableblocks` (`id`, `ownerId`, `fieldId`, `typeId`, `sortOrder`, `ownerLocale`, `dateCreated`, `dateUpdated`, `uid`) VALUES
 ('83', '48', '48', '1', '1', NULL, '2018-01-25 15:22:15', '2018-01-25 15:22:15', '20e0e279-80dc-4af6-b4af-7347161c9fc7'),
 ('84', '48', '48', '1', '2', NULL, '2018-01-25 15:22:15', '2018-01-25 15:22:15', 'f771cd90-541a-4d73-96bc-ddb5b235b8e0'),
 ('85', '48', '48', '1', '3', NULL, '2018-01-25 15:22:15', '2018-01-25 15:22:15', '9931c11f-b7e3-4b2b-9e79-a9a0386f1be7');



DROP TABLE IF EXISTS `craft_supertableblocktypes`;


--
-- Schema for table `craft_supertableblocktypes`
--
CREATE TABLE `craft_supertableblocktypes` (
  `id` int(11) NOT NULL AUTO_INCREMENT,
  `fieldId` int(11) NOT NULL,
  `fieldLayoutId` int(11) DEFAULT NULL,
  `dateCreated` datetime NOT NULL,
  `dateUpdated` datetime NOT NULL,
  `uid` char(36) COLLATE utf8_unicode_ci NOT NULL DEFAULT '0',
  PRIMARY KEY (`id`),
  KEY `craft_supertableblocktypes_fieldId_fk` (`fieldId`),
  KEY `craft_supertableblocktypes_fieldLayoutId_fk` (`fieldLayoutId`)
) ENGINE=InnoDB AUTO_INCREMENT=2 DEFAULT CHARSET=utf8 COLLATE=utf8_unicode_ci;

--
-- Data for table `craft_supertableblocktypes`
--

INSERT INTO `craft_supertableblocktypes` (`id`, `fieldId`, `fieldLayoutId`, `dateCreated`, `dateUpdated`, `uid`) VALUES
 ('1', '48', '94', '2018-01-25 15:15:38', '2018-01-25 15:15:38', 'e54b8185-5214-4bbe-b101-42c9eadb3548');



DROP TABLE IF EXISTS `craft_supertablecontent_teamimages`;


--
-- Schema for table `craft_supertablecontent_teamimages`
--
CREATE TABLE `craft_supertablecontent_teamimages` (
  `id` int(11) NOT NULL AUTO_INCREMENT,
  `elementId` int(11) NOT NULL,
  `locale` char(12) COLLATE utf8_unicode_ci NOT NULL,
  `dateCreated` datetime NOT NULL,
  `dateUpdated` datetime NOT NULL,
  `uid` char(36) COLLATE utf8_unicode_ci NOT NULL DEFAULT '0',
  PRIMARY KEY (`id`),
  UNIQUE KEY `craft_supertablecontent_teamimages_elementId_locale_unq_idx` (`elementId`,`locale`),
  KEY `craft_supertablecontent_teamimages_locale_fk` (`locale`)
) ENGINE=InnoDB AUTO_INCREMENT=4 DEFAULT CHARSET=utf8 COLLATE=utf8_unicode_ci;

--
-- Data for table `craft_supertablecontent_teamimages`
--

INSERT INTO `craft_supertablecontent_teamimages` (`id`, `elementId`, `locale`, `dateCreated`, `dateUpdated`, `uid`) VALUES
 ('1', '83', 'en_ie', '2018-01-25 15:22:15', '2018-01-25 15:22:15', '16006281-5433-49bf-9f00-e3b39b400238'),
 ('2', '84', 'en_ie', '2018-01-25 15:22:15', '2018-01-25 15:22:15', '3d07449a-5761-4213-8baa-c2f2db294e04'),
 ('3', '85', 'en_ie', '2018-01-25 15:22:15', '2018-01-25 15:22:15', 'ec30b580-0bb3-4208-b762-c7aa01c6ed20');



DROP TABLE IF EXISTS `craft_systemsettings`;


--
-- Schema for table `craft_systemsettings`
--
CREATE TABLE `craft_systemsettings` (
  `id` int(11) NOT NULL AUTO_INCREMENT,
  `category` varchar(15) COLLATE utf8_unicode_ci NOT NULL,
  `settings` text COLLATE utf8_unicode_ci,
  `dateCreated` datetime NOT NULL,
  `dateUpdated` datetime NOT NULL,
  `uid` char(36) COLLATE utf8_unicode_ci NOT NULL DEFAULT '0',
  PRIMARY KEY (`id`),
  UNIQUE KEY `craft_systemsettings_category_unq_idx` (`category`)
) ENGINE=InnoDB AUTO_INCREMENT=2 DEFAULT CHARSET=utf8 COLLATE=utf8_unicode_ci;

--
-- Data for table `craft_systemsettings`
--

INSERT INTO `craft_systemsettings` (`id`, `category`, `settings`, `dateCreated`, `dateUpdated`, `uid`) VALUES
 ('1', 'email', '{\"protocol\":\"php\",\"emailAddress\":\"david@workgroup.ie\",\"senderName\":\"FMco\"}', '2017-10-13 11:04:19', '2017-10-13 11:04:19', '9b3557b3-05de-488e-a643-c40449ad3929');



DROP TABLE IF EXISTS `craft_taggroups`;


--
-- Schema for table `craft_taggroups`
--
CREATE TABLE `craft_taggroups` (
  `id` int(11) NOT NULL AUTO_INCREMENT,
  `name` varchar(255) COLLATE utf8_unicode_ci NOT NULL,
  `handle` varchar(255) COLLATE utf8_unicode_ci NOT NULL,
  `fieldLayoutId` int(10) DEFAULT NULL,
  `dateCreated` datetime NOT NULL,
  `dateUpdated` datetime NOT NULL,
  `uid` char(36) COLLATE utf8_unicode_ci NOT NULL DEFAULT '0',
  PRIMARY KEY (`id`),
  UNIQUE KEY `craft_taggroups_name_unq_idx` (`name`),
  UNIQUE KEY `craft_taggroups_handle_unq_idx` (`handle`),
  KEY `craft_taggroups_fieldLayoutId_fk` (`fieldLayoutId`)
) ENGINE=InnoDB AUTO_INCREMENT=2 DEFAULT CHARSET=utf8 COLLATE=utf8_unicode_ci;

--
-- Data for table `craft_taggroups`
--

INSERT INTO `craft_taggroups` (`id`, `name`, `handle`, `fieldLayoutId`, `dateCreated`, `dateUpdated`, `uid`) VALUES
 ('1', 'Default', 'default', '1', '2017-10-13 11:04:19', '2017-10-13 11:04:19', 'b59c4689-c9f1-4b8d-94c5-0d9985416d2c');



DROP TABLE IF EXISTS `craft_tags`;


--
-- Schema for table `craft_tags`
--
CREATE TABLE `craft_tags` (
  `id` int(11) NOT NULL,
  `groupId` int(11) NOT NULL,
  `dateCreated` datetime NOT NULL,
  `dateUpdated` datetime NOT NULL,
  `uid` char(36) COLLATE utf8_unicode_ci NOT NULL DEFAULT '0',
  PRIMARY KEY (`id`),
  KEY `craft_tags_groupId_fk` (`groupId`)
) ENGINE=InnoDB DEFAULT CHARSET=utf8 COLLATE=utf8_unicode_ci;

DROP TABLE IF EXISTS `craft_tasks`;


--
-- Schema for table `craft_tasks`
--
CREATE TABLE `craft_tasks` (
  `id` int(11) NOT NULL AUTO_INCREMENT,
  `root` int(11) unsigned DEFAULT NULL,
  `lft` int(11) unsigned NOT NULL,
  `rgt` int(11) unsigned NOT NULL,
  `level` smallint(6) unsigned NOT NULL,
  `currentStep` int(11) unsigned DEFAULT NULL,
  `totalSteps` int(11) unsigned DEFAULT NULL,
  `status` enum('pending','error','running') COLLATE utf8_unicode_ci DEFAULT NULL,
  `type` varchar(150) COLLATE utf8_unicode_ci NOT NULL,
  `description` varchar(255) COLLATE utf8_unicode_ci DEFAULT NULL,
  `settings` mediumtext COLLATE utf8_unicode_ci,
  `dateCreated` datetime NOT NULL,
  `dateUpdated` datetime NOT NULL,
  `uid` char(36) COLLATE utf8_unicode_ci NOT NULL DEFAULT '0',
  PRIMARY KEY (`id`),
  KEY `craft_tasks_root_idx` (`root`),
  KEY `craft_tasks_lft_idx` (`lft`),
  KEY `craft_tasks_rgt_idx` (`rgt`),
  KEY `craft_tasks_level_idx` (`level`)
) ENGINE=InnoDB DEFAULT CHARSET=utf8 COLLATE=utf8_unicode_ci;

DROP TABLE IF EXISTS `craft_templatecachecriteria`;


--
-- Schema for table `craft_templatecachecriteria`
--
CREATE TABLE `craft_templatecachecriteria` (
  `id` int(11) NOT NULL AUTO_INCREMENT,
  `cacheId` int(11) NOT NULL,
  `type` varchar(150) COLLATE utf8_unicode_ci NOT NULL,
  `criteria` text COLLATE utf8_unicode_ci NOT NULL,
  PRIMARY KEY (`id`),
  KEY `craft_templatecachecriteria_cacheId_fk` (`cacheId`),
  KEY `craft_templatecachecriteria_type_idx` (`type`)
) ENGINE=InnoDB DEFAULT CHARSET=utf8 COLLATE=utf8_unicode_ci;

DROP TABLE IF EXISTS `craft_templatecacheelements`;


--
-- Schema for table `craft_templatecacheelements`
--
CREATE TABLE `craft_templatecacheelements` (
  `cacheId` int(11) NOT NULL,
  `elementId` int(11) NOT NULL,
  KEY `craft_templatecacheelements_cacheId_fk` (`cacheId`),
  KEY `craft_templatecacheelements_elementId_fk` (`elementId`)
) ENGINE=InnoDB DEFAULT CHARSET=utf8 COLLATE=utf8_unicode_ci;

DROP TABLE IF EXISTS `craft_templatecaches`;


--
-- Schema for table `craft_templatecaches`
--
CREATE TABLE `craft_templatecaches` (
  `id` int(11) NOT NULL AUTO_INCREMENT,
  `cacheKey` varchar(255) COLLATE utf8_unicode_ci NOT NULL,
  `locale` char(12) COLLATE utf8_unicode_ci NOT NULL,
  `path` varchar(255) COLLATE utf8_unicode_ci DEFAULT NULL,
  `expiryDate` datetime NOT NULL,
  `body` mediumtext COLLATE utf8_unicode_ci NOT NULL,
  PRIMARY KEY (`id`),
  KEY `craft_templatecaches_locale_fk` (`locale`),
  KEY `craft_templatecaches_cacheKey_locale_expiryDate_idx` (`cacheKey`,`locale`,`expiryDate`),
  KEY `craft_templatecaches_cacheKey_locale_expiryDate_path_idx` (`cacheKey`,`locale`,`expiryDate`,`path`)
) ENGINE=InnoDB DEFAULT CHARSET=utf8 COLLATE=utf8_unicode_ci;

DROP TABLE IF EXISTS `craft_tokens`;


--
-- Schema for table `craft_tokens`
--
CREATE TABLE `craft_tokens` (
  `id` int(11) NOT NULL AUTO_INCREMENT,
  `token` char(32) COLLATE utf8_unicode_ci NOT NULL,
  `route` text COLLATE utf8_unicode_ci,
  `usageLimit` tinyint(3) unsigned DEFAULT NULL,
  `usageCount` tinyint(3) unsigned DEFAULT NULL,
  `expiryDate` datetime NOT NULL,
  `dateCreated` datetime NOT NULL,
  `dateUpdated` datetime NOT NULL,
  `uid` char(36) COLLATE utf8_unicode_ci NOT NULL DEFAULT '0',
  PRIMARY KEY (`id`),
  UNIQUE KEY `craft_tokens_token_unq_idx` (`token`),
  KEY `craft_tokens_expiryDate_idx` (`expiryDate`)
) ENGINE=InnoDB DEFAULT CHARSET=utf8 COLLATE=utf8_unicode_ci;

DROP TABLE IF EXISTS `craft_usergroups`;


--
-- Schema for table `craft_usergroups`
--
CREATE TABLE `craft_usergroups` (
  `id` int(11) NOT NULL AUTO_INCREMENT,
  `name` varchar(255) COLLATE utf8_unicode_ci NOT NULL,
  `handle` varchar(255) COLLATE utf8_unicode_ci NOT NULL,
  `dateCreated` datetime NOT NULL,
  `dateUpdated` datetime NOT NULL,
  `uid` char(36) COLLATE utf8_unicode_ci NOT NULL DEFAULT '0',
  PRIMARY KEY (`id`),
  UNIQUE KEY `craft_usergroups_name_unq_idx` (`name`),
  UNIQUE KEY `craft_usergroups_handle_unq_idx` (`handle`)
) ENGINE=InnoDB DEFAULT CHARSET=utf8 COLLATE=utf8_unicode_ci;

DROP TABLE IF EXISTS `craft_usergroups_users`;


--
-- Schema for table `craft_usergroups_users`
--
CREATE TABLE `craft_usergroups_users` (
  `id` int(11) NOT NULL AUTO_INCREMENT,
  `groupId` int(11) NOT NULL,
  `userId` int(11) NOT NULL,
  `dateCreated` datetime NOT NULL,
  `dateUpdated` datetime NOT NULL,
  `uid` char(36) COLLATE utf8_unicode_ci NOT NULL DEFAULT '0',
  PRIMARY KEY (`id`),
  UNIQUE KEY `craft_usergroups_users_groupId_userId_unq_idx` (`groupId`,`userId`),
  KEY `craft_usergroups_users_userId_fk` (`userId`)
) ENGINE=InnoDB DEFAULT CHARSET=utf8 COLLATE=utf8_unicode_ci;

DROP TABLE IF EXISTS `craft_userpermissions`;


--
-- Schema for table `craft_userpermissions`
--
CREATE TABLE `craft_userpermissions` (
  `id` int(11) NOT NULL AUTO_INCREMENT,
  `name` varchar(255) COLLATE utf8_unicode_ci NOT NULL,
  `dateCreated` datetime NOT NULL,
  `dateUpdated` datetime NOT NULL,
  `uid` char(36) COLLATE utf8_unicode_ci NOT NULL DEFAULT '0',
  PRIMARY KEY (`id`),
  UNIQUE KEY `craft_userpermissions_name_unq_idx` (`name`)
) ENGINE=InnoDB DEFAULT CHARSET=utf8 COLLATE=utf8_unicode_ci;

DROP TABLE IF EXISTS `craft_userpermissions_usergroups`;


--
-- Schema for table `craft_userpermissions_usergroups`
--
CREATE TABLE `craft_userpermissions_usergroups` (
  `id` int(11) NOT NULL AUTO_INCREMENT,
  `permissionId` int(11) NOT NULL,
  `groupId` int(11) NOT NULL,
  `dateCreated` datetime NOT NULL,
  `dateUpdated` datetime NOT NULL,
  `uid` char(36) COLLATE utf8_unicode_ci NOT NULL DEFAULT '0',
  PRIMARY KEY (`id`),
  UNIQUE KEY `craft_userpermissions_usergroups_permissionId_groupId_unq_idx` (`permissionId`,`groupId`),
  KEY `craft_userpermissions_usergroups_groupId_fk` (`groupId`)
) ENGINE=InnoDB DEFAULT CHARSET=utf8 COLLATE=utf8_unicode_ci;

DROP TABLE IF EXISTS `craft_userpermissions_users`;


--
-- Schema for table `craft_userpermissions_users`
--
CREATE TABLE `craft_userpermissions_users` (
  `id` int(11) NOT NULL AUTO_INCREMENT,
  `permissionId` int(11) NOT NULL,
  `userId` int(11) NOT NULL,
  `dateCreated` datetime NOT NULL,
  `dateUpdated` datetime NOT NULL,
  `uid` char(36) COLLATE utf8_unicode_ci NOT NULL DEFAULT '0',
  PRIMARY KEY (`id`),
  UNIQUE KEY `craft_userpermissions_users_permissionId_userId_unq_idx` (`permissionId`,`userId`),
  KEY `craft_userpermissions_users_userId_fk` (`userId`)
) ENGINE=InnoDB DEFAULT CHARSET=utf8 COLLATE=utf8_unicode_ci;

DROP TABLE IF EXISTS `craft_users`;


--
-- Schema for table `craft_users`
--
CREATE TABLE `craft_users` (
  `id` int(11) NOT NULL,
  `username` varchar(100) COLLATE utf8_unicode_ci NOT NULL,
  `photo` varchar(100) COLLATE utf8_unicode_ci DEFAULT NULL,
  `firstName` varchar(100) COLLATE utf8_unicode_ci DEFAULT NULL,
  `lastName` varchar(100) COLLATE utf8_unicode_ci DEFAULT NULL,
  `email` varchar(255) COLLATE utf8_unicode_ci NOT NULL,
  `password` char(255) COLLATE utf8_unicode_ci DEFAULT NULL,
  `preferredLocale` char(12) COLLATE utf8_unicode_ci DEFAULT NULL,
  `weekStartDay` tinyint(1) unsigned NOT NULL DEFAULT '0',
  `admin` tinyint(1) unsigned NOT NULL DEFAULT '0',
  `client` tinyint(1) unsigned NOT NULL DEFAULT '0',
  `locked` tinyint(1) unsigned NOT NULL DEFAULT '0',
  `suspended` tinyint(1) unsigned NOT NULL DEFAULT '0',
  `pending` tinyint(1) unsigned NOT NULL DEFAULT '0',
  `archived` tinyint(1) unsigned NOT NULL DEFAULT '0',
  `lastLoginDate` datetime DEFAULT NULL,
  `lastLoginAttemptIPAddress` varchar(45) COLLATE utf8_unicode_ci DEFAULT NULL,
  `invalidLoginWindowStart` datetime DEFAULT NULL,
  `invalidLoginCount` tinyint(4) unsigned DEFAULT NULL,
  `lastInvalidLoginDate` datetime DEFAULT NULL,
  `lockoutDate` datetime DEFAULT NULL,
  `verificationCode` char(100) COLLATE utf8_unicode_ci DEFAULT NULL,
  `verificationCodeIssuedDate` datetime DEFAULT NULL,
  `unverifiedEmail` varchar(255) COLLATE utf8_unicode_ci DEFAULT NULL,
  `passwordResetRequired` tinyint(1) unsigned NOT NULL DEFAULT '0',
  `lastPasswordChangeDate` datetime DEFAULT NULL,
  `dateCreated` datetime NOT NULL,
  `dateUpdated` datetime NOT NULL,
  `uid` char(36) COLLATE utf8_unicode_ci NOT NULL DEFAULT '0',
  PRIMARY KEY (`id`),
  UNIQUE KEY `craft_users_username_unq_idx` (`username`),
  UNIQUE KEY `craft_users_email_unq_idx` (`email`),
  KEY `craft_users_verificationCode_idx` (`verificationCode`),
  KEY `craft_users_uid_idx` (`uid`),
  KEY `craft_users_preferredLocale_fk` (`preferredLocale`)
) ENGINE=InnoDB DEFAULT CHARSET=utf8 COLLATE=utf8_unicode_ci;

--
-- Data for table `craft_users`
--

INSERT INTO `craft_users` (`id`, `username`, `photo`, `firstName`, `lastName`, `email`, `password`, `preferredLocale`, `weekStartDay`, `admin`, `client`, `locked`, `suspended`, `pending`, `archived`, `lastLoginDate`, `lastLoginAttemptIPAddress`, `invalidLoginWindowStart`, `invalidLoginCount`, `lastInvalidLoginDate`, `lockoutDate`, `verificationCode`, `verificationCodeIssuedDate`, `unverifiedEmail`, `passwordResetRequired`, `lastPasswordChangeDate`, `dateCreated`, `dateUpdated`, `uid`) VALUES
 ('1', 'workgroup', NULL, '', '', 'david@workgroup.ie', '$2y$13$tSiisU.Xzu4ord4xq.50z.99xo5cf76rq.5a30Xc6ju6YQRDNDERy', NULL, '0', '1', '0', '0', '0', '0', '0', '2018-02-15 17:12:51', '::1', NULL, NULL, '2017-12-04 22:55:46', NULL, NULL, NULL, NULL, '0', '2017-10-13 11:05:55', '2017-10-13 11:04:16', '2018-02-15 17:12:51', '2a0b00d9-d0ac-447a-bb68-def4f63c6943');



DROP TABLE IF EXISTS `craft_widgets`;


--
-- Schema for table `craft_widgets`
--
CREATE TABLE `craft_widgets` (
  `id` int(11) NOT NULL AUTO_INCREMENT,
  `userId` int(11) NOT NULL,
  `type` varchar(150) COLLATE utf8_unicode_ci NOT NULL,
  `sortOrder` smallint(6) unsigned DEFAULT NULL,
  `colspan` tinyint(4) unsigned DEFAULT NULL,
  `settings` text COLLATE utf8_unicode_ci,
  `enabled` tinyint(1) unsigned NOT NULL DEFAULT '1',
  `dateCreated` datetime NOT NULL,
  `dateUpdated` datetime NOT NULL,
  `uid` char(36) COLLATE utf8_unicode_ci NOT NULL DEFAULT '0',
  PRIMARY KEY (`id`),
  KEY `craft_widgets_userId_fk` (`userId`)
) ENGINE=InnoDB AUTO_INCREMENT=5 DEFAULT CHARSET=utf8 COLLATE=utf8_unicode_ci;

--
-- Data for table `craft_widgets`
--

INSERT INTO `craft_widgets` (`id`, `userId`, `type`, `sortOrder`, `colspan`, `settings`, `enabled`, `dateCreated`, `dateUpdated`, `uid`) VALUES
 ('1', '1', 'RecentEntries', '1', NULL, NULL, '1', '2017-10-13 11:04:21', '2017-10-13 11:04:21', '8c595330-16a5-4a7a-920f-9ecabc6ab7ce'),
 ('2', '1', 'GetHelp', '2', NULL, NULL, '0', '2017-10-13 11:04:21', '2017-10-13 14:16:38', '58030859-7527-425e-a6b8-b39ea257a7a2'),
 ('3', '1', 'Updates', '3', NULL, NULL, '0', '2017-10-13 11:04:21', '2017-10-13 14:16:35', '4555e804-d83b-4e66-90c1-7724a4ba3447'),
 ('4', '1', 'Feed', '4', NULL, '{\"url\":\"https:\\/\\/craftcms.com\\/news.rss\",\"title\":\"Craft News\"}', '0', '2017-10-13 11:04:21', '2017-10-13 14:16:33', '9430b934-64b4-4422-8520-912487835846');


--
-- Constraints for tables
--


--
-- Constraints for table `craft_assetfiles`
--
ALTER TABLE `craft_assetfiles`
	ADD CONSTRAINT `craft_assetfiles_folderId_fk` FOREIGN KEY (`folderId`) REFERENCES `craft_assetfolders` (`id`) ON DELETE CASCADE,
	ADD CONSTRAINT `craft_assetfiles_id_fk` FOREIGN KEY (`id`) REFERENCES `craft_elements` (`id`) ON DELETE CASCADE,
	ADD CONSTRAINT `craft_assetfiles_sourceId_fk` FOREIGN KEY (`sourceId`) REFERENCES `craft_assetsources` (`id`) ON DELETE CASCADE;

--
-- Constraints for table `craft_assetfolders`
--
ALTER TABLE `craft_assetfolders`
	ADD CONSTRAINT `craft_assetfolders_parentId_fk` FOREIGN KEY (`parentId`) REFERENCES `craft_assetfolders` (`id`) ON DELETE CASCADE,
	ADD CONSTRAINT `craft_assetfolders_sourceId_fk` FOREIGN KEY (`sourceId`) REFERENCES `craft_assetsources` (`id`) ON DELETE CASCADE;

--
-- Constraints for table `craft_assetindexdata`
--
ALTER TABLE `craft_assetindexdata`
	ADD CONSTRAINT `craft_assetindexdata_sourceId_fk` FOREIGN KEY (`sourceId`) REFERENCES `craft_assetsources` (`id`) ON DELETE CASCADE;

--
-- Constraints for table `craft_assetsources`
--
ALTER TABLE `craft_assetsources`
	ADD CONSTRAINT `craft_assetsources_fieldLayoutId_fk` FOREIGN KEY (`fieldLayoutId`) REFERENCES `craft_fieldlayouts` (`id`) ON DELETE SET NULL;

--
-- Constraints for table `craft_categories`
--
ALTER TABLE `craft_categories`
	ADD CONSTRAINT `craft_categories_groupId_fk` FOREIGN KEY (`groupId`) REFERENCES `craft_categorygroups` (`id`) ON DELETE CASCADE,
	ADD CONSTRAINT `craft_categories_id_fk` FOREIGN KEY (`id`) REFERENCES `craft_elements` (`id`) ON DELETE CASCADE;

--
-- Constraints for table `craft_categorygroups`
--
ALTER TABLE `craft_categorygroups`
	ADD CONSTRAINT `craft_categorygroups_fieldLayoutId_fk` FOREIGN KEY (`fieldLayoutId`) REFERENCES `craft_fieldlayouts` (`id`) ON DELETE SET NULL,
	ADD CONSTRAINT `craft_categorygroups_structureId_fk` FOREIGN KEY (`structureId`) REFERENCES `craft_structures` (`id`) ON DELETE CASCADE;

--
-- Constraints for table `craft_categorygroups_i18n`
--
ALTER TABLE `craft_categorygroups_i18n`
	ADD CONSTRAINT `craft_categorygroups_i18n_groupId_fk` FOREIGN KEY (`groupId`) REFERENCES `craft_categorygroups` (`id`) ON DELETE CASCADE,
	ADD CONSTRAINT `craft_categorygroups_i18n_locale_fk` FOREIGN KEY (`locale`) REFERENCES `craft_locales` (`locale`) ON DELETE CASCADE ON UPDATE CASCADE;

--
-- Constraints for table `craft_content`
--
ALTER TABLE `craft_content`
	ADD CONSTRAINT `craft_content_elementId_fk` FOREIGN KEY (`elementId`) REFERENCES `craft_elements` (`id`) ON DELETE CASCADE,
	ADD CONSTRAINT `craft_content_locale_fk` FOREIGN KEY (`locale`) REFERENCES `craft_locales` (`locale`) ON DELETE CASCADE ON UPDATE CASCADE;

--
-- Constraints for table `craft_elements_i18n`
--
ALTER TABLE `craft_elements_i18n`
	ADD CONSTRAINT `craft_elements_i18n_elementId_fk` FOREIGN KEY (`elementId`) REFERENCES `craft_elements` (`id`) ON DELETE CASCADE,
	ADD CONSTRAINT `craft_elements_i18n_locale_fk` FOREIGN KEY (`locale`) REFERENCES `craft_locales` (`locale`) ON DELETE CASCADE ON UPDATE CASCADE;

--
-- Constraints for table `craft_emailmessages`
--
ALTER TABLE `craft_emailmessages`
	ADD CONSTRAINT `craft_emailmessages_locale_fk` FOREIGN KEY (`locale`) REFERENCES `craft_locales` (`locale`) ON DELETE CASCADE ON UPDATE CASCADE;

--
-- Constraints for table `craft_entries`
--
ALTER TABLE `craft_entries`
	ADD CONSTRAINT `craft_entries_authorId_fk` FOREIGN KEY (`authorId`) REFERENCES `craft_users` (`id`) ON DELETE CASCADE,
	ADD CONSTRAINT `craft_entries_id_fk` FOREIGN KEY (`id`) REFERENCES `craft_elements` (`id`) ON DELETE CASCADE,
	ADD CONSTRAINT `craft_entries_sectionId_fk` FOREIGN KEY (`sectionId`) REFERENCES `craft_sections` (`id`) ON DELETE CASCADE,
	ADD CONSTRAINT `craft_entries_typeId_fk` FOREIGN KEY (`typeId`) REFERENCES `craft_entrytypes` (`id`) ON DELETE CASCADE;

--
-- Constraints for table `craft_entrydrafts`
--
ALTER TABLE `craft_entrydrafts`
	ADD CONSTRAINT `craft_entrydrafts_creatorId_fk` FOREIGN KEY (`creatorId`) REFERENCES `craft_users` (`id`) ON DELETE CASCADE,
	ADD CONSTRAINT `craft_entrydrafts_entryId_fk` FOREIGN KEY (`entryId`) REFERENCES `craft_entries` (`id`) ON DELETE CASCADE,
	ADD CONSTRAINT `craft_entrydrafts_locale_fk` FOREIGN KEY (`locale`) REFERENCES `craft_locales` (`locale`) ON DELETE CASCADE ON UPDATE CASCADE,
	ADD CONSTRAINT `craft_entrydrafts_sectionId_fk` FOREIGN KEY (`sectionId`) REFERENCES `craft_sections` (`id`) ON DELETE CASCADE;

--
-- Constraints for table `craft_entrytypes`
--
ALTER TABLE `craft_entrytypes`
	ADD CONSTRAINT `craft_entrytypes_fieldLayoutId_fk` FOREIGN KEY (`fieldLayoutId`) REFERENCES `craft_fieldlayouts` (`id`) ON DELETE SET NULL,
	ADD CONSTRAINT `craft_entrytypes_sectionId_fk` FOREIGN KEY (`sectionId`) REFERENCES `craft_sections` (`id`) ON DELETE CASCADE;

--
-- Constraints for table `craft_entryversions`
--
ALTER TABLE `craft_entryversions`
	ADD CONSTRAINT `craft_entryversions_creatorId_fk` FOREIGN KEY (`creatorId`) REFERENCES `craft_users` (`id`) ON DELETE SET NULL,
	ADD CONSTRAINT `craft_entryversions_entryId_fk` FOREIGN KEY (`entryId`) REFERENCES `craft_entries` (`id`) ON DELETE CASCADE,
	ADD CONSTRAINT `craft_entryversions_locale_fk` FOREIGN KEY (`locale`) REFERENCES `craft_locales` (`locale`) ON DELETE CASCADE ON UPDATE CASCADE,
	ADD CONSTRAINT `craft_entryversions_sectionId_fk` FOREIGN KEY (`sectionId`) REFERENCES `craft_sections` (`id`) ON DELETE CASCADE;

--
-- Constraints for table `craft_fieldlayoutfields`
--
ALTER TABLE `craft_fieldlayoutfields`
	ADD CONSTRAINT `craft_fieldlayoutfields_fieldId_fk` FOREIGN KEY (`fieldId`) REFERENCES `craft_fields` (`id`) ON DELETE CASCADE,
	ADD CONSTRAINT `craft_fieldlayoutfields_layoutId_fk` FOREIGN KEY (`layoutId`) REFERENCES `craft_fieldlayouts` (`id`) ON DELETE CASCADE,
	ADD CONSTRAINT `craft_fieldlayoutfields_tabId_fk` FOREIGN KEY (`tabId`) REFERENCES `craft_fieldlayouttabs` (`id`) ON DELETE CASCADE;

--
-- Constraints for table `craft_fieldlayouttabs`
--
ALTER TABLE `craft_fieldlayouttabs`
	ADD CONSTRAINT `craft_fieldlayouttabs_layoutId_fk` FOREIGN KEY (`layoutId`) REFERENCES `craft_fieldlayouts` (`id`) ON DELETE CASCADE;

--
-- Constraints for table `craft_fields`
--
ALTER TABLE `craft_fields`
	ADD CONSTRAINT `craft_fields_groupId_fk` FOREIGN KEY (`groupId`) REFERENCES `craft_fieldgroups` (`id`) ON DELETE CASCADE;

--
-- Constraints for table `craft_globalsets`
--
ALTER TABLE `craft_globalsets`
	ADD CONSTRAINT `craft_globalsets_fieldLayoutId_fk` FOREIGN KEY (`fieldLayoutId`) REFERENCES `craft_fieldlayouts` (`id`) ON DELETE SET NULL,
	ADD CONSTRAINT `craft_globalsets_id_fk` FOREIGN KEY (`id`) REFERENCES `craft_elements` (`id`) ON DELETE CASCADE;

--
-- Constraints for table `craft_matrixblocks`
--
ALTER TABLE `craft_matrixblocks`
	ADD CONSTRAINT `craft_matrixblocks_fieldId_fk` FOREIGN KEY (`fieldId`) REFERENCES `craft_fields` (`id`) ON DELETE CASCADE,
	ADD CONSTRAINT `craft_matrixblocks_id_fk` FOREIGN KEY (`id`) REFERENCES `craft_elements` (`id`) ON DELETE CASCADE,
	ADD CONSTRAINT `craft_matrixblocks_ownerId_fk` FOREIGN KEY (`ownerId`) REFERENCES `craft_elements` (`id`) ON DELETE CASCADE,
	ADD CONSTRAINT `craft_matrixblocks_ownerLocale_fk` FOREIGN KEY (`ownerLocale`) REFERENCES `craft_locales` (`locale`) ON DELETE CASCADE ON UPDATE CASCADE,
	ADD CONSTRAINT `craft_matrixblocks_typeId_fk` FOREIGN KEY (`typeId`) REFERENCES `craft_matrixblocktypes` (`id`) ON DELETE CASCADE;

--
-- Constraints for table `craft_matrixblocktypes`
--
ALTER TABLE `craft_matrixblocktypes`
	ADD CONSTRAINT `craft_matrixblocktypes_fieldId_fk` FOREIGN KEY (`fieldId`) REFERENCES `craft_fields` (`id`) ON DELETE CASCADE,
	ADD CONSTRAINT `craft_matrixblocktypes_fieldLayoutId_fk` FOREIGN KEY (`fieldLayoutId`) REFERENCES `craft_fieldlayouts` (`id`) ON DELETE SET NULL;

--
-- Constraints for table `craft_migrations`
--
ALTER TABLE `craft_migrations`
	ADD CONSTRAINT `craft_migrations_pluginId_fk` FOREIGN KEY (`pluginId`) REFERENCES `craft_plugins` (`id`) ON DELETE CASCADE;

--
-- Constraints for table `craft_relabel`
--
ALTER TABLE `craft_relabel`
	ADD CONSTRAINT `craft_relabel_fieldId_fk` FOREIGN KEY (`fieldId`) REFERENCES `craft_fields` (`id`) ON DELETE CASCADE,
	ADD CONSTRAINT `craft_relabel_fieldLayoutId_fk` FOREIGN KEY (`fieldLayoutId`) REFERENCES `craft_fieldlayouts` (`id`) ON DELETE CASCADE;

--
-- Constraints for table `craft_relations`
--
ALTER TABLE `craft_relations`
	ADD CONSTRAINT `craft_relations_fieldId_fk` FOREIGN KEY (`fieldId`) REFERENCES `craft_fields` (`id`) ON DELETE CASCADE,
	ADD CONSTRAINT `craft_relations_sourceId_fk` FOREIGN KEY (`sourceId`) REFERENCES `craft_elements` (`id`) ON DELETE CASCADE,
	ADD CONSTRAINT `craft_relations_sourceLocale_fk` FOREIGN KEY (`sourceLocale`) REFERENCES `craft_locales` (`locale`) ON DELETE CASCADE ON UPDATE CASCADE,
	ADD CONSTRAINT `craft_relations_targetId_fk` FOREIGN KEY (`targetId`) REFERENCES `craft_elements` (`id`) ON DELETE CASCADE;

--
-- Constraints for table `craft_routes`
--
ALTER TABLE `craft_routes`
	ADD CONSTRAINT `craft_routes_locale_fk` FOREIGN KEY (`locale`) REFERENCES `craft_locales` (`locale`) ON DELETE CASCADE ON UPDATE CASCADE;

--
-- Constraints for table `craft_sections`
--
ALTER TABLE `craft_sections`
	ADD CONSTRAINT `craft_sections_structureId_fk` FOREIGN KEY (`structureId`) REFERENCES `craft_structures` (`id`) ON DELETE SET NULL;

--
-- Constraints for table `craft_sections_i18n`
--
ALTER TABLE `craft_sections_i18n`
	ADD CONSTRAINT `craft_sections_i18n_locale_fk` FOREIGN KEY (`locale`) REFERENCES `craft_locales` (`locale`) ON DELETE CASCADE ON UPDATE CASCADE,
	ADD CONSTRAINT `craft_sections_i18n_sectionId_fk` FOREIGN KEY (`sectionId`) REFERENCES `craft_sections` (`id`) ON DELETE CASCADE;

--
-- Constraints for table `craft_seomatic_meta`
--
ALTER TABLE `craft_seomatic_meta`
	ADD CONSTRAINT `craft_seomatic_meta_id_fk` FOREIGN KEY (`id`) REFERENCES `craft_elements` (`id`) ON DELETE CASCADE,
	ADD CONSTRAINT `craft_seomatic_meta_seoFacebookImageId_fk` FOREIGN KEY (`seoFacebookImageId`) REFERENCES `craft_assetfiles` (`id`) ON DELETE SET NULL,
	ADD CONSTRAINT `craft_seomatic_meta_seoImageId_fk` FOREIGN KEY (`seoImageId`) REFERENCES `craft_assetfiles` (`id`) ON DELETE SET NULL,
	ADD CONSTRAINT `craft_seomatic_meta_seoTwitterImageId_fk` FOREIGN KEY (`seoTwitterImageId`) REFERENCES `craft_assetfiles` (`id`) ON DELETE SET NULL;

--
-- Constraints for table `craft_seomatic_settings`
--
ALTER TABLE `craft_seomatic_settings`
	ADD CONSTRAINT `craft_seomatic_settings_genericCreatorImageId_fk` FOREIGN KEY (`genericCreatorImageId`) REFERENCES `craft_assetfiles` (`id`) ON DELETE SET NULL,
	ADD CONSTRAINT `craft_seomatic_settings_genericOwnerImageId_fk` FOREIGN KEY (`genericOwnerImageId`) REFERENCES `craft_assetfiles` (`id`) ON DELETE SET NULL,
	ADD CONSTRAINT `craft_seomatic_settings_siteSeoFacebookImageId_fk` FOREIGN KEY (`siteSeoFacebookImageId`) REFERENCES `craft_assetfiles` (`id`) ON DELETE SET NULL,
	ADD CONSTRAINT `craft_seomatic_settings_siteSeoImageId_fk` FOREIGN KEY (`siteSeoImageId`) REFERENCES `craft_assetfiles` (`id`) ON DELETE SET NULL,
	ADD CONSTRAINT `craft_seomatic_settings_siteSeoTwitterImageId_fk` FOREIGN KEY (`siteSeoTwitterImageId`) REFERENCES `craft_assetfiles` (`id`) ON DELETE SET NULL;

--
-- Constraints for table `craft_sessions`
--
ALTER TABLE `craft_sessions`
	ADD CONSTRAINT `craft_sessions_userId_fk` FOREIGN KEY (`userId`) REFERENCES `craft_users` (`id`) ON DELETE CASCADE;

--
-- Constraints for table `craft_shunnedmessages`
--
ALTER TABLE `craft_shunnedmessages`
	ADD CONSTRAINT `craft_shunnedmessages_userId_fk` FOREIGN KEY (`userId`) REFERENCES `craft_users` (`id`) ON DELETE CASCADE;

--
-- Constraints for table `craft_structureelements`
--
ALTER TABLE `craft_structureelements`
	ADD CONSTRAINT `craft_structureelements_elementId_fk` FOREIGN KEY (`elementId`) REFERENCES `craft_elements` (`id`) ON DELETE CASCADE,
	ADD CONSTRAINT `craft_structureelements_structureId_fk` FOREIGN KEY (`structureId`) REFERENCES `craft_structures` (`id`) ON DELETE CASCADE;

--
-- Constraints for table `craft_supertableblocks`
--
ALTER TABLE `craft_supertableblocks`
	ADD CONSTRAINT `craft_supertableblocks_fieldId_fk` FOREIGN KEY (`fieldId`) REFERENCES `craft_fields` (`id`) ON DELETE CASCADE,
	ADD CONSTRAINT `craft_supertableblocks_id_fk` FOREIGN KEY (`id`) REFERENCES `craft_elements` (`id`) ON DELETE CASCADE,
	ADD CONSTRAINT `craft_supertableblocks_ownerId_fk` FOREIGN KEY (`ownerId`) REFERENCES `craft_elements` (`id`) ON DELETE CASCADE,
	ADD CONSTRAINT `craft_supertableblocks_ownerLocale_fk` FOREIGN KEY (`ownerLocale`) REFERENCES `craft_locales` (`locale`) ON DELETE CASCADE ON UPDATE CASCADE,
	ADD CONSTRAINT `craft_supertableblocks_typeId_fk` FOREIGN KEY (`typeId`) REFERENCES `craft_supertableblocktypes` (`id`) ON DELETE CASCADE;

--
-- Constraints for table `craft_supertableblocktypes`
--
ALTER TABLE `craft_supertableblocktypes`
	ADD CONSTRAINT `craft_supertableblocktypes_fieldId_fk` FOREIGN KEY (`fieldId`) REFERENCES `craft_fields` (`id`) ON DELETE CASCADE,
	ADD CONSTRAINT `craft_supertableblocktypes_fieldLayoutId_fk` FOREIGN KEY (`fieldLayoutId`) REFERENCES `craft_fieldlayouts` (`id`) ON DELETE SET NULL;

--
-- Constraints for table `craft_supertablecontent_teamimages`
--
ALTER TABLE `craft_supertablecontent_teamimages`
	ADD CONSTRAINT `craft_supertablecontent_teamimages_elementId_fk` FOREIGN KEY (`elementId`) REFERENCES `craft_elements` (`id`) ON DELETE CASCADE,
	ADD CONSTRAINT `craft_supertablecontent_teamimages_locale_fk` FOREIGN KEY (`locale`) REFERENCES `craft_locales` (`locale`) ON DELETE CASCADE ON UPDATE CASCADE;

--
-- Constraints for table `craft_taggroups`
--
ALTER TABLE `craft_taggroups`
	ADD CONSTRAINT `craft_taggroups_fieldLayoutId_fk` FOREIGN KEY (`fieldLayoutId`) REFERENCES `craft_fieldlayouts` (`id`) ON DELETE SET NULL;

--
-- Constraints for table `craft_tags`
--
ALTER TABLE `craft_tags`
	ADD CONSTRAINT `craft_tags_groupId_fk` FOREIGN KEY (`groupId`) REFERENCES `craft_taggroups` (`id`) ON DELETE CASCADE,
	ADD CONSTRAINT `craft_tags_id_fk` FOREIGN KEY (`id`) REFERENCES `craft_elements` (`id`) ON DELETE CASCADE;

--
-- Constraints for table `craft_templatecachecriteria`
--
ALTER TABLE `craft_templatecachecriteria`
	ADD CONSTRAINT `craft_templatecachecriteria_cacheId_fk` FOREIGN KEY (`cacheId`) REFERENCES `craft_templatecaches` (`id`) ON DELETE CASCADE;

--
-- Constraints for table `craft_templatecacheelements`
--
ALTER TABLE `craft_templatecacheelements`
	ADD CONSTRAINT `craft_templatecacheelements_cacheId_fk` FOREIGN KEY (`cacheId`) REFERENCES `craft_templatecaches` (`id`) ON DELETE CASCADE,
	ADD CONSTRAINT `craft_templatecacheelements_elementId_fk` FOREIGN KEY (`elementId`) REFERENCES `craft_elements` (`id`) ON DELETE CASCADE;

--
-- Constraints for table `craft_templatecaches`
--
ALTER TABLE `craft_templatecaches`
	ADD CONSTRAINT `craft_templatecaches_locale_fk` FOREIGN KEY (`locale`) REFERENCES `craft_locales` (`locale`) ON DELETE CASCADE ON UPDATE CASCADE;

--
-- Constraints for table `craft_usergroups_users`
--
ALTER TABLE `craft_usergroups_users`
	ADD CONSTRAINT `craft_usergroups_users_groupId_fk` FOREIGN KEY (`groupId`) REFERENCES `craft_usergroups` (`id`) ON DELETE CASCADE,
	ADD CONSTRAINT `craft_usergroups_users_userId_fk` FOREIGN KEY (`userId`) REFERENCES `craft_users` (`id`) ON DELETE CASCADE;

--
-- Constraints for table `craft_userpermissions_usergroups`
--
ALTER TABLE `craft_userpermissions_usergroups`
	ADD CONSTRAINT `craft_userpermissions_usergroups_groupId_fk` FOREIGN KEY (`groupId`) REFERENCES `craft_usergroups` (`id`) ON DELETE CASCADE,
	ADD CONSTRAINT `craft_userpermissions_usergroups_permissionId_fk` FOREIGN KEY (`permissionId`) REFERENCES `craft_userpermissions` (`id`) ON DELETE CASCADE;

--
-- Constraints for table `craft_userpermissions_users`
--
ALTER TABLE `craft_userpermissions_users`
	ADD CONSTRAINT `craft_userpermissions_users_permissionId_fk` FOREIGN KEY (`permissionId`) REFERENCES `craft_userpermissions` (`id`) ON DELETE CASCADE,
	ADD CONSTRAINT `craft_userpermissions_users_userId_fk` FOREIGN KEY (`userId`) REFERENCES `craft_users` (`id`) ON DELETE CASCADE;

--
-- Constraints for table `craft_users`
--
ALTER TABLE `craft_users`
	ADD CONSTRAINT `craft_users_id_fk` FOREIGN KEY (`id`) REFERENCES `craft_elements` (`id`) ON DELETE CASCADE,
	ADD CONSTRAINT `craft_users_preferredLocale_fk` FOREIGN KEY (`preferredLocale`) REFERENCES `craft_locales` (`locale`) ON DELETE SET NULL ON UPDATE CASCADE;

--
-- Constraints for table `craft_widgets`
--
ALTER TABLE `craft_widgets`
	ADD CONSTRAINT `craft_widgets_userId_fk` FOREIGN KEY (`userId`) REFERENCES `craft_users` (`id`) ON DELETE CASCADE;

SET FOREIGN_KEY_CHECKS = 1;
