-- Generated by Craft v2.6.3005 on 15 Feb 2018, 5:45:28 p.m..

--
-- Disable foreign key checks and autocommit.
--

SET FOREIGN_KEY_CHECKS = 0;
SET SQL_MODE = "NO_AUTO_VALUE_ON_ZERO";
SET AUTOCOMMIT = 0;
SET NAMES utf8;


DROP TABLE IF EXISTS `craft_assetfiles`;


--
-- Schema for table `craft_assetfiles`
--
CREATE TABLE `craft_assetfiles` (
  `id` int(11) NOT NULL,
  `sourceId` int(11) DEFAULT NULL,
  `folderId` int(11) NOT NULL,
  `filename` varchar(255) COLLATE utf8_unicode_ci NOT NULL,
  `kind` varchar(50) COLLATE utf8_unicode_ci NOT NULL DEFAULT 'unknown',
  `width` int(11) unsigned DEFAULT NULL,
  `height` int(11) unsigned DEFAULT NULL,
  `size` bigint(20) unsigned DEFAULT NULL,
  `dateModified` datetime DEFAULT NULL,
  `dateCreated` datetime NOT NULL,
  `dateUpdated` datetime NOT NULL,
  `uid` char(36) COLLATE utf8_unicode_ci NOT NULL DEFAULT '0',
  PRIMARY KEY (`id`),
  UNIQUE KEY `craft_assetfiles_filename_folderId_unq_idx` (`filename`,`folderId`),
  KEY `craft_assetfiles_sourceId_fk` (`sourceId`),
  KEY `craft_assetfiles_folderId_fk` (`folderId`)
) ENGINE=InnoDB DEFAULT CHARSET=utf8 COLLATE=utf8_unicode_ci;

--
-- Data for table `craft_assetfiles`
--

INSERT INTO `craft_assetfiles` (`id`, `sourceId`, `folderId`, `filename`, `kind`, `width`, `height`, `size`, `dateModified`, `dateCreated`, `dateUpdated`, `uid`) VALUES
 ('77', '4', '4', 'dw-about.jpg', 'image', '2892', '2826', '203604', '2017-12-07 13:43:45', '2017-12-07 13:26:17', '2018-01-26 09:35:21', 'a051c7ac-36c8-4c72-bf13-c85a463591dc'),
 ('78', '4', '4', 'dw-careers.jpg', 'image', '1433', '942', '56577', '2017-12-07 13:24:57', '2017-12-07 13:26:17', '2018-01-26 09:35:21', '2d8cb96e-dbc1-4a91-8d88-b96379229990'),
 ('79', '4', '4', 'dw-careers-alt.jpg', 'image', '2139', '2139', '216606', '2017-12-07 13:43:01', '2017-12-07 13:33:53', '2018-01-26 09:35:21', 'a545b80f-823e-41fb-92b8-4cc9c7f09a65'),
 ('80', '4', '4', 'home-bg.jpg', 'image', '6292', '3966', '883055', '2017-12-07 13:51:04', '2018-01-25 15:18:01', '2018-01-26 09:35:23', '715c0335-ac3c-47c2-b41a-317ffb1df35b'),
 ('81', '1', '1', 'photo.jpg', 'image', '2400', '1599', '206755', '2018-01-25 15:02:39', '2018-01-25 15:21:30', '2018-01-26 09:35:18', 'cc12a4bd-f252-4d84-a484-02a7758e9591'),
 ('82', '1', '1', 'photo1.jpg', 'image', '2400', '1599', '245964', '2018-01-25 15:21:00', '2018-01-25 15:21:30', '2018-01-26 09:35:19', '06b5b554-371a-47f2-b966-a8938d3d61b9'),
 ('86', '4', '4', 'dw-services-data.png', 'image', '100', '100', '4564', '2018-01-26 09:31:18', '2018-01-25 23:33:14', '2018-01-26 09:35:21', '4b3c369e-ca10-42d7-adb5-44655e6b86de'),
 ('87', '4', '4', 'dw-services-identity.png', 'image', '100', '100', '2979', '2018-01-26 09:31:18', '2018-01-25 23:33:14', '2018-01-26 09:35:22', '1a445539-9c41-4b44-9921-69a0ec8a00d5'),
 ('88', '4', '4', 'dw-services-leaderboards.png', 'image', '100', '100', '524', '2018-01-26 09:31:18', '2018-01-25 23:33:15', '2018-01-26 09:35:22', 'c40f2b75-293e-4f54-a316-0d52c1fe14c5'),
 ('89', '4', '4', 'dw-services-matchmaking.png', 'image', '100', '100', '4510', '2018-01-26 09:31:18', '2018-01-25 23:33:15', '2018-01-26 09:35:22', '506e0db3-f9ad-4fe4-83c5-e584852caab3'),
 ('90', '4', '4', 'dw-services-microtransactions.png', 'image', '100', '100', '5848', '2018-01-26 09:31:18', '2018-01-25 23:33:15', '2018-01-26 09:35:22', '49c8a7d9-36b4-40c9-af8d-0e2bcfab56d7'),
 ('91', '1', '1', 'dw-loc-01.jpg', 'image', '2000', '2000', '392192', '2018-01-26 09:31:18', '2018-01-25 23:50:37', '2018-01-26 09:35:18', '327ea6e2-9594-4eea-9462-52d88449b70d'),
 ('92', '1', '1', 'dw-loc-02.jpg', 'image', '2000', '1335', '339544', '2018-01-26 09:31:18', '2018-01-25 23:50:38', '2018-01-26 09:35:18', '0556742e-8ad3-44af-a607-c2fcd9f1ae30'),
 ('93', '1', '1', 'dw-loc-03.jpg', 'image', '957', '1431', '218494', '2018-01-26 09:31:18', '2018-01-25 23:50:38', '2018-01-26 09:35:19', 'f391de4d-7e27-4a48-8cb1-e1bb1f8b16f0'),
 ('94', '1', '1', 'team-brendan.jpg', 'image', '1232', '821', '73802', '2018-01-26 09:33:51', '2018-01-26 09:35:19', '2018-01-26 09:35:19', 'f997e9d5-aa5d-4081-b715-3bdb9e9f9426'),
 ('95', '1', '1', 'team-colin.jpg', 'image', '1232', '821', '79955', '2018-01-26 09:34:04', '2018-01-26 09:35:19', '2018-01-26 09:35:19', '22df99d8-67aa-4004-8532-965f2737ee31'),
 ('96', '1', '1', 'team-mike.jpg', 'image', '1232', '821', '102565', '2018-01-26 09:34:28', '2018-01-26 09:35:20', '2018-01-26 09:35:20', 'ca3d46e6-16bd-473f-89b6-470dcd1ad34e'),
 ('97', '1', '1', 'team-nadia.jpg', 'image', '1232', '821', '109248', '2018-01-26 09:34:19', '2018-01-26 09:35:20', '2018-01-26 09:35:20', 'a0ac3c6c-c76e-4a02-9515-5e2d6a6dfc54'),
 ('98', '1', '1', 'team-suzanne.jpg', 'image', '1232', '821', '128123', '2018-01-26 09:34:45', '2018-01-26 09:35:20', '2018-01-26 09:35:20', '7b18eb39-b259-48bb-b6b9-4b23b84a5e2f'),
 ('99', '1', '1', 'team-tendayi.jpg', 'image', '1232', '821', '66994', '2018-01-26 09:34:59', '2018-01-26 09:35:20', '2018-01-26 09:35:20', '4b0bbe30-d640-4d66-8036-a832572db4d5'),
 ('100', '1', '1', 'case.csv', 'unknown', NULL, NULL, '74951', '2018-02-15 17:39:55', '2018-02-15 17:39:55', '2018-02-15 17:39:55', 'eb3a85a7-b58c-4a9f-9a93-4f6597b1d8b4'),
 ('101', '5', '5', 'case.csv', 'unknown', NULL, NULL, '74951', '2018-02-15 17:44:10', '2018-02-15 17:44:10', '2018-02-15 17:44:10', '3edbe71a-ee6a-4cb9-88d3-a36d0f390dc4'),
 ('142', '5', '5', 'team.csv', 'unknown', NULL, NULL, '16262', '2018-02-15 17:45:11', '2018-02-15 17:45:12', '2018-02-15 17:45:12', '2625d376-e23a-4d22-9f9a-17ef2c7fe739');



DROP TABLE IF EXISTS `craft_assetfolders`;


--
-- Schema for table `craft_assetfolders`
--
CREATE TABLE `craft_assetfolders` (
  `id` int(11) NOT NULL AUTO_INCREMENT,
  `parentId` int(11) DEFAULT NULL,
  `sourceId` int(11) DEFAULT NULL,
  `name` varchar(255) COLLATE utf8_unicode_ci NOT NULL,
  `path` varchar(255) COLLATE utf8_unicode_ci DEFAULT NULL,
  `dateCreated` datetime NOT NULL,
  `dateUpdated` datetime NOT NULL,
  `uid` char(36) COLLATE utf8_unicode_ci NOT NULL DEFAULT '0',
  PRIMARY KEY (`id`),
  UNIQUE KEY `craft_assetfolders_name_parentId_sourceId_unq_idx` (`name`,`parentId`,`sourceId`),
  KEY `craft_assetfolders_parentId_fk` (`parentId`),
  KEY `craft_assetfolders_sourceId_fk` (`sourceId`)
) ENGINE=InnoDB AUTO_INCREMENT=6 DEFAULT CHARSET=utf8 COLLATE=utf8_unicode_ci;

--
-- Data for table `craft_assetfolders`
--

INSERT INTO `craft_assetfolders` (`id`, `parentId`, `sourceId`, `name`, `path`, `dateCreated`, `dateUpdated`, `uid`) VALUES
 ('1', NULL, '1', 'Case Study Images', '', '2017-10-13 15:38:54', '2018-02-15 17:41:56', 'e86685ec-df57-485a-8fa6-c608e19c2e8b'),
 ('4', NULL, '4', 'Team Images', '', '2017-11-21 22:40:49', '2018-02-15 17:42:10', '2bae5e4b-b55b-414b-922d-19cac288956b'),
 ('5', NULL, '5', 'Imports', '', '2018-02-15 17:43:15', '2018-02-15 17:43:15', '83199999-af4a-4f60-a4ba-ed46f9b8309d');



DROP TABLE IF EXISTS `craft_assetindexdata`;


--
-- Schema for table `craft_assetindexdata`
--
CREATE TABLE `craft_assetindexdata` (
  `id` int(11) NOT NULL AUTO_INCREMENT,
  `sessionId` varchar(36) COLLATE utf8_unicode_ci NOT NULL DEFAULT '',
  `sourceId` int(10) NOT NULL,
  `offset` int(10) NOT NULL,
  `uri` varchar(255) COLLATE utf8_unicode_ci DEFAULT NULL,
  `size` varchar(255) COLLATE utf8_unicode_ci DEFAULT NULL,
  `recordId` int(10) DEFAULT NULL,
  `dateCreated` datetime NOT NULL,
  `dateUpdated` datetime NOT NULL,
  `uid` char(36) COLLATE utf8_unicode_ci NOT NULL DEFAULT '0',
  PRIMARY KEY (`id`),
  UNIQUE KEY `craft_assetindexdata_sessionId_sourceId_offset_unq_idx` (`sessionId`,`sourceId`,`offset`),
  KEY `craft_assetindexdata_sourceId_fk` (`sourceId`)
) ENGINE=InnoDB DEFAULT CHARSET=utf8 COLLATE=utf8_unicode_ci;

DROP TABLE IF EXISTS `craft_assetsources`;


--
-- Schema for table `craft_assetsources`
--
CREATE TABLE `craft_assetsources` (
  `id` int(11) NOT NULL AUTO_INCREMENT,
  `name` varchar(255) COLLATE utf8_unicode_ci NOT NULL,
  `handle` varchar(255) COLLATE utf8_unicode_ci NOT NULL,
  `type` varchar(150) COLLATE utf8_unicode_ci NOT NULL,
  `settings` text COLLATE utf8_unicode_ci,
  `sortOrder` smallint(6) unsigned DEFAULT NULL,
  `fieldLayoutId` int(10) DEFAULT NULL,
  `dateCreated` datetime NOT NULL,
  `dateUpdated` datetime NOT NULL,
  `uid` char(36) COLLATE utf8_unicode_ci NOT NULL DEFAULT '0',
  PRIMARY KEY (`id`),
  UNIQUE KEY `craft_assetsources_name_unq_idx` (`name`),
  UNIQUE KEY `craft_assetsources_handle_unq_idx` (`handle`),
  KEY `craft_assetsources_fieldLayoutId_fk` (`fieldLayoutId`)
) ENGINE=InnoDB AUTO_INCREMENT=6 DEFAULT CHARSET=utf8 COLLATE=utf8_unicode_ci;

--
-- Data for table `craft_assetsources`
--

INSERT INTO `craft_assetsources` (`id`, `name`, `handle`, `type`, `settings`, `sortOrder`, `fieldLayoutId`, `dateCreated`, `dateUpdated`, `uid`) VALUES
 ('1', 'Case Study Images', 'case', 'Local', '{\"path\":\"images\\/case\\/\",\"publicURLs\":\"1\",\"url\":\"http:\\/\\/localhost:8888\\/459001-Sonica\\/images\\/case\\/\"}', '1', '99', '2017-10-13 15:38:54', '2018-02-15 17:41:56', 'f88325b7-718b-4c26-8fe4-b7276e954cc2'),
 ('4', 'Team Images', 'team', 'Local', '{\"path\":\"images\\/team\\/\",\"publicURLs\":\"1\",\"url\":\"http:\\/\\/localhost:8888\\/459001-Sonica\\/images\\/team\\/\"}', '4', '100', '2017-11-21 22:40:49', '2018-02-15 17:42:10', 'e8231238-0960-41d2-b3f8-d42398e451e1'),
 ('5', 'Imports', 'imports', 'Local', '{\"path\":\"imports\\/\",\"publicURLs\":\"1\",\"url\":\"http:\\/\\/localhost:8888\\/459001-Sonica\\/imports\\/\"}', '5', '101', '2018-02-15 17:43:15', '2018-02-15 17:43:15', '15f4773a-2dfe-4e9e-a0ed-1eb282966dfa');



DROP TABLE IF EXISTS `craft_assettransformindex`;


--
-- Schema for table `craft_assettransformindex`
--
CREATE TABLE `craft_assettransformindex` (
  `id` int(11) NOT NULL AUTO_INCREMENT,
  `fileId` int(11) NOT NULL,
  `filename` varchar(255) COLLATE utf8_unicode_ci DEFAULT NULL,
  `format` varchar(255) COLLATE utf8_unicode_ci DEFAULT NULL,
  `location` varchar(255) COLLATE utf8_unicode_ci NOT NULL,
  `sourceId` int(11) DEFAULT NULL,
  `fileExists` tinyint(1) DEFAULT NULL,
  `inProgress` tinyint(1) DEFAULT NULL,
  `dateIndexed` datetime DEFAULT NULL,
  `dateCreated` datetime NOT NULL,
  `dateUpdated` datetime NOT NULL,
  `uid` char(36) COLLATE utf8_unicode_ci NOT NULL DEFAULT '0',
  PRIMARY KEY (`id`),
  KEY `craft_assettransformindex_sourceId_fileId_location_idx` (`sourceId`,`fileId`,`location`)
) ENGINE=InnoDB DEFAULT CHARSET=utf8 COLLATE=utf8_unicode_ci;

DROP TABLE IF EXISTS `craft_assettransforms`;


--
-- Schema for table `craft_assettransforms`
--
CREATE TABLE `craft_assettransforms` (
  `id` int(11) NOT NULL AUTO_INCREMENT,
  `name` varchar(255) COLLATE utf8_unicode_ci NOT NULL,
  `handle` varchar(255) COLLATE utf8_unicode_ci NOT NULL,
  `mode` enum('stretch','fit','crop') COLLATE utf8_unicode_ci NOT NULL DEFAULT 'crop',
  `position` enum('top-left','top-center','top-right','center-left','center-center','center-right','bottom-left','bottom-center','bottom-right') COLLATE utf8_unicode_ci NOT NULL DEFAULT 'center-center',
  `height` int(10) DEFAULT NULL,
  `width` int(10) DEFAULT NULL,
  `format` varchar(255) COLLATE utf8_unicode_ci DEFAULT NULL,
  `quality` int(10) DEFAULT NULL,
  `dimensionChangeTime` datetime DEFAULT NULL,
  `dateCreated` datetime NOT NULL,
  `dateUpdated` datetime NOT NULL,
  `uid` char(36) COLLATE utf8_unicode_ci NOT NULL DEFAULT '0',
  PRIMARY KEY (`id`),
  UNIQUE KEY `craft_assettransforms_name_unq_idx` (`name`),
  UNIQUE KEY `craft_assettransforms_handle_unq_idx` (`handle`)
) ENGINE=InnoDB DEFAULT CHARSET=utf8 COLLATE=utf8_unicode_ci;

DROP TABLE IF EXISTS `craft_categories`;


--
-- Schema for table `craft_categories`
--
CREATE TABLE `craft_categories` (
  `id` int(11) NOT NULL,
  `groupId` int(11) NOT NULL,
  `dateCreated` datetime NOT NULL,
  `dateUpdated` datetime NOT NULL,
  `uid` char(36) COLLATE utf8_unicode_ci NOT NULL DEFAULT '0',
  PRIMARY KEY (`id`),
  KEY `craft_categories_groupId_fk` (`groupId`)
) ENGINE=InnoDB DEFAULT CHARSET=utf8 COLLATE=utf8_unicode_ci;

DROP TABLE IF EXISTS `craft_categorygroups`;


--
-- Schema for table `craft_categorygroups`
--
CREATE TABLE `craft_categorygroups` (
  `id` int(11) NOT NULL AUTO_INCREMENT,
  `structureId` int(11) NOT NULL,
  `fieldLayoutId` int(11) DEFAULT NULL,
  `name` varchar(255) COLLATE utf8_unicode_ci NOT NULL,
  `handle` varchar(255) COLLATE utf8_unicode_ci NOT NULL,
  `hasUrls` tinyint(1) unsigned NOT NULL DEFAULT '1',
  `template` varchar(500) COLLATE utf8_unicode_ci DEFAULT NULL,
  `dateCreated` datetime NOT NULL,
  `dateUpdated` datetime NOT NULL,
  `uid` char(36) COLLATE utf8_unicode_ci NOT NULL DEFAULT '0',
  PRIMARY KEY (`id`),
  UNIQUE KEY `craft_categorygroups_name_unq_idx` (`name`),
  UNIQUE KEY `craft_categorygroups_handle_unq_idx` (`handle`),
  KEY `craft_categorygroups_structureId_fk` (`structureId`),
  KEY `craft_categorygroups_fieldLayoutId_fk` (`fieldLayoutId`)
) ENGINE=InnoDB DEFAULT CHARSET=utf8 COLLATE=utf8_unicode_ci;

DROP TABLE IF EXISTS `craft_categorygroups_i18n`;


--
-- Schema for table `craft_categorygroups_i18n`
--
CREATE TABLE `craft_categorygroups_i18n` (
  `id` int(11) NOT NULL AUTO_INCREMENT,
  `groupId` int(11) NOT NULL,
  `locale` char(12) COLLATE utf8_unicode_ci NOT NULL,
  `urlFormat` text COLLATE utf8_unicode_ci,
  `nestedUrlFormat` text COLLATE utf8_unicode_ci,
  `dateCreated` datetime NOT NULL,
  `dateUpdated` datetime NOT NULL,
  `uid` char(36) COLLATE utf8_unicode_ci NOT NULL DEFAULT '0',
  PRIMARY KEY (`id`),
  UNIQUE KEY `craft_categorygroups_i18n_groupId_locale_unq_idx` (`groupId`,`locale`),
  KEY `craft_categorygroups_i18n_locale_fk` (`locale`)
) ENGINE=InnoDB DEFAULT CHARSET=utf8 COLLATE=utf8_unicode_ci;

DROP TABLE IF EXISTS `craft_content`;


--
-- Schema for table `craft_content`
--
CREATE TABLE `craft_content` (
  `id` int(11) NOT NULL AUTO_INCREMENT,
  `elementId` int(11) NOT NULL,
  `locale` char(12) COLLATE utf8_unicode_ci NOT NULL,
  `title` varchar(255) COLLATE utf8_unicode_ci DEFAULT NULL,
  `field_meta` text COLLATE utf8_unicode_ci,
  `field_location` text COLLATE utf8_unicode_ci,
  `field_details` text COLLATE utf8_unicode_ci,
  `field_size` text COLLATE utf8_unicode_ci,
  `field_timescale` text COLLATE utf8_unicode_ci,
  `field_features` text COLLATE utf8_unicode_ci,
  `field_quote` text COLLATE utf8_unicode_ci,
  `field_quoteAttribution` text COLLATE utf8_unicode_ci,
  `field_role` text COLLATE utf8_unicode_ci,
  `field_myJob` text COLLATE utf8_unicode_ci,
  `field_whySonica` text COLLATE utf8_unicode_ci,
  `field_whatILoveDoing` text COLLATE utf8_unicode_ci,
  `field_email` text COLLATE utf8_unicode_ci,
  `dateCreated` datetime NOT NULL,
  `dateUpdated` datetime NOT NULL,
  `uid` char(36) COLLATE utf8_unicode_ci NOT NULL DEFAULT '0',
  PRIMARY KEY (`id`),
  UNIQUE KEY `craft_content_elementId_locale_unq_idx` (`elementId`,`locale`),
  KEY `craft_content_title_idx` (`title`),
  KEY `craft_content_locale_fk` (`locale`)
) ENGINE=InnoDB AUTO_INCREMENT=140 DEFAULT CHARSET=utf8 COLLATE=utf8_unicode_ci;

--
-- Data for table `craft_content`
--

INSERT INTO `craft_content` (`id`, `elementId`, `locale`, `title`, `field_meta`, `field_location`, `field_details`, `field_size`, `field_timescale`, `field_features`, `field_quote`, `field_quoteAttribution`, `field_role`, `field_myJob`, `field_whySonica`, `field_whatILoveDoing`, `field_email`, `dateCreated`, `dateUpdated`, `uid`) VALUES
 ('1', '1', 'en_ie', NULL, NULL, NULL, NULL, NULL, NULL, NULL, NULL, NULL, NULL, NULL, NULL, NULL, NULL, '2017-10-13 11:04:16', '2017-10-13 11:05:55', '3bd24037-549e-4ee3-9c59-483681b74106'),
 ('9', '9', 'en_ie', NULL, NULL, NULL, NULL, NULL, NULL, NULL, NULL, NULL, NULL, NULL, NULL, NULL, NULL, '2017-10-13 14:23:03', '2017-12-04 23:29:49', '23ceb2a8-db4f-45df-9dfb-1ce352e6d976'),
 ('77', '77', 'en_ie', 'Dw About', NULL, NULL, NULL, NULL, NULL, NULL, NULL, NULL, NULL, NULL, NULL, NULL, NULL, '2017-12-07 13:26:17', '2018-01-26 09:35:21', '84d039fc-d009-4ce3-8d78-9e77672bc7e3'),
 ('78', '78', 'en_ie', 'Dw Careers', NULL, NULL, NULL, NULL, NULL, NULL, NULL, NULL, NULL, NULL, NULL, NULL, NULL, '2017-12-07 13:26:17', '2018-01-26 09:35:21', '97d080ce-2465-4743-b5b8-12092f62db46'),
 ('79', '79', 'en_ie', 'Dw Careers Alt', NULL, NULL, NULL, NULL, NULL, NULL, NULL, NULL, NULL, NULL, NULL, NULL, NULL, '2017-12-07 13:33:53', '2018-01-26 09:35:21', '7b3d7a9f-229d-4b06-85ed-aea2687a382d'),
 ('80', '80', 'en_ie', 'Home Bg', NULL, NULL, NULL, NULL, NULL, NULL, NULL, NULL, NULL, NULL, NULL, NULL, NULL, '2018-01-25 15:18:00', '2018-01-26 09:35:23', 'ac4ee328-5907-4083-abe9-dc5dc6f2c086'),
 ('81', '81', 'en_ie', 'Photo', NULL, NULL, NULL, NULL, NULL, NULL, NULL, NULL, NULL, NULL, NULL, NULL, NULL, '2018-01-25 15:21:30', '2018-01-26 09:35:18', '16b95ace-8b19-441a-b20c-1998118c0f42'),
 ('82', '82', 'en_ie', 'Photo1', NULL, NULL, NULL, NULL, NULL, NULL, NULL, NULL, NULL, NULL, NULL, NULL, NULL, '2018-01-25 15:21:30', '2018-01-26 09:35:19', 'de1926f6-c041-42e3-ae59-96ea5ca88702'),
 ('83', '86', 'en_ie', 'Dw Services Data', NULL, NULL, NULL, NULL, NULL, NULL, NULL, NULL, NULL, NULL, NULL, NULL, NULL, '2018-01-25 23:33:14', '2018-01-26 09:35:21', '6a5b8a6d-ae15-464d-9475-e0cbbe973ed4'),
 ('84', '87', 'en_ie', 'Dw Services Identity', NULL, NULL, NULL, NULL, NULL, NULL, NULL, NULL, NULL, NULL, NULL, NULL, NULL, '2018-01-25 23:33:14', '2018-01-26 09:35:22', '487d776c-eef2-4ee8-9d12-446a64e65b3d'),
 ('85', '88', 'en_ie', 'Dw Services Leaderboards', NULL, NULL, NULL, NULL, NULL, NULL, NULL, NULL, NULL, NULL, NULL, NULL, NULL, '2018-01-25 23:33:15', '2018-01-26 09:35:22', '9ab8da33-4cff-41b4-973d-20b99f454b7c'),
 ('86', '89', 'en_ie', 'Dw Services Matchmaking', NULL, NULL, NULL, NULL, NULL, NULL, NULL, NULL, NULL, NULL, NULL, NULL, NULL, '2018-01-25 23:33:15', '2018-01-26 09:35:22', '7c1c2b67-357a-4be2-9bf3-845195bc77ea'),
 ('87', '90', 'en_ie', 'Dw Services Microtransactions', NULL, NULL, NULL, NULL, NULL, NULL, NULL, NULL, NULL, NULL, NULL, NULL, NULL, '2018-01-25 23:33:15', '2018-01-26 09:35:22', 'c6efa5fb-e114-42e7-8900-ca1ab12b77f1'),
 ('88', '91', 'en_ie', 'Dw Loc 01', NULL, NULL, NULL, NULL, NULL, NULL, NULL, NULL, NULL, NULL, NULL, NULL, NULL, '2018-01-25 23:50:37', '2018-01-26 09:35:18', '94103fbe-4ec4-45f0-aa3d-e9219f28d4fb'),
 ('89', '92', 'en_ie', 'Dw Loc 02', NULL, NULL, NULL, NULL, NULL, NULL, NULL, NULL, NULL, NULL, NULL, NULL, NULL, '2018-01-25 23:50:38', '2018-01-26 09:35:18', '16e8fa3c-38be-47dc-8c9c-15e4f6f5f6b6'),
 ('90', '93', 'en_ie', 'Dw Loc 03', NULL, NULL, NULL, NULL, NULL, NULL, NULL, NULL, NULL, NULL, NULL, NULL, NULL, '2018-01-25 23:50:38', '2018-01-26 09:35:19', '02a26803-dc37-44be-9d9b-754f119740fb'),
 ('91', '94', 'en_ie', 'Team Brendan', NULL, NULL, NULL, NULL, NULL, NULL, NULL, NULL, NULL, NULL, NULL, NULL, NULL, '2018-01-26 09:35:19', '2018-01-26 09:35:19', 'c5ba1912-4762-4da1-b496-65dc4b1d9a06'),
 ('92', '95', 'en_ie', 'Team Colin', NULL, NULL, NULL, NULL, NULL, NULL, NULL, NULL, NULL, NULL, NULL, NULL, NULL, '2018-01-26 09:35:19', '2018-01-26 09:35:19', 'c3f3c88d-0d4e-4a07-acf9-d6fd20b0dab5'),
 ('93', '96', 'en_ie', 'Team Mike', NULL, NULL, NULL, NULL, NULL, NULL, NULL, NULL, NULL, NULL, NULL, NULL, NULL, '2018-01-26 09:35:19', '2018-01-26 09:35:20', '4bde89a6-dd64-45f4-8a65-db6d5cc7825a'),
 ('94', '97', 'en_ie', 'Team Nadia', NULL, NULL, NULL, NULL, NULL, NULL, NULL, NULL, NULL, NULL, NULL, NULL, NULL, '2018-01-26 09:35:20', '2018-01-26 09:35:20', '2e442b25-7f9a-415a-8e3b-b019bc84baf2'),
 ('95', '98', 'en_ie', 'Team Suzanne', NULL, NULL, NULL, NULL, NULL, NULL, NULL, NULL, NULL, NULL, NULL, NULL, NULL, '2018-01-26 09:35:20', '2018-01-26 09:35:20', '6a4951be-c226-404f-a018-a2adc0cd9f54'),
 ('96', '99', 'en_ie', 'Team Tendayi', NULL, NULL, NULL, NULL, NULL, NULL, NULL, NULL, NULL, NULL, NULL, NULL, NULL, '2018-01-26 09:35:20', '2018-01-26 09:35:20', '514ac233-c828-40a2-a6ad-7f308f85df13'),
 ('97', '100', 'en_ie', 'Case', NULL, NULL, NULL, NULL, NULL, NULL, NULL, NULL, NULL, NULL, NULL, NULL, NULL, '2018-02-15 17:39:55', '2018-02-15 17:39:55', 'c55375a0-377a-4a52-bc5f-02773e58bb4c'),
 ('98', '101', 'en_ie', 'Case', NULL, NULL, NULL, NULL, NULL, NULL, NULL, NULL, NULL, NULL, NULL, NULL, NULL, '2018-02-15 17:44:10', '2018-02-15 17:44:10', 'f1bf98b0-85b9-48a7-899e-7b50ba83c325'),
 ('99', '102', 'en_ie', '21 Charlemont', NULL, 'Dublin 2', 'Rohan Holdings is a leader in the complex business of developing prestige offices, high quality business parks and industrial premises. With over 40 years’ experience in land acquisition, design, planning, construction and tenant fit out, Rohan Holdings have a respected proven track record of delivering projects on time, within budget and to their clients’ satisfaction.\n\nWorking in the shell of the newly completed 21 Charlemont Place Office Block, our brief was to take the “Grey Box” finish to full Landlord CAT-A standard to LEED Gold and A3 BER Rating.\n\nSet against an aggressive time line driven by a signed single tenancy lease for the whole building, works included complete raised floor installation, soft floor finishes, partitions and ceilings, joinery and decorations. Our brief also extended the the complete M&E installations to include A/C, lighting, protective services, basement and roof plant, louvres & screening with full testing and commissioning.', '3,420m2', '2-week Pre-construction\n10 weeks on-site', 'Cat A Office Fitout\nExtensive Green Roof\nLEED Gold Certification and A3 BER\nBalconies and Feature Roof Terrace', '', '', NULL, NULL, NULL, NULL, NULL, '2018-02-15 17:44:20', '2018-02-15 17:44:20', '43c915b0-1efa-4913-827d-f8af709770d3'),
 ('100', '103', 'en_ie', 'Private Client', NULL, 'Dublin 4', 'We are delighted to showcase the successful completion of a new 15k sq.ft. Corporate HQ office in Dublin’s City Centre for a Private Sonica Client, the results of which are absolutely stunning.\n\nOur brief took the project from an existing Landlord CAT-A finish (which was fully stripped out) to their fitted out Corporate HQ in 8 weeks from commencement.\n\nWorks were undertaken in a multi-tenanted office development with continual intensive daily co-ordination with the sitting Building Management Team. Added to the time sensitive nature of the project was the Client’s “not-to-exceed” occupation date which was a key consideration in our aggressive construction programme.\n\nDue to the high degree of cellularisation to form the various offices, meeting spaces and executive boardrooms, the mechanical scope required considerable addition to the primary Landlord ventilation provisions via. intensive upgrades, modelling and building control integration.\n\nThe project scope also included a large specialist joinery component, extensive meeting spaces with feature exposed ceilings and feature lighting throughout, bespoke reception area, feature hard and soft floorings, substantial active IT solution, a fully redundant IT backbone install to main comms room, high-end Corporate level access control and security install, A/V delivery and a full furniture installation across the complete floor plate.', '1,500m2', '1-week Pre-construction\n7 weeks on-site', 'Design and VE development to suit budget parameters\nInternational collaboration with multiple project stakeholders\nCo-ordination with local Team on relocation deliverables\nComms room commissioned and complete 2 weeks before handover to allow Client IT access.\nLive building environment\nFull M&E data & VC co-ordination', '', '', NULL, NULL, NULL, NULL, NULL, '2018-02-15 17:44:20', '2018-02-15 17:44:20', '7d935aa6-bb28-43e4-bc85-8af9f3ccbeac'),
 ('101', '104', 'en_ie', 'Demonware', NULL, 'Parnell Street\nDublin1', 'Demonware are an Irish software development company specialising in creating networking software and services for computer game development, most notably for the Call of Duty on-line game franchise. The company were acquired by US game publisher Activision Blizzard in 2007 and have offices in Dublin, Vancouver and Shanghai.\n\nDue to the complexity of the works and the fact that the offices would remain LIVE through the refurbishment, the project was bid on a 2-stage basis with an open tender process to identify two preferred bidders followed by a post-tender interview process to select their final fitout partner. A large part of the Client Team’s decision making process also centered on input and commentary from the Contractor into the initial scheme design with recommendations on buildability and value engineering. We were suitably delighted to win out at interview stage and be appointed as Demonware’s contractor of choice – with us on board, planning for their new European HQ officially kicked-off led by international architects, Urban Agency.\n\nThe scope of works included segregation of the existing floor plate into Live / Under-Construction areas, the complete strip of the demised floor areas, full M&E, IT and A/V installation, a bespoke fabricated solution for Meeting Rooms (made from curved glass pods) and Team Huddle Rooms (machined birch faced plywood), full soft & hard flooring, extensive graphics package and the management & supervision of the Client’s furniture vendors. Of further note was the fact that the project was completed with the Client in full occupation on the 5th Floor of a multi-tenanted building.\n\nThe finished project is a fabulous addition to our portfolio of works and is a job that we are very proud to have been involved with.', '1,800m2', '4-week Pre-construction\n14 weeks on-site', 'Sonica PM\nFull design realisation and co-ordination with International Design Team\nStaff migration & move management\nFull M&E and IT installations\nTurnkey furniture package\nCurved glass huddle rooms\nBirch-faced plywood huddle pods\nExposed building structure & ceiling\nCorporate signage & brand identity', 'I just want take a breath to let you know how happy we\'ve been so far with how the build is being managed by your Team and with the quality of the work that is being done. Harry, Doug and Ray have been a pleasure to work with throughout these past 14 weeks. What could have been a very stressful experience for us, has turned out to be an education in how a professional renovation should run. Thanks to you and your Team for this.', 'Amy Smith, Business Services Manager, Demonware', NULL, NULL, NULL, NULL, NULL, '2018-02-15 17:44:20', '2018-02-15 17:44:20', '2f238aab-25ff-48b3-8445-61e4ef88587b'),
 ('102', '105', 'en_ie', 'Hubspot', NULL, 'Dublin 1', 'We had the tremendous fortune to meet with and work alongside our friends in Hubspot when our MD PM’d their very first Dublin office for just 8-people five short years ago.  Since then, we’ve had the distinct honour to be part of their expansion year-on-year as the Sonica Team continued to service their ever increasing head count and office space requirements.  Their growth in Dublin has been simply astounding. \nIt is therefore with great pride, and shared enthusiasm for their continued future successes, that we announce the completion and launch of their new EMEA HQ in Dublin, which was opened in March 2016 with substantial (and well deserved) fanfare across the Irish media.\n\nWe look forward to working with Hubspot as their PM of choice here in Dublin, and wish them every good fortune in their fabulous new home.  #HubSpotDigsDublin', '2,750m2', '12 weeks Design Co-ordination, Contract Formulation & Lease Management\n10 weeks Build Management On-Site', 'Sonica PM\nFull Design Realisation and Co-ordination with International Design Team\nLandlord Approval and Grant of Licence to Alter\nLocal Design Team Appointment & Management as Lead Consultant\nComplete Project Financial Control & Package Management\nClient Direct Vendor Engagement and Management\nStaff Migration & Move Management', 'Sonica has been a phenomenal partner to HubSpot - they always keep our interests front-and-centre and are beyond timely and thorough. If you wanted a partner that can do it all and give the attention these complex fitout projects command, it is Sonica Fitout - they simply get it, and get results.', 'Ken Papa, Facilities Director, Hubspot Inc.', NULL, NULL, NULL, NULL, NULL, '2018-02-15 17:44:20', '2018-02-15 17:44:20', 'bc912bbf-df32-4184-9613-33cf6f3a19ff'),
 ('103', '106', 'en_ie', 'Private Client', NULL, 'Dublin 2', 'Our brief was to strip and refit the old Anglo Irish Bank space over two floors in St. Stephen’s Green House and transform it into an expansive, sophisticated, tech-savvy office for our Client’s expanded new HQ in Ireland.\n\nWorks were executed on a 10-week programme within a fully engaged, heavily trafficked, multi-tenanted building. With it’s location in the heart of Dublin’s shopping district on the iconic St. Stephen’s Green, the delivery of the finished project on an accelerated timeline formed a hugely important part of our project execution plan where the delivery / collection logistics, overall traffic management, DCC liaison, out of hours works scheduling and compliance with strict building noise restrictions all required in-depth consideration.\n\nThe Architectural Design included a substantial joinery package, multiple floor finishes, open grid exposed ceilings, extensive Client direct vend supervision and migration management. Other packages included substantial upgrades to the Mechanical, Electrical, IT and AV installations with all service works demanding a high level of co-ordinated attention to guarantee that the vision for the completed space was realised.', '3,000m2', '1-week Pre-construction\n10 weeks on-site', 'Large open plan spaces with extensive perimeter cellularisation.\nExtensive M&E & IT package with “open grid” M&E ceiling services\nEngagement of specialist contractors to facilitate works in a time restricted programme.\nCo-ordination with local teams and stakeholders on relocation deliverables.\nCost and VE development to suit strict budget parameters.', '', '', NULL, NULL, NULL, NULL, NULL, '2018-02-15 17:44:20', '2018-02-15 17:44:20', '0c100cb7-cdef-4011-9d09-ceb7e6d68559'),
 ('104', '107', 'en_ie', 'UDG Healthcare', NULL, 'Citywest Business Campus', 'Designed by RKD Interiors, our brief took the assignment from an Existing Landlord CAT-A area over 2-separate tenancies, both of which were then fully stripped back to basic shell and core structure as part of our works, to become UDG Healthcare’s Corporate HQ within a 10-week period from Commencement on site.\n\nWorks were performed unobtrusively within a fully engaged, highly trafficked, multi-tenanted building with close overlap to Campus Management, Client Stakeholders and neighbouring tenants.\n\nPackages encompassed a sizeable stylish joinery element and complex Mechanical, Electrical & IT upgrades to service the open-plan work-space areas and segmental modular offices & meeting rooms. The main Reception features an inviting design element luring to a quirky ‘Breakout Area Canteen’ with feature brick internal facades, critall glazed screens, floating ‘wooden’ acoustic ceilings and matchless tiled flooring.\n\nDue to the nature and scale of the sharp trapezoidal shaped walls and ceilings, paired with the diverging display of flooring and wall colours, the detailing in the Architectural packages required a Sonica level of attention to guarantee that the Architects vision for the completed space was realised.', '1,250m2', '1-week Pre-Con\n10 weeks on site', 'Design and VE development to suit strict budget parameters\nComms room commissioned and complete 3 weeks before handover to allow Client IT access\nLiaison and management of Client Direct vendors\nProject acceleration to ensure no client ‘down-time’ and smooth, quick turn-around on staff migrations\nCo-ordination with local Team on relocation deliverables\nM&E and IT upgrades throughout\nTurnkey furniture package', 'It was great to work with Hugh Ward and his team at Sonica Fitout on our new HQ in Riverwalk, Citywest. We were very impressed with the level of professionalism and attention to detail on every aspect of this project which produced a high standard of finish. Sonica Fitouts commitment to this project ensured that it came in on programme and within budget. Everyone is delighted with the final result.', 'Donal Burke, Head of Procurement', NULL, NULL, NULL, NULL, NULL, '2018-02-15 17:44:20', '2018-02-15 17:44:20', 'b5be1a85-896f-4180-968b-2d182b0355cd'),
 ('105', '108', 'en_ie', '3 Arena', NULL, 'North Wall Quay, Dublin 1', 'Full D&B project from receipt of Client outline brief to final delivery and handover. Development of a central defined theme to roll out across the complete rebrand project was the key deliverable.\n\n1672 individual ceiling suspended “Cities” in the 4th floor bar, over 2,400 individually controlled LED lights per City (and that’s just one area on one floor..!)\n\n3m dia. “Oculus” video back-projected onto VIP ceiling – video specifically commissioned for the Kaleidoscope Bar fitout.\n\nFully programmable KNX Lighting system with user defined colour and dimming set points depending on event and scene setting requirements. This linked back to main venue DALI system for central control by Venue management.\n\nFully interactive Twitter feed linked to feature “floating Megalopolis” to allow visitors Tweet their venue experiences directly into the bars in real time.', '4000m2 overall Venue Area. Works spread across three separate project sites running concurrently.', '8 weeks on site', 'Conceptual development and full project design\nGMP Contract Sum\nIntricate project programming\nLive venue interaction & co-ordination', 'Have to say it looks absolutely incredible. Proud to have worked on such a prestigious project for such a prestigious company as\nSonica Fitout. From all at Devlin in Design. Congratulations to Sonica.', 'Enda Devlin, Devlin in Design', NULL, NULL, NULL, NULL, NULL, '2018-02-15 17:44:20', '2018-02-15 17:44:20', '3cbf8e38-30fc-4293-9381-e0804400d083'),
 ('106', '109', 'en_ie', 'Salesforce', NULL, 'Central Park, Dublin 18', 'Salesforce is the world’s leading CRM software and enterprise cloud ecosystem, their “Customer Success Platform” helps businesses grow into a more streamlined, effective and efficient organisations across sales, service, marketing and more.\n\nThe Sonica Ops Team has had the pleasure of being part of SFDC’s expansion by servicing their ever increasing head count and office space requirements for the past 3-years.  It is therefore with great pride that we showcase the latest SFDC office completion, a 15,000 sq.ft. floor plate in Central Park.\n\nWorks involved the demolition and strip out of the previous tenant’s existing fitted offices to cater for the new Salesforce remodelled floor plate layout.  The office design placed emphasis on increased Team collaboration with all new open plan workstations, meeting rooms, offices, boardrooms, flexible spaces, staff kitchens & canteen areas, breakout areas and a number of bespoke “TechForce Bars” all part of the required brief.\n\nThey have since been voted Ireland’s Best Workplace – the company was ranked No. 1 on the list of the Best Large Places to Work, a ranking based on employees’ own assessments of their experiences.', '1500m2', '10 weeks Design Co-ordination, Procurement, GMP Formulation\n12 weeks Build Management On-Site', 'Full GMP Build Delivery\nExtensive Feature Joinery Package procurement\nComplete staff auditorium with extensive A/V\nClient Direct Vendor Engagement and Management\nStaff Migration & Move Management', 'Just a little note to say a BIG thank you to you and all the Sonica team. It was a real pleasure working with you all. Thanks for your guidance, assistance and patience! Fingers crossed for the next one.', 'Cathy Mooney, Senior Office Manager', NULL, NULL, NULL, NULL, NULL, '2018-02-15 17:44:20', '2018-02-15 17:44:20', '4a188f35-ea33-4c2e-a9a2-7e5981cf3a9c'),
 ('107', '110', 'en_ie', 'Wipro', NULL, 'Ballsbridge', 'Since entering the Irish market in 2015, WIPRO have gone from strength to strength securing substantial projects for their ever increasing Client base. This success has been met with a rapid increase in head count and exponential office space requirement.\n\nHaving already completed over 50k sq.ft. of office space in Dublin for WIPRO since 2015, we were delighted to build upon and advance the great working relationship we had developed with both their International and Local Teams when they appointed us again as their Turnkey D&B Fitout Specialist for their new expansion offices in Ballsbridge.\n\nWorks were undertaken in a multi-tenanted office development with continual intensive daily co-ordination with the sitting Campus Management Team. Added to the time sensitive nature of the project was the Client’s “not-to-exceed” occupation date which was a key consideration in our aggressive construction programme.\n\nDue to the high degree of cellularisation to form the various offices, meeting spaces, VC Rooms & Executive Boardrooms, the mechanical scope required considerable addition to the primary Landlord ventilation provisions via. intensive upgrades, modelling and building control integration.\n\nThe project scope also included a large specialist joinery component, exposed ceilings and feature lighting throughout, feature hard and soft floorings, substantial active IT solution, a fully redundant IT backbone install with UPS back up to main comms room, high-end Corporate level access control and security install, A/V delivery and a full furniture installation across the complete floor plate.', '1000m2', '1-week Pre-construction\n8 weeks on-site', 'Sonica PM\nFull Design Realisation and Co-ordination with International Design Team\nLandlord Approval and Grant of Licence to Alter\nLocal Design Team Appointment & Management as Lead Consultant\nComplete Project Financial Control & Package Management\nClient Direct Vendor Engagement and Management\nStaff Migration & Move Management', '', '', NULL, NULL, NULL, NULL, NULL, '2018-02-15 17:44:21', '2018-02-15 17:44:21', '610fb6a0-797b-4cb7-9940-d504c0e85544'),
 ('108', '111', 'en_ie', 'Private Client', NULL, 'Dublin 2', 'Sonica Fitout were contracted to completely refurbish the Ground Floor lobby of the headquarters of one of Ireland’s leading providers of wealth management and financial advisory services. Clients of this prestigious private client are used to a meticulous attention to detail and as such this was reflected in the design and level of finish expected.\n\nThe intent was to provide enclosed, private areas throughout the space with which to hold impromptu, private meetings while maintaining a bright, open and modern feel throughout. Combined with the extremely well-appointed joinery package the overall feel of the space was one of practical opulence and luxury.\n\nThe scope of works was a complete refurbishment with curved recessed bulkheads all LED backlit, stone tiling throughout, new security gates and curved glazed meeting rooms all surrounding the walnut clad lift core that integrated seamlessly with an oversized reception desk. In addition new bathroom and kitchen facilities were completed as well as all new air conditioning throughout the floor.\n\nFollowing a week’s pre construction this project was delivered in 5 weeks over multiple phases keeping live access available to staff members 24 hours a day 7 days a week with minimal disruption.', 'Reception areas', '1-week Pre-Con\n5 weeks on site', 'Natural Stone floor\nBespoke Walnut wall cladding\nCurved glazed partitions throughout\nOversized feature reception desk\nBacklit feature ceilings throughout\nNew staff “speedlanes”\nNew facilities\nCompletely revamped AC system.', '', '', NULL, NULL, NULL, NULL, NULL, '2018-02-15 17:44:21', '2018-02-15 17:44:21', '4db005e2-2688-4ca5-aade-c2888ff4a0dc'),
 ('109', '112', 'en_ie', 'SAS', NULL, 'La Touche House IFSC, Dublin 1', 'SAS is a global market leader in business analytics software and services and is listed as being in the Top-100 Best Companies to work for worldwide. We were delighted to complete their prestigious new 1,300m2 HQ office in Dublin’s IFSC complex.\n\nWorks were undertaken in a multi-tenanted, fully occupied building with extensive noise restriction in place to avoid disruption to other businesses on-site.\n\nThe scope included complete demolitions of the existing floor plate with subsequent re-fit of partitions, glazing, managers offices, corporate meeting rooms, multiple floor finishes, decorations and a bespoke branding and graphics package. The brief also extended to the supply & installation of all new operator workstations, cellular office stations and boardroom furniture with completion of all M&E, IT and A/V services.\n\nThe completed project truly reflects SAS’s strong corporate identity through the entire space and we were delighted to hand over the finished article to the Client’s exacting standards and expectations.', '1,300m2', '1-week Pre-construction\n8 weeks on-site', 'Fully occupied Building Environment\nManagement of Client Direct Vend Packages\nComplete M&E, IT and A/V service installations\nCorporate Brand Package co-ordination & implementation\nExtensive corporate office cellularisation', 'I can highly recommend Sonica Fit Out, their professionalism and flexible approach in challenging circumstances resulted in a smooth and timely delivery of SAS project, the entire team were a pleasure to work with.', 'Karen Chisman, Head of Corporate Services at SAS', NULL, NULL, NULL, NULL, NULL, '2018-02-15 17:44:21', '2018-02-15 17:44:21', '6839e8a1-7d9c-4ec8-84b6-12fcc5f32082'),
 ('110', '113', 'en_ie', 'Calvin Klein', NULL, 'Kildare Village', 'Calvin Klein is one of the leading fashion design and marketing studios in the world. They are a global lifestyle brand that exemplifies bold, progressive ideals and a seductive, and often minimal, aesthetic. After nearly 50 years of trading, Calvin Klein continues to be a cultural catalyst across the globe today.\n\nWe were delighted to be selected by Calvin Klein to carry out the complete relocation and fitout of their new flagship stores (CK Jeans & CK Underwear) in Irelands Premier Shopping destination, Kildare Village. Our brief was to create a completed space that combines the retail experience with the architectural aesthetic of this refined fashion collection.\n\nWorks were undertaken concurrently in both stores and included the full strip out of the existing premises with subsequent re-installation of new partitions and floor finishes, complete M&E & IT rework, co-ordination of a bespoke high-end joinery package and management of the internal and external CK signage install. In addition, the relocation to a temporary “Go Live” space while our refurbishment works were progressing (as well as relocation back to stores upon completion) also formed part of our project brief.\n\nThe finished product succeeds in promoting the Calvin Klein identity within Kildare Village and provides a top of the range retail experience for shoppers within both stores.', '400m2', '1-week Pre-construction\n5 weeks on-site', 'Extensive feature joinery package\nBespoke feature lighting installation\nFull move management\nExtensive floor finishes\nPOS selection, install and commisisoning\nConstruction of all fixed merchandise and sales displays', 'Our goal is always to create a space that combines the retail experience with the architectural aesthetic our fashion collection represents. We had the tremendous pleasure to collaborate with Sonica Fitout to accomplish this in our new Kildare Village stores - the finished results speak entirely for themselves.', 'Antonios Krantidis, CK Project Manager', NULL, NULL, NULL, NULL, NULL, '2018-02-15 17:44:21', '2018-02-15 17:44:21', '4abe1e12-d4b6-4f5f-be69-49903ef8ea6d'),
 ('111', '114', 'en_ie', '100 Stephen’s Green', NULL, 'Dublin 2', '100 St. Stephen’s Green, a red brick Georgian located in the iconic South West corner of the Green, was originally sub-divided into six dated apartments. Sonica were engaged by property owners DAVY to develop the building into a prestigious single tenancy office above a 1 bedroom apartment in the basement.\n\nThe nature of the premises, and it’s status as a listed building, meant the project had to be handled with the utmost care. Working hand-in-hand with Neasa Donnellan Architects and Dublin City Council, each element of the build was scrutinised for compliance of FSC, DAC, heritage protection and quality.\n\nThe work scope included full glazing replacement with all new sliding sash windows with slimlite double glazed panels in keeping with the original, full facade restoration and re-pointing, roof replacement, extensive structural works, removal of the existing basement slab and replacement with complete tanking system and new drainage and fire protection to existing staircore as per current regulations.\n\nInternally the high-end office interiors include full power and data cabling and floor boxes throughout, bespoke joinery and panelling in every space, restored original Georgian features on all floors, newly landscaped rear yard, high quality floor finishes and a luxury, own door, 1-bed 2-bath self contained apartment in the basement.', '350m2', '1-week Pre-construction\n18 weeks on-site', 'Protected Georgian structure\nHardwood sash windows with Slimlite glazing\nFacade and roof restoration\nFull internal strip out\nData cabling throughout to central rack location\nNew gas fired rad heating system\nHand made crown mouldings from sample of original\nPeriod correct feature joinery throughout\nProtection and restoration of existing Georgian features\nLuxury floor finishes\nSelf contained apartment', 'With Sonica at the helm, the project ran seamlessly on-site - any unforeseen events were dealt with quickly and programme was never compromised. We were very impressed with the quality of their finishes and found the whole Company to be very well organised and efficient. We would be very happy to work with them again.', 'Neasa Donnellan\nProject Architect', NULL, NULL, NULL, NULL, NULL, '2018-02-15 17:44:21', '2018-02-15 17:44:21', 'cbb3c5b3-c494-448a-983e-d9d25b487db3'),
 ('112', '115', 'en_ie', 'City North Hotel', NULL, 'M1 Corridor, North Co. Dublin', 'The City North Hotel & Conference Centre is a prestigious 4-Star Hotel located 30-mins North of Dublin City Center which offers luxury accommodation and an exquisite Ballroom for Conferences, Events and Weddings.\n\nAs part of the Hotel’s recent redevelopment, we were appointed to manage the extensive restructure of all of their main front of house Client facing spaces comprising of a new warm and welcoming Reception area, a fully refitted Hotel Bar and Lounge area, a Restaurant and an exclusive new Conference & Ballroom facility.\n\nWorks were carried out in a live working environment (the hotel remained fully functional during the refit) and was divided into multiple phases to ensure minimal restriction & disruption to guests during construction. All phases included substantial demolition works, full M&E installations, new partitions and feature ceilings, bespoke lighting with textured high-end joinery and exquisite segmented hardwood flooring.\n\nDue to the nature of the works, the project required extensive management of multiple on-site trades and was completed against an aggressive programme to coincide with media published announcements on the rebrand and official launch date.', '1,500m2', '1 Week Pre-construction\n12 Weeks on-site', 'High-end joinery package\nExquisite segmented flooring\nManagement of multiple trades\nProject multi-phasing\nFull M&E installation', '', '', NULL, NULL, NULL, NULL, NULL, '2018-02-15 17:44:21', '2018-02-15 17:44:21', 'ae182d89-663c-4489-9393-b96aa856437f'),
 ('113', '116', 'en_ie', 'RKD Interiors', NULL, 'Ballsbridge, Dublin 4', 'RKD Interiors is a market leading interior architecture firm based in Dublin. The team, led by Justin Treacy, consists of the very best in creative Architects and Interior Designers who work collaboratively with the in-house support team of Designers, Technicians & CAD / BIM Coordinators and the wider resource and expertise of RKD Architects. At the core of their philosophy is a practical and pragmatic approach to delivering the best environments for the most appropriate capital outlay. Having worked with RKD Interiors on numerous occasions in the past, we were aware of the exacting standards that were expected from the outset on this collaboration.\n\nThe project was pitched as a real shop window fitout to showcase RKD’s standard and design capability to prospective visiting RKD Clients and we approached the project like any other: to deliver best in market product with zero defects at handover. Covering 6,000 sq ft over 3 floors, the work scope comprised of inspirational studios to the 1st and 2nd floors, with areas designated for collaboration and huddle meetings allowing the designers to get creative with a bespoke staff café, meeting rooms and social spaces based on the Ground Floor.\n\nThe overall brief was to produce a comfortable, modern and above all functional workspace with a professional design that exceeds expectations even in an area such as Baggot St. where high end eateries and businesses are the norm. One of the key features, as part of RKD interiors on-going commitment to a greener work environment, was to provide ample, secure bike storage for staff. Not only has this been achieved but it has also become a real design focal point, which upon entry sets a modern and progressive tone. Other features include the herringbone flooring which seamlessly combines durability with design, the increasingly popular crittal glazing and bespoke joinery throughout. In addition, you will find numerous design touches, as you would expect of an RKD interiors design, such as the exposed swag cabling to the lights in the cafe to give the illusion of extra height, the plywood routered RKD logo at entry with integrated shelving and the comfortable lounge located midway through the ground floor.\n\nThe project was delivered in 5 weeks following a 1-week pre-construction and mobilisation period.', '600m2 over 3 floors', '1-week pre-construction\n5 weeks on-site', 'Bespoke feature joinery and glazed partition packages\nNumerous floor finishes running seamlessly throughout\nStaff “Cafe”\nInternal, secure bike park\n2 floors of bright, modern studio space\nM&E and IT upgrades throughout\nTurnkey furniture package', 'Working with Sonica was a great experience. We would like to thank the team for delivering for such demanding taskmasters, for working with us to realise and achieve our design in a very tight timeframe, and for making the whole delivery process a thoroughly enjoyable and fun experience for us all.', 'Liat Greenhot, RKD Interiors', NULL, NULL, NULL, NULL, NULL, '2018-02-15 17:44:21', '2018-02-15 17:44:21', '745a8e91-9939-487b-9d68-0051f33e372f'),
 ('114', '117', 'en_ie', 'Fitter Faster Stronger', NULL, 'Leeson Street', 'Established only 3-years ago, Fitter Faster Stronger (FFS) is now one of the leading specialist facilities in Dublin providing personal one-on-one or group training across a range of classes and exercise types, from total body strength to full metabolic conditioning.\n\nHaving successfully completed FFS’s original gym refurbishment in 2016, and due to their phenomenal expansion and growth, we were delighted to be appointed by the Management Team in FFS to develop and complete their 2nd bespoke premises inside of 18-months.  Working with Courtney McDonnell Design, we were delighted to take on the brief of creating a new space which motivates, engages and pushes personal goals to the highest level whilst also realising the strong branding the FFS model carries.\n\nThe space is divided into three main parts – the gym, utility space and break & members areas.  Works included the strip out & demolitions of the entire old premises followed by full M&E installation (to include a DMX programmable lighting system defined by gym instructors to suit mood or event), bespoke feature flooring across different surfaces, extensive landscaping works at the rear gardens to become an outdoor training area, complete joinery co-ordination of utility space and members area and a personalised graphics package to enhance the members workouts and provide guidance through the whole space.', 'Complete Basement to Georgian Building, Lesson St.', '1-week Pre-construction\n6 weeks on-site', 'Complete strip out of all incumbent areas\nFull M&E installation with programmable DMX ambiance lighting\nBespoke feature flooring\nExtensive landscaping works to external gym area\nD&B joinery & upholstery package\nGraphics co-ord and installation', 'The level of professionalism and proficiency on the first project we carried out with Sonica Fitout really impressed us, hence the reason why we went back to them for our 2nd premises. The entire fitout was completed on an aggressive timeline with multiple moving parts, but the team here at FFS are once again delighted with the finished product that was achieved, it looks awesome!', 'Rory McInerney, Managing Director, FFS', NULL, NULL, NULL, NULL, NULL, '2018-02-15 17:44:21', '2018-02-15 17:44:21', '8edaef54-a5af-4018-a52b-72a2dbd633ce'),
 ('115', '118', 'en_ie', 'Private Client', NULL, 'East Point Business Park, Dublin 3', 'Sonica Fitout was appointed by CBRE to act as Main Contractor for the refurbishment and upgrade of this 5th floor Corporate office space located at East Point Business Park in Dublin.\n\nThe Client’s fitout requirements were driven by an internal review to develop new ways of working. The challenge was to take these findings and ideas and bring them into a layout scheme that realised all their requirements whilst also increasing headcount within the floor space. Our project brief then consisted of the demolition and re-build of the existing layouts, installation of new branded specialist joinery items throughout the floor, a vibrant colour theming and graphics package co-ordination, installation of new glazed partitions including folding walls with modifications to the existing data infrastructure and the mechanical and electrical services of the space.\n\nThe completed office space now promotes the Client’s identity and provides a new fresh working space for staff.', '1,500m2', '2-week Pre-Construction\n5 weeks Build Management On-Site', 'Extensive Feature Joinery Package\nData Infrastructure Installation\nM&E Services Modification\nNumerous Floor Finishes running seamlessly throughout\nCorporate Signage & Brand Identity', '', '', NULL, NULL, NULL, NULL, NULL, '2018-02-15 17:44:21', '2018-02-15 17:44:21', 'e2050448-e6dd-4a5f-a87e-69473b0d4da1'),
 ('116', '119', 'en_ie', 'M & S Simply Food', NULL, 'Dublin 8', 'M&S Simply Food are an off-shoot of the famous high street British multinational specialising on high quality grab-and-go ready meal ranges and every day food selections.\n\nThis project consisted of the fitout from shell and core of the new M&S Simply Food outlet in Dublin’s Heuston Train Station. Works revolved around the installation of new M&E services, flooring, internal partitions, decorations, PoS counters, feature joinery, product refrigeration, the co-ordination of Client direct vendors and the installation of internal and external corporate graphics.\n\nA carefully considered site management & works execution plan was key to the success of the project with close co-ordination with Station management while works progressed in the busy station.', '200m2', '1-week Pre-construction\n5 weeks on-site', 'New M&E services installation\nFeature joinery package\nM&S corporate graphics install\nExposed ceilings throughout\nLIVE station working environment\nClient Direct vendor management', 'Just a quick note to compliment and acknowledge the efforts of your Team on the Heuston Station M&S project. These types of projects are not simple, particularly from a co-ordination view point, but your Team demonstrated professionalism and proactive thinking in dealing with any issue that arose and delivered the project on programme. It has been great working with you right through the project and we look forward to working with Sonica again in the future.', 'Stephen Crean, Linesight PM', NULL, NULL, NULL, NULL, NULL, '2018-02-15 17:44:21', '2018-02-15 17:44:21', '91904180-6ee9-4ff7-9336-fbd4396d1edd'),
 ('117', '120', 'en_ie', 'Wipro', NULL, 'Ballsbridge', 'Since entering the Irish market in 2015, WIPRO have gone from strength to strength securing substantial projects for their ever increasing Client base. This success has been met with a rapid increase in head count and exponential office space requirement.\n\nHaving just completed their initial 30k sq.ft. office in Dublin’s Elm Park in 2015, we were delighted to build upon and advance the great working relationship we had developed with both their International and Local Teams when they appointed us again as their Turnkey D&B Fitout Specialist for their new expansion offices in Ballsbridge.\n\nThe brief was to capture the look and feel of what we had been previously delivered for them on the Elm Park project, but to take that blue print and move it on to the next level again – no easy task if you were to look at the completed space in Elm Park!\n\nAt 20k sq.ft. and running concurrently over two floors, works were undertaken in a multi-tenanted office development with continual intensive daily co-ordination with the sitting Campus Management Team. Added to the time sensitive nature of the project was the Client’s “not-to-exceed” occupation date which was a key consideration in our aggressive construction programme.\n\nDue to the high degree of cellularisation to form the various offices, meeting spaces, VC Rooms & Executive Boardrooms, the mechanical scope required considerable addition to the primary Landlord ventilation provisions via. intensive upgrades, modelling and building control integration.\n\nThe project scope also included a large specialist joinery component, an extensive canteen space with exposed ceilings and feature lighting throughout, bespoke reception area, feature hard and soft floorings, substantial active IT solution, a fully redundant IT backbone install with UPS back up to main comms room, high-end Corporate level access control and security install, A/V delivery and a full furniture installation across the complete dual floor plate.\n\nWe wish Wipro continued success in their newest home and look forward to representing them again in their next round of expansions.', '2,000m2', '6 weeks design\n4 weeks pre-con\n10 weeks on-site', 'Sonica PM\nFull Design Realisation and Co-ordination with International Design Team\nLandlord Approval and Grant of Licence to Alter\nLocal Design Team Appointment & Management as Lead Consultant\nComplete Project Financial Control & Package Management\nClient Direct Vendor Engagement and Management\nStaff Migration & Move Management', 'The bittersweet time has come to say thank you and farewell (albeit for now!) to the formidable & fantastic team that is Sonica. We can’t thank you enough for your dedication, enthusiasm and flexibility over the last year. We have worked together through different time zones, deadlines and (at times!) style preferences to ultimately create two unique Office environments which epitomise the Spirit of Wipro.\n\nThanks for sharing your vision with us and for the friendship that we’ve formed.', 'Trish Buckley, Admin. Manager, WIPRO Europe', NULL, NULL, NULL, NULL, NULL, '2018-02-15 17:44:21', '2018-02-15 17:44:21', '1bdd1e23-e7b5-4a7b-b70d-97bd34c6fd30'),
 ('118', '121', 'en_ie', 'Anya Hindmarch', NULL, 'Kildare Village', 'Founded in 1987, Anya Hindmarch has grown into a global brand with more than 45 stores including flagship outlets in New York, London, Tokyo and LA. Known for blending wit and creativity with the finest craftsmanship and innovative leatherwork techniques, they are stocked in many of the world’s best retail stores, from Barney’s in New York to BoonTheShop in Korea.\n\nFollowing receipt of our outline brief, we were appointed to create a unique, bespoke new store for the brand in Kildare Village coupled with the strip out, surrender and relocation of the existing store within the campus. The new store was a complete turn key fitout from “grey box” to open for business. The works comprised of new flooring details, changing room marketing and sales displays and complete joinery coordination as well as mechanical and electrical installation.\n\nThe completed project reflects Anya Hindmarch’s extraordinary identity with strong emphasis on minimalistic detail and a high level of finishes throughout.', '100m2', '1-week pre-construction\n8 weeks on-site', 'Extensive feature joinery package\nStunning solid oak herringbone flooring\nBespoke glazed partition solution\nM&E and IT upgrades throughout\nLive Building working environment\nTurnkey furniture package and Client migration', '', '', NULL, NULL, NULL, NULL, NULL, '2018-02-15 17:44:21', '2018-02-15 17:44:21', 'd6aa35d6-2eba-445d-bca0-f37f5dce998f'),
 ('119', '122', 'en_ie', 'Private Client', NULL, 'Citywest', 'We are delighted to showcase the successful completion of a new 30k sq.ft. Corporate HQ office in Dublin’s Citywest Business Campus for a Private Sonica Client, the results of which are absolutely stunning.\n\nOur brief took the project from an existing Landlord CAT-A finish (which was fully stripped out) to their fitted out Corporate HQ in 14 weeks from appointment.\n\nWorks were undertaken in a multi-tenanted office development with continual intensive daily co-ordination with the sitting Campus Management Team. Added to the time sensitive nature of the project was the Client’s “not-to-exceed” occupation date which was a key consideration in our aggressive construction programme.\n\nDue to the high degree of cellularisation to form the various offices, meeting spaces and executive boardrooms, the mechanical scope required considerable addition to the primary Landlord ventilation provisions via. intensive upgrades, modelling and building control integration.\n\nThe project scope also included a large specialist joinery component, an extensive “Town Hall” meeting space with feature exposed ceilings and feature lighting throughout, bespoke reception area, feature hard and soft floorings, substantial active IT solution, a fully redundant IT backbone install with UPS back up to main comms room, gymnasium installation, high-end Corporate level access control and security install, A/V delivery and a full furniture installation across the complete floor plate.', '3,000m2', '4 weeks pre-construction\n10 weeks on site', 'Design and VE development to suit budget parameters\nInternational collaboration with multiple project stakeholders\nCo-ordination with local Team on relocation deliverables\nComms room commissioned and complete 2 weeks before handover to allow Client IT access.', '', '', NULL, NULL, NULL, NULL, NULL, '2018-02-15 17:44:21', '2018-02-15 17:44:21', 'eeec2d33-6a09-4aa2-900c-f8186b62f15a'),
 ('120', '123', 'en_ie', 'AIG', NULL, 'IFSC, Dublin', 'AIG Europe Limited is a provider of innovative products and services, including car, property, travel, health and identity theft insurance products to more than half of the country’s top 100 companies as well as many public and private sector organisations and tens of thousands of individuals. They are also the proud main sponsor of the Dublin GAA Team #BackingEveryStep\n\nWorking in their Irish HQ offices in the IFSC, our brief comprised of the removal and replacement of the complete existing building ventilation system followed by retro-install of a new AC system with associated architectural and electrical works. The brief also included a full upgrade of all WCs throughout the building, installation of new mechanical chilling plant at roof level, a fixed line system for roof access, Landlord common area refurbishment and a complete re-design and fitout of the 3rd Floor office space. All works were conducted within a live, fully occupied building environment.\n\nThe new office design placed emphasis on increased Team collaboration with all new open plan workstations, meeting rooms, offices, boardrooms, flexible spaces, staff kitchens & canteen areas, breakout areas and a number of bespoke “Tech Bars” all part of the required brief.\n\nEffective use of space was an issue in the previous office so the new office was designed with ample storage capabilities to reduce clutter. The overall look and feel of the completed offices are fresh, professional and welcoming with spectacular views across Dublin city.\n\nThe whole project was completed within the agreed tender time frame of 22 weeks.', '8,000m2', '22 weeks on site', 'Variety of work settings and collaboration spaces\nExtensive M&E Remodel & Upgrade\nHigh quality joinery\nWorks in fully occupied building over 5-floor plates\nManagement of Client Direct vendors into master programme of works', 'On behalf of the PM team, I would like to convey our thanks to the Sonica team for a job well done. A special word of thanks to your Construction Manager, Ray McCaul, for his 100% commitment in achieving PC. This was a challenging project on a number of fronts and this achievement is not to be underestimated.', 'Allan Murphy, Director, Scott-Murphy. Client PM', NULL, NULL, NULL, NULL, NULL, '2018-02-15 17:44:21', '2018-02-15 17:44:21', '32a383c7-4427-4e7e-9f0e-35088bbdce9a'),
 ('121', '124', 'en_ie', 'Sonica Fitout', NULL, 'Kingram Place, Dublin 2', 'We are delighted to showcase the completion of our new Head Office in Kingram Place, at the heart of Fitzwilliam Square in Dublin City Center.\n\nWorks commenced in January 2016 and were completed in a hugely impressive 5-week programme led by our D&B CM Colin Kirwan. Calling on our most trusted of trade contract partners, we have succeeded in creating what we feel is an office that’s truly worthy of the people that occupy it. It is everything we are as a Company: unique, unconventional, unexpected, refreshingly modern and forward thinking.\n\nThe fitout is nothing short of breath taking. Justin Treacy and Liat Greenhot of RKD Interiors have taken the vibrancy and energy of the Sonica brand and brought it to life with a myriad of individual features and wonderful ideas. From the floor-to-ceiling trapezoidal wall panelled boardroom to a 10m long 3-D snake bench with over 300 individually milled vertical components in the Ops Area, there is simply nothing like it in the City.\n\nWe can’t wait to show you around what is a great place to work and even better place to visit!', '350m2', '5 weeks on site', 'Unique custom made trapezoidal Boardroom wall panelling\nCompletely bespoke joinery throughout the entire office\nFeature operator workstation desking & storage units\nWifi controlled lighting control system for user defined mood and colour settings\nExtensive graphics and artwork package\nCustom laid vinyl plank flooring to feature guest Reception\nComplete A/V solution to Boardroom, Breakouts and Reception.', 'This office is our showroom, our statement of \"Hey, look what we can do!\" and it does that all in spades. We love seeing peoples reactions when they visit because they are just simply blown away with the ideas and concepts, the intricacies of the work and the overall finished product. In almost 20-years of fitout, I\'m happy to say there is simply nothing like it anywhere else, which is what we at Sonica are all about.', 'Donnacha Neary, Managing Director', NULL, NULL, NULL, NULL, NULL, '2018-02-15 17:44:21', '2018-02-15 17:44:21', 'f6f82665-7641-483a-b4c5-76ebc5b4a9fa'),
 ('122', '125', 'en_ie', 'Ellucian', NULL, 'Marine House, Dublin 2', 'Ellucian provide the software, services and analytics needed to manage campus businesses faster, easier and more effectively. Serving 2,400 institutions in 40 countries across the globe, they selected Sonica Fitout as their partner for the fitout of their new Irish HQ in Dublin.\n\nThe project commenced with the demolition and strip out of existing finishes and M&E services on one of the upper floors of this multi-tenanted, fully occupied live building. The pre-planning and logistical management of this significant operation ran hand-in-hand with the simultaneous upfront procurement of specialist packages required for the fitout.\n\nThe intricate design of the space encompassed features on all flat surfaces, from the multi-layered flooring finishes to the varied hard and soft textures on partitions and walls throughout. The open plan desking has privacy screens and operator chairs matched with selected fabrics to accentuate the colour scheme of the Company’s brand. Ceilings were a blend of exposed concrete slabs interspersed with raft formed lay in grids to pick out areas below. A full M&E, IT and A/V brief fell under our remit with Sonica also co-ordinating the Client furniture delivery, load-out and installation.\n\nThe completed space gives staff the use of finished huddle rooms, spacious canteens and tea stations, open collaboration areas, V-Con Rooms, Exec Boardrooms and quiet cellular offices. The project was delivered on-programme and within the agreed Contract Sum. More importantly, it was a hugely enjoyable experience for us thanks to a fantastic Client that empowered their Design Team to “go big” with their imagination and trusted us to realise their vision for the completed work space.\n\nThe end product is truly spectacular, one that we are hugely proud of and delighted to show case.', '1000m2 floor plate', '7 weeks on-site from start to full Client occupation', 'Substantial feature joinery package\nAcoustically rated glazed partition solution with bespoke manifestations\nComplete M&E refit with Data / Active IT rewire part of brief\nMultiple floor finishes, hard and soft\nCo-ordination with sitting tennants and Landlord teams all through construction\nSnag free hand back', 'A very detailed piece of work taken on and delivered against an aggressive programme driven by our Client\'s not to be missed occupational requirements. You guys made it all look easy.', 'Neil McGovern, Project Manager & Client Rep. Jones Lang LaSalle', NULL, NULL, NULL, NULL, NULL, '2018-02-15 17:44:22', '2018-02-15 17:44:22', '1ba27710-24d3-4888-b6b4-1552c1cc4b45'),
 ('123', '126', 'en_ie', 'Ticket Master', NULL, 'Grafton House, Grafton Street', 'Ticketmaster is the world’s largest ticket distribution company, providing event tickets for more than 10,000 Promotors whose productions range from professional wrestling matches and rock concerts to Broadway shows and operas.\n\nOur brief was to deliver a vibrant and invigorating work space for the Company’s employees at the new Ticketmaster Ireland HQ.  The works entailed the fit-out to an existing unit which involved strip out and demolitions of the previously occupied space, the installation of all new wall partitions, floor finishes, internal decoration, M&E service installations and a complete office furniture solution.  The design of the working environment is predominantly open plan to allow for collaborative interaction and employee connectivity, but strategically placed workstations and cellular meeting spaces ensure that teams retain their structure within the overall environment.\n\nFeatures of the design include a spacious staff kitchen and breakout area, a specialised digital meeting / training room, boardroom, numerous meeting rooms, a secure ticket print / store room and a reception area with “Bolon” wall and bespoke desk.  In keeping with Ticketmasters corporate brand identity, large scale graphics fill the walls at every vantage point, reinforcing the culture of the company and adding energy and colour to the space.\n\nThe project was delivered in 6 weeks following an accelerated pre-construction and mobilisation period to meet the Clients set in stone move in date.', '600m2', '2 weeks pre-con\n6 weeks on site', 'Bespoke specialised joinery with numerous unique finishes and materials\nInternational collaboration with Ticket Master’s overseas steering group\nCorporate signage & brand identity\nManagement of Client direct vend packages', '', '', NULL, NULL, NULL, NULL, NULL, '2018-02-15 17:44:22', '2018-02-15 17:44:22', '43fb4c65-f3c7-4b3a-8532-e7d9fcbb627e'),
 ('124', '127', 'en_ie', 'Wipro', NULL, 'Elm Park, Dublin', 'Wipro Ltd is a global information technology, consulting and outsourcing company with 158,217 employees serving clients in 175+ cities across 6 continents. The company posted revenues of $7.5 billion for the financial year ended Mar 31, 2015.\n\nFollowing their announcement to move into the Irish market, they selected Sonica as their turn key D&B contractor for the design and fitout of their new 240-seater office in the spectacular Elm Park OBA in Dublin.\n\nOur Design and Build brief took the project from initial space planning for Lease negotiation, to Landlord consent phase, through to detailed design, costing, planning, constructing and overall hand-back. The complete project life cycle, managed from start-to-finish by Sonica.\n\nWorks were undertaken in the top 3-floors of the OBA building with management of logistics and daily co-ordination with the sitting Building Management Team a key consideration in the development of our aggressive construction programme.\n\nA high degree of cellularisation in forming the various manager offices, meeting spaces, huddle rooms and executive boardrooms required considerable addition to the Landlords naturally conditioned eco-building ventilation strategy via. intensive modelling and BMS integration. The project scope also included a large specialist joinery component, stone flooring, substantial active IT solution, a fully redundant IT backbone install, Comms Room UPS, digital monitoring, building security, A/V delivery and a complete furniture installation across 3-floor plates.\n\nThe project was run with fully transparent financials, with the Client retaining all expenditure authorisation throughout the build process via their internationally issued PO’s. The completed works were delivered below the original approved budget tabled at Design completion stage.', '3,000m2', '6 weeks design\n8 weeks on site', 'International collaboration at design phase to achieve Client design goals.\nOpen plan financials with project delivered on time and below budget.\nComms room commissioned and complete 3 weeks before handover to allow Client IT access.\nClient direct vendors were managed into our overall programme to ensure complete co-ordination of overall project completion.', 'Every member of their Project Delivery Team remained a hugely visible resource to us all through the complete project life cycle and the final results speak for themselves. We cannot speak highly enough of the manner in which they completed this project.', 'Paul Quinn, BKD Architects.', NULL, NULL, NULL, NULL, NULL, '2018-02-15 17:44:22', '2018-02-15 17:44:22', '70b8055e-b06e-46e7-9144-04ef28bb484b'),
 ('125', '128', 'en_ie', 'Blackrock Investments', NULL, 'Ballsbridge', 'Blackrock is trusted to manage more money than any other investment firm with over 135 teams in 30 countries sharing their best thinking to seek better returns for their clients. As the worlds largest investor, they currently manage in excess of 7,700 portfolios comprising $4.72T of assets.\n\nFollowing the expansion of their Irish Team, they selected Sonica as main contractor for their office relocation project as they transferred their Dublin operation from Barrow St. to larger offices in Ballsbridge.\n\nOur brief took the project from an empty “grey box” to their fully fitted out Corporate HQ in 14 weeks from appointment.\n\nWorks were undertaken in a multi-tenanted fully occupied building with continual intensive daily co-ordination with the sitting Building Management Team and other tenants a key consideration in the development of our aggressive construction programme.\n\nDue to the high degree of cellularisation to form the various manager offices, meeting spaces and executive boardrooms, the mechanical scope required considerable addition to the primary Landlord ventilation provisions via. intensive upgrades, modelling and BMS integration. The project scope also included a large specialist joinery component, a bespoke reception area, feature hard and soft floorings, substantial active IT solution, a fully redundant IT backbone install, Comms Room UPS & downflow A/C, programmable SCADA digital monitoring, high-end Corporate level access control and security install, A/V delivery and a full furniture installation across the complete floor plate.\nAll works were completed on-time against an aggressive delivery programme and within the agreed budget parameters.', '1,000m2', '4 weeks Pre-Con\n10 weeks on site', 'International collaboration with UK led Design Team\nCo-ordination with sitting tenants and Landlord Teams throughout the construction period\nComms room commissioned and complete 2 weeks before handover to allow Client IT access.\nClient direct vendors were managed into our overall programme to ensure complete co-ordination of the overall project completion', '', '', NULL, NULL, NULL, NULL, NULL, '2018-02-15 17:44:22', '2018-02-15 17:44:22', '2804399e-bc1f-4dde-82a1-a5fbb36d998d'),
 ('126', '129', 'en_ie', 'Nissan', NULL, 'Dublin', 'Nissan has been at the forefront of the Irish motor industry since their arrival into Ireland in 1977, a feat that is achieved by a potent combination of aggressive sales and marketing strategies coupled with an extremely strong customer service philosophy.\n\nAs part of their continual commitment to maintaining top-end customer experiences in their network of dealer garages, the Company embarked on a programme of refurbishment on four of their flag-ship premises in Deansgrange, Liffey Valley, Airside Swords and Tallaght. We were delighted to be selected by Nissan and their extended Professional Team to carry out this exciting multi-location works programme.\n\nThe works centred on the strip out and replacement of key features and finishes in the existing garages to raise their already impressive profiles. This was achieved by the introduction of a new bespoke A/V installation, a feature lighting overhaul, addition of glazed meeting rooms for customer interaction, a total hard-flooring uplift and replacement, new joinery, soft furnishings and a full redecoration to create a completely new look-and-feel.\n\nThe biggest challenge was to carry out these works, against 4-separate and standalone aggressive installation programmes, whilst the garages remained open for business during the refurbishment process.\n\nIt is a testament to the on-site management from the Sonica Operations Team that the projects were not only all completed on-time, but the positive impact achieved through the high-quality of the finished works exceeded Nissan’s initial expectations for these flag-ship finished garages.', '4 no. garages of 1500m2 each', '4 weeks per garage\n16-week overall programme', 'Full strip out of existing finishes carried out inside LIVE working garages\nSubstantial out of hours working to facilitate Sales Operations\nCo-ordination of Client direct international suppliers\nPhased programming to allow staggered completion of garages', 'We developed a very good relationship with Sonica during the course of our recent multi-location refurbishments. We felt that the lines of communication were always open, their Team were very responsive to our various queries whilst remaining extremely flexible, but most importantly they shared our passion and commitment for the project at hand. We are simply delighted with the final product.', 'Ian Moran, Group Financial Accountant', NULL, NULL, NULL, NULL, NULL, '2018-02-15 17:44:22', '2018-02-15 17:44:22', '0480c2a7-f804-45a4-a204-78ae30afe00e'),
 ('127', '130', 'en_ie', 'Private Client', NULL, 'Dublin', 'Our Client is one of Ireland’s leading providers of advanced information technology, products, services and business consulting expertise. They are dedicated to helping their Clients innovate and succeed through the end-to-end transformation of their business models and the application of innovative technology and business solutions.\n\nOur brief comprised of the creation of a new customer experience room at their main operations facility in Dublin. Works were undertaken within this heavily occupied building with continual intensive daily co-ordination with the on-site Building Management Team. The existing space was previously used as a games area, the new fit-out required strip out of all existing finishes to provide a significant AV installation to the room, together with extensive modifications to the “Street” circulation and access areas. An associated AV room and Store Room was also constructed.\n\nThe finished product is a sleek modern fitout and the use of corporate colours throughout the design is a bold injection into what was previosuly a neutral space. Some highly technical features on the project included a bespoke free standing feature wall that was constructed with a steel frame and wrapped in toughened back painted glass to act as a divider in the room to separate the space. A custom built curved glass ramp was also provided and hanging feature oval lights are an uplifting addition.\n\nThe project was completed within the agreed tender time frame of 5 weeks.', '150m2', '5 weeks on site', 'Bespoke free standing feature wall\nSpecialist feature lighting\nHi-Tech AV interactive and communications systems\nCurved glass access ramp', '', '', NULL, NULL, NULL, NULL, NULL, '2018-02-15 17:44:22', '2018-02-15 17:44:22', 'ec130765-2479-448c-9686-13ffabd25aff'),
 ('128', '131', 'en_ie', 'Guinness Storehouse', NULL, 'St James’s Gate, Dublin 8', 'Spread over 4-floors, works ran concurrently in Ireland’s No. 1 Tourist attraction – a building with 5,000 visitors daily.\n\nIndividual work areas were the Visitor Experience Center, Group Orientation area, Arthur Guinness Room, Business Center refurbishment, Project Taste Experience, Arrol Bar refurbishment, Red Jacket retail Fitout, Ground Floor signature St. James’s Gate Replica and a full mezzanine retail area re-fit.\n\nProject Taste included conceptual “Scent Oscillator” columns, developed and designed specifically for the new Taste Experience exhibition. The main ingredients used to brew Guinness were vaporized to enhance the overall visitor sensory experience in tasting the beer.\n\nInteractive A/V screens in The Arthur Guinness Room that speak to visitors as they pass. Screen chassis’s concealed within feature wall paneling and triggered from ceiling disguised presence detectors.\n\nA full size replica of the iconic St. James’s Gate was installed in the main Ground Floor visitor reception area.\n\nRestoration of historic Guinness photography for scanning and printing onto full size extended wall murals installed in the Group Reception Area.\n\nMillwork fabricated from reclaimed sources to preserve the antique feel of several feature joinery pieces.', 'Multiple individual work areas spread over 4-separate floors.', '22 weeks on site', 'Multi-Trade Interaction and Co-ordination\nManagement of incumbent contractors within main fitout programme\nExtensive OOH Works to accommodate visitor traffic\nConcept Design Development\nInteraction with Several Design Teams across concurrent projects', 'We wanted this scheme to become the best place to taste Guiness Worldwide. The outcome conceived and developed by your installation team is simply outstanding. It has exceeded all my expectations. I love Taste, but more importantly, our visitors love it.', 'Paul Carthy, Managing Director, Guinness Storehouse', NULL, NULL, NULL, NULL, NULL, '2018-02-15 17:44:22', '2018-02-15 17:44:22', 'd6833a4c-0e54-458e-9b31-77cec9df8e4b'),
 ('129', '132', 'en_ie', 'Fitter Faster Stronger', NULL, 'Leeson Street', 'Having only formed in 2013, Fitter Faster Stronger (FFS) is now widely regarded as the pre-eminent Strength, Metabolic Conditioning and Functional Training Facility in the Capital.  Founded by Rory McInerney and Ciaran Ruddock, they have already cultivated a unique brand, a large Twitter following and a dedicated membership that has christened their training facility “The Home of Hard Work“.\n\nAs part of their expansion and continual brand development, we were hugely enthusiastic to be engaged for their gym refurbishment project on Leeson St.  With three of the Senior Sonica management staff already dedicated members of the gym, we were delighted to be able to offer some of our expertise back in return for the countless hours of training and coaching we had received from the FFS Team.\n\nThe brief was to draw heavily from the already established branding and colouring of the FFS logo, and transfer that strength of identity into the various training areas of the gym.  The results are clean, sharp surfaces throughout with extensive motivational branding & calls to action.', 'Basement area, City Centre Location.', 'The project was fully designed and off-site fabricated, assembly occurred on-site over a single out-of-hours weekend to accommodate the extensive gym class schedule.', 'Concept development\nDesign and off-site fabrication\nExtensive branding and signage\nBespoke branded cabinetry and joinery\nFeature Gym Flooring', 'The level of professionalism and proficiency astounded us on this project. The entire revamp was completed on an aggressive timeline, a 36 hour period, in order to minimise downtime for our Clients. The team at FFS are all delighted with a gym that is now more functional, but also looks awesome!', 'Rory McInerney, Managing Director, FFS', NULL, NULL, NULL, NULL, NULL, '2018-02-15 17:44:22', '2018-02-15 17:44:22', '73c13f1c-6f87-4585-9262-9a346eaa6401'),
 ('130', '133', 'en_ie', 'Ballsbridge Park', NULL, 'Sweepstakes Building, Dublin 4', 'Landlord refurbishment project to recondition the building atrium and main reception, all lift cores, common areas, bathrooms and staircores spread over 6-floors in a Live occupied working environment.\n\nWorks also extended to the complete demolition and refitting of the Ground Floor Open Plan Offices to act as the building marketing suite.\nFormation of ground floor meeting rooms for anchor tenant, specifically designed for maximum privacy with increased acoustic properties.\nReflooring complete atrium with new stone tiling – all works carried out by nights to minimize disruption to existing tenants.\n\nInstallation of new enlarged multi-operator reception desk, double height feature atrium wall paneling and glazing.\n\nBuilding fabric surveying and development of repair and maintenance programme.\n\nInstallation of new security speed lanes with supply of access control systems tailored to multitenant / multi-card operation.\n\nComplete M&E brief to include all services associated with bathroom and shower upgrades, A/C to open plan offices and power upgrades to suit new tenancy requirements.', 'Multiple individual work areas spread over 6-separate floors.', '14 weeks on site', 'Landlord / Tennant liaison in programme development\nLarge proportion of works undertaken out of hours\nFeature package design development with architect to align with budget provisions\nInterfacing with multiple stake holders', 'We were very impressed by the manner in which you undertook the project and advanced your works – nothing was ever an issue, “No” was never an answer.', 'Frank Doyle, Studio 3 Architects', NULL, NULL, NULL, NULL, NULL, '2018-02-15 17:44:22', '2018-02-15 17:44:22', '68a1ed7d-e172-4011-acbe-62995d903737'),
 ('131', '134', 'en_ie', 'Aspen Pharma', NULL, 'Custom House Quay, Dublin 2', 'Design and Build project from initial space planning for Lease negotiation, to Landlord consent phase, through to detailed design, costing, planning, constructing and overall hand-back. The complete project life cycle, managed from start-to-finish by Sonica.\n\nOpen plan spaces were developed off the Client’s international office templates, with the expressed requirement to improve existing flow and promote productivity. Our designers took the starting point from a Dubai based plan and streamlined it into an improved Dublin model to achieve these goals.\n\nWorks were undertaken inside a 12-storey multi tenanted building. Management of logistics and daily co-ordination with the sitting Building Management Team was a key consideration in the development of our aggressive construction programme which was led by Client early occupational requirements.\n\nA high degree of cellularisation in the offices required considerable addition to the Landlord provided A/C and lighting control systems. These A/C & lighting upgrades were carried out to provide local dedicated user defined control and were simultaneously linked back to the head end BMS system for Landlord energy monitoring.\n\nThe project was run as an open book Management Contract, with the Client retaining all expenditure authorization throughout the build process. The completed works were delivered below the original approved budget tabled at Design completion stage.', '750m2', '8 weeks on site', 'International collaboration at design phase to achieve Client design goals.\nOpen plan financials with project delivered on time and below budget.\nComms room commissioned and complete 3 weeks before handover to allow Client IT access.\nClient direct vendors were managed into our overall programme to ensure complete co-ordination of overall project completion.', 'From initial meeting to final handback, we knew that in Sonica Fitout we had a Design & Build Contractor that could translate the multi-faceted requirements of our business needs into a single, co-ordinated and stream lined project action plan. They listened, they advised and they delivered a space that has gone way beyoned all of our expectations.', 'Elisha O\' Keeffe, Aspen Pharma Ireland', NULL, NULL, NULL, NULL, NULL, '2018-02-15 17:44:22', '2018-02-15 17:44:22', '7ec01e61-a00d-4042-9209-ae0186184826'),
 ('132', '135', 'en_ie', 'Sonica HQ', NULL, '10-12 Hogan Place, Dublin 2', 'The brief was to capture the vibrancy and energy of the Sonica Fitout brand, while showcasing our talent for design and fitout.\n\nThe completed office had to deliver a working area that would encourage open collaboration between departments and provide an environment where staff could discuss fresh ideas and develop new systems.\n\nThe Company branding and instantly recognisable “Sonica Rainbow” colouring were used as the central theme in the fitout, with graphics and murals developed specifically to enhance the fabrics, wall and floor colorings used throughout.\n\nStaff & Client individuality was celebrated with offices and meeting rooms designed with personality.\n\nThe canteen has a “Catch Phrase Wall” dedicated to valued Company friend.\n\nThe sauna styled Collab Room succeeds in forming the central hub – a place we gravitate to for both informal internal meetings and TGI Friday beers.\n\nThe Strong Room is a “Do Not Disturb Zone” where we can go to crash out a tender or just think in peace and quiet.\n\nOur Client’s love it too – we’ve lost track of the amount of people that have called in to us, just to hang out (and to make sure they get their names onto the Sonica Tube Map!)', '300m2', '3 weeks on site.', 'Sauna style Collab area\nExtensive bespoke murals and wall art\nFeature wall tiling and lighting throughout\nExecutive Boardroom with full A/V\nStrong Room / Phone Free Zone for thinking.', 'It’s a really nice space, an office we all feel comfortable in, a place we love to work in, our home away from home.', 'Donnacha Neary, MD, Sonica Fitout', NULL, NULL, NULL, NULL, NULL, '2018-02-15 17:44:22', '2018-02-15 17:44:22', 'bc1d787b-b875-4ed7-98fb-296b072c7bcc'),
 ('133', '136', 'en_ie', 'Axway', NULL, 'Pembroke Street Upper, Dublin', 'Over 11,000 Companies Worldwide rely on AXWAY for their B2B software solutions. Axway relied on just one, Sonica Fitout, for their new Dublin HQ office fitout.\n\nSonica appointed the Architectural and M&E Design Teams and also acted as traditional Main Contractor for the fitout with responsibility for overall design verification and certification of the M&E systems.\n\nWorks involved the full strip out of the existing floor plate in preparation for the formation of open plan offices, manager cellular offices, boardroom facilities with full A/V capability, new staff canteen, comms room, bathrooms & staff shower rooms.\n\nSonica also engaged a Graphic Design company to develop wall art and murals throughout the office space that reflected the Company’s vision and message.\n\nWorks were conducted on the 1st floor of Investment House in Dublin, a multi tenanted fully occupied Live office block, with all logistics for these operations managed by the Sonica Site Team.', '1200m2', '8 weeks on site', 'Full bathroom and shower room installations\nExtensive Graphics and Wall Art Design\nLead role in Design verification and certification\nAggressive programme delivered in a fully occupied multi-tennanted environment', 'To invest our time best in on our role as Client Representatives, we need a Contractor that makes the successful completion of the project their main and only focus. We get that every time we work with Sonica - it makes the whole process a pleasure for all concerned.', 'Andrew McCracken, Director, Jones Lang LaSalle', NULL, NULL, NULL, NULL, NULL, '2018-02-15 17:44:22', '2018-02-15 17:44:22', '9140df6d-9bb9-4f27-8999-4fe6dc915929'),
 ('134', '137', 'en_ie', 'Allied World', NULL, 'Custom House Quay, Dublin 2', 'Since their formation in 2001, Allied World have built a reputation as a strong supplier of insurance and reinsurance solutions globally with a worldwide network of offices and a NYSE listing.\n\nAppointed as Main Contractor, Sonica’s brief was to modernize Allied’s existing Dublin office while they remained in situ during the course of the works. The phased approach to the process involved meticulous planning with Allied’s appointed management team so that the overall programme could be broken down into daily milestones.\n\nThe scope involved increasing the level of open plan allowances in the space via. removal of existing cellular offices, M&E augmentations to supplement the additional head count, new canteen facilities, meeting facilities, floor finishes and a complete workstation package renewal.\n\nThe bulk of the works were conducted outside of normal office hours to minimize the impact to the Client’s day-to-day operations, with the Sonica Site Team delivering against every milestone in the process from start to finish.', '800m2', '8 weeks on site', 'In Depth Planning for substantial Out of Hours workscope\nUpgraded M&E for increased staff head count\nRe-cellularisation of Manager Offices and Meeting Rooms\nFull new staff canteen facilities', 'You kept us informed through the whole process, we knew what was happening, when it was happening, what task was next in the chain and when it was successfully completed. We always felt like we were in good hands.', 'Aideen Quinn, VP for HR, Europe & Asia, Allied World', NULL, NULL, NULL, NULL, NULL, '2018-02-15 17:44:22', '2018-02-15 17:44:22', '004d9ca9-6eb6-42ff-8d59-6f98ebd7a988'),
 ('135', '138', 'en_ie', 'SCA', NULL, 'Blanchardstown Corporate Park 2, Dublin 15', 'Sonica acted as traditional Main Contractor for the fitout of SCA Ireland’s new offices with responsibility for design and certification of the M&E systems forming part of the overall brief.\n\nTaken from Landlord CAT-A condition, works involved formation of open plan offices, manager cellular offices, boardroom facilities with full A/V capability, new staff canteen, post room & store rooms.\n\nWe also had responsibility for securing Landlord consent for the M&E alterations involved in supplementing and modifying the A/C and lighting control systems to suit our finalized layouts.', '400m2', '4 weeks on site', 'Buzzifelt feature acoustic attenuation\nFeature graphics and wall murals\nM&E Design and Build\nManagement of Client Direct furniture vendor\nLandlord consent applications', 'We have been very impressed with your company’s overall professionalism from the cleanliness of the site, management of contractors, general can-do attitude and most importantly; the ahead of schedule completion of the job. The new office looks fantastic and the whole team are looking forward to moving into their new home!', 'Simon Pickering, SCA / Tork', NULL, NULL, NULL, NULL, NULL, '2018-02-15 17:44:23', '2018-02-15 17:44:23', '8fa0b490-c043-473e-98ee-be73d521f9ab'),
 ('136', '139', 'en_ie', 'Cartrawler', NULL, 'Dundrum Business Park, Dublin 14', 'Cartrawler provides travel-related retailers with a fully managed gateway to over 800 car rental agents at 30,000 locations in 174 different countries.\n\nSonica completed the fitout of their new offices in Dublin comprising cellular offices, meeting rooms, staff canteens, an All Hands Town Hall meeting area, chill out room and open plan workspace to accommodate up to 235 staff.\n\nM&E works were carried out under a domestic sub-contract with Sonica offering a turn key project developed from initial tender drawings and specifications. Works involved supplementing the landlord A/C systems, a full data installation to a central comms room, electrical power distribution to desk mounted furniture solution and full lighting augmentation to include scene setting in selected areas.', '1,200m2', '8 weeks on site', '', 'You took the stress out of the whole process for us – the fitout was handed over as we wanted it when we wanted it.', 'Lynsey Egan, Cartrawler', NULL, NULL, NULL, NULL, NULL, '2018-02-15 17:44:23', '2018-02-15 17:44:23', '58de1ac5-1f91-4107-a4f1-3b87d1f3ff61'),
 ('137', '140', 'en_ie', 'Lisney', NULL, 'Earlsford Terrance, Dublin 4', 'When relocating from their home of c. 20-years on Dublin’s St. Stephen’s Green, Lisney appointed Sonica to act as their Main Contractor and Partner to deliver their modern new office space over two floors on Earlsfort Terrace.\n\nWorks involved the strip out of 2 existing floors in the building in preparation for the new office layouts. The first floor was fitted out as the Corporate Reception and Meeting space, a place for Lisney to receive their Clients, hold large meetings and conduct auctions. The second floor comprised the open plan office space, internal meeting space, staff canteen facilities, file storage and desking for 80 staff members.\n\nWorks were conducted on the upper floors of St. Stephens Green House, a multi tenanted office block, with all logistics and day-to-day site issues managed by the on-site Sonica Operations Team.', '1200m2', '8 weeks onsite', 'High End Corporate reception area\nStone flooring and bespoke branded joinery\nManagement of Client direct Furniture and A/V vendors\nAggressive programme delivered in multi-tenanted building', 'Your staff were exceptionally courteous to all our sitting building tenants through the whole fitout process, we hardly noticed you were even here.', 'David Hogan, SSG Building Manager', NULL, NULL, NULL, NULL, NULL, '2018-02-15 17:44:23', '2018-02-15 17:44:23', '7170af14-8670-4d35-bf6b-f4ca95c09b94'),
 ('138', '141', 'en_ie', 'Apollo Aviation', NULL, 'Connaught House, Burlington Road, Dublin 4', 'Founded in 2002, Apollo Aviation Group is a multi-strategy alternative investment firm specializing in commercial aviation investing, creating and extracting value by investing in mid-life and mature commercial aircraft and engines.\n\nSonica were appointed as traditional Main Contractor for the fitout, which was carried out on the top floor of Connaught House, the exclusive multi-tenanted corporate HQ building off Mespil Road in Dublin 2.\nWith stunning views over Dublin, the works involved the complete strip out of the existing finishes in preparation for the new Apollo layouts. Several key building features were identified to be retained and incorporated within the completed office works, all others were promptly cleared in the opening days on site.\n\nThe completed offices comprise open plan work areas, cellular offices and meeting rooms, a bespoke Client reception area, staff canteen & break out area, full data rewire back to a new comms room, complete A/V & VC installation and a thorough M&E upgrade to accommodate the new layouts.\n\nWorking on the top floor of one of the most prestigious buildings in Dublin presented it’s own challenges, but through the daily co-ordination and management of works by the sitting Sonica Site Team, the project ran smoothly for start to finish. The completed office is considered by the Professional Team as one of the finest small office fitout examples conducted in Dublin in recent years.', '1000m2', '8 weeks on site', 'Bespoke joinery installations to Client Reception Area & Corporate Meeting Space\nIdentification, retention and re-use of core building fabrics to augment the fitout\nComplete M&E overhaul to suit new office layouts\nIntense co-ordination with sitting Building Management through the fitout process.', 'Very easy to work with and extremely professional from start to finish. Completed the job to a very high quality on time and within budget – \ncouldn’t ask for any more.', 'Marcus Miller, VP Dublin Operations, Apollo Aviation', NULL, NULL, NULL, NULL, NULL, '2018-02-15 17:44:23', '2018-02-15 17:44:23', '5b834daa-e454-435e-aa63-0af7a3b585b2'),
 ('139', '142', 'en_ie', 'Team', NULL, NULL, NULL, NULL, NULL, NULL, NULL, NULL, NULL, NULL, NULL, NULL, NULL, '2018-02-15 17:45:12', '2018-02-15 17:45:12', '5d0ba6e5-568b-4429-8be1-247bdcecf8f6');



DROP TABLE IF EXISTS `craft_deprecationerrors`;


--
-- Schema for table `craft_deprecationerrors`
--
CREATE TABLE `craft_deprecationerrors` (
  `id` int(11) NOT NULL AUTO_INCREMENT,
  `key` varchar(255) COLLATE utf8_unicode_ci NOT NULL,
  `fingerprint` varchar(255) COLLATE utf8_unicode_ci NOT NULL,
  `lastOccurrence` datetime NOT NULL,
  `file` varchar(255) COLLATE utf8_unicode_ci NOT NULL,
  `line` smallint(6) unsigned NOT NULL,
  `class` varchar(255) COLLATE utf8_unicode_ci DEFAULT NULL,
  `method` varchar(255) COLLATE utf8_unicode_ci DEFAULT NULL,
  `template` varchar(255) COLLATE utf8_unicode_ci DEFAULT NULL,
  `templateLine` smallint(6) unsigned DEFAULT NULL,
  `message` varchar(255) COLLATE utf8_unicode_ci DEFAULT NULL,
  `traces` text COLLATE utf8_unicode_ci,
  `dateCreated` datetime NOT NULL,
  `dateUpdated` datetime NOT NULL,
  `uid` char(36) COLLATE utf8_unicode_ci NOT NULL DEFAULT '0',
  PRIMARY KEY (`id`),
  UNIQUE KEY `craft_deprecationerrors_key_fingerprint_unq_idx` (`key`,`fingerprint`)
) ENGINE=InnoDB AUTO_INCREMENT=2 DEFAULT CHARSET=utf8 COLLATE=utf8_unicode_ci;

--
-- Data for table `craft_deprecationerrors`
--

INSERT INTO `craft_deprecationerrors` (`id`, `key`, `fingerprint`, `lastOccurrence`, `file`, `line`, `class`, `method`, `template`, `templateLine`, `message`, `traces`, `dateCreated`, `dateUpdated`, `uid`) VALUES
 ('1', 'getBuild()', 'Craft\\AppBehavior:149', '2018-02-15 17:39:19', '/Applications/MAMP/htdocs/459001-Sonica/craft/app/etc/behaviors/AppBehavior.php', '149', 'Craft\\AppBehavior', 'getBuild', NULL, NULL, 'craft()->getBuild() has been deprecated. As of Craft 2.6.2951, craft()->getVersion() returns the complete version number (X.Y.Z).', '[{\"objectClass\":\"Craft\\\\DeprecatorService\",\"file\":\"\\/Applications\\/MAMP\\/htdocs\\/459001-Sonica\\/craft\\/app\\/etc\\/behaviors\\/AppBehavior.php\",\"line\":149,\"class\":\"Craft\\\\DeprecatorService\",\"method\":\"log\",\"args\":\"\\\"getBuild()\\\", \\\"craft()->getBuild() has been deprecated. As of Craft 2.6.2951, c...\\\"\"},{\"objectClass\":\"Craft\\\\AppBehavior\",\"file\":null,\"line\":null,\"class\":\"Craft\\\\AppBehavior\",\"method\":\"getBuild\",\"args\":null},{\"objectClass\":null,\"file\":\"\\/Applications\\/MAMP\\/htdocs\\/459001-Sonica\\/craft\\/app\\/framework\\/base\\/CComponent.php\",\"line\":261,\"class\":null,\"method\":\"call_user_func_array\",\"args\":\"array(Craft\\\\AppBehavior, \\\"getBuild\\\"), array()\"},{\"objectClass\":\"Craft\\\\WebApp\",\"file\":\"\\/Applications\\/MAMP\\/htdocs\\/459001-Sonica\\/craft\\/plugins\\/import\\/ImportPlugin.php\",\"line\":118,\"class\":\"CComponent\",\"method\":\"__call\",\"args\":\"\\\"getBuild\\\", array()\"},{\"objectClass\":\"Craft\\\\WebApp\",\"file\":\"\\/Applications\\/MAMP\\/htdocs\\/459001-Sonica\\/craft\\/plugins\\/import\\/ImportPlugin.php\",\"line\":118,\"class\":\"Craft\\\\WebApp\",\"method\":\"getBuild\",\"args\":null},{\"objectClass\":\"Craft\\\\ImportPlugin\",\"file\":\"\\/Applications\\/MAMP\\/htdocs\\/459001-Sonica\\/craft\\/app\\/services\\/PluginsService.php\",\"line\":425,\"class\":\"Craft\\\\ImportPlugin\",\"method\":\"onAfterInstall\",\"args\":null},{\"objectClass\":\"Craft\\\\PluginsService\",\"file\":\"\\/Applications\\/MAMP\\/htdocs\\/459001-Sonica\\/craft\\/app\\/controllers\\/PluginsController.php\",\"line\":44,\"class\":\"Craft\\\\PluginsService\",\"method\":\"installPlugin\",\"args\":\"\\\"Import\\\"\"},{\"objectClass\":\"Craft\\\\PluginsController\",\"file\":\"\\/Applications\\/MAMP\\/htdocs\\/459001-Sonica\\/craft\\/app\\/framework\\/web\\/actions\\/CInlineAction.php\",\"line\":49,\"class\":\"Craft\\\\PluginsController\",\"method\":\"actionInstallPlugin\",\"args\":null},{\"objectClass\":\"CInlineAction\",\"file\":\"\\/Applications\\/MAMP\\/htdocs\\/459001-Sonica\\/craft\\/app\\/framework\\/web\\/CController.php\",\"line\":308,\"class\":\"CInlineAction\",\"method\":\"runWithParams\",\"args\":\"array()\"},{\"objectClass\":\"Craft\\\\PluginsController\",\"file\":\"\\/Applications\\/MAMP\\/htdocs\\/459001-Sonica\\/craft\\/app\\/framework\\/web\\/CController.php\",\"line\":286,\"class\":\"CController\",\"method\":\"runAction\",\"args\":\"CInlineAction\"},{\"objectClass\":\"Craft\\\\PluginsController\",\"file\":\"\\/Applications\\/MAMP\\/htdocs\\/459001-Sonica\\/craft\\/app\\/framework\\/web\\/CController.php\",\"line\":265,\"class\":\"CController\",\"method\":\"runActionWithFilters\",\"args\":\"CInlineAction, array()\"},{\"objectClass\":\"Craft\\\\PluginsController\",\"file\":\"\\/Applications\\/MAMP\\/htdocs\\/459001-Sonica\\/craft\\/app\\/framework\\/web\\/CWebApplication.php\",\"line\":282,\"class\":\"CController\",\"method\":\"run\",\"args\":\"\\\"installPlugin\\\"\"},{\"objectClass\":\"Craft\\\\WebApp\",\"file\":\"\\/Applications\\/MAMP\\/htdocs\\/459001-Sonica\\/craft\\/app\\/etc\\/web\\/WebApp.php\",\"line\":823,\"class\":\"CWebApplication\",\"method\":\"runController\",\"args\":\"\\\"plugins\\/installPlugin\\\"\"},{\"objectClass\":\"Craft\\\\WebApp\",\"file\":\"\\/Applications\\/MAMP\\/htdocs\\/459001-Sonica\\/craft\\/app\\/etc\\/web\\/WebApp.php\",\"line\":287,\"class\":\"Craft\\\\WebApp\",\"method\":\"_processActionRequest\",\"args\":null},{\"objectClass\":\"Craft\\\\WebApp\",\"file\":\"\\/Applications\\/MAMP\\/htdocs\\/459001-Sonica\\/craft\\/app\\/framework\\/base\\/CApplication.php\",\"line\":185,\"class\":\"Craft\\\\WebApp\",\"method\":\"processRequest\",\"args\":null},{\"objectClass\":\"Craft\\\\WebApp\",\"file\":\"\\/Applications\\/MAMP\\/htdocs\\/459001-Sonica\\/craft\\/app\\/index.php\",\"line\":62,\"class\":\"CApplication\",\"method\":\"run\",\"args\":null},{\"objectClass\":null,\"file\":\"\\/Applications\\/MAMP\\/htdocs\\/459001-Sonica\\/index.php\",\"line\":19,\"class\":null,\"method\":\"require_once\",\"args\":\"\\\"\\/Applications\\/MAMP\\/htdocs\\/459001-Sonica\\/craft\\/app\\/index.php\\\"\"}]', '2018-02-15 17:39:19', '2018-02-15 17:39:19', 'c224c457-7d80-49ea-b472-6a9fbd8f5ed4');



DROP TABLE IF EXISTS `craft_elementindexsettings`;


--
-- Schema for table `craft_elementindexsettings`
--
CREATE TABLE `craft_elementindexsettings` (
  `id` int(11) NOT NULL AUTO_INCREMENT,
  `type` varchar(150) COLLATE utf8_unicode_ci NOT NULL,
  `settings` text COLLATE utf8_unicode_ci,
  `dateCreated` datetime NOT NULL,
  `dateUpdated` datetime NOT NULL,
  `uid` char(36) COLLATE utf8_unicode_ci NOT NULL DEFAULT '0',
  PRIMARY KEY (`id`),
  UNIQUE KEY `craft_elementindexsettings_type_unq_idx` (`type`)
) ENGINE=InnoDB AUTO_INCREMENT=2 DEFAULT CHARSET=utf8 COLLATE=utf8_unicode_ci;

--
-- Data for table `craft_elementindexsettings`
--

INSERT INTO `craft_elementindexsettings` (`id`, `type`, `settings`, `dateCreated`, `dateUpdated`, `uid`) VALUES
 ('1', 'Entry', '{\"sources\":{\"section:4\":{\"tableAttributes\":{\"1\":\"field:18\",\"2\":\"dateUpdated\"}},\"section:8\":{\"tableAttributes\":{\"1\":\"postDate\",\"2\":\"expiryDate\"}},\"singles\":{\"tableAttributes\":{\"1\":\"dateUpdated\",\"2\":\"link\"}},\"section:2\":{\"tableAttributes\":{\"1\":\"postDate\",\"2\":\"author\",\"3\":\"link\"}},\"section:6\":{\"tableAttributes\":{\"1\":\"field:20\",\"2\":\"link\"}}}}', '2017-10-13 15:09:00', '2017-10-23 14:26:18', '06297911-d4c3-4773-99fd-5c39466f4412');



DROP TABLE IF EXISTS `craft_elements`;


--
-- Schema for table `craft_elements`
--
CREATE TABLE `craft_elements` (
  `id` int(11) NOT NULL AUTO_INCREMENT,
  `type` varchar(150) COLLATE utf8_unicode_ci NOT NULL,
  `enabled` tinyint(1) unsigned NOT NULL DEFAULT '1',
  `archived` tinyint(1) unsigned NOT NULL DEFAULT '0',
  `dateCreated` datetime NOT NULL,
  `dateUpdated` datetime NOT NULL,
  `uid` char(36) COLLATE utf8_unicode_ci NOT NULL DEFAULT '0',
  PRIMARY KEY (`id`),
  KEY `craft_elements_type_idx` (`type`),
  KEY `craft_elements_enabled_idx` (`enabled`),
  KEY `craft_elements_archived_dateCreated_idx` (`archived`,`dateCreated`)
) ENGINE=InnoDB AUTO_INCREMENT=143 DEFAULT CHARSET=utf8 COLLATE=utf8_unicode_ci;

--
-- Data for table `craft_elements`
--

INSERT INTO `craft_elements` (`id`, `type`, `enabled`, `archived`, `dateCreated`, `dateUpdated`, `uid`) VALUES
 ('1', 'User', '1', '0', '2017-10-13 11:04:16', '2017-10-13 11:05:55', 'a34e6daf-4323-4b00-918f-e0c4fe677445'),
 ('9', 'GlobalSet', '1', '0', '2017-10-13 14:23:03', '2017-12-04 23:29:49', '5d26461d-1d6e-4f69-8809-937f9d73f2a1'),
 ('77', 'Asset', '1', '0', '2017-12-07 13:26:17', '2018-01-26 09:35:21', 'ea936dd8-8a1e-4f8d-b320-270013589606'),
 ('78', 'Asset', '1', '0', '2017-12-07 13:26:17', '2018-01-26 09:35:21', 'e6ff14f3-6e0f-4dc0-bb9c-7d4c7e964a90'),
 ('79', 'Asset', '1', '0', '2017-12-07 13:33:53', '2018-01-26 09:35:21', '4367cf1c-3e5f-4a21-b3c2-f26f65ee098b'),
 ('80', 'Asset', '1', '0', '2018-01-25 15:18:00', '2018-01-26 09:35:23', 'b4d08a2b-acb5-40a2-84ab-6da2c494b16b'),
 ('81', 'Asset', '1', '0', '2018-01-25 15:21:30', '2018-01-26 09:35:18', '9eaa6936-4c48-4694-bb51-546381cef19d'),
 ('82', 'Asset', '1', '0', '2018-01-25 15:21:30', '2018-01-26 09:35:19', 'fe9a0d31-4608-4e81-a2b1-fad99412c786'),
 ('86', 'Asset', '1', '0', '2018-01-25 23:33:14', '2018-01-26 09:35:21', 'aa824b51-ce34-4097-b8fe-088eacde8917'),
 ('87', 'Asset', '1', '0', '2018-01-25 23:33:14', '2018-01-26 09:35:22', 'f7fa2ddc-f566-48b2-a821-dbf5c6a9ae7d'),
 ('88', 'Asset', '1', '0', '2018-01-25 23:33:15', '2018-01-26 09:35:22', '1b36ce72-fcd3-415f-9221-e94970c1743c'),
 ('89', 'Asset', '1', '0', '2018-01-25 23:33:15', '2018-01-26 09:35:22', 'b4ce7864-3a69-467d-a2fa-213e2ccaaae1'),
 ('90', 'Asset', '1', '0', '2018-01-25 23:33:15', '2018-01-26 09:35:22', 'c172b12d-8555-40fe-80f2-0454056c4c0b'),
 ('91', 'Asset', '1', '0', '2018-01-25 23:50:37', '2018-01-26 09:35:18', 'f18c4c2e-77a8-49dc-8a1e-f155bbf45907'),
 ('92', 'Asset', '1', '0', '2018-01-25 23:50:38', '2018-01-26 09:35:18', '83326b75-fbb1-4834-9027-dca0e1cbde18'),
 ('93', 'Asset', '1', '0', '2018-01-25 23:50:38', '2018-01-26 09:35:19', 'ef8b7e66-d7b1-40e1-a021-0f74eff09534'),
 ('94', 'Asset', '1', '0', '2018-01-26 09:35:19', '2018-01-26 09:35:19', '206cd354-8280-44a0-9914-dc9b3255b2f7'),
 ('95', 'Asset', '1', '0', '2018-01-26 09:35:19', '2018-01-26 09:35:19', 'c01cf35f-b92e-4f3a-85bc-1a8335516a30'),
 ('96', 'Asset', '1', '0', '2018-01-26 09:35:19', '2018-01-26 09:35:20', 'b4e113af-a8bf-46b3-a62c-d9bc7a2c8daf'),
 ('97', 'Asset', '1', '0', '2018-01-26 09:35:20', '2018-01-26 09:35:20', 'a44c3416-275c-4d07-94cd-390c14f74614'),
 ('98', 'Asset', '1', '0', '2018-01-26 09:35:20', '2018-01-26 09:35:20', '60380298-f0b9-41e2-8a04-eabcb8e017ce'),
 ('99', 'Asset', '1', '0', '2018-01-26 09:35:20', '2018-01-26 09:35:20', '68cec0d1-9ac3-45ad-a6b7-aca2d70087c4'),
 ('100', 'Asset', '1', '0', '2018-02-15 17:39:55', '2018-02-15 17:39:55', '52cca89e-6300-4bd6-9824-652dae4be269'),
 ('101', 'Asset', '1', '0', '2018-02-15 17:44:10', '2018-02-15 17:44:10', '1b5275f8-77cf-4ae2-b38e-6b6d65dcae2f'),
 ('102', 'Entry', '1', '0', '2018-02-15 17:44:20', '2018-02-15 17:44:20', 'f014a144-d85b-4721-a471-2e70d0e47df0'),
 ('103', 'Entry', '1', '0', '2018-02-15 17:44:20', '2018-02-15 17:44:20', '063c42a9-50cf-4f5b-b482-357a446280c2'),
 ('104', 'Entry', '1', '0', '2018-02-15 17:44:20', '2018-02-15 17:44:20', '948d0a2a-babe-4ad2-8cfe-7bf3e8d5d111'),
 ('105', 'Entry', '1', '0', '2018-02-15 17:44:20', '2018-02-15 17:44:20', '5d4f2fe0-cd9e-4087-98ed-f2fede132fa4'),
 ('106', 'Entry', '1', '0', '2018-02-15 17:44:20', '2018-02-15 17:44:20', '4313dbd2-661c-4b69-9a46-e68e9e190fd4'),
 ('107', 'Entry', '1', '0', '2018-02-15 17:44:20', '2018-02-15 17:44:20', '0fdfe96f-2bc3-477f-961b-f25e5c3a05f3'),
 ('108', 'Entry', '1', '0', '2018-02-15 17:44:20', '2018-02-15 17:44:20', 'bc161121-0303-422c-aff4-4a7047de758d'),
 ('109', 'Entry', '1', '0', '2018-02-15 17:44:20', '2018-02-15 17:44:20', 'ccb74399-e105-42d4-bf43-4afae01ef277'),
 ('110', 'Entry', '1', '0', '2018-02-15 17:44:21', '2018-02-15 17:44:21', '7c815ce6-b019-4196-8eb8-ff9b129c1459'),
 ('111', 'Entry', '1', '0', '2018-02-15 17:44:21', '2018-02-15 17:44:21', '45063372-f8c8-49da-b9c4-846a9f456e3e'),
 ('112', 'Entry', '1', '0', '2018-02-15 17:44:21', '2018-02-15 17:44:21', '97153e46-d540-431d-b053-9c75d4f2123a'),
 ('113', 'Entry', '1', '0', '2018-02-15 17:44:21', '2018-02-15 17:44:21', 'c44f52d5-76e6-4f05-b663-360cae80f464'),
 ('114', 'Entry', '1', '0', '2018-02-15 17:44:21', '2018-02-15 17:44:21', '7898b41e-d4f4-410b-8d93-1fb77ef8e56d'),
 ('115', 'Entry', '1', '0', '2018-02-15 17:44:21', '2018-02-15 17:44:21', '4a9d7d92-1f3f-409a-aa08-c49b1afb6ae3'),
 ('116', 'Entry', '1', '0', '2018-02-15 17:44:21', '2018-02-15 17:44:21', '8c5e9ccd-6d67-4bae-b5e1-39433c807462'),
 ('117', 'Entry', '1', '0', '2018-02-15 17:44:21', '2018-02-15 17:44:21', '51701e59-cca5-4c35-a31d-f944d8b13dba'),
 ('118', 'Entry', '1', '0', '2018-02-15 17:44:21', '2018-02-15 17:44:21', 'b34e1779-f4c7-4b46-b356-25dc778ce442'),
 ('119', 'Entry', '1', '0', '2018-02-15 17:44:21', '2018-02-15 17:44:21', 'e3d5e17c-a338-4795-a630-aa47167d8b25'),
 ('120', 'Entry', '1', '0', '2018-02-15 17:44:21', '2018-02-15 17:44:21', 'ec86a828-c5ec-4303-baba-db19498d7246'),
 ('121', 'Entry', '1', '0', '2018-02-15 17:44:21', '2018-02-15 17:44:21', '14f5cdd4-bc39-4911-bbc4-819ccf9593ca'),
 ('122', 'Entry', '1', '0', '2018-02-15 17:44:21', '2018-02-15 17:44:21', '1a8e7d78-82bb-4442-ad6d-d038c88670b5'),
 ('123', 'Entry', '1', '0', '2018-02-15 17:44:21', '2018-02-15 17:44:21', '458e3614-4d04-40eb-bb53-12b499a1aa83'),
 ('124', 'Entry', '1', '0', '2018-02-15 17:44:21', '2018-02-15 17:44:21', 'd3654bf6-1e41-44de-920f-ac954a39ab5f'),
 ('125', 'Entry', '1', '0', '2018-02-15 17:44:22', '2018-02-15 17:44:22', '864f3c16-6ab6-487f-be27-37d2f340eb5b'),
 ('126', 'Entry', '1', '0', '2018-02-15 17:44:22', '2018-02-15 17:44:22', '6681d303-bcfe-4d2e-b532-0d3c6a890ac4'),
 ('127', 'Entry', '1', '0', '2018-02-15 17:44:22', '2018-02-15 17:44:22', '5108644e-a253-4c35-89d5-b36dabf6239c'),
 ('128', 'Entry', '1', '0', '2018-02-15 17:44:22', '2018-02-15 17:44:22', '1c9ab131-e42b-4110-99ae-6d3bd4f6f78d'),
 ('129', 'Entry', '1', '0', '2018-02-15 17:44:22', '2018-02-15 17:44:22', 'd28c75df-f747-4cf9-a9aa-a536cb6fe627'),
 ('130', 'Entry', '1', '0', '2018-02-15 17:44:22', '2018-02-15 17:44:22', '04abf188-7921-4884-913e-f5e69e6775ef'),
 ('131', 'Entry', '1', '0', '2018-02-15 17:44:22', '2018-02-15 17:44:22', 'f07b97b2-90cc-40e6-99ca-083849322072'),
 ('132', 'Entry', '1', '0', '2018-02-15 17:44:22', '2018-02-15 17:44:22', 'b0729973-3894-4893-a5e0-410024a0c76a'),
 ('133', 'Entry', '1', '0', '2018-02-15 17:44:22', '2018-02-15 17:44:22', 'a89950a2-1cfc-44d6-b9ec-98d2f685e94a'),
 ('134', 'Entry', '1', '0', '2018-02-15 17:44:22', '2018-02-15 17:44:22', 'aebaa2a0-4d48-4ef5-bce8-e5eac11ee11c'),
 ('135', 'Entry', '1', '0', '2018-02-15 17:44:22', '2018-02-15 17:44:22', '149879ba-546c-4f6c-8530-b29589efbaaf'),
 ('136', 'Entry', '1', '0', '2018-02-15 17:44:22', '2018-02-15 17:44:22', '84ed914c-4138-48da-b828-711204ddc75f'),
 ('137', 'Entry', '1', '0', '2018-02-15 17:44:22', '2018-02-15 17:44:22', '8b528090-5fe3-4825-8232-3cd3d0241cc3'),
 ('138', 'Entry', '1', '0', '2018-02-15 17:44:23', '2018-02-15 17:44:23', 'b6464ece-97fd-4779-99eb-ae191844b63f'),
 ('139', 'Entry', '1', '0', '2018-02-15 17:44:23', '2018-02-15 17:44:23', '2e53c066-87dc-4eaf-b8ee-f2f1562272ba'),
 ('140', 'Entry', '1', '0', '2018-02-15 17:44:23', '2018-02-15 17:44:23', '7028e5cb-0926-43af-9448-fb1f1239eaa1'),
 ('141', 'Entry', '1', '0', '2018-02-15 17:44:23', '2018-02-15 17:44:23', '7b7260b0-8f35-4b11-b3c6-7eea9a4b9fb1'),
 ('142', 'Asset', '1', '0', '2018-02-15 17:45:12', '2018-02-15 17:45:12', '44d02d8c-869b-4240-bd2e-56091e832d23');



DROP TABLE IF EXISTS `craft_elements_i18n`;


--
-- Schema for table `craft_elements_i18n`
--
CREATE TABLE `craft_elements_i18n` (
  `id` int(11) NOT NULL AUTO_INCREMENT,
  `elementId` int(11) NOT NULL,
  `locale` char(12) COLLATE utf8_unicode_ci NOT NULL,
  `slug` varchar(255) COLLATE utf8_unicode_ci DEFAULT NULL,
  `uri` varchar(255) COLLATE utf8_unicode_ci DEFAULT NULL,
  `enabled` tinyint(1) unsigned NOT NULL DEFAULT '1',
  `dateCreated` datetime NOT NULL,
  `dateUpdated` datetime NOT NULL,
  `uid` char(36) COLLATE utf8_unicode_ci NOT NULL DEFAULT '0',
  PRIMARY KEY (`id`),
  UNIQUE KEY `craft_elements_i18n_elementId_locale_unq_idx` (`elementId`,`locale`),
  UNIQUE KEY `craft_elements_i18n_uri_locale_unq_idx` (`uri`,`locale`),
  KEY `craft_elements_i18n_slug_locale_idx` (`slug`,`locale`),
  KEY `craft_elements_i18n_enabled_idx` (`enabled`),
  KEY `craft_elements_i18n_locale_fk` (`locale`)
) ENGINE=InnoDB AUTO_INCREMENT=143 DEFAULT CHARSET=utf8 COLLATE=utf8_unicode_ci;

--
-- Data for table `craft_elements_i18n`
--

INSERT INTO `craft_elements_i18n` (`id`, `elementId`, `locale`, `slug`, `uri`, `enabled`, `dateCreated`, `dateUpdated`, `uid`) VALUES
 ('1', '1', 'en_ie', '', NULL, '1', '2017-10-13 11:04:16', '2017-10-13 11:05:55', 'b07a3f78-7f96-4636-8bd9-77946a527136'),
 ('9', '9', 'en_ie', '', NULL, '1', '2017-10-13 14:23:03', '2017-12-04 23:29:49', '605a0f0c-f420-4899-baf2-920599f0e1b3'),
 ('77', '77', 'en_ie', 'dw-about', NULL, '1', '2017-12-07 13:26:17', '2018-01-26 09:35:21', 'cdeaf26c-8746-4665-95e7-1f29b441e012'),
 ('78', '78', 'en_ie', 'dw-careers', NULL, '1', '2017-12-07 13:26:17', '2018-01-26 09:35:21', '6bd1aed9-10db-4d58-a39a-6752f3843d35'),
 ('79', '79', 'en_ie', 'dw-careers-alt', NULL, '1', '2017-12-07 13:33:53', '2018-01-26 09:35:21', '11aced2a-b6cd-4980-8069-2488c2a08df1'),
 ('80', '80', 'en_ie', 'home-bg', NULL, '1', '2018-01-25 15:18:01', '2018-01-26 09:35:23', '187e61e5-f017-4817-8981-650bc3f042e3'),
 ('81', '81', 'en_ie', 'photo', NULL, '1', '2018-01-25 15:21:30', '2018-01-26 09:35:18', '28f7c1c5-9960-4c53-a009-8a11d1113dc3'),
 ('82', '82', 'en_ie', 'photo1', NULL, '1', '2018-01-25 15:21:30', '2018-01-26 09:35:19', 'e22df718-9fd7-48f4-a757-f1f13f299f06'),
 ('86', '86', 'en_ie', 'dw-services-data', NULL, '1', '2018-01-25 23:33:14', '2018-01-26 09:35:21', 'a7ab12ae-9f50-4266-b422-7b056461051d'),
 ('87', '87', 'en_ie', 'dw-services-identity', NULL, '1', '2018-01-25 23:33:14', '2018-01-26 09:35:22', 'bc29b967-62ae-4520-908f-373a987e01e4'),
 ('88', '88', 'en_ie', 'dw-services-leaderboards', NULL, '1', '2018-01-25 23:33:15', '2018-01-26 09:35:22', 'bdb064c0-d292-42d9-a498-1bbbadfef44f'),
 ('89', '89', 'en_ie', 'dw-services-matchmaking', NULL, '1', '2018-01-25 23:33:15', '2018-01-26 09:35:22', '1e1e080c-bc0c-4a46-9970-13c96dae6e4a'),
 ('90', '90', 'en_ie', 'dw-services-microtransactions', NULL, '1', '2018-01-25 23:33:15', '2018-01-26 09:35:22', '091e336a-fef7-4bf1-ae3c-86496da096be'),
 ('91', '91', 'en_ie', 'dw-loc-01', NULL, '1', '2018-01-25 23:50:37', '2018-01-26 09:35:18', 'a9fe0f78-6f8c-422e-9edb-df09888fc297'),
 ('92', '92', 'en_ie', 'dw-loc-02', NULL, '1', '2018-01-25 23:50:38', '2018-01-26 09:35:18', '49c2e25d-fcaf-428a-90ba-142e4c315cbb'),
 ('93', '93', 'en_ie', 'dw-loc-03', NULL, '1', '2018-01-25 23:50:38', '2018-01-26 09:35:19', '01bde836-9f7d-4e42-9e93-6c020445763d'),
 ('94', '94', 'en_ie', 'team-brendan', NULL, '1', '2018-01-26 09:35:19', '2018-01-26 09:35:19', '79a7293b-1941-4a8c-90f3-413c9b618d22'),
 ('95', '95', 'en_ie', 'team-colin', NULL, '1', '2018-01-26 09:35:19', '2018-01-26 09:35:19', '1456eccd-bf10-47d2-a1ac-148d6459ad85'),
 ('96', '96', 'en_ie', 'team-mike', NULL, '1', '2018-01-26 09:35:20', '2018-01-26 09:35:20', 'd09371de-8289-43a9-8ed4-1ede6ab90e29'),
 ('97', '97', 'en_ie', 'team-nadia', NULL, '1', '2018-01-26 09:35:20', '2018-01-26 09:35:20', '36607b33-e7ac-47ef-a20f-c1f58e5e4fd8'),
 ('98', '98', 'en_ie', 'team-suzanne', NULL, '1', '2018-01-26 09:35:20', '2018-01-26 09:35:20', 'c5fc43e0-6944-4529-94ec-0ff34c6d16b1'),
 ('99', '99', 'en_ie', 'team-tendayi', NULL, '1', '2018-01-26 09:35:20', '2018-01-26 09:35:20', '29019c80-dc20-401b-bb80-9762e8a6de38'),
 ('100', '100', 'en_ie', 'case', NULL, '1', '2018-02-15 17:39:55', '2018-02-15 17:39:55', '532ca4f8-f4f2-4c07-998f-b547624cfc08'),
 ('101', '101', 'en_ie', 'case', NULL, '1', '2018-02-15 17:44:10', '2018-02-15 17:44:10', '7a4de1eb-a621-4e37-8895-30f25bb46807'),
 ('102', '102', 'en_ie', '21-charlemont', 'case-studies/21-charlemont', '1', '2018-02-15 17:44:20', '2018-02-15 17:44:23', '92df9f9c-7cb2-4639-899d-ea46322ccb5a'),
 ('103', '103', 'en_ie', 'private-client', 'case-studies/private-client', '1', '2018-02-15 17:44:20', '2018-02-15 17:44:23', '54042c31-1ff6-4aa0-af3d-2b1b75f0ec67'),
 ('104', '104', 'en_ie', 'demonware', 'case-studies/demonware', '1', '2018-02-15 17:44:20', '2018-02-15 17:44:23', '5015fd5f-3e55-4d5b-ad94-5ecc521d6993'),
 ('105', '105', 'en_ie', 'hubspot', 'case-studies/hubspot', '1', '2018-02-15 17:44:20', '2018-02-15 17:44:23', 'e9df5d12-206c-4780-82d4-819ee405e133'),
 ('106', '106', 'en_ie', 'private-client-1', 'case-studies/private-client-1', '1', '2018-02-15 17:44:20', '2018-02-15 17:44:23', '0df122f5-94a7-44e8-8ac3-2d9a75f01138'),
 ('107', '107', 'en_ie', 'udg-healthcare', 'case-studies/udg-healthcare', '1', '2018-02-15 17:44:20', '2018-02-15 17:44:23', '199147d3-fe1f-461b-af29-845cdcf8ba41'),
 ('108', '108', 'en_ie', '3-arena', 'case-studies/3-arena', '1', '2018-02-15 17:44:20', '2018-02-15 17:44:23', 'be02872d-c281-49f4-b74d-2032bfc8a56c'),
 ('109', '109', 'en_ie', 'salesforce', 'case-studies/salesforce', '1', '2018-02-15 17:44:20', '2018-02-15 17:44:23', 'db501506-bc60-4de6-a739-e1e1f9c89a79'),
 ('110', '110', 'en_ie', 'wipro', 'case-studies/wipro', '1', '2018-02-15 17:44:21', '2018-02-15 17:44:23', '3e4a0d68-ffc6-40eb-8141-6cd1e70cf43a'),
 ('111', '111', 'en_ie', 'private-client-2', 'case-studies/private-client-2', '1', '2018-02-15 17:44:21', '2018-02-15 17:44:23', 'ae7b8d09-8331-4006-9825-1a65e4e88484'),
 ('112', '112', 'en_ie', 'sas', 'case-studies/sas', '1', '2018-02-15 17:44:21', '2018-02-15 17:44:23', 'c369798c-2006-4e01-924d-a8888e860cac'),
 ('113', '113', 'en_ie', 'calvin-klein', 'case-studies/calvin-klein', '1', '2018-02-15 17:44:21', '2018-02-15 17:44:23', 'e642491f-0717-4355-8b1a-0125958287d1'),
 ('114', '114', 'en_ie', '100-stephens-green', 'case-studies/100-stephens-green', '1', '2018-02-15 17:44:21', '2018-02-15 17:44:23', 'ecde2d10-61ec-4339-b358-50acf7a87e18'),
 ('115', '115', 'en_ie', 'city-north-hotel', 'case-studies/city-north-hotel', '1', '2018-02-15 17:44:21', '2018-02-15 17:44:23', '544c8065-4ce2-4225-bd51-64a01428cc58'),
 ('116', '116', 'en_ie', 'rkd-interiors', 'case-studies/rkd-interiors', '1', '2018-02-15 17:44:21', '2018-02-15 17:44:23', '84b63050-3958-4df0-b11e-8d04e1edab4a'),
 ('117', '117', 'en_ie', 'fitter-faster-stronger', 'case-studies/fitter-faster-stronger', '1', '2018-02-15 17:44:21', '2018-02-15 17:44:23', '4c1e7113-a736-4de1-bc61-05da5a64ac29'),
 ('118', '118', 'en_ie', 'private-client-3', 'case-studies/private-client-3', '1', '2018-02-15 17:44:21', '2018-02-15 17:44:23', '92b51eb8-0dfa-43a0-8d47-e251c7fd0025'),
 ('119', '119', 'en_ie', 'm-s-simply-food', 'case-studies/m-s-simply-food', '1', '2018-02-15 17:44:21', '2018-02-15 17:44:23', '72c6abdd-6b6d-4f08-8592-3471c8e78428'),
 ('120', '120', 'en_ie', 'wipro-1', 'case-studies/wipro-1', '1', '2018-02-15 17:44:21', '2018-02-15 17:44:23', '66b3798f-e5f8-462d-9819-744b4f72cebb'),
 ('121', '121', 'en_ie', 'anya-hindmarch', 'case-studies/anya-hindmarch', '1', '2018-02-15 17:44:21', '2018-02-15 17:44:23', '29c7166f-3d4b-41cb-8cf9-d3dddc482a1d'),
 ('122', '122', 'en_ie', 'private-client-4', 'case-studies/private-client-4', '1', '2018-02-15 17:44:21', '2018-02-15 17:44:23', '30e4d463-173f-4708-b218-872340399c09'),
 ('123', '123', 'en_ie', 'aig', 'case-studies/aig', '1', '2018-02-15 17:44:21', '2018-02-15 17:44:23', 'c7706be6-9ea6-4c5f-a57a-fb1d72c5ad48'),
 ('124', '124', 'en_ie', 'sonica-fitout', 'case-studies/sonica-fitout', '1', '2018-02-15 17:44:22', '2018-02-15 17:44:23', '36d0d442-34a1-4972-9e70-0d36951b7f55'),
 ('125', '125', 'en_ie', 'ellucian', 'case-studies/ellucian', '1', '2018-02-15 17:44:22', '2018-02-15 17:44:23', '7d26e62a-4aca-4ddd-abff-422b082f535f'),
 ('126', '126', 'en_ie', 'ticket-master', 'case-studies/ticket-master', '1', '2018-02-15 17:44:22', '2018-02-15 17:44:23', '14a77a8d-7caf-4436-9c45-4b52806fc2bd'),
 ('127', '127', 'en_ie', 'wipro-2', 'case-studies/wipro-2', '1', '2018-02-15 17:44:22', '2018-02-15 17:44:23', '3b43fddd-5b00-43b1-a8e1-093d221e24ed'),
 ('128', '128', 'en_ie', 'blackrock-investments', 'case-studies/blackrock-investments', '1', '2018-02-15 17:44:22', '2018-02-15 17:44:23', '86064691-b9a6-489d-86e3-675af217f9b1'),
 ('129', '129', 'en_ie', 'nissan', 'case-studies/nissan', '1', '2018-02-15 17:44:22', '2018-02-15 17:44:23', 'b90c3a54-4b18-42aa-bced-82db0ab2af7d'),
 ('130', '130', 'en_ie', 'private-client-5', 'case-studies/private-client-5', '1', '2018-02-15 17:44:22', '2018-02-15 17:44:23', 'bfc2e1d9-db4a-4a8d-b5c7-592e44f1975c'),
 ('131', '131', 'en_ie', 'guinness-storehouse', 'case-studies/guinness-storehouse', '1', '2018-02-15 17:44:22', '2018-02-15 17:44:23', '300df352-eb32-41d1-927c-54012e8a37f1'),
 ('132', '132', 'en_ie', 'fitter-faster-stronger-1', 'case-studies/fitter-faster-stronger-1', '1', '2018-02-15 17:44:22', '2018-02-15 17:44:23', '3fc82925-70ae-4c73-9d77-043b6aa39871'),
 ('133', '133', 'en_ie', 'ballsbridge-park', 'case-studies/ballsbridge-park', '1', '2018-02-15 17:44:22', '2018-02-15 17:44:23', 'a93e7f6d-448f-4eed-9b30-a4e4af66e766'),
 ('134', '134', 'en_ie', 'aspen-pharma', 'case-studies/aspen-pharma', '1', '2018-02-15 17:44:22', '2018-02-15 17:44:23', '45cace5f-c273-4021-8b6d-656d5a2cd0f1'),
 ('135', '135', 'en_ie', 'sonica-hq', 'case-studies/sonica-hq', '1', '2018-02-15 17:44:22', '2018-02-15 17:44:23', '72414e6d-085a-42dc-ad51-8d36fa045b25'),
 ('136', '136', 'en_ie', 'axway', 'case-studies/axway', '1', '2018-02-15 17:44:22', '2018-02-15 17:44:23', 'e4db61b1-0d57-4d61-9d66-f3693202021f'),
 ('137', '137', 'en_ie', 'allied-world', 'case-studies/allied-world', '1', '2018-02-15 17:44:23', '2018-02-15 17:44:23', '53ee1ba9-014b-4715-a4c4-386b4ec942ad'),
 ('138', '138', 'en_ie', 'sca', 'case-studies/sca', '1', '2018-02-15 17:44:23', '2018-02-15 17:44:24', '0e5b6145-a48d-4702-87cf-6da135ee1963'),
 ('139', '139', 'en_ie', 'cartrawler', 'case-studies/cartrawler', '1', '2018-02-15 17:44:23', '2018-02-15 17:44:24', 'a3ccf87e-1db8-4397-bb2a-e0b9802e8bc0'),
 ('140', '140', 'en_ie', 'lisney', 'case-studies/lisney', '1', '2018-02-15 17:44:23', '2018-02-15 17:44:24', '17a5da68-f6f3-4415-8a37-ee48b6c1f40c'),
 ('141', '141', 'en_ie', 'apollo-aviation', 'case-studies/apollo-aviation', '1', '2018-02-15 17:44:23', '2018-02-15 17:44:24', 'bc2f5be6-bed6-4553-ba7c-0c45aa665e0b'),
 ('142', '142', 'en_ie', 'team', NULL, '1', '2018-02-15 17:45:12', '2018-02-15 17:45:12', 'a0d51b96-258f-474b-addd-5372540ebf0f');



DROP TABLE IF EXISTS `craft_emailmessages`;


--
-- Schema for table `craft_emailmessages`
--
CREATE TABLE `craft_emailmessages` (
  `id` int(11) NOT NULL AUTO_INCREMENT,
  `key` char(150) COLLATE utf8_unicode_ci NOT NULL,
  `locale` char(12) COLLATE utf8_unicode_ci NOT NULL,
  `subject` varchar(1000) COLLATE utf8_unicode_ci NOT NULL,
  `body` text COLLATE utf8_unicode_ci NOT NULL,
  `dateCreated` datetime NOT NULL,
  `dateUpdated` datetime NOT NULL,
  `uid` char(36) COLLATE utf8_unicode_ci NOT NULL DEFAULT '0',
  PRIMARY KEY (`id`),
  UNIQUE KEY `craft_emailmessages_key_locale_unq_idx` (`key`,`locale`),
  KEY `craft_emailmessages_locale_fk` (`locale`)
) ENGINE=InnoDB DEFAULT CHARSET=utf8 COLLATE=utf8_unicode_ci;

DROP TABLE IF EXISTS `craft_entries`;


--
-- Schema for table `craft_entries`
--
CREATE TABLE `craft_entries` (
  `id` int(11) NOT NULL,
  `sectionId` int(11) NOT NULL,
  `typeId` int(11) DEFAULT NULL,
  `authorId` int(11) DEFAULT NULL,
  `postDate` datetime DEFAULT NULL,
  `expiryDate` datetime DEFAULT NULL,
  `dateCreated` datetime NOT NULL,
  `dateUpdated` datetime NOT NULL,
  `uid` char(36) COLLATE utf8_unicode_ci NOT NULL DEFAULT '0',
  PRIMARY KEY (`id`),
  KEY `craft_entries_sectionId_idx` (`sectionId`),
  KEY `craft_entries_typeId_idx` (`typeId`),
  KEY `craft_entries_postDate_idx` (`postDate`),
  KEY `craft_entries_expiryDate_idx` (`expiryDate`),
  KEY `craft_entries_authorId_fk` (`authorId`)
) ENGINE=InnoDB DEFAULT CHARSET=utf8 COLLATE=utf8_unicode_ci;

--
-- Data for table `craft_entries`
--

INSERT INTO `craft_entries` (`id`, `sectionId`, `typeId`, `authorId`, `postDate`, `expiryDate`, `dateCreated`, `dateUpdated`, `uid`) VALUES
 ('102', '16', '16', '1', '2018-02-15 17:44:20', NULL, '2018-02-15 17:44:20', '2018-02-15 17:44:20', 'e3ab16f7-0e1a-4ebb-ab17-4d8781bc562f'),
 ('103', '16', '16', '1', '2018-02-15 17:44:20', NULL, '2018-02-15 17:44:20', '2018-02-15 17:44:20', '349571cd-8002-44ad-9f86-84bf82ffe0df'),
 ('104', '16', '16', '1', '2018-02-15 17:44:20', NULL, '2018-02-15 17:44:20', '2018-02-15 17:44:20', '9f64f26b-1389-4619-81bc-27846c643911'),
 ('105', '16', '16', '1', '2018-02-15 17:44:20', NULL, '2018-02-15 17:44:20', '2018-02-15 17:44:20', '9f7f1b4b-2c3f-4bc0-9373-a9bba7125e95'),
 ('106', '16', '16', '1', '2018-02-15 17:44:20', NULL, '2018-02-15 17:44:20', '2018-02-15 17:44:20', 'f3e4ebd6-709b-4a4b-a420-caf49e2a0e98'),
 ('107', '16', '16', '1', '2018-02-15 17:44:20', NULL, '2018-02-15 17:44:20', '2018-02-15 17:44:20', '22928dc3-23fe-4805-893d-72f6c279bf67'),
 ('108', '16', '16', '1', '2018-02-15 17:44:20', NULL, '2018-02-15 17:44:20', '2018-02-15 17:44:20', 'e16c3329-518c-4405-badb-41b1db9a4c79'),
 ('109', '16', '16', '1', '2018-02-15 17:44:20', NULL, '2018-02-15 17:44:20', '2018-02-15 17:44:20', '31f6cd81-cc76-4c99-8cd5-c94501586583'),
 ('110', '16', '16', '1', '2018-02-15 17:44:21', NULL, '2018-02-15 17:44:21', '2018-02-15 17:44:21', '09d0e38e-c1b6-42b7-ab6f-ad7e23d4154d'),
 ('111', '16', '16', '1', '2018-02-15 17:44:21', NULL, '2018-02-15 17:44:21', '2018-02-15 17:44:21', '89fa403c-ce91-44a9-b704-349ac36f1b29'),
 ('112', '16', '16', '1', '2018-02-15 17:44:21', NULL, '2018-02-15 17:44:21', '2018-02-15 17:44:21', '6cb0f3a8-572a-4d5b-9af5-a0b89ff56595'),
 ('113', '16', '16', '1', '2018-02-15 17:44:21', NULL, '2018-02-15 17:44:21', '2018-02-15 17:44:21', 'cc1eaa03-4a1e-4318-a3f8-f8946a8626ca'),
 ('114', '16', '16', '1', '2018-02-15 17:44:21', NULL, '2018-02-15 17:44:21', '2018-02-15 17:44:21', '8bdf3f70-5946-4648-ad3c-5bcf9ec1eace'),
 ('115', '16', '16', '1', '2018-02-15 17:44:21', NULL, '2018-02-15 17:44:21', '2018-02-15 17:44:21', '4a3d671a-4c46-476b-929d-2420f5131bc0'),
 ('116', '16', '16', '1', '2018-02-15 17:44:21', NULL, '2018-02-15 17:44:21', '2018-02-15 17:44:21', '436f4d81-4c26-413c-82f6-b682e694e2ee'),
 ('117', '16', '16', '1', '2018-02-15 17:44:21', NULL, '2018-02-15 17:44:21', '2018-02-15 17:44:21', 'cc369367-73ff-4067-ae45-f9d766850c75'),
 ('118', '16', '16', '1', '2018-02-15 17:44:21', NULL, '2018-02-15 17:44:21', '2018-02-15 17:44:21', '577387ea-7b00-4729-bd26-7d0f223468f7'),
 ('119', '16', '16', '1', '2018-02-15 17:44:21', NULL, '2018-02-15 17:44:21', '2018-02-15 17:44:21', '6fc0cc89-a46e-4073-8986-c8309f4f8835'),
 ('120', '16', '16', '1', '2018-02-15 17:44:21', NULL, '2018-02-15 17:44:21', '2018-02-15 17:44:21', '0ac29994-8fe5-4436-b132-c149842df113'),
 ('121', '16', '16', '1', '2018-02-15 17:44:21', NULL, '2018-02-15 17:44:21', '2018-02-15 17:44:21', '499f32b7-3eea-4c1b-b8b5-e105ffb4eb71'),
 ('122', '16', '16', '1', '2018-02-15 17:44:21', NULL, '2018-02-15 17:44:21', '2018-02-15 17:44:21', 'd0440e78-e42f-4dc8-9821-e9db74b3c586'),
 ('123', '16', '16', '1', '2018-02-15 17:44:21', NULL, '2018-02-15 17:44:21', '2018-02-15 17:44:21', 'a4191b57-ce4b-467a-b2bb-aeddfb8317f4'),
 ('124', '16', '16', '1', '2018-02-15 17:44:21', NULL, '2018-02-15 17:44:22', '2018-02-15 17:44:22', 'f8255be7-97da-4d42-ac5d-37d2fd215851'),
 ('125', '16', '16', '1', '2018-02-15 17:44:22', NULL, '2018-02-15 17:44:22', '2018-02-15 17:44:22', '3794c110-3693-46f6-8caf-19768775da79'),
 ('126', '16', '16', '1', '2018-02-15 17:44:22', NULL, '2018-02-15 17:44:22', '2018-02-15 17:44:22', '08c13951-b9c3-49a5-8127-79c632add8ce'),
 ('127', '16', '16', '1', '2018-02-15 17:44:22', NULL, '2018-02-15 17:44:22', '2018-02-15 17:44:22', 'a3470e28-b55d-46a7-9eeb-6d5d9b01b837'),
 ('128', '16', '16', '1', '2018-02-15 17:44:22', NULL, '2018-02-15 17:44:22', '2018-02-15 17:44:22', '9a61f798-f021-4531-9566-dbc32dc8bdca'),
 ('129', '16', '16', '1', '2018-02-15 17:44:22', NULL, '2018-02-15 17:44:22', '2018-02-15 17:44:22', '9d5f1c45-a648-43d2-8418-10cff7388083'),
 ('130', '16', '16', '1', '2018-02-15 17:44:22', NULL, '2018-02-15 17:44:22', '2018-02-15 17:44:22', 'dabcbd67-0293-43e8-8656-a77fb2bd3d99'),
 ('131', '16', '16', '1', '2018-02-15 17:44:22', NULL, '2018-02-15 17:44:22', '2018-02-15 17:44:22', 'f3719da0-55ed-40c6-a997-adcd1bd7b384'),
 ('132', '16', '16', '1', '2018-02-15 17:44:22', NULL, '2018-02-15 17:44:22', '2018-02-15 17:44:22', '7e7b9a69-27f0-4936-b3e6-5631d31ece15'),
 ('133', '16', '16', '1', '2018-02-15 17:44:22', NULL, '2018-02-15 17:44:22', '2018-02-15 17:44:22', '2a2e0264-f4f7-4d87-9f79-bf45e755696b'),
 ('134', '16', '16', '1', '2018-02-15 17:44:22', NULL, '2018-02-15 17:44:22', '2018-02-15 17:44:22', '8602b4d5-8bbd-47d5-9018-da56ef5a3eee'),
 ('135', '16', '16', '1', '2018-02-15 17:44:22', NULL, '2018-02-15 17:44:22', '2018-02-15 17:44:22', '0b10a5bb-0b09-4732-b1ed-136334c1e5d2'),
 ('136', '16', '16', '1', '2018-02-15 17:44:22', NULL, '2018-02-15 17:44:22', '2018-02-15 17:44:22', 'f2627334-13d5-4ad0-bdf1-f2084d710d1e'),
 ('137', '16', '16', '1', '2018-02-15 17:44:22', NULL, '2018-02-15 17:44:23', '2018-02-15 17:44:23', '8b7a49a5-d673-44d1-8aae-db37f78636e8'),
 ('138', '16', '16', '1', '2018-02-15 17:44:23', NULL, '2018-02-15 17:44:23', '2018-02-15 17:44:23', '4f9d5df6-79b2-4991-a47c-1ad184c2d8d2'),
 ('139', '16', '16', '1', '2018-02-15 17:44:23', NULL, '2018-02-15 17:44:23', '2018-02-15 17:44:23', 'd70fa51b-06da-432b-8ea4-5842be05eb8e'),
 ('140', '16', '16', '1', '2018-02-15 17:44:23', NULL, '2018-02-15 17:44:23', '2018-02-15 17:44:23', '84ef775d-f41c-4376-b695-9d092c801df7'),
 ('141', '16', '16', '1', '2018-02-15 17:44:23', NULL, '2018-02-15 17:44:23', '2018-02-15 17:44:23', '945be9f9-21c5-4c3d-b85f-cb3c706adf30');



DROP TABLE IF EXISTS `craft_entrydrafts`;


--
-- Schema for table `craft_entrydrafts`
--
CREATE TABLE `craft_entrydrafts` (
  `id` int(11) NOT NULL AUTO_INCREMENT,
  `entryId` int(11) NOT NULL,
  `sectionId` int(11) NOT NULL,
  `creatorId` int(11) NOT NULL,
  `locale` char(12) COLLATE utf8_unicode_ci NOT NULL,
  `name` varchar(255) COLLATE utf8_unicode_ci NOT NULL,
  `notes` tinytext COLLATE utf8_unicode_ci,
  `data` mediumtext COLLATE utf8_unicode_ci NOT NULL,
  `dateCreated` datetime NOT NULL,
  `dateUpdated` datetime NOT NULL,
  `uid` char(36) COLLATE utf8_unicode_ci NOT NULL DEFAULT '0',
  PRIMARY KEY (`id`),
  KEY `craft_entrydrafts_entryId_locale_idx` (`entryId`,`locale`),
  KEY `craft_entrydrafts_sectionId_fk` (`sectionId`),
  KEY `craft_entrydrafts_creatorId_fk` (`creatorId`),
  KEY `craft_entrydrafts_locale_fk` (`locale`)
) ENGINE=InnoDB DEFAULT CHARSET=utf8 COLLATE=utf8_unicode_ci;

DROP TABLE IF EXISTS `craft_entrytypes`;


--
-- Schema for table `craft_entrytypes`
--
CREATE TABLE `craft_entrytypes` (
  `id` int(11) NOT NULL AUTO_INCREMENT,
  `sectionId` int(11) NOT NULL,
  `fieldLayoutId` int(11) DEFAULT NULL,
  `name` varchar(255) COLLATE utf8_unicode_ci NOT NULL,
  `handle` varchar(255) COLLATE utf8_unicode_ci NOT NULL,
  `hasTitleField` tinyint(1) unsigned NOT NULL DEFAULT '1',
  `titleLabel` varchar(255) COLLATE utf8_unicode_ci DEFAULT 'Title',
  `titleFormat` varchar(255) COLLATE utf8_unicode_ci DEFAULT NULL,
  `sortOrder` smallint(6) unsigned DEFAULT NULL,
  `dateCreated` datetime NOT NULL,
  `dateUpdated` datetime NOT NULL,
  `uid` char(36) COLLATE utf8_unicode_ci NOT NULL DEFAULT '0',
  PRIMARY KEY (`id`),
  UNIQUE KEY `craft_entrytypes_name_sectionId_unq_idx` (`name`,`sectionId`),
  UNIQUE KEY `craft_entrytypes_handle_sectionId_unq_idx` (`handle`,`sectionId`),
  KEY `craft_entrytypes_sectionId_fk` (`sectionId`),
  KEY `craft_entrytypes_fieldLayoutId_fk` (`fieldLayoutId`)
) ENGINE=InnoDB AUTO_INCREMENT=18 DEFAULT CHARSET=utf8 COLLATE=utf8_unicode_ci;

--
-- Data for table `craft_entrytypes`
--

INSERT INTO `craft_entrytypes` (`id`, `sectionId`, `fieldLayoutId`, `name`, `handle`, `hasTitleField`, `titleLabel`, `titleFormat`, `sortOrder`, `dateCreated`, `dateUpdated`, `uid`) VALUES
 ('16', '16', '97', 'Case Studies', 'caseStudies', '1', 'Title', NULL, '1', '2018-02-15 17:36:14', '2018-02-15 17:40:18', 'ac899786-28e0-4140-9db6-6ea0a6b6ddec'),
 ('17', '17', '98', 'Team', 'team', '1', 'Title', NULL, '1', '2018-02-15 17:36:26', '2018-02-15 17:40:34', '8fa768be-da57-4c52-95e6-333db6a7b403');



DROP TABLE IF EXISTS `craft_entryversions`;


--
-- Schema for table `craft_entryversions`
--
CREATE TABLE `craft_entryversions` (
  `id` int(11) NOT NULL AUTO_INCREMENT,
  `entryId` int(11) NOT NULL,
  `sectionId` int(11) NOT NULL,
  `creatorId` int(11) DEFAULT NULL,
  `locale` char(12) COLLATE utf8_unicode_ci NOT NULL,
  `num` smallint(6) unsigned NOT NULL,
  `notes` tinytext COLLATE utf8_unicode_ci,
  `data` mediumtext COLLATE utf8_unicode_ci NOT NULL,
  `dateCreated` datetime NOT NULL,
  `dateUpdated` datetime NOT NULL,
  `uid` char(36) COLLATE utf8_unicode_ci NOT NULL DEFAULT '0',
  PRIMARY KEY (`id`),
  KEY `craft_entryversions_entryId_locale_idx` (`entryId`,`locale`),
  KEY `craft_entryversions_sectionId_fk` (`sectionId`),
  KEY `craft_entryversions_creatorId_fk` (`creatorId`),
  KEY `craft_entryversions_locale_fk` (`locale`)
) ENGINE=InnoDB AUTO_INCREMENT=88 DEFAULT CHARSET=utf8 COLLATE=utf8_unicode_ci;

--
-- Data for table `craft_entryversions`
--

INSERT INTO `craft_entryversions` (`id`, `entryId`, `sectionId`, `creatorId`, `locale`, `num`, `notes`, `data`, `dateCreated`, `dateUpdated`, `uid`) VALUES
 ('48', '102', '16', '1', 'en_ie', '1', NULL, '{\"typeId\":\"16\",\"authorId\":\"1\",\"title\":\"21 Charlemont\",\"slug\":\"21-charlemont\",\"postDate\":1518716660,\"expiryDate\":null,\"enabled\":1,\"parentId\":null,\"fields\":{\"57\":\"Rohan Holdings is a leader in the complex business of developing prestige offices, high quality business parks and industrial premises. With over 40 years\\u2019 experience in land acquisition, design, planning, construction and tenant fit out, Rohan Holdings have a respected proven track record of delivering projects on time, within budget and to their clients\\u2019 satisfaction.\\n\\nWorking in the shell of the newly completed 21 Charlemont Place Office Block, our brief was to take the \\u201cGrey Box\\u201d finish to full Landlord CAT-A standard to LEED Gold and A3 BER Rating.\\n\\nSet against an aggressive time line driven by a signed single tenancy lease for the whole building, works included complete raised floor installation, soft floor finishes, partitions and ceilings, joinery and decorations. Our brief also extended the the complete M&E installations to include A\\/C, lighting, protective services, basement and roof plant, louvres & screening with full testing and commissioning.\",\"60\":\"Cat A Office Fitout\\nExtensive Green Roof\\nLEED Gold Certification and A3 BER\\nBalconies and Feature Roof Terrace\",\"56\":\"Dublin 2\",\"61\":\"\",\"62\":\"\",\"58\":\"3,420m2\",\"59\":\"2-week Pre-construction\\n10 weeks on-site\"}}', '2018-02-15 17:44:20', '2018-02-15 17:44:20', 'f011c17b-f1a6-40f7-99e3-a0aae3c55df7'),
 ('49', '103', '16', '1', 'en_ie', '1', NULL, '{\"typeId\":\"16\",\"authorId\":\"1\",\"title\":\"Private Client\",\"slug\":\"private-client\",\"postDate\":1518716660,\"expiryDate\":null,\"enabled\":1,\"parentId\":null,\"fields\":{\"57\":\"We are delighted to showcase the successful completion of a new 15k sq.ft. Corporate HQ office in Dublin\\u2019s City Centre for a Private Sonica Client, the results of which are absolutely stunning.\\n\\nOur brief took the project from an existing Landlord CAT-A finish (which was fully stripped out) to their fitted out Corporate HQ in 8 weeks from commencement.\\n\\nWorks were undertaken in a multi-tenanted office development with continual intensive daily co-ordination with the sitting Building Management Team. Added to the time sensitive nature of the project was the Client\\u2019s \\u201cnot-to-exceed\\u201d occupation date which was a key consideration in our aggressive construction programme.\\n\\nDue to the high degree of cellularisation to form the various offices, meeting spaces and executive boardrooms, the mechanical scope required considerable addition to the primary Landlord ventilation provisions via. intensive upgrades, modelling and building control integration.\\n\\nThe project scope also included a large specialist joinery component, extensive meeting spaces with feature exposed ceilings and feature lighting throughout, bespoke reception area, feature hard and soft floorings, substantial active IT solution, a fully redundant IT backbone install to main comms room, high-end Corporate level access control and security install, A\\/V delivery and a full furniture installation across the complete floor plate.\",\"60\":\"Design and VE development to suit budget parameters\\nInternational collaboration with multiple project stakeholders\\nCo-ordination with local Team on relocation deliverables\\nComms room commissioned and complete 2 weeks before handover to allow Client IT access.\\nLive building environment\\nFull M&E data & VC co-ordination\",\"56\":\"Dublin 4\",\"61\":\"\",\"62\":\"\",\"58\":\"1,500m2\",\"59\":\"1-week Pre-construction\\n7 weeks on-site\"}}', '2018-02-15 17:44:20', '2018-02-15 17:44:20', 'c0e9aaa5-e949-4cf3-9474-ee406f68aece'),
 ('50', '104', '16', '1', 'en_ie', '1', NULL, '{\"typeId\":\"16\",\"authorId\":\"1\",\"title\":\"Demonware\",\"slug\":\"demonware\",\"postDate\":1518716660,\"expiryDate\":null,\"enabled\":1,\"parentId\":null,\"fields\":{\"57\":\"Demonware are an Irish software development company specialising in creating networking software and services for computer game development, most notably for the Call of Duty on-line game franchise. The company were acquired by US game publisher Activision Blizzard in 2007 and have offices in Dublin, Vancouver and Shanghai.\\n\\nDue to the complexity of the works and the fact that the offices would remain LIVE through the refurbishment, the project was bid on a 2-stage basis with an open tender process to identify two preferred bidders followed by a post-tender interview process to select their final fitout partner. A large part of the Client Team\\u2019s decision making process also centered on input and commentary from the Contractor into the initial scheme design with recommendations on buildability and value engineering. We were suitably delighted to win out at interview stage and be appointed as Demonware\\u2019s contractor of choice \\u2013 with us on board, planning for their new European HQ officially kicked-off led by international architects, Urban Agency.\\n\\nThe scope of works included segregation of the existing floor plate into Live \\/ Under-Construction areas, the complete strip of the demised floor areas, full M&E, IT and A\\/V installation, a bespoke fabricated solution for Meeting Rooms (made from curved glass pods) and Team Huddle Rooms (machined birch faced plywood), full soft & hard flooring, extensive graphics package and the management & supervision of the Client\\u2019s furniture vendors. Of further note was the fact that the project was completed with the Client in full occupation on the 5th Floor of a multi-tenanted building.\\n\\nThe finished project is a fabulous addition to our portfolio of works and is a job that we are very proud to have been involved with.\",\"60\":\"Sonica PM\\nFull design realisation and co-ordination with International Design Team\\nStaff migration & move management\\nFull M&E and IT installations\\nTurnkey furniture package\\nCurved glass huddle rooms\\nBirch-faced plywood huddle pods\\nExposed building structure & ceiling\\nCorporate signage & brand identity\",\"56\":\"Parnell Street\\nDublin1\",\"61\":\"I just want take a breath to let you know how happy we\'ve been so far with how the build is being managed by your Team and with the quality of the work that is being done. Harry, Doug and Ray have been a pleasure to work with throughout these past 14 weeks. What could have been a very stressful experience for us, has turned out to be an education in how a professional renovation should run. Thanks to you and your Team for this.\",\"62\":\"Amy Smith, Business Services Manager, Demonware\",\"58\":\"1,800m2\",\"59\":\"4-week Pre-construction\\n14 weeks on-site\"}}', '2018-02-15 17:44:20', '2018-02-15 17:44:20', '9329e954-89b9-43aa-abad-fde7cf9c0a28'),
 ('51', '105', '16', '1', 'en_ie', '1', NULL, '{\"typeId\":\"16\",\"authorId\":\"1\",\"title\":\"Hubspot\",\"slug\":\"hubspot\",\"postDate\":1518716660,\"expiryDate\":null,\"enabled\":1,\"parentId\":null,\"fields\":{\"57\":\"We had the tremendous fortune to meet with and work alongside our friends in Hubspot when our MD PM\\u2019d their very first Dublin office for just 8-people five short years ago.\\u00a0 Since then, we\\u2019ve had the distinct honour to be part of their expansion year-on-year as the Sonica Team continued to service their ever increasing head count and office space requirements.\\u00a0 Their growth in Dublin has been simply astounding.\\u2028\\nIt is therefore with great pride, and shared enthusiasm for their continued future successes, that we announce the completion and launch of their new EMEA HQ in Dublin, which was opened in March 2016 with substantial (and well deserved) fanfare across the Irish media.\\n\\nWe look forward to working with Hubspot as their PM of choice here in Dublin, and wish them every good fortune in their fabulous new home. \\u00a0#HubSpotDigsDublin\",\"60\":\"Sonica PM\\nFull Design Realisation and Co-ordination with International Design Team\\nLandlord Approval and Grant of Licence to Alter\\nLocal Design Team Appointment & Management as Lead Consultant\\nComplete Project Financial Control & Package Management\\nClient Direct Vendor Engagement and Management\\nStaff Migration & Move Management\",\"56\":\"Dublin 1\",\"61\":\"Sonica has been a phenomenal partner to HubSpot - they always keep our interests front-and-centre and are beyond timely and thorough. If you wanted a partner that can do it all and give the attention these complex fitout projects command, it is Sonica Fitout - they simply get it, and get results.\",\"62\":\"Ken Papa, Facilities Director, Hubspot Inc.\",\"58\":\"2,750m2\",\"59\":\"12 weeks Design Co-ordination, Contract Formulation & Lease Management\\n10 weeks Build Management On-Site\"}}', '2018-02-15 17:44:20', '2018-02-15 17:44:20', 'cf3c9fb5-1df8-40be-95ec-6239fbc26211'),
 ('52', '106', '16', '1', 'en_ie', '1', NULL, '{\"typeId\":\"16\",\"authorId\":\"1\",\"title\":\"Private Client\",\"slug\":\"private-client-1\",\"postDate\":1518716660,\"expiryDate\":null,\"enabled\":1,\"parentId\":null,\"fields\":{\"57\":\"Our brief was to strip and refit the old Anglo Irish Bank space over two floors in St. Stephen\\u2019s Green House and transform it into an expansive, sophisticated, tech-savvy office for our Client\\u2019s expanded new HQ in Ireland.\\n\\nWorks were executed on a 10-week programme within a fully engaged, heavily trafficked, multi-tenanted building. With it\\u2019s location in the heart of Dublin\\u2019s shopping district on the iconic St. Stephen\\u2019s Green, the delivery of the finished project on an accelerated timeline formed a hugely important part of our project execution plan where the delivery \\/ collection logistics, overall traffic management, DCC liaison, out of hours works scheduling and compliance with strict building noise restrictions all required in-depth consideration.\\n\\nThe Architectural Design included a substantial joinery package, multiple floor finishes, open grid exposed ceilings, extensive Client direct vend supervision and migration management. Other packages included substantial upgrades to the Mechanical, Electrical, IT and AV installations with all service works demanding a high level of co-ordinated attention to guarantee that the vision for the completed space was realised.\",\"60\":\"Large open plan spaces with extensive perimeter cellularisation.\\nExtensive M&E & IT package with \\u201copen grid\\u201d M&E ceiling services\\nEngagement of specialist contractors to facilitate works in a time restricted programme.\\nCo-ordination with local teams and stakeholders on relocation deliverables.\\nCost and VE development to suit strict budget parameters.\",\"56\":\"Dublin 2\",\"61\":\"\",\"62\":\"\",\"58\":\"3,000m2\",\"59\":\"1-week Pre-construction\\n10 weeks on-site\"}}', '2018-02-15 17:44:20', '2018-02-15 17:44:20', 'fc22b423-47d3-44a0-8eff-695ad6fa3df9'),
 ('53', '107', '16', '1', 'en_ie', '1', NULL, '{\"typeId\":\"16\",\"authorId\":\"1\",\"title\":\"UDG Healthcare\",\"slug\":\"udg-healthcare\",\"postDate\":1518716660,\"expiryDate\":null,\"enabled\":1,\"parentId\":null,\"fields\":{\"57\":\"Designed by RKD Interiors, our brief took the assignment from an Existing Landlord CAT-A area over 2-separate tenancies, both of which were then fully stripped back to basic shell and core structure as part of our works, to become UDG Healthcare\\u2019s Corporate HQ within a 10-week period from Commencement on site.\\n\\nWorks were performed unobtrusively within a fully engaged, highly trafficked, multi-tenanted building with close overlap to Campus Management, Client Stakeholders and neighbouring tenants.\\n\\nPackages encompassed a sizeable stylish joinery element and complex Mechanical, Electrical & IT upgrades to service the open-plan work-space areas and segmental modular offices & meeting rooms. The main Reception features an inviting design element luring to a quirky \\u2018Breakout Area Canteen\\u2019 with feature brick internal facades, critall glazed screens, floating \\u2018wooden\\u2019 acoustic ceilings and matchless tiled flooring.\\n\\nDue to the nature and scale of the sharp trapezoidal shaped walls and ceilings, paired with the diverging display of flooring and wall colours, the detailing in the Architectural packages required a Sonica level of attention to guarantee that the Architects vision for the completed space was realised.\",\"60\":\"Design and VE development to suit strict budget parameters\\nComms room commissioned and complete 3 weeks before handover to allow Client IT access\\nLiaison and management of Client Direct vendors\\nProject acceleration to ensure no client \\u2018down-time\\u2019 and smooth, quick turn-around on staff migrations\\nCo-ordination with local Team on relocation deliverables\\nM&E and IT upgrades throughout\\nTurnkey furniture package\",\"56\":\"Citywest Business Campus\",\"61\":\"It was great to work with Hugh Ward and his team at Sonica Fitout on our new HQ in Riverwalk, Citywest. We were very impressed with the level of professionalism and attention to detail on every aspect of this project which produced a high standard of finish. Sonica Fitouts commitment to this project ensured that it came in on programme and within budget. Everyone is delighted with the final result.\",\"62\":\"Donal Burke, Head of Procurement\",\"58\":\"1,250m2\",\"59\":\"1-week Pre-Con\\n10 weeks on site\"}}', '2018-02-15 17:44:20', '2018-02-15 17:44:20', '95d1ec43-a490-4f2a-9081-da166b25ddca'),
 ('54', '108', '16', '1', 'en_ie', '1', NULL, '{\"typeId\":\"16\",\"authorId\":\"1\",\"title\":\"3 Arena\",\"slug\":\"3-arena\",\"postDate\":1518716660,\"expiryDate\":null,\"enabled\":1,\"parentId\":null,\"fields\":{\"57\":\"Full D&B project from receipt of Client outline brief to final delivery and handover. Development of a central defined theme to roll out across the complete rebrand project was the key deliverable.\\n\\n1672 individual ceiling suspended \\u201cCities\\u201d in the 4th floor bar, over 2,400 individually controlled LED lights per City (and that\\u2019s just one area on one floor..!)\\n\\n3m dia. \\u201cOculus\\u201d video back-projected onto VIP ceiling \\u2013 video specifically commissioned for the Kaleidoscope Bar fitout.\\n\\nFully programmable KNX Lighting system with user defined colour and dimming set points depending on event and scene setting requirements. This linked back to main venue DALI system for central control by Venue management.\\n\\nFully interactive Twitter feed linked to feature \\u201cfloating Megalopolis\\u201d to allow visitors Tweet their venue experiences directly into the bars in real time.\",\"60\":\"Conceptual development and full project design\\nGMP Contract Sum\\nIntricate project programming\\nLive venue interaction & co-ordination\",\"56\":\"North Wall Quay, Dublin 1\",\"61\":\"Have to say it looks absolutely incredible. Proud to have worked on such a prestigious project for such a prestigious company as\\nSonica Fitout. From all at Devlin in Design. Congratulations to Sonica.\",\"62\":\"Enda Devlin, Devlin in Design\",\"58\":\"4000m2 overall Venue Area. Works spread across three separate project sites running concurrently.\",\"59\":\"8 weeks on site\"}}', '2018-02-15 17:44:20', '2018-02-15 17:44:20', '26708bc0-9244-41a6-bd77-37a04962d50a'),
 ('55', '109', '16', '1', 'en_ie', '1', NULL, '{\"typeId\":\"16\",\"authorId\":\"1\",\"title\":\"Salesforce\",\"slug\":\"salesforce\",\"postDate\":1518716660,\"expiryDate\":null,\"enabled\":1,\"parentId\":null,\"fields\":{\"57\":\"Salesforce\\u00a0is the world\\u2019s leading CRM software and enterprise cloud ecosystem, their \\u201cCustomer Success Platform\\u201d helps businesses grow into a more streamlined, effective and efficient organisations across sales, service, marketing and more.\\n\\nThe Sonica Ops Team has had the pleasure of being part of SFDC\\u2019s expansion by servicing their ever increasing head count and office space requirements for the past 3-years.\\u00a0 It is therefore with great pride that we showcase the latest SFDC office completion, a 15,000 sq.ft. floor plate in Central Park.\\n\\nWorks involved the demolition and strip out of the previous tenant\\u2019s existing fitted offices to cater for the new Salesforce remodelled floor plate layout.\\u00a0 The office design placed emphasis on increased Team collaboration with all new open plan workstations, meeting rooms, offices, boardrooms, flexible spaces, staff kitchens & canteen areas, breakout areas and a number of bespoke \\u201cTechForce Bars\\u201d all part of the required brief.\\n\\nThey have since been voted Ireland\\u2019s Best Workplace \\u2013 the company was ranked No. 1 on the list of the Best Large Places to Work, a ranking based on employees\\u2019 own assessments of their experiences.\",\"60\":\"Full GMP Build Delivery\\nExtensive Feature Joinery Package procurement\\nComplete staff auditorium with extensive A\\/V\\nClient Direct Vendor Engagement and Management\\nStaff Migration & Move Management\",\"56\":\"Central Park, Dublin 18\",\"61\":\"Just a little note to say a BIG thank you to you and all the Sonica team. It was a real pleasure working with you all. Thanks for your guidance, assistance and patience! Fingers crossed for the next one.\",\"62\":\"Cathy Mooney, Senior Office Manager\",\"58\":\"1500m2\",\"59\":\"10 weeks Design Co-ordination, Procurement, GMP Formulation\\n12 weeks Build Management On-Site\"}}', '2018-02-15 17:44:20', '2018-02-15 17:44:20', '9a2ce437-a478-4cc1-b1d9-2725fea13710'),
 ('56', '110', '16', '1', 'en_ie', '1', NULL, '{\"typeId\":\"16\",\"authorId\":\"1\",\"title\":\"Wipro\",\"slug\":\"wipro\",\"postDate\":1518716661,\"expiryDate\":null,\"enabled\":1,\"parentId\":null,\"fields\":{\"57\":\"Since entering the Irish market in 2015, WIPRO have gone from strength to strength securing substantial projects for their ever increasing Client base. This success has been met with a rapid increase in head count and exponential office space requirement.\\n\\nHaving already completed over 50k sq.ft. of office space in Dublin for WIPRO since 2015, we were delighted to build upon and advance the great working relationship we had developed with both their International and Local Teams when they appointed us again as their Turnkey D&B Fitout Specialist for their new expansion offices in Ballsbridge.\\n\\nWorks were undertaken in a multi-tenanted office development with continual intensive daily co-ordination with the sitting Campus Management Team. Added to the time sensitive nature of the project was the Client\\u2019s \\u201cnot-to-exceed\\u201d occupation date which was a key consideration in our aggressive construction programme.\\n\\nDue to the high degree of cellularisation to form the various offices, meeting spaces, VC Rooms & Executive Boardrooms, the mechanical scope required considerable addition to the primary Landlord ventilation provisions via. intensive upgrades, modelling and building control integration.\\n\\nThe project scope also included a large specialist joinery component, exposed ceilings and feature lighting throughout, feature hard and soft floorings, substantial active IT solution, a fully redundant IT backbone install with UPS back up to main comms room, high-end Corporate level access control and security install, A\\/V delivery and a full furniture installation across the complete floor plate.\",\"60\":\"Sonica PM\\nFull Design Realisation and Co-ordination with International Design Team\\nLandlord Approval and Grant of Licence to Alter\\nLocal Design Team Appointment & Management as Lead Consultant\\nComplete Project Financial Control & Package Management\\nClient Direct Vendor Engagement and Management\\nStaff Migration & Move Management\",\"56\":\"Ballsbridge\",\"61\":\"\",\"62\":\"\",\"58\":\"1000m2\",\"59\":\"1-week Pre-construction\\n8 weeks on-site\"}}', '2018-02-15 17:44:21', '2018-02-15 17:44:21', '464ebd44-acc6-45c3-a13c-0118e438ada9'),
 ('57', '111', '16', '1', 'en_ie', '1', NULL, '{\"typeId\":\"16\",\"authorId\":\"1\",\"title\":\"Private Client\",\"slug\":\"private-client-2\",\"postDate\":1518716661,\"expiryDate\":null,\"enabled\":1,\"parentId\":null,\"fields\":{\"57\":\"Sonica Fitout were contracted to completely refurbish the Ground Floor lobby of the headquarters of one of Ireland\\u2019s leading providers of wealth management and financial advisory services. Clients of this prestigious private client are used to a meticulous attention to detail and as such this was reflected in the design and level of finish expected.\\n\\nThe intent was to provide enclosed, private areas throughout the space with which to hold impromptu, private meetings while maintaining a bright, open and modern feel throughout. Combined with the extremely well-appointed joinery package the overall feel of the space was one of practical opulence and luxury.\\n\\nThe scope of works was a complete refurbishment with curved recessed bulkheads all LED backlit, stone tiling throughout, new security gates and curved glazed meeting rooms all surrounding the walnut clad lift core that integrated seamlessly with an oversized reception desk. In addition new bathroom and kitchen facilities were completed as well as all new air conditioning throughout the floor.\\n\\nFollowing a week\\u2019s pre construction this project was delivered in 5 weeks over multiple phases keeping live access available to staff members 24 hours a day 7 days a week with minimal disruption.\",\"60\":\"Natural Stone floor\\nBespoke Walnut wall cladding\\nCurved glazed partitions throughout\\nOversized feature reception desk\\nBacklit feature ceilings throughout\\nNew staff \\u201cspeedlanes\\u201d\\nNew facilities\\nCompletely revamped AC system.\",\"56\":\"Dublin 2\",\"61\":\"\",\"62\":\"\",\"58\":\"Reception areas\",\"59\":\"1-week Pre-Con\\n5 weeks on site\"}}', '2018-02-15 17:44:21', '2018-02-15 17:44:21', '8b4384f6-b9d5-4590-b549-f8583a0f7618'),
 ('58', '112', '16', '1', 'en_ie', '1', NULL, '{\"typeId\":\"16\",\"authorId\":\"1\",\"title\":\"SAS\",\"slug\":\"sas\",\"postDate\":1518716661,\"expiryDate\":null,\"enabled\":1,\"parentId\":null,\"fields\":{\"57\":\"SAS is a global market leader in business analytics software and services and is listed as being in the Top-100 Best Companies to work for worldwide. We were delighted to complete their prestigious new 1,300m2 HQ office in Dublin\\u2019s IFSC complex.\\n\\nWorks were undertaken in a multi-tenanted, fully occupied building with extensive noise restriction in place to avoid disruption to other businesses on-site.\\n\\nThe scope included complete demolitions of the existing floor plate with subsequent re-fit of partitions, glazing, managers offices, corporate meeting rooms, multiple floor finishes, decorations and a bespoke branding and graphics package. The brief also extended to the supply & installation of all new operator workstations, cellular office stations and boardroom furniture with completion of all M&E, IT and A\\/V services.\\n\\nThe completed project truly reflects SAS\\u2019s strong corporate identity through the entire space and we were delighted to hand over the finished article to the Client\\u2019s exacting standards and expectations.\",\"60\":\"Fully occupied Building Environment\\nManagement of Client Direct Vend Packages\\nComplete M&E, IT and A\\/V service installations\\nCorporate Brand Package co-ordination & implementation\\nExtensive corporate office cellularisation\",\"56\":\"La Touche House IFSC, Dublin 1\",\"61\":\"I can highly recommend Sonica Fit Out, their professionalism and flexible approach in challenging circumstances resulted in a smooth and timely delivery of SAS project, the entire team were a pleasure to work with.\",\"62\":\"Karen Chisman, Head of Corporate Services at SAS\",\"58\":\"1,300m2\",\"59\":\"1-week Pre-construction\\n8 weeks on-site\"}}', '2018-02-15 17:44:21', '2018-02-15 17:44:21', '9a422943-01c8-4cb3-895e-f9ebc9d9d752'),
 ('59', '113', '16', '1', 'en_ie', '1', NULL, '{\"typeId\":\"16\",\"authorId\":\"1\",\"title\":\"Calvin Klein\",\"slug\":\"calvin-klein\",\"postDate\":1518716661,\"expiryDate\":null,\"enabled\":1,\"parentId\":null,\"fields\":{\"57\":\"Calvin Klein is one of the leading fashion design and marketing studios in the world. They are a global lifestyle brand that exemplifies bold, progressive ideals and a seductive, and often minimal, aesthetic. After nearly 50 years of trading, Calvin Klein continues to be a cultural catalyst across the globe today.\\n\\nWe were delighted to be selected by Calvin Klein to carry out the complete relocation and fitout of their new flagship stores (CK Jeans & CK Underwear) in Irelands Premier Shopping destination, Kildare Village. Our brief was to create a completed space that combines the retail experience with the architectural aesthetic of this refined fashion collection.\\n\\nWorks were undertaken concurrently in both stores and included the full strip out of the existing premises with subsequent re-installation of new partitions and floor finishes, complete M&E & IT rework, co-ordination of a bespoke high-end joinery package and management of the internal and external CK signage install. In addition, the relocation to a temporary \\u201cGo Live\\u201d space while our refurbishment works were progressing (as well as relocation back to stores upon completion) also formed part of our project brief.\\n\\nThe finished product succeeds in promoting the Calvin Klein identity within Kildare Village and provides a top of the range retail experience for shoppers within both stores.\",\"60\":\"Extensive feature joinery package\\nBespoke feature lighting installation\\nFull move management\\nExtensive floor finishes\\nPOS selection, install and commisisoning\\nConstruction of all fixed merchandise and sales displays\",\"56\":\"Kildare Village\",\"61\":\"Our goal is always to create a space that combines the retail experience with the architectural aesthetic our fashion collection represents. We had the tremendous pleasure to collaborate with Sonica Fitout to accomplish this in our new Kildare Village stores - the finished results speak entirely for themselves.\",\"62\":\"Antonios Krantidis, CK Project Manager\",\"58\":\"400m2\",\"59\":\"1-week Pre-construction\\n5 weeks on-site\"}}', '2018-02-15 17:44:21', '2018-02-15 17:44:21', 'a7122ac9-3a07-457b-827a-cb0500a1e088'),
 ('60', '114', '16', '1', 'en_ie', '1', NULL, '{\"typeId\":\"16\",\"authorId\":\"1\",\"title\":\"100 Stephen\\u2019s Green\",\"slug\":\"100-stephens-green\",\"postDate\":1518716661,\"expiryDate\":null,\"enabled\":1,\"parentId\":null,\"fields\":{\"57\":\"100 St. Stephen\\u2019s Green, a red brick Georgian located in the iconic South West corner of the Green, was originally sub-divided into six dated apartments. Sonica were engaged by property owners DAVY to develop the building into a prestigious single tenancy office above a 1 bedroom apartment in the basement.\\n\\nThe nature of the premises, and it\\u2019s status as a listed building, meant the project had to be handled with the utmost care. Working hand-in-hand with Neasa Donnellan Architects and Dublin City Council, each element of the build was scrutinised for compliance of FSC, DAC, heritage protection and quality.\\n\\nThe work scope included full glazing replacement with all new sliding sash windows with slimlite double glazed panels in keeping with the original, full facade restoration and re-pointing, roof replacement, extensive structural works, removal of the existing basement slab and replacement with complete tanking system and new drainage and fire protection to existing staircore as per current regulations.\\n\\nInternally the high-end office interiors include full power and data cabling and floor boxes throughout, bespoke joinery and panelling in every space, restored original Georgian features on all floors, newly landscaped rear yard, high quality floor finishes and a luxury, own door, 1-bed 2-bath self contained apartment in the basement.\",\"60\":\"Protected Georgian structure\\nHardwood sash windows with Slimlite glazing\\nFacade and roof restoration\\nFull internal strip out\\nData cabling throughout to central rack location\\nNew gas fired rad heating system\\nHand made crown mouldings from sample of original\\nPeriod correct feature joinery throughout\\nProtection and restoration of existing Georgian features\\nLuxury floor finishes\\nSelf contained apartment\",\"56\":\"Dublin 2\",\"61\":\"With Sonica at the helm, the project ran seamlessly on-site - any unforeseen events were dealt with quickly and programme was never compromised. We were very impressed with the quality of their finishes and found the whole Company to be very well organised and efficient. We would be very happy to work with them again.\",\"62\":\"Neasa Donnellan\\nProject Architect\",\"58\":\"350m2\",\"59\":\"1-week Pre-construction\\n18 weeks on-site\"}}', '2018-02-15 17:44:21', '2018-02-15 17:44:21', '14113f24-cca3-49c0-b5fe-36aa3ecb4f0b'),
 ('61', '115', '16', '1', 'en_ie', '1', NULL, '{\"typeId\":\"16\",\"authorId\":\"1\",\"title\":\"City North Hotel\",\"slug\":\"city-north-hotel\",\"postDate\":1518716661,\"expiryDate\":null,\"enabled\":1,\"parentId\":null,\"fields\":{\"57\":\"The City North Hotel & Conference Centre is a prestigious 4-Star Hotel located 30-mins North of Dublin City Center which offers luxury accommodation and an exquisite Ballroom for Conferences, Events and Weddings.\\n\\nAs part of the Hotel\\u2019s recent redevelopment, we were appointed to manage the extensive restructure of all of their main front of house Client facing spaces comprising of a new warm and welcoming Reception area, a fully refitted Hotel Bar and Lounge area, a Restaurant and an exclusive new Conference & Ballroom facility.\\n\\nWorks were carried out in a live working environment (the hotel remained fully functional during the refit) and was divided into multiple phases to ensure minimal restriction & disruption to guests during construction. All phases included substantial demolition works, full M&E installations, new partitions and feature ceilings, bespoke lighting with textured high-end joinery and exquisite segmented hardwood flooring.\\n\\nDue to the nature of the works, the project required extensive management of multiple on-site trades and was completed against an aggressive programme to coincide with media published announcements on the rebrand and official launch date.\",\"60\":\"High-end joinery package\\nExquisite segmented flooring\\nManagement of multiple trades\\nProject multi-phasing\\nFull M&E installation\",\"56\":\"M1 Corridor, North Co. Dublin\",\"61\":\"\",\"62\":\"\",\"58\":\"1,500m2\",\"59\":\"1 Week Pre-construction\\n12 Weeks on-site\"}}', '2018-02-15 17:44:21', '2018-02-15 17:44:21', '5ac628bb-47aa-47ec-b5b5-8adae6eafc31'),
 ('62', '116', '16', '1', 'en_ie', '1', NULL, '{\"typeId\":\"16\",\"authorId\":\"1\",\"title\":\"RKD Interiors\",\"slug\":\"rkd-interiors\",\"postDate\":1518716661,\"expiryDate\":null,\"enabled\":1,\"parentId\":null,\"fields\":{\"57\":\"RKD Interiors is a market leading interior architecture firm based in Dublin. The team, led by Justin Treacy, consists of the very best in creative Architects and Interior Designers who work collaboratively with the in-house support team of Designers, Technicians & CAD \\/ BIM Coordinators and the wider resource and expertise of RKD Architects. At the core of their philosophy is a practical and pragmatic approach to delivering the best environments for the most appropriate capital outlay. Having worked with RKD Interiors on numerous occasions in the past, we were aware of the exacting standards that were expected from the outset on this collaboration.\\n\\nThe project was pitched as a real shop window fitout to showcase RKD\\u2019s standard and design capability to prospective visiting RKD Clients and we approached the project like any other: to deliver best in market product with zero defects at handover. Covering 6,000 sq ft over 3 floors, the work scope comprised of inspirational studios to the 1st and 2nd floors, with areas designated for collaboration and huddle meetings allowing the designers to get creative with a bespoke staff caf\\u00e9, meeting rooms and social spaces based on the Ground Floor.\\n\\nThe overall brief was to produce a comfortable, modern and above all functional workspace with a professional design that exceeds expectations even in an area such as Baggot St. where high end eateries and businesses are the norm. One of the key features, as part of RKD interiors on-going commitment to a greener work environment, was to provide ample, secure bike storage for staff. Not only has this been achieved but it has also become a real design focal point, which upon entry sets a modern and progressive tone. Other features include the herringbone flooring which seamlessly combines durability with design, the increasingly popular crittal glazing and bespoke joinery throughout. In addition, you will find numerous design touches, as you would expect of an RKD interiors design, such as the exposed swag cabling to the lights in the cafe to give the illusion of extra height, the plywood routered RKD logo at entry with integrated shelving and the comfortable lounge located midway through the ground floor.\\n\\nThe project was delivered in 5 weeks following a 1-week pre-construction and mobilisation period.\",\"60\":\"Bespoke feature joinery and glazed partition packages\\nNumerous floor finishes running seamlessly throughout\\nStaff \\u201cCafe\\u201d\\nInternal, secure bike park\\n2 floors of bright, modern studio space\\nM&E and IT upgrades throughout\\nTurnkey furniture package\",\"56\":\"Ballsbridge, Dublin 4\",\"61\":\"Working with Sonica was a great experience. We would like to thank the team for delivering for such demanding taskmasters, for working with us to realise and achieve our design in a very tight timeframe, and for making the whole delivery process a thoroughly enjoyable and fun experience for us all.\",\"62\":\"Liat Greenhot, RKD Interiors\",\"58\":\"600m2 over 3 floors\",\"59\":\"1-week pre-construction\\n5 weeks on-site\"}}', '2018-02-15 17:44:21', '2018-02-15 17:44:21', '3ab9269e-253c-4bce-b7c9-bf08ead0dfbd'),
 ('63', '117', '16', '1', 'en_ie', '1', NULL, '{\"typeId\":\"16\",\"authorId\":\"1\",\"title\":\"Fitter Faster Stronger\",\"slug\":\"fitter-faster-stronger\",\"postDate\":1518716661,\"expiryDate\":null,\"enabled\":1,\"parentId\":null,\"fields\":{\"57\":\"Established only 3-years ago, Fitter Faster Stronger (FFS)\\u00a0is now one of the leading specialist facilities in Dublin providing personal one-on-one or group training\\u00a0across a range of classes and exercise types, from total body strength to full metabolic conditioning.\\n\\nHaving successfully completed FFS\\u2019s original gym refurbishment in 2016, and due to their phenomenal expansion and growth, we were delighted to be appointed by the Management Team in FFS to develop and complete their 2nd bespoke premises inside of 18-months.\\u00a0 Working with Courtney McDonnell Design, we were delighted to take on the brief of creating a new space which motivates, engages and pushes personal goals to the highest level whilst also realising the strong branding the FFS model carries.\\n\\nThe space is divided into three main parts \\u2013 the gym, utility space and break & members areas. \\u00a0Works included the strip out & demolitions of the entire old premises followed by full M&E installation (to include a DMX programmable lighting system defined by gym instructors to suit mood or event), bespoke feature flooring across\\u00a0different surfaces, extensive landscaping works at the rear gardens to become an outdoor training area, complete joinery co-ordination of utility space and members area and a personalised graphics package to enhance the members workouts and provide guidance through the whole space.\",\"60\":\"Complete strip out of all incumbent areas\\nFull M&E installation with programmable DMX ambiance lighting\\nBespoke feature flooring\\nExtensive landscaping works to external gym area\\nD&B joinery & upholstery package\\nGraphics co-ord and installation\",\"56\":\"Leeson Street\",\"61\":\"The level of professionalism and proficiency on the first project we carried out with Sonica Fitout really impressed us, hence the reason why we went back to them for our 2nd premises. The entire fitout was completed on an aggressive timeline with multiple moving parts, but the team here at FFS are once again delighted with the finished product that was achieved, it looks awesome!\",\"62\":\"Rory McInerney, Managing Director, FFS\",\"58\":\"Complete Basement to Georgian Building, Lesson St.\",\"59\":\"1-week Pre-construction\\n6 weeks on-site\"}}', '2018-02-15 17:44:21', '2018-02-15 17:44:21', 'c5d6ebc0-d23d-4441-b5cf-acd68d985c55'),
 ('64', '118', '16', '1', 'en_ie', '1', NULL, '{\"typeId\":\"16\",\"authorId\":\"1\",\"title\":\"Private Client\",\"slug\":\"private-client-3\",\"postDate\":1518716661,\"expiryDate\":null,\"enabled\":1,\"parentId\":null,\"fields\":{\"57\":\"Sonica Fitout was appointed by CBRE to act as Main Contractor for the refurbishment and upgrade of this 5th floor Corporate office space located at East Point Business Park in Dublin.\\n\\nThe Client\\u2019s fitout requirements were driven by an internal review to develop new ways of working. The challenge was to take these findings and ideas and bring them into a layout scheme that realised all their requirements whilst also increasing headcount within the floor space. Our project brief then consisted of the demolition and re-build of the existing layouts, installation of new branded specialist joinery items throughout the floor, a vibrant colour theming and graphics package co-ordination, installation of new glazed partitions including folding walls with modifications to the existing data infrastructure and the mechanical and electrical services of the space.\\n\\nThe completed office space now promotes the Client\\u2019s identity and provides a new fresh working space for staff.\",\"60\":\"Extensive Feature Joinery Package\\nData Infrastructure Installation\\nM&E Services Modification\\nNumerous Floor Finishes running seamlessly throughout\\nCorporate Signage & Brand Identity\",\"56\":\"East Point Business Park, Dublin 3\",\"61\":\"\",\"62\":\"\",\"58\":\"1,500m2\",\"59\":\"2-week Pre-Construction\\n5 weeks Build Management On-Site\"}}', '2018-02-15 17:44:21', '2018-02-15 17:44:21', '1ba04e25-98bc-4ace-8f43-2435900531f2'),
 ('65', '119', '16', '1', 'en_ie', '1', NULL, '{\"typeId\":\"16\",\"authorId\":\"1\",\"title\":\"M & S Simply Food\",\"slug\":\"m-s-simply-food\",\"postDate\":1518716661,\"expiryDate\":null,\"enabled\":1,\"parentId\":null,\"fields\":{\"57\":\"M&S Simply Food are an off-shoot of the famous high street British multinational specialising on high quality grab-and-go ready meal ranges and every day food selections.\\n\\nThis project consisted of the fitout from shell and core of the new M&S Simply Food outlet in Dublin\\u2019s Heuston Train Station. Works revolved around the installation of new M&E services, flooring, internal partitions, decorations, PoS counters, feature joinery, product refrigeration, the co-ordination of Client direct vendors and the installation of internal and external corporate graphics.\\n\\nA carefully considered site management & works execution plan was key to the success of the project with close co-ordination with Station management while works progressed in the busy station.\",\"60\":\"New M&E services installation\\nFeature joinery package\\nM&S corporate graphics install\\nExposed ceilings throughout\\nLIVE station working environment\\nClient Direct vendor management\",\"56\":\"Dublin 8\",\"61\":\"Just a quick note to compliment and acknowledge the efforts of your Team on the Heuston Station M&S project. These types of projects are not simple, particularly from a co-ordination view point, but your Team demonstrated professionalism and proactive thinking in dealing with any issue that arose and delivered the project on programme. It has been great working with you right through the project and we look forward to working with Sonica again in the future.\",\"62\":\"Stephen Crean, Linesight PM\",\"58\":\"200m2\",\"59\":\"1-week Pre-construction\\n5 weeks on-site\"}}', '2018-02-15 17:44:21', '2018-02-15 17:44:21', '4838d902-3171-487c-8951-6f17a5ffe859'),
 ('66', '120', '16', '1', 'en_ie', '1', NULL, '{\"typeId\":\"16\",\"authorId\":\"1\",\"title\":\"Wipro\",\"slug\":\"wipro-1\",\"postDate\":1518716661,\"expiryDate\":null,\"enabled\":1,\"parentId\":null,\"fields\":{\"57\":\"Since entering the Irish market in 2015, WIPRO have gone from strength to strength securing substantial projects for their ever increasing Client base. This success has been met with a rapid increase in head count and exponential office space requirement.\\n\\nHaving just completed their initial 30k sq.ft. office in Dublin\\u2019s Elm Park in 2015, we were delighted to build upon and advance the great working relationship we had developed with both their International and Local Teams when they appointed us again as their Turnkey D&B Fitout Specialist for their new expansion offices in Ballsbridge.\\n\\nThe brief was to capture the look and feel of what we had been previously delivered for them on the Elm Park project, but to take that blue print and move it on to the next level again \\u2013 no easy task if you were to look at the completed space in Elm Park!\\n\\nAt 20k sq.ft. and running concurrently over two floors, works were undertaken in a multi-tenanted office development with continual intensive daily co-ordination with the sitting Campus Management Team. Added to the time sensitive nature of the project was the Client\\u2019s \\u201cnot-to-exceed\\u201d occupation date which was a key consideration in our aggressive construction programme.\\n\\nDue to the high degree of cellularisation to form the various offices, meeting spaces, VC Rooms & Executive Boardrooms, the mechanical scope required considerable addition to the primary Landlord ventilation provisions via. intensive upgrades, modelling and building control integration.\\n\\nThe project scope also included a large specialist joinery component, an extensive canteen space with exposed ceilings and feature lighting throughout, bespoke reception area, feature hard and soft floorings, substantial active IT solution, a fully redundant IT backbone install with UPS back up to main comms room, high-end Corporate level access control and security install, A\\/V delivery and a full furniture installation across the complete dual floor plate.\\n\\nWe wish Wipro continued success in their newest home and look forward to representing them again in their next round of expansions.\",\"60\":\"Sonica PM\\nFull Design Realisation and Co-ordination with International Design Team\\nLandlord Approval and Grant of Licence to Alter\\nLocal Design Team Appointment & Management as Lead Consultant\\nComplete Project Financial Control & Package Management\\nClient Direct Vendor Engagement and Management\\nStaff Migration & Move Management\",\"56\":\"Ballsbridge\",\"61\":\"The bittersweet time has come to say thank you and farewell (albeit for now!) to the formidable & fantastic team that is Sonica. We can\\u2019t thank you enough for your dedication, enthusiasm and flexibility over the last year. We have worked together through different time zones, deadlines and (at times!) style preferences to ultimately create two unique Office environments which epitomise the Spirit of Wipro.\\n\\nThanks for sharing your vision with us and for the friendship that we\\u2019ve formed.\",\"62\":\"Trish Buckley, Admin. Manager, WIPRO Europe\",\"58\":\"2,000m2\",\"59\":\"6 weeks design\\n4 weeks pre-con\\n10 weeks on-site\"}}', '2018-02-15 17:44:21', '2018-02-15 17:44:21', '85bbecd0-2570-4007-bbca-50001a63d505'),
 ('67', '121', '16', '1', 'en_ie', '1', NULL, '{\"typeId\":\"16\",\"authorId\":\"1\",\"title\":\"Anya Hindmarch\",\"slug\":\"anya-hindmarch\",\"postDate\":1518716661,\"expiryDate\":null,\"enabled\":1,\"parentId\":null,\"fields\":{\"57\":\"Founded in 1987, Anya Hindmarch has grown into a global brand with more than 45 stores including flagship outlets in New York, London, Tokyo and LA. Known for blending wit and creativity with the finest craftsmanship and innovative leatherwork techniques, they are stocked in many of the world\\u2019s best retail stores, from Barney\\u2019s in New York to BoonTheShop in Korea.\\n\\nFollowing receipt of our outline brief, we were appointed to create a unique, bespoke new store for the brand in Kildare Village coupled with the strip out, surrender and relocation of the existing store within the campus. The new store was a complete turn key fitout from \\u201cgrey box\\u201d to open for business. The works comprised of new flooring details, changing room marketing and sales displays and complete joinery coordination as well as mechanical and electrical installation.\\n\\nThe completed project reflects Anya Hindmarch\\u2019s extraordinary identity with strong emphasis on minimalistic detail and a high level of finishes throughout.\",\"60\":\"Extensive feature joinery package\\nStunning solid oak herringbone flooring\\nBespoke glazed partition solution\\nM&E and IT upgrades throughout\\nLive Building working environment\\nTurnkey furniture package and Client migration\",\"56\":\"Kildare Village\",\"61\":\"\",\"62\":\"\",\"58\":\"100m2\",\"59\":\"1-week pre-construction\\n8 weeks on-site\"}}', '2018-02-15 17:44:21', '2018-02-15 17:44:21', '6b1915fb-f0f3-48f5-b967-670a46a2a3f4'),
 ('68', '122', '16', '1', 'en_ie', '1', NULL, '{\"typeId\":\"16\",\"authorId\":\"1\",\"title\":\"Private Client\",\"slug\":\"private-client-4\",\"postDate\":1518716661,\"expiryDate\":null,\"enabled\":1,\"parentId\":null,\"fields\":{\"57\":\"We are delighted to showcase the successful completion of a new 30k sq.ft. Corporate HQ office in Dublin\\u2019s Citywest Business Campus for a Private Sonica Client, the results of which are absolutely stunning.\\n\\nOur brief took the project from an existing Landlord CAT-A finish (which was fully stripped out) to their fitted out Corporate HQ in 14 weeks from appointment.\\n\\nWorks were undertaken in a multi-tenanted office development with continual intensive daily co-ordination with the sitting Campus Management Team. Added to the time sensitive nature of the project was the Client\\u2019s \\u201cnot-to-exceed\\u201d occupation date which was a key consideration in our aggressive construction programme.\\n\\nDue to the high degree of cellularisation to form the various offices, meeting spaces and executive boardrooms, the mechanical scope required considerable addition to the primary Landlord ventilation provisions via. intensive upgrades, modelling and building control integration.\\n\\nThe project scope also included a large specialist joinery component, an extensive \\u201cTown Hall\\u201d meeting space with feature exposed ceilings and feature lighting throughout, bespoke reception area, feature hard and soft floorings, substantial active IT solution, a fully redundant IT backbone install with UPS back up to main comms room, gymnasium installation, high-end Corporate level access control and security install, A\\/V delivery and a full furniture installation across the complete floor plate.\",\"60\":\"Design and VE development to suit budget parameters\\nInternational collaboration with multiple project stakeholders\\nCo-ordination with local Team on relocation deliverables\\nComms room commissioned and complete 2 weeks before handover to allow Client IT access.\",\"56\":\"Citywest\",\"61\":\"\",\"62\":\"\",\"58\":\"3,000m2\",\"59\":\"4 weeks pre-construction\\n10 weeks on site\"}}', '2018-02-15 17:44:21', '2018-02-15 17:44:21', '6a2fcf9c-5a20-4921-94f3-daa526c1b5d1'),
 ('69', '123', '16', '1', 'en_ie', '1', NULL, '{\"typeId\":\"16\",\"authorId\":\"1\",\"title\":\"AIG\",\"slug\":\"aig\",\"postDate\":1518716661,\"expiryDate\":null,\"enabled\":1,\"parentId\":null,\"fields\":{\"57\":\"AIG Europe Limited is a provider of innovative products and services, including car, property, travel, health and identity theft insurance products to more than half of the country\\u2019s top 100 companies as well as many public and private sector organisations and tens of thousands of individuals. They are also the proud main sponsor of the Dublin GAA Team #BackingEveryStep\\n\\nWorking in their Irish HQ offices in the IFSC, our brief comprised of the removal and replacement of the complete existing building ventilation system followed by retro-install of a new AC system with associated architectural and electrical works. The brief also included a full upgrade of all WCs throughout the building, installation of new mechanical chilling plant at roof level, a fixed line system for roof access, Landlord common area refurbishment and a complete re-design and fitout of the 3rd Floor office space. All works were conducted within a live, fully occupied building environment.\\n\\nThe new office design placed emphasis on increased Team collaboration with all new open plan workstations, meeting rooms, offices, boardrooms, flexible spaces, staff kitchens & canteen areas, breakout areas and a number of bespoke \\u201cTech Bars\\u201d all part of the required brief.\\n\\nEffective use of space was an issue in the previous office so the new office was designed with ample storage capabilities to reduce clutter. The overall look and feel of the completed offices are fresh, professional and welcoming with spectacular views across Dublin city.\\n\\nThe whole project was completed within the agreed tender time frame of 22 weeks.\",\"60\":\"Variety of work settings and collaboration spaces\\nExtensive M&E Remodel & Upgrade\\nHigh quality joinery\\nWorks in fully occupied building over 5-floor plates\\nManagement of Client Direct vendors into master programme of works\",\"56\":\"IFSC, Dublin\",\"61\":\"On behalf of the PM team, I would like to convey our thanks to the Sonica team for a job well done. A special word of thanks to your Construction Manager, Ray McCaul, for his 100% commitment in achieving PC. This was a challenging project on a number of fronts and this achievement is not to be underestimated.\",\"62\":\"Allan Murphy, Director, Scott-Murphy. Client PM\",\"58\":\"8,000m2\",\"59\":\"22 weeks on site\"}}', '2018-02-15 17:44:21', '2018-02-15 17:44:21', '7493a59c-16f7-42d5-88a5-fc6c0fe95373'),
 ('70', '124', '16', '1', 'en_ie', '1', NULL, '{\"typeId\":\"16\",\"authorId\":\"1\",\"title\":\"Sonica Fitout\",\"slug\":\"sonica-fitout\",\"postDate\":1518716661,\"expiryDate\":null,\"enabled\":1,\"parentId\":null,\"fields\":{\"57\":\"We are delighted to showcase the completion of our new Head Office in Kingram Place, at the heart of Fitzwilliam Square in Dublin City Center.\\n\\nWorks commenced in January 2016 and were completed in a hugely impressive 5-week programme led by our D&B CM Colin Kirwan. Calling on our most trusted of trade contract partners, we have succeeded in creating what we feel is an office that\\u2019s truly worthy of the people that occupy it. It is everything we are as a Company: unique, unconventional, unexpected, refreshingly modern and forward thinking.\\n\\nThe fitout is nothing short of breath taking. Justin Treacy and Liat Greenhot of RKD Interiors have taken the vibrancy and energy of the Sonica brand and brought it to life with a myriad of individual features and wonderful ideas. From the floor-to-ceiling trapezoidal wall panelled boardroom to a 10m long 3-D snake bench with over 300 individually milled vertical components in the Ops Area, there is simply nothing like it in the City.\\n\\nWe can\\u2019t wait to show you around what is a great place to work and even better place to visit!\",\"60\":\"Unique custom made trapezoidal Boardroom wall panelling\\nCompletely bespoke joinery throughout the entire office\\nFeature operator workstation desking & storage units\\nWifi controlled lighting control system for user defined mood and colour settings\\nExtensive graphics and artwork package\\nCustom laid vinyl plank flooring to feature guest Reception\\nComplete A\\/V solution to Boardroom, Breakouts and Reception.\",\"56\":\"Kingram Place, Dublin 2\",\"61\":\"This office is our showroom, our statement of \\\"Hey, look what we can do!\\\" and it does that all in spades. We love seeing peoples reactions when they visit because they are just simply blown away with the ideas and concepts, the intricacies of the work and the overall finished product. In almost 20-years of fitout, I\'m happy to say there is simply nothing like it anywhere else, which is what we at Sonica are all about.\",\"62\":\"Donnacha Neary, Managing Director\",\"58\":\"350m2\",\"59\":\"5 weeks on site\"}}', '2018-02-15 17:44:22', '2018-02-15 17:44:22', 'cdbbc1ba-23bd-4d9b-8cc3-48e78ad5caf1'),
 ('71', '125', '16', '1', 'en_ie', '1', NULL, '{\"typeId\":\"16\",\"authorId\":\"1\",\"title\":\"Ellucian\",\"slug\":\"ellucian\",\"postDate\":1518716662,\"expiryDate\":null,\"enabled\":1,\"parentId\":null,\"fields\":{\"57\":\"Ellucian provide the software, services and analytics needed to manage campus businesses faster, easier and more effectively. Serving 2,400 institutions in 40 countries across the globe, they selected Sonica Fitout as their partner for the fitout of their new Irish HQ in Dublin.\\n\\nThe project commenced with the demolition and strip out of existing finishes and M&E services on one of the upper floors of this multi-tenanted, fully occupied live building. The pre-planning and logistical management of this significant operation ran hand-in-hand with the simultaneous upfront procurement of specialist packages required for the fitout.\\n\\nThe intricate design of the space encompassed features on all flat surfaces, from the multi-layered flooring finishes to the varied hard and soft textures on partitions and walls throughout. The open plan desking has privacy screens and operator chairs matched with selected fabrics to accentuate the colour scheme of the Company\\u2019s brand. Ceilings were a blend of exposed concrete slabs interspersed with raft formed lay in grids to pick out areas below. A full M&E, IT and A\\/V brief fell under our remit with Sonica also co-ordinating the Client furniture delivery, load-out and installation.\\n\\nThe completed space gives staff the use of finished huddle rooms, spacious canteens and tea stations, open collaboration areas, V-Con Rooms, Exec Boardrooms and quiet cellular offices. The project was delivered on-programme and within the agreed Contract Sum. More importantly, it was a hugely enjoyable experience for us thanks to a fantastic Client that empowered their Design Team to \\u201cgo big\\u201d with their imagination and trusted us to realise their vision for the completed work space.\\n\\nThe end product is truly spectacular, one that we are hugely proud of and delighted to show case.\",\"60\":\"Substantial feature joinery package\\nAcoustically rated glazed partition solution with bespoke manifestations\\nComplete M&E refit with Data \\/ Active IT rewire part of brief\\nMultiple floor finishes, hard and soft\\nCo-ordination with sitting tennants and Landlord teams all through construction\\nSnag free hand back\",\"56\":\"Marine House, Dublin 2\",\"61\":\"A very detailed piece of work taken on and delivered against an aggressive programme driven by our Client\'s not to be missed occupational requirements. You guys made it all look easy.\",\"62\":\"Neil McGovern, Project Manager & Client Rep. Jones Lang LaSalle\",\"58\":\"1000m2 floor plate\",\"59\":\"7 weeks on-site from start to full Client occupation\"}}', '2018-02-15 17:44:22', '2018-02-15 17:44:22', '3f8fa514-d4f5-43e9-a448-e81404245cc8'),
 ('72', '126', '16', '1', 'en_ie', '1', NULL, '{\"typeId\":\"16\",\"authorId\":\"1\",\"title\":\"Ticket Master\",\"slug\":\"ticket-master\",\"postDate\":1518716662,\"expiryDate\":null,\"enabled\":1,\"parentId\":null,\"fields\":{\"57\":\"Ticketmaster is the world\\u2019s largest ticket distribution company,\\u00a0providing event\\u00a0tickets for more than 10,000 Promotors whose productions range from professional wrestling matches and rock concerts to Broadway shows and operas.\\n\\nOur brief was to deliver a vibrant and invigorating work space for the Company\\u2019s employees at the new Ticketmaster Ireland HQ. \\u00a0The works entailed the fit-out to an existing unit which involved strip out and demolitions of the previously occupied space, the installation of all new wall partitions, floor finishes, internal decoration, M&E service\\u00a0installations and a complete office furniture solution. \\u00a0The design of the working environment is predominantly open plan to allow for collaborative interaction and employee connectivity, but strategically placed workstations and cellular meeting spaces ensure that teams retain their structure within the overall environment.\\n\\nFeatures of the design include a spacious staff kitchen and breakout area, a specialised digital meeting \\/ training room, boardroom, numerous meeting rooms, a secure ticket print \\/ store room and a reception area with \\u201cBolon\\u201d wall and bespoke desk. \\u00a0In keeping with Ticketmasters corporate brand identity, large scale graphics fill the walls at every vantage point, reinforcing the culture of the company and adding energy and colour to the space.\\n\\nThe project was delivered in\\u00a06 weeks following an accelerated pre-construction and mobilisation period to meet the Clients set in stone move in date.\",\"60\":\"Bespoke specialised joinery with numerous unique finishes and materials\\nInternational collaboration with Ticket Master\\u2019s overseas steering group\\nCorporate signage & brand identity\\nManagement of Client direct vend packages\",\"56\":\"Grafton House, Grafton Street\",\"61\":\"\",\"62\":\"\",\"58\":\"600m2\",\"59\":\"2 weeks pre-con\\n6 weeks on site\"}}', '2018-02-15 17:44:22', '2018-02-15 17:44:22', 'ec685a82-fbb2-45b6-9298-d473fdcd3afb'),
 ('73', '127', '16', '1', 'en_ie', '1', NULL, '{\"typeId\":\"16\",\"authorId\":\"1\",\"title\":\"Wipro\",\"slug\":\"wipro-2\",\"postDate\":1518716662,\"expiryDate\":null,\"enabled\":1,\"parentId\":null,\"fields\":{\"57\":\"Wipro Ltd is a global information technology, consulting and outsourcing company with 158,217 employees serving clients in 175+ cities across 6 continents. The company posted revenues of $7.5 billion for the financial year ended Mar 31, 2015.\\n\\nFollowing their announcement to move into the Irish market, they selected Sonica as their turn key D&B contractor for the design and fitout of their new 240-seater office in the spectacular Elm Park OBA in Dublin.\\n\\nOur Design and Build brief took the project from initial space planning for Lease negotiation, to Landlord consent phase, through to detailed design, costing, planning, constructing and overall hand-back. The complete project life cycle, managed from start-to-finish by Sonica.\\n\\nWorks were undertaken in the top 3-floors of the OBA building with management of logistics and daily co-ordination with the sitting Building Management Team a key consideration in the development of our aggressive construction programme.\\n\\nA high degree of cellularisation in forming the various manager offices, meeting spaces, huddle rooms and executive boardrooms required considerable addition to the Landlords naturally conditioned eco-building ventilation strategy via. intensive modelling and BMS integration. The project scope also included a large specialist joinery component, stone flooring, substantial active IT solution, a fully redundant IT backbone install, Comms Room UPS, digital monitoring, building security, A\\/V delivery and a complete furniture installation across 3-floor plates.\\n\\nThe project was run with fully transparent financials, with the Client retaining all expenditure authorisation throughout the build process via their internationally issued PO\\u2019s. The completed works were delivered below the original approved budget tabled at Design completion stage.\",\"60\":\"International collaboration at design phase to achieve Client design goals.\\nOpen plan financials with project delivered on time and below budget.\\nComms room commissioned and complete 3 weeks before handover to allow Client IT access.\\nClient direct vendors were managed into our overall programme to ensure complete co-ordination of overall project completion.\",\"56\":\"Elm Park, Dublin\",\"61\":\"Every member of their Project Delivery Team remained a hugely visible resource to us all through the complete project life cycle and the final results speak for themselves. We cannot speak highly enough of the manner in which they completed this project.\",\"62\":\"Paul Quinn, BKD Architects.\",\"58\":\"3,000m2\",\"59\":\"6 weeks design\\n8 weeks on site\"}}', '2018-02-15 17:44:22', '2018-02-15 17:44:22', '1ba4a108-f291-4ea4-9dcc-eb5c4f51b172'),
 ('74', '128', '16', '1', 'en_ie', '1', NULL, '{\"typeId\":\"16\",\"authorId\":\"1\",\"title\":\"Blackrock Investments\",\"slug\":\"blackrock-investments\",\"postDate\":1518716662,\"expiryDate\":null,\"enabled\":1,\"parentId\":null,\"fields\":{\"57\":\"Blackrock is trusted to manage more money than any other investment firm with over 135 teams in 30 countries sharing their best thinking to seek better returns for their clients. As the worlds largest investor, they currently manage in excess of 7,700 portfolios comprising $4.72T of assets.\\n\\nFollowing the expansion of their Irish Team, they selected Sonica as main contractor for their office relocation project as they transferred their Dublin operation from Barrow St. to larger offices in Ballsbridge.\\n\\nOur brief took the project from an empty \\u201cgrey box\\u201d to their fully fitted out Corporate HQ in 14 weeks from appointment.\\n\\nWorks were undertaken in a multi-tenanted fully occupied building with continual intensive daily co-ordination with the sitting Building Management Team and other tenants a key consideration in the development of our aggressive construction programme.\\n\\nDue to the high degree of cellularisation to form the various manager offices, meeting spaces and executive boardrooms, the mechanical scope required considerable addition to the primary Landlord ventilation provisions via. intensive upgrades, modelling and BMS integration. The project scope also included a large specialist joinery component, a bespoke reception area, feature hard and soft floorings, substantial active IT solution, a fully redundant IT backbone install, Comms Room UPS & downflow A\\/C, programmable SCADA digital monitoring, high-end Corporate level access control and security install, A\\/V delivery and a full furniture installation across the complete floor plate.\\nAll works were completed on-time against an aggressive delivery programme and within the agreed budget parameters.\",\"60\":\"International collaboration with UK led Design Team\\nCo-ordination with sitting tenants and Landlord Teams throughout the construction period\\nComms room commissioned and complete 2 weeks before handover to allow Client IT access.\\nClient direct vendors were managed into our overall programme to ensure complete co-ordination of the overall project completion\",\"56\":\"Ballsbridge\",\"61\":\"\",\"62\":\"\",\"58\":\"1,000m2\",\"59\":\"4 weeks Pre-Con\\n10 weeks on site\"}}', '2018-02-15 17:44:22', '2018-02-15 17:44:22', 'ac871e80-e16f-499e-a091-0079781e2bb9'),
 ('75', '129', '16', '1', 'en_ie', '1', NULL, '{\"typeId\":\"16\",\"authorId\":\"1\",\"title\":\"Nissan\",\"slug\":\"nissan\",\"postDate\":1518716662,\"expiryDate\":null,\"enabled\":1,\"parentId\":null,\"fields\":{\"57\":\"Nissan has been at the forefront of the Irish motor industry since their arrival into Ireland in 1977, a feat that is achieved by a potent combination of aggressive sales and marketing strategies coupled with an extremely strong customer service philosophy.\\n\\nAs part of their continual commitment to maintaining top-end customer experiences in their network of dealer garages, the Company embarked on a programme of refurbishment on four of their flag-ship premises in Deansgrange, Liffey Valley, Airside Swords and Tallaght. We were delighted to be selected by Nissan and their extended Professional Team to carry out this exciting multi-location works programme.\\n\\nThe works centred on the strip out and replacement of key features and finishes in the existing garages to raise their already impressive profiles. This was achieved by the introduction of a new bespoke A\\/V installation, a feature lighting overhaul, addition of glazed meeting rooms for customer interaction, a total hard-flooring uplift and replacement, new joinery, soft furnishings and a full redecoration to create a completely new look-and-feel.\\n\\nThe biggest challenge was to carry out these works, against 4-separate and standalone aggressive installation programmes, whilst the garages remained open for business during the refurbishment process.\\n\\nIt is a testament to the on-site management from the Sonica Operations Team that the projects were not only all completed on-time, but the positive impact achieved through the high-quality of the finished works exceeded Nissan\\u2019s initial expectations for these flag-ship finished garages.\",\"60\":\"Full strip out of existing finishes carried out inside LIVE working garages\\nSubstantial out of hours working to facilitate Sales Operations\\nCo-ordination of Client direct international suppliers\\nPhased programming to allow staggered completion of garages\",\"56\":\"Dublin\",\"61\":\"We developed a very good relationship with Sonica during the course of our recent multi-location refurbishments. We felt that the lines of communication were always open, their Team were very responsive to our various queries whilst remaining extremely flexible, but most importantly they shared our passion and commitment for the project at hand. We are simply delighted with the final product.\",\"62\":\"Ian Moran, Group Financial Accountant\",\"58\":\"4 no. garages of 1500m2 each\",\"59\":\"4 weeks per garage\\n16-week overall programme\"}}', '2018-02-15 17:44:22', '2018-02-15 17:44:22', 'a974c7a5-39a9-4a4d-8afe-70c7c450db90'),
 ('76', '130', '16', '1', 'en_ie', '1', NULL, '{\"typeId\":\"16\",\"authorId\":\"1\",\"title\":\"Private Client\",\"slug\":\"private-client-5\",\"postDate\":1518716662,\"expiryDate\":null,\"enabled\":1,\"parentId\":null,\"fields\":{\"57\":\"Our Client is one of Ireland\\u2019s leading providers of advanced information technology, products, services and business consulting expertise. They are dedicated to helping their Clients innovate and succeed through the end-to-end transformation of their business models and the application of innovative technology and business solutions.\\n\\nOur brief comprised of the creation of a new customer experience room at their main operations facility in Dublin. Works were undertaken within this heavily occupied building with continual intensive daily co-ordination with the on-site Building Management Team. The existing space was previously used as a games area, the new fit-out required strip out of all existing finishes to provide a significant AV installation to the room, together with extensive modifications to the \\u201cStreet\\u201d circulation and access areas. An associated AV room and Store Room was also constructed.\\n\\nThe finished product is a sleek modern fitout and the use of corporate colours throughout the design is a bold injection into what was previosuly a neutral space. Some highly technical features on the project included a bespoke free standing feature wall that was constructed with a steel frame and wrapped in toughened back painted glass to act as a divider in the room to separate the space. A custom built curved glass ramp was also provided and hanging feature oval lights are an uplifting addition.\\n\\nThe project was completed within the agreed tender time frame of 5 weeks.\",\"60\":\"Bespoke free standing feature wall\\nSpecialist feature lighting\\nHi-Tech AV interactive and communications systems\\nCurved glass access ramp\",\"56\":\"Dublin\",\"61\":\"\",\"62\":\"\",\"58\":\"150m2\",\"59\":\"5 weeks on site\"}}', '2018-02-15 17:44:22', '2018-02-15 17:44:22', 'ab1e6155-1b4d-4530-b2cc-6b39e8e45a6f'),
 ('77', '131', '16', '1', 'en_ie', '1', NULL, '{\"typeId\":\"16\",\"authorId\":\"1\",\"title\":\"Guinness Storehouse\",\"slug\":\"guinness-storehouse\",\"postDate\":1518716662,\"expiryDate\":null,\"enabled\":1,\"parentId\":null,\"fields\":{\"57\":\"Spread over 4-floors, works ran concurrently in Ireland\\u2019s No. 1 Tourist attraction \\u2013 a building with 5,000 visitors daily.\\n\\nIndividual work areas were the Visitor Experience Center, Group Orientation area, Arthur Guinness Room, Business Center refurbishment, Project Taste Experience, Arrol Bar refurbishment, Red Jacket retail Fitout, Ground Floor signature St. James\\u2019s Gate Replica and a full mezzanine retail area re-fit.\\n\\nProject Taste included conceptual \\u201cScent Oscillator\\u201d columns, developed and designed specifically for the new Taste Experience exhibition. The main ingredients used to brew Guinness were vaporized to enhance the overall visitor sensory experience in tasting the beer.\\n\\nInteractive A\\/V screens in The Arthur Guinness Room that speak to visitors as they pass. Screen chassis\\u2019s concealed within feature wall paneling and triggered from ceiling disguised presence detectors.\\n\\nA full size replica of the iconic St. James\\u2019s Gate was installed in the main Ground Floor visitor reception area.\\n\\nRestoration of historic Guinness photography for scanning and printing onto full size extended wall murals installed in the Group Reception Area.\\n\\nMillwork fabricated from reclaimed sources to preserve the antique feel of several feature joinery pieces.\",\"60\":\"Multi-Trade Interaction and Co-ordination\\nManagement of incumbent contractors within main fitout programme\\nExtensive OOH Works to accommodate visitor traffic\\nConcept Design Development\\nInteraction with Several Design Teams across concurrent projects\",\"56\":\"St James\\u2019s Gate, Dublin 8\",\"61\":\"We wanted this scheme to become the best place to taste Guiness Worldwide. The outcome conceived and developed by your installation team is simply outstanding. It has exceeded all my expectations. I love Taste, but more importantly, our visitors love it.\",\"62\":\"Paul Carthy, Managing Director, Guinness Storehouse\",\"58\":\"Multiple individual work areas spread over 4-separate floors.\",\"59\":\"22 weeks on site\"}}', '2018-02-15 17:44:22', '2018-02-15 17:44:22', 'aaa53f80-7c7f-4682-9788-856e6cc0299e'),
 ('78', '132', '16', '1', 'en_ie', '1', NULL, '{\"typeId\":\"16\",\"authorId\":\"1\",\"title\":\"Fitter Faster Stronger\",\"slug\":\"fitter-faster-stronger-1\",\"postDate\":1518716662,\"expiryDate\":null,\"enabled\":1,\"parentId\":null,\"fields\":{\"57\":\"Having only formed in 2013, Fitter Faster Stronger (FFS) is now widely regarded as the pre-eminent Strength, Metabolic Conditioning and Functional Training Facility in the Capital.\\u00a0 Founded by Rory McInerney and Ciaran Ruddock, they have already cultivated a unique brand, a large Twitter following and a dedicated membership that has christened their training facility \\u201cThe Home of Hard Work\\u201c.\\n\\nAs part of their expansion and continual brand development, we were hugely enthusiastic to be engaged for their gym refurbishment project on Leeson St.\\u00a0 With three of the Senior Sonica management staff already dedicated members of the gym, we were delighted to be able to offer some of our expertise back in return for the countless hours of training and coaching we had received from the FFS Team.\\n\\nThe brief was to draw heavily from the already established branding and colouring of the FFS logo, and transfer that strength of identity into the various training areas of the gym.\\u00a0 The results are clean, sharp surfaces throughout with extensive motivational branding & calls to action.\",\"60\":\"Concept development\\nDesign and off-site fabrication\\nExtensive branding and signage\\nBespoke branded cabinetry and joinery\\nFeature Gym Flooring\",\"56\":\"Leeson Street\",\"61\":\"The level of professionalism and proficiency astounded us on this project. The entire revamp was completed on an aggressive timeline, a 36 hour period, in order to minimise downtime for our Clients. The team at FFS are all delighted with a gym that is now more functional, but also looks awesome!\",\"62\":\"Rory McInerney, Managing Director, FFS\",\"58\":\"Basement area, City Centre Location.\",\"59\":\"The project was fully designed and off-site fabricated, assembly occurred on-site over a single out-of-hours weekend to accommodate the extensive gym class schedule.\"}}', '2018-02-15 17:44:22', '2018-02-15 17:44:22', '9934283a-7e2d-4d61-a810-f498c592c104'),
 ('79', '133', '16', '1', 'en_ie', '1', NULL, '{\"typeId\":\"16\",\"authorId\":\"1\",\"title\":\"Ballsbridge Park\",\"slug\":\"ballsbridge-park\",\"postDate\":1518716662,\"expiryDate\":null,\"enabled\":1,\"parentId\":null,\"fields\":{\"57\":\"Landlord refurbishment project to recondition the building atrium and main reception, all lift cores, common areas, bathrooms and staircores spread over 6-floors in a Live occupied working environment.\\n\\nWorks also extended to the complete demolition and refitting of the Ground Floor Open Plan Offices to act as the building marketing suite.\\nFormation of ground floor meeting rooms for anchor tenant, specifically designed for maximum privacy with increased acoustic properties.\\nReflooring complete atrium with new stone tiling \\u2013 all works carried out by nights to minimize disruption to existing tenants.\\n\\nInstallation of new enlarged multi-operator reception desk, double height feature atrium wall paneling and glazing.\\n\\nBuilding fabric surveying and development of repair and maintenance programme.\\n\\nInstallation of new security speed lanes with supply of access control systems tailored to multitenant \\/ multi-card operation.\\n\\nComplete M&E brief to include all services associated with bathroom and shower upgrades, A\\/C to open plan offices and power upgrades to suit new tenancy requirements.\",\"60\":\"Landlord \\/ Tennant liaison in programme development\\nLarge proportion of works undertaken out of hours\\nFeature package design development with architect to align with budget provisions\\nInterfacing with multiple stake holders\",\"56\":\"Sweepstakes Building, Dublin 4\",\"61\":\"We were very impressed by the manner in which you undertook the project and advanced your works \\u2013 nothing was ever an issue, \\u201cNo\\u201d was never an answer.\",\"62\":\"Frank Doyle, Studio 3 Architects\",\"58\":\"Multiple individual work areas spread over 6-separate floors.\",\"59\":\"14 weeks on site\"}}', '2018-02-15 17:44:22', '2018-02-15 17:44:22', '9da2f12f-23f4-4b01-9d36-c732551ae4f5'),
 ('80', '134', '16', '1', 'en_ie', '1', NULL, '{\"typeId\":\"16\",\"authorId\":\"1\",\"title\":\"Aspen Pharma\",\"slug\":\"aspen-pharma\",\"postDate\":1518716662,\"expiryDate\":null,\"enabled\":1,\"parentId\":null,\"fields\":{\"57\":\"Design and Build project from initial space planning for Lease negotiation, to Landlord consent phase, through to detailed design, costing, planning, constructing and overall hand-back. The complete project life cycle, managed from start-to-finish by Sonica.\\n\\nOpen plan spaces were developed off the Client\\u2019s international office templates, with the expressed requirement to improve existing flow and promote productivity. Our designers took the starting point from a Dubai based plan and streamlined it into an improved Dublin model to achieve these goals.\\n\\nWorks were undertaken inside a 12-storey multi tenanted building. Management of logistics and daily co-ordination with the sitting Building Management Team was a key consideration in the development of our aggressive construction programme which was led by Client early occupational requirements.\\n\\nA high degree of cellularisation in the offices required considerable addition to the Landlord provided A\\/C and lighting control systems. These A\\/C & lighting upgrades were carried out to provide local dedicated user defined control and were simultaneously linked back to the head end BMS system for Landlord energy monitoring.\\n\\nThe project was run as an open book Management Contract, with the Client retaining all expenditure authorization throughout the build process. The completed works were delivered below the original approved budget tabled at Design completion stage.\",\"60\":\"International collaboration at design phase to achieve Client design goals.\\nOpen plan financials with project delivered on time and below budget.\\nComms room commissioned and complete 3 weeks before handover to allow Client IT access.\\nClient direct vendors were managed into our overall programme to ensure complete co-ordination of overall project completion.\",\"56\":\"Custom House Quay, Dublin 2\",\"61\":\"From initial meeting to final handback, we knew that in Sonica Fitout we had a Design & Build Contractor that could translate the multi-faceted requirements of our business needs into a single, co-ordinated and stream lined project action plan. They listened, they advised and they delivered a space that has gone way beyoned all of our expectations.\",\"62\":\"Elisha O\' Keeffe, Aspen Pharma Ireland\",\"58\":\"750m2\",\"59\":\"8 weeks on site\"}}', '2018-02-15 17:44:22', '2018-02-15 17:44:22', 'de1aac02-71b8-446c-9b60-cef503e86e4b'),
 ('81', '135', '16', '1', 'en_ie', '1', NULL, '{\"typeId\":\"16\",\"authorId\":\"1\",\"title\":\"Sonica HQ\",\"slug\":\"sonica-hq\",\"postDate\":1518716662,\"expiryDate\":null,\"enabled\":1,\"parentId\":null,\"fields\":{\"57\":\"The brief was to capture the vibrancy and energy of the Sonica Fitout brand, while showcasing our talent for design and fitout.\\n\\nThe completed office had to deliver a working area that would encourage open collaboration between departments and provide an environment where staff could discuss fresh ideas and develop new systems.\\n\\nThe Company branding and instantly recognisable \\u201cSonica Rainbow\\u201d colouring were used as the central theme in the fitout, with graphics and murals developed specifically to enhance the fabrics, wall and floor colorings used throughout.\\n\\nStaff & Client individuality was celebrated with offices and meeting rooms designed with personality.\\n\\nThe canteen has a \\u201cCatch Phrase Wall\\u201d dedicated to valued Company friend.\\n\\nThe sauna styled Collab Room succeeds in forming the central hub \\u2013 a place we gravitate to for both informal internal meetings and TGI Friday beers.\\n\\nThe Strong Room is a \\u201cDo Not Disturb Zone\\u201d where we can go to crash out a tender or just think in peace and quiet.\\n\\nOur Client\\u2019s love it too \\u2013 we\\u2019ve lost track of the amount of people that have called in to us, just to hang out (and to make sure they get their names onto the Sonica Tube Map!)\",\"60\":\"Sauna style Collab area\\nExtensive bespoke murals and wall art\\nFeature wall tiling and lighting throughout\\nExecutive Boardroom with full A\\/V\\nStrong Room \\/ Phone Free Zone for thinking.\",\"56\":\"10-12 Hogan Place, Dublin 2\",\"61\":\"It\\u2019s a really nice space, an office we all feel comfortable in, a place we love to work in, our home away from home.\",\"62\":\"Donnacha Neary, MD, Sonica Fitout\",\"58\":\"300m2\",\"59\":\"3 weeks on site.\"}}', '2018-02-15 17:44:22', '2018-02-15 17:44:22', 'd8375804-6090-4636-b2ea-3418dc51fe75'),
 ('82', '136', '16', '1', 'en_ie', '1', NULL, '{\"typeId\":\"16\",\"authorId\":\"1\",\"title\":\"Axway\",\"slug\":\"axway\",\"postDate\":1518716662,\"expiryDate\":null,\"enabled\":1,\"parentId\":null,\"fields\":{\"57\":\"Over 11,000 Companies Worldwide rely on AXWAY for their B2B software solutions. Axway relied on just one, Sonica Fitout, for their new Dublin HQ office fitout.\\n\\nSonica appointed the Architectural and M&E Design Teams and also acted as traditional Main Contractor for the fitout with responsibility for overall design verification and certification of the M&E systems.\\n\\nWorks involved the full strip out of the existing floor plate in preparation for the formation of open plan offices, manager cellular offices, boardroom facilities with full A\\/V capability, new staff canteen, comms room, bathrooms & staff shower rooms.\\n\\nSonica also engaged a Graphic Design company to develop wall art and murals throughout the office space that reflected the Company\\u2019s vision and message.\\n\\nWorks were conducted on the 1st floor of Investment House in Dublin, a multi tenanted fully occupied Live office block, with all logistics for these operations managed by the Sonica Site Team.\",\"60\":\"Full bathroom and shower room installations\\nExtensive Graphics and Wall Art Design\\nLead role in Design verification and certification\\nAggressive programme delivered in a fully occupied multi-tennanted environment\",\"56\":\"Pembroke Street Upper, Dublin\",\"61\":\"To invest our time best in on our role as Client Representatives, we need a Contractor that makes the successful completion of the project their main and only focus. We get that every time we work with Sonica - it makes the whole process a pleasure for all concerned.\",\"62\":\"Andrew McCracken, Director, Jones Lang LaSalle\",\"58\":\"1200m2\",\"59\":\"8 weeks on site\"}}', '2018-02-15 17:44:22', '2018-02-15 17:44:22', 'a7eacc85-b025-410b-aea5-82f506729b9a'),
 ('83', '137', '16', '1', 'en_ie', '1', NULL, '{\"typeId\":\"16\",\"authorId\":\"1\",\"title\":\"Allied World\",\"slug\":\"allied-world\",\"postDate\":1518716662,\"expiryDate\":null,\"enabled\":1,\"parentId\":null,\"fields\":{\"57\":\"Since their formation in 2001, Allied World have built a reputation as a strong supplier of insurance and reinsurance solutions globally with a worldwide network of offices and a NYSE listing.\\n\\nAppointed as Main Contractor, Sonica\\u2019s brief was to modernize Allied\\u2019s existing Dublin office while they remained in situ during the course of the works. The phased approach to the process involved meticulous planning with Allied\\u2019s appointed management team so that the overall programme could be broken down into daily milestones.\\n\\nThe scope involved increasing the level of open plan allowances in the space via. removal of existing cellular offices, M&E augmentations to supplement the additional head count, new canteen facilities, meeting facilities, floor finishes and a complete workstation package renewal.\\n\\nThe bulk of the works were conducted outside of normal office hours to minimize the impact to the Client\\u2019s day-to-day operations, with the Sonica Site Team delivering against every milestone in the process from start to finish.\",\"60\":\"In Depth Planning for substantial Out of Hours workscope\\nUpgraded M&E for increased staff head count\\nRe-cellularisation of Manager Offices and Meeting Rooms\\nFull new staff canteen facilities\",\"56\":\"Custom House Quay, Dublin 2\",\"61\":\"You kept us informed through the whole process, we knew what was happening, when it was happening, what task was next in the chain and when it was successfully completed. We always felt like we were in good hands.\",\"62\":\"Aideen Quinn, VP for HR, Europe & Asia, Allied World\",\"58\":\"800m2\",\"59\":\"8 weeks on site\"}}', '2018-02-15 17:44:23', '2018-02-15 17:44:23', '70fc505b-ab1b-46f7-9c38-04d432b5c5c4'),
 ('84', '138', '16', '1', 'en_ie', '1', NULL, '{\"typeId\":\"16\",\"authorId\":\"1\",\"title\":\"SCA\",\"slug\":\"sca\",\"postDate\":1518716663,\"expiryDate\":null,\"enabled\":1,\"parentId\":null,\"fields\":{\"57\":\"Sonica acted as traditional Main Contractor for the fitout of SCA Ireland\\u2019s new offices with responsibility for design and certification of the M&E systems forming part of the overall brief.\\n\\nTaken from Landlord CAT-A condition, works involved formation of open plan offices, manager cellular offices, boardroom facilities with full A\\/V capability, new staff canteen, post room & store rooms.\\n\\nWe also had responsibility for securing Landlord consent for the M&E alterations involved in supplementing and modifying the A\\/C and lighting control systems to suit our finalized layouts.\",\"60\":\"Buzzifelt feature acoustic attenuation\\nFeature graphics and wall murals\\nM&E Design and Build\\nManagement of Client Direct furniture vendor\\nLandlord consent applications\",\"56\":\"Blanchardstown Corporate Park 2, Dublin 15\",\"61\":\"We have been very impressed with your company\\u2019s overall professionalism from the cleanliness of the site, management of contractors, general can-do attitude and most importantly; the ahead of schedule completion of the job. The new office looks fantastic and the whole team are looking forward to moving into their new home!\",\"62\":\"Simon Pickering, SCA \\/ Tork\",\"58\":\"400m2\",\"59\":\"4 weeks on site\"}}', '2018-02-15 17:44:23', '2018-02-15 17:44:23', '0b804bd4-ee10-4969-a164-d0b28af644d8'),
 ('85', '139', '16', '1', 'en_ie', '1', NULL, '{\"typeId\":\"16\",\"authorId\":\"1\",\"title\":\"Cartrawler\",\"slug\":\"cartrawler\",\"postDate\":1518716663,\"expiryDate\":null,\"enabled\":1,\"parentId\":null,\"fields\":{\"57\":\"Cartrawler provides travel-related retailers with a fully managed gateway to over 800 car rental agents at 30,000 locations in 174 different countries.\\n\\nSonica completed the fitout of their new offices in Dublin comprising cellular offices, meeting rooms, staff canteens, an All Hands Town Hall meeting area, chill out room and open plan workspace to accommodate up to 235 staff.\\n\\nM&E works were carried out under a domestic sub-contract with Sonica offering a turn key project developed from initial tender drawings and specifications. Works involved supplementing the landlord A\\/C systems, a full data installation to a central comms room, electrical power distribution to desk mounted furniture solution and full lighting augmentation to include scene setting in selected areas.\",\"60\":\"\",\"56\":\"Dundrum Business Park, Dublin 14\",\"61\":\"You took the stress out of the whole process for us \\u2013 the fitout was handed over as we wanted it when we wanted it.\",\"62\":\"Lynsey Egan, Cartrawler\",\"58\":\"1,200m2\",\"59\":\"8 weeks on site\"}}', '2018-02-15 17:44:23', '2018-02-15 17:44:23', '80c77f24-a90a-4d91-879d-01e0c63dce5f'),
 ('86', '140', '16', '1', 'en_ie', '1', NULL, '{\"typeId\":\"16\",\"authorId\":\"1\",\"title\":\"Lisney\",\"slug\":\"lisney\",\"postDate\":1518716663,\"expiryDate\":null,\"enabled\":1,\"parentId\":null,\"fields\":{\"57\":\"When relocating from their home of c. 20-years on Dublin\\u2019s St. Stephen\\u2019s Green, Lisney appointed Sonica to act as their Main Contractor and Partner to deliver their modern new office space over two floors on Earlsfort Terrace.\\n\\nWorks involved the strip out of 2 existing floors in the building in preparation for the new office layouts. The first floor was fitted out as the Corporate Reception and Meeting space, a place for Lisney to receive their Clients, hold large meetings and conduct auctions. The second floor comprised the open plan office space, internal meeting space, staff canteen facilities, file storage and desking for 80 staff members.\\n\\nWorks were conducted on the upper floors of St. Stephens Green House, a multi tenanted office block, with all logistics and day-to-day site issues managed by the on-site Sonica Operations Team.\",\"60\":\"High End Corporate reception area\\nStone flooring and bespoke branded joinery\\nManagement of Client direct Furniture and A\\/V vendors\\nAggressive programme delivered in multi-tenanted building\",\"56\":\"Earlsford Terrance, Dublin 4\",\"61\":\"Your staff were exceptionally courteous to all our sitting building tenants through the whole fitout process, we hardly noticed you were even here.\",\"62\":\"David Hogan, SSG Building Manager\",\"58\":\"1200m2\",\"59\":\"8 weeks onsite\"}}', '2018-02-15 17:44:23', '2018-02-15 17:44:23', 'e7adf711-32cc-4ea7-a8d6-6d89d214deda'),
 ('87', '141', '16', '1', 'en_ie', '1', NULL, '{\"typeId\":\"16\",\"authorId\":\"1\",\"title\":\"Apollo Aviation\",\"slug\":\"apollo-aviation\",\"postDate\":1518716663,\"expiryDate\":null,\"enabled\":1,\"parentId\":null,\"fields\":{\"57\":\"Founded in 2002, Apollo Aviation Group is a multi-strategy alternative investment firm specializing in commercial aviation investing, creating and extracting value by investing in mid-life and mature commercial aircraft and engines.\\n\\nSonica were appointed as traditional Main Contractor for the fitout, which was carried out on the top floor of Connaught House, the exclusive multi-tenanted corporate HQ building off Mespil Road in Dublin 2.\\nWith stunning views over Dublin, the works involved the complete strip out of the existing finishes in preparation for the new Apollo layouts. Several key building features were identified to be retained and incorporated within the completed office works, all others were promptly cleared in the opening days on site.\\n\\nThe completed offices comprise open plan work areas, cellular offices and meeting rooms, a bespoke Client reception area, staff canteen & break out area, full data rewire back to a new comms room, complete A\\/V & VC installation and a thorough M&E upgrade to accommodate the new layouts.\\n\\nWorking on the top floor of one of the most prestigious buildings in Dublin presented it\\u2019s own challenges, but through the daily co-ordination and management of works by the sitting Sonica Site Team, the project ran smoothly for start to finish. The completed office is considered by the Professional Team as one of the finest small office fitout examples conducted in Dublin in recent years.\",\"60\":\"Bespoke joinery installations to Client Reception Area & Corporate Meeting Space\\nIdentification, retention and re-use of core building fabrics to augment the fitout\\nComplete M&E overhaul to suit new office layouts\\nIntense co-ordination with sitting Building Management through the fitout process.\",\"56\":\"Connaught House, Burlington Road, Dublin 4\",\"61\":\"Very easy to work with and extremely professional from start to finish. Completed the job to a very high quality on time and within budget \\u2013\\u00a0\\ncouldn\\u2019t ask for any more.\",\"62\":\"Marcus Miller, VP Dublin Operations, Apollo Aviation\",\"58\":\"1000m2\",\"59\":\"8 weeks on site\"}}', '2018-02-15 17:44:23', '2018-02-15 17:44:23', '4f30bb68-3981-4a4e-bd73-4b65eebc5cc2');



DROP TABLE IF EXISTS `craft_fieldgroups`;


--
-- Schema for table `craft_fieldgroups`
--
CREATE TABLE `craft_fieldgroups` (
  `id` int(11) NOT NULL AUTO_INCREMENT,
  `name` varchar(255) COLLATE utf8_unicode_ci NOT NULL,
  `dateCreated` datetime NOT NULL,
  `dateUpdated` datetime NOT NULL,
  `uid` char(36) COLLATE utf8_unicode_ci NOT NULL DEFAULT '0',
  PRIMARY KEY (`id`),
  UNIQUE KEY `craft_fieldgroups_name_unq_idx` (`name`)
) ENGINE=InnoDB AUTO_INCREMENT=13 DEFAULT CHARSET=utf8 COLLATE=utf8_unicode_ci;

--
-- Data for table `craft_fieldgroups`
--

INSERT INTO `craft_fieldgroups` (`id`, `name`, `dateCreated`, `dateUpdated`, `uid`) VALUES
 ('1', 'Default', '2017-10-13 11:04:19', '2017-10-13 11:04:19', '4deac12d-0e28-4b5f-a1ad-b0623260c08e'),
 ('4', 'Globals', '2017-10-13 14:23:15', '2017-10-13 14:23:15', '808ac226-a23a-425c-8387-9b97d78d2b70'),
 ('5', 'Homepage', '2017-11-21 22:49:13', '2017-11-21 22:49:13', '50842555-0705-462f-b737-0847c42481c1'),
 ('8', 'Meta', '2017-12-04 23:51:00', '2017-12-04 23:51:00', '0b5c5ae3-2270-4551-a06c-01dd25e6a3e9'),
 ('11', 'Case Study', '2018-02-15 17:30:32', '2018-02-15 17:33:40', '6da29bf1-cd2a-4848-ace7-9ed9f90862bb'),
 ('12', 'Team Member', '2018-02-15 17:33:33', '2018-02-15 17:33:33', '0db3451f-4b08-47eb-9114-55fe9f50fbe1');



DROP TABLE IF EXISTS `craft_fieldlayoutfields`;


--
-- Schema for table `craft_fieldlayoutfields`
--
CREATE TABLE `craft_fieldlayoutfields` (
  `id` int(11) NOT NULL AUTO_INCREMENT,
  `layoutId` int(11) NOT NULL,
  `tabId` int(11) NOT NULL,
  `fieldId` int(11) NOT NULL,
  `required` tinyint(1) unsigned NOT NULL DEFAULT '0',
  `sortOrder` smallint(6) unsigned DEFAULT NULL,
  `dateCreated` datetime NOT NULL,
  `dateUpdated` datetime NOT NULL,
  `uid` char(36) COLLATE utf8_unicode_ci NOT NULL DEFAULT '0',
  PRIMARY KEY (`id`),
  UNIQUE KEY `craft_fieldlayoutfields_layoutId_fieldId_unq_idx` (`layoutId`,`fieldId`),
  KEY `craft_fieldlayoutfields_sortOrder_idx` (`sortOrder`),
  KEY `craft_fieldlayoutfields_tabId_fk` (`tabId`),
  KEY `craft_fieldlayoutfields_fieldId_fk` (`fieldId`)
) ENGINE=InnoDB AUTO_INCREMENT=220 DEFAULT CHARSET=utf8 COLLATE=utf8_unicode_ci;

--
-- Data for table `craft_fieldlayoutfields`
--

INSERT INTO `craft_fieldlayoutfields` (`id`, `layoutId`, `tabId`, `fieldId`, `required`, `sortOrder`, `dateCreated`, `dateUpdated`, `uid`) VALUES
 ('204', '97', '95', '57', '0', '1', '2018-02-15 17:40:18', '2018-02-15 17:40:18', 'b3f6c52f-e197-4edc-a5e2-a9f166f89dbb'),
 ('205', '97', '95', '60', '0', '2', '2018-02-15 17:40:18', '2018-02-15 17:40:18', 'ea68d992-b90c-4779-8bd0-63bde8218e66'),
 ('206', '97', '95', '63', '0', '3', '2018-02-15 17:40:18', '2018-02-15 17:40:18', '57174f0c-9c57-41b4-8203-9fdc435b4919'),
 ('207', '97', '95', '56', '0', '4', '2018-02-15 17:40:18', '2018-02-15 17:40:18', '9e9f67d2-9d50-476f-b0c4-6aecb57f2d5d'),
 ('208', '97', '95', '64', '0', '5', '2018-02-15 17:40:18', '2018-02-15 17:40:18', 'fa49a4d0-c9ee-4b3e-acb6-eb4e32212b42'),
 ('209', '97', '95', '61', '0', '6', '2018-02-15 17:40:18', '2018-02-15 17:40:18', '1461913e-5293-406c-8e76-44d45efbcdce'),
 ('210', '97', '95', '62', '0', '7', '2018-02-15 17:40:18', '2018-02-15 17:40:18', 'ee770844-b332-4716-a2d8-adade20236d0'),
 ('211', '97', '95', '58', '0', '8', '2018-02-15 17:40:18', '2018-02-15 17:40:18', '11c25f00-b9f4-41c9-80d3-6a161c870619'),
 ('212', '97', '95', '59', '0', '9', '2018-02-15 17:40:18', '2018-02-15 17:40:18', '95fd98d7-fa1b-4c46-91fa-7d059acea513'),
 ('213', '98', '96', '69', '0', '1', '2018-02-15 17:40:34', '2018-02-15 17:40:34', '9a024fbd-c1b5-47af-a17a-b428f014e39d'),
 ('214', '98', '96', '71', '0', '2', '2018-02-15 17:40:34', '2018-02-15 17:40:34', '02275071-e0fe-4a81-bcaf-780a9950d884'),
 ('215', '98', '96', '66', '0', '3', '2018-02-15 17:40:34', '2018-02-15 17:40:34', '3dcfd701-d779-4a2a-8f83-cd7f7265795d'),
 ('216', '98', '96', '70', '0', '4', '2018-02-15 17:40:34', '2018-02-15 17:40:34', '92e120ff-b58d-4fea-a894-2db74df8dc74'),
 ('217', '98', '96', '65', '0', '5', '2018-02-15 17:40:34', '2018-02-15 17:40:34', '7bb63224-607e-4a04-adf5-1e1a5bba982a'),
 ('218', '98', '96', '68', '0', '6', '2018-02-15 17:40:34', '2018-02-15 17:40:34', '835ba52e-e28c-4346-a9be-7c08adc3df5a'),
 ('219', '98', '96', '67', '0', '7', '2018-02-15 17:40:34', '2018-02-15 17:40:34', '942986ec-cd7e-4431-9132-62915fb91774');



DROP TABLE IF EXISTS `craft_fieldlayouts`;


--
-- Schema for table `craft_fieldlayouts`
--
CREATE TABLE `craft_fieldlayouts` (
  `id` int(11) NOT NULL AUTO_INCREMENT,
  `type` varchar(150) COLLATE utf8_unicode_ci NOT NULL,
  `dateCreated` datetime NOT NULL,
  `dateUpdated` datetime NOT NULL,
  `uid` char(36) COLLATE utf8_unicode_ci NOT NULL DEFAULT '0',
  PRIMARY KEY (`id`),
  KEY `craft_fieldlayouts_type_idx` (`type`)
) ENGINE=InnoDB AUTO_INCREMENT=102 DEFAULT CHARSET=utf8 COLLATE=utf8_unicode_ci;

--
-- Data for table `craft_fieldlayouts`
--

INSERT INTO `craft_fieldlayouts` (`id`, `type`, `dateCreated`, `dateUpdated`, `uid`) VALUES
 ('1', 'Tag', '2017-10-13 11:04:19', '2017-10-13 11:04:19', 'e20fdef2-b394-4325-b57f-716746b9f18c'),
 ('19', 'GlobalSet', '2017-10-13 14:28:05', '2017-10-13 14:28:05', '24364809-6b95-4374-95c8-e93fe467011d'),
 ('56', 'Asset', '2017-11-28 17:27:41', '2017-11-28 17:27:41', 'd86823a4-adba-4ccf-a618-640f51d6ea73'),
 ('57', 'Asset', '2017-11-28 17:27:45', '2017-11-28 17:27:45', 'c62bdcae-b5ac-4f14-b6d1-a8aee2382c85'),
 ('97', 'Entry', '2018-02-15 17:40:18', '2018-02-15 17:40:18', 'd83cf933-7c10-45ae-8ad8-16d9f0e52705'),
 ('98', 'Entry', '2018-02-15 17:40:34', '2018-02-15 17:40:34', 'ff705e3c-9921-4da6-b40b-e9b88ca0dfc7'),
 ('99', 'Asset', '2018-02-15 17:41:56', '2018-02-15 17:41:56', '4fa2b376-08fa-4ba0-861a-7f7c352eeca0'),
 ('100', 'Asset', '2018-02-15 17:42:10', '2018-02-15 17:42:10', '151f44c1-07a4-4de0-899a-ef0ab63c20b4'),
 ('101', 'Asset', '2018-02-15 17:43:15', '2018-02-15 17:43:15', 'e431c6f0-1c40-47b5-803d-4f9c16eb7329');



DROP TABLE IF EXISTS `craft_fieldlayouttabs`;


--
-- Schema for table `craft_fieldlayouttabs`
--
CREATE TABLE `craft_fieldlayouttabs` (
  `id` int(11) NOT NULL AUTO_INCREMENT,
  `layoutId` int(11) NOT NULL,
  `name` varchar(255) COLLATE utf8_unicode_ci NOT NULL,
  `sortOrder` smallint(6) unsigned DEFAULT NULL,
  `dateCreated` datetime NOT NULL,
  `dateUpdated` datetime NOT NULL,
  `uid` char(36) COLLATE utf8_unicode_ci NOT NULL DEFAULT '0',
  PRIMARY KEY (`id`),
  KEY `craft_fieldlayouttabs_sortOrder_idx` (`sortOrder`),
  KEY `craft_fieldlayouttabs_layoutId_fk` (`layoutId`)
) ENGINE=InnoDB AUTO_INCREMENT=97 DEFAULT CHARSET=utf8 COLLATE=utf8_unicode_ci;

--
-- Data for table `craft_fieldlayouttabs`
--

INSERT INTO `craft_fieldlayouttabs` (`id`, `layoutId`, `name`, `sortOrder`, `dateCreated`, `dateUpdated`, `uid`) VALUES
 ('17', '19', 'Content', '1', '2017-10-13 14:28:05', '2017-10-13 14:28:05', 'cb882fb6-76e5-4cd4-bf64-8078995ea9cb'),
 ('95', '97', 'Case Study', '1', '2018-02-15 17:40:18', '2018-02-15 17:40:18', '65d81e54-471a-4692-a1d4-56d7f701cd90'),
 ('96', '98', 'Team Member', '1', '2018-02-15 17:40:34', '2018-02-15 17:40:34', 'e571aef1-f924-43ac-a1d1-e9cd66cf1be6');



DROP TABLE IF EXISTS `craft_fields`;


--
-- Schema for table `craft_fields`
--
CREATE TABLE `craft_fields` (
  `id` int(11) NOT NULL AUTO_INCREMENT,
  `groupId` int(11) DEFAULT NULL,
  `name` varchar(255) COLLATE utf8_unicode_ci NOT NULL,
  `handle` varchar(58) COLLATE utf8_unicode_ci NOT NULL,
  `context` varchar(255) COLLATE utf8_unicode_ci NOT NULL DEFAULT 'global',
  `instructions` text COLLATE utf8_unicode_ci,
  `translatable` tinyint(1) unsigned NOT NULL DEFAULT '0',
  `type` varchar(150) COLLATE utf8_unicode_ci NOT NULL,
  `settings` text COLLATE utf8_unicode_ci,
  `dateCreated` datetime NOT NULL,
  `dateUpdated` datetime NOT NULL,
  `uid` char(36) COLLATE utf8_unicode_ci NOT NULL DEFAULT '0',
  PRIMARY KEY (`id`),
  UNIQUE KEY `craft_fields_handle_context_unq_idx` (`handle`,`context`),
  KEY `craft_fields_context_idx` (`context`),
  KEY `craft_fields_groupId_fk` (`groupId`)
) ENGINE=InnoDB AUTO_INCREMENT=72 DEFAULT CHARSET=utf8 COLLATE=utf8_unicode_ci;

--
-- Data for table `craft_fields`
--

INSERT INTO `craft_fields` (`id`, `groupId`, `name`, `handle`, `context`, `instructions`, `translatable`, `type`, `settings`, `dateCreated`, `dateUpdated`, `uid`) VALUES
 ('55', '8', 'Meta', 'meta', 'global', '', '0', 'Seomatic_Meta', '{\"assetSources\":\"*\",\"seoMainEntityCategory\":\"CreativeWork\",\"seoMainEntityOfPage\":\"WebPage\",\"seoTitleSource\":\"field\",\"seoTitleSourceField\":\"title\",\"seoTitle\":\"\",\"seoTitleSourceChangeable\":\"1\",\"seoDescriptionSource\":\"custom\",\"seoDescriptionSourceField\":\"title\",\"seoDescription\":\"\",\"seoDescriptionSourceChangeable\":\"1\",\"seoKeywordsSource\":\"custom\",\"seoKeywordsSourceField\":\"title\",\"seoKeywords\":\"\",\"seoKeywordsSourceChangeable\":\"1\",\"seoImageIdSource\":\"custom\",\"seoImageIdSourceChangeable\":\"1\",\"seoImageTransform\":\"\",\"twitterCardType\":\"\",\"twitterCardTypeChangeable\":\"1\",\"seoTwitterImageIdSource\":\"custom\",\"seoTwitterImageIdSourceChangeable\":\"1\",\"seoTwitterImageTransform\":\"\",\"openGraphType\":\"\",\"openGraphTypeChangeable\":\"1\",\"seoFacebookImageIdSource\":\"custom\",\"seoFacebookImageIdSourceChangeable\":\"1\",\"seoFacebookImageTransform\":\"\",\"robots\":\"\",\"robotsChangeable\":\"1\"}', '2018-02-15 17:27:54', '2018-02-15 17:27:54', '342a0d64-17a0-4413-970e-9a0eebc4ca7f'),
 ('56', '11', 'Location', 'location', 'global', '', '0', 'PlainText', '{\"placeholder\":\"\",\"maxLength\":\"\",\"multiline\":\"1\",\"initialRows\":\"4\"}', '2018-02-15 17:30:48', '2018-02-15 17:31:31', '7b332ed4-7ba6-4330-a596-b4071fe61a0a'),
 ('57', '11', 'Details', 'details', 'global', '', '0', 'PlainText', '{\"placeholder\":\"\",\"maxLength\":\"\",\"multiline\":\"1\",\"initialRows\":\"4\"}', '2018-02-15 17:30:58', '2018-02-15 17:31:34', '90bdd192-bae4-4561-a4e6-c290d6ba55b2'),
 ('58', '11', 'Size', 'size', 'global', '', '0', 'PlainText', '{\"placeholder\":\"\",\"maxLength\":\"\",\"multiline\":\"1\",\"initialRows\":\"4\"}', '2018-02-15 17:31:03', '2018-02-15 17:31:28', '2989cc12-e4df-46ba-8b16-93b88ad4a089'),
 ('59', '11', 'Timescale', 'timescale', 'global', '', '0', 'PlainText', '{\"placeholder\":\"\",\"maxLength\":\"\",\"multiline\":\"1\",\"initialRows\":\"4\"}', '2018-02-15 17:31:17', '2018-02-15 17:31:17', '0e47c96d-391a-497b-bee7-23365082e9e3'),
 ('60', '11', 'Features', 'features', 'global', '', '0', 'PlainText', '{\"placeholder\":\"\",\"maxLength\":\"\",\"multiline\":\"1\",\"initialRows\":\"4\"}', '2018-02-15 17:31:46', '2018-02-15 17:31:46', '0d939a5e-9ed3-40d0-bd0c-97ee5eed1626'),
 ('61', '11', 'Quote', 'quote', 'global', '', '0', 'PlainText', '{\"placeholder\":\"\",\"maxLength\":\"\",\"multiline\":\"1\",\"initialRows\":\"4\"}', '2018-02-15 17:32:01', '2018-02-15 17:32:01', 'fc3a7c13-bba6-4f25-8cb5-e6af2e954bdb'),
 ('62', '11', 'Quote Attribution', 'quoteAttribution', 'global', '', '0', 'PlainText', '{\"placeholder\":\"\",\"maxLength\":\"\",\"multiline\":\"1\",\"initialRows\":\"4\"}', '2018-02-15 17:32:15', '2018-02-15 17:32:15', 'd82e6aac-7a5d-406f-bc5f-be76a89e498b'),
 ('63', '11', 'Lead Image', 'leadImage', 'global', '', '0', 'Assets', '{\"useSingleFolder\":\"\",\"sources\":[\"folder:1\"],\"defaultUploadLocationSource\":\"1\",\"defaultUploadLocationSubpath\":\"\",\"singleUploadLocationSource\":\"1\",\"singleUploadLocationSubpath\":\"\",\"restrictFiles\":\"\",\"limit\":\"1\",\"viewMode\":\"large\",\"selectionLabel\":\"\"}', '2018-02-15 17:32:44', '2018-02-15 17:32:44', '8cf9ff58-0380-409e-ac64-9ce35640dbca'),
 ('64', '11', 'Project Images', 'projectImages', 'global', '', '0', 'Assets', '{\"useSingleFolder\":\"\",\"sources\":[\"folder:1\"],\"defaultUploadLocationSource\":\"1\",\"defaultUploadLocationSubpath\":\"\",\"singleUploadLocationSource\":\"1\",\"singleUploadLocationSubpath\":\"\",\"restrictFiles\":\"\",\"limit\":\"\",\"viewMode\":\"large\",\"selectionLabel\":\"\"}', '2018-02-15 17:33:04', '2018-02-15 17:33:04', '142dbcd7-d846-4c18-ac28-5dc145971b92'),
 ('65', '12', 'Role', 'role', 'global', '', '0', 'PlainText', '{\"placeholder\":\"\",\"maxLength\":\"\",\"multiline\":\"1\",\"initialRows\":\"4\"}', '2018-02-15 17:34:03', '2018-02-15 17:34:03', '2b6db7ce-8142-4d88-beaf-6affd1bddda2'),
 ('66', '12', 'My Job', 'myJob', 'global', '', '0', 'PlainText', '{\"placeholder\":\"\",\"maxLength\":\"\",\"multiline\":\"1\",\"initialRows\":\"4\"}', '2018-02-15 17:34:11', '2018-02-15 17:34:11', '4792296d-bca4-433f-aa31-fdb87a526c41'),
 ('67', '12', 'Why Sonica', 'whySonica', 'global', '', '0', 'PlainText', '{\"placeholder\":\"\",\"maxLength\":\"\",\"multiline\":\"1\",\"initialRows\":\"4\"}', '2018-02-15 17:34:20', '2018-02-15 17:34:20', '55db44a5-e70b-426b-a9b1-d54abe55786a'),
 ('68', '12', 'What I Love Doing', 'whatILoveDoing', 'global', '', '0', 'PlainText', '{\"placeholder\":\"\",\"maxLength\":\"\",\"multiline\":\"1\",\"initialRows\":\"4\"}', '2018-02-15 17:34:29', '2018-02-15 17:34:29', '00cc441d-a27f-423f-ab5b-70ea03a9053f'),
 ('69', '12', 'Email', 'email', 'global', '', '0', 'PlainText', '{\"placeholder\":\"\",\"maxLength\":\"\",\"multiline\":\"1\",\"initialRows\":\"4\"}', '2018-02-15 17:34:37', '2018-02-15 17:34:37', '6b078c8f-a202-42bb-9db7-c8ba0f41b97e'),
 ('70', '12', 'Portrait Image', 'portraitImage', 'global', '', '0', 'Assets', '{\"useSingleFolder\":\"\",\"sources\":[\"folder:4\"],\"defaultUploadLocationSource\":\"4\",\"defaultUploadLocationSubpath\":\"\",\"singleUploadLocationSource\":\"1\",\"singleUploadLocationSubpath\":\"\",\"restrictFiles\":\"\",\"limit\":\"\",\"viewMode\":\"list\",\"selectionLabel\":\"\"}', '2018-02-15 17:34:56', '2018-02-15 17:35:36', 'ec24a24a-b3a8-434d-8619-e49a50583a63'),
 ('71', '12', 'Full Image', 'fullImage', 'global', '', '0', 'Assets', '{\"useSingleFolder\":\"\",\"sources\":[\"folder:4\"],\"defaultUploadLocationSource\":\"4\",\"defaultUploadLocationSubpath\":\"\",\"singleUploadLocationSource\":\"1\",\"singleUploadLocationSubpath\":\"\",\"restrictFiles\":\"\",\"limit\":\"\",\"viewMode\":\"large\",\"selectionLabel\":\"\"}', '2018-02-15 17:35:22', '2018-02-15 17:35:44', '40a614e6-1438-4887-96e9-8aae4165a6b8');



DROP TABLE IF EXISTS `craft_globalsets`;


--
-- Schema for table `craft_globalsets`
--
CREATE TABLE `craft_globalsets` (
  `id` int(11) NOT NULL,
  `name` varchar(255) COLLATE utf8_unicode_ci NOT NULL,
  `handle` varchar(255) COLLATE utf8_unicode_ci NOT NULL,
  `fieldLayoutId` int(10) DEFAULT NULL,
  `dateCreated` datetime NOT NULL,
  `dateUpdated` datetime NOT NULL,
  `uid` char(36) COLLATE utf8_unicode_ci NOT NULL DEFAULT '0',
  PRIMARY KEY (`id`),
  UNIQUE KEY `craft_globalsets_name_unq_idx` (`name`),
  UNIQUE KEY `craft_globalsets_handle_unq_idx` (`handle`),
  KEY `craft_globalsets_fieldLayoutId_fk` (`fieldLayoutId`)
) ENGINE=InnoDB DEFAULT CHARSET=utf8 COLLATE=utf8_unicode_ci;

--
-- Data for table `craft_globalsets`
--

INSERT INTO `craft_globalsets` (`id`, `name`, `handle`, `fieldLayoutId`, `dateCreated`, `dateUpdated`, `uid`) VALUES
 ('9', 'Contact Details', 'contactDetails', '19', '2017-10-13 14:23:03', '2017-10-13 14:28:05', 'd8d38d0a-4030-461c-bfef-fca7b7d58520');



DROP TABLE IF EXISTS `craft_import_entries`;


--
-- Schema for table `craft_import_entries`
--
CREATE TABLE `craft_import_entries` (
  `id` int(11) NOT NULL AUTO_INCREMENT,
  `historyId` int(11) DEFAULT NULL,
  `entryId` int(11) DEFAULT NULL,
  `versionId` int(11) DEFAULT NULL,
  `dateCreated` datetime NOT NULL,
  `dateUpdated` datetime NOT NULL,
  `uid` char(36) COLLATE utf8_unicode_ci NOT NULL DEFAULT '0',
  PRIMARY KEY (`id`),
  KEY `craft_import_entries_historyId_fk` (`historyId`),
  KEY `craft_import_entries_entryId_fk` (`entryId`),
  KEY `craft_import_entries_versionId_fk` (`versionId`)
) ENGINE=InnoDB AUTO_INCREMENT=41 DEFAULT CHARSET=utf8 COLLATE=utf8_unicode_ci;

--
-- Data for table `craft_import_entries`
--

INSERT INTO `craft_import_entries` (`id`, `historyId`, `entryId`, `versionId`, `dateCreated`, `dateUpdated`, `uid`) VALUES
 ('1', '1', '102', NULL, '2018-02-15 17:44:20', '2018-02-15 17:44:20', '282877a2-e690-4cd5-8f01-0c7f5627b0ad'),
 ('2', '1', '103', NULL, '2018-02-15 17:44:20', '2018-02-15 17:44:20', '7a3c76fa-29c4-4614-a2e8-019d08f8561e'),
 ('3', '1', '104', NULL, '2018-02-15 17:44:20', '2018-02-15 17:44:20', '55e5148e-7ff9-4283-9786-c7f53c0bea76'),
 ('4', '1', '105', NULL, '2018-02-15 17:44:20', '2018-02-15 17:44:20', '2a80e041-55d7-4df7-a0a3-e78646c2f279'),
 ('5', '1', '106', NULL, '2018-02-15 17:44:20', '2018-02-15 17:44:20', 'ce24c6aa-83a5-4011-9e52-ee292c90b089'),
 ('6', '1', '107', NULL, '2018-02-15 17:44:20', '2018-02-15 17:44:20', 'cb88c543-bf2f-47a9-ad5b-88b9e16c1fe2'),
 ('7', '1', '108', NULL, '2018-02-15 17:44:20', '2018-02-15 17:44:20', '5f45fdf5-e4dd-495a-a6e1-8deab3205ef6'),
 ('8', '1', '109', NULL, '2018-02-15 17:44:20', '2018-02-15 17:44:20', '65b01840-cfb7-44f7-8e18-f704fff1c5ce'),
 ('9', '1', '110', NULL, '2018-02-15 17:44:21', '2018-02-15 17:44:21', '8df767e7-8155-4c66-a4e5-2f5db1cfe527'),
 ('10', '1', '111', NULL, '2018-02-15 17:44:21', '2018-02-15 17:44:21', 'e825e561-5616-47a0-b928-de46fd745490'),
 ('11', '1', '112', NULL, '2018-02-15 17:44:21', '2018-02-15 17:44:21', 'bf733ccf-3889-4fb2-b621-550435a0914a'),
 ('12', '1', '113', NULL, '2018-02-15 17:44:21', '2018-02-15 17:44:21', '6cc23152-58d9-4110-83e1-033288e5b00b'),
 ('13', '1', '114', NULL, '2018-02-15 17:44:21', '2018-02-15 17:44:21', 'a008c55f-0f23-46d9-b13e-4e2e8c925fb0'),
 ('14', '1', '115', NULL, '2018-02-15 17:44:21', '2018-02-15 17:44:21', '1b90e5d9-8a12-495f-a80c-223567931fb2'),
 ('15', '1', '116', NULL, '2018-02-15 17:44:21', '2018-02-15 17:44:21', '110e9806-2b90-4949-88bc-4349c64bc8ca'),
 ('16', '1', '117', NULL, '2018-02-15 17:44:21', '2018-02-15 17:44:21', 'b701e750-a60b-4429-82c3-674e59f49bde'),
 ('17', '1', '118', NULL, '2018-02-15 17:44:21', '2018-02-15 17:44:21', 'd50cc634-f52d-46a8-b31d-c5cafdee2420'),
 ('18', '1', '119', NULL, '2018-02-15 17:44:21', '2018-02-15 17:44:21', 'bfa80812-a526-473d-bed1-7f1dcf86b14d'),
 ('19', '1', '120', NULL, '2018-02-15 17:44:21', '2018-02-15 17:44:21', 'd19ffef5-bf06-4c12-8846-2264ed185314'),
 ('20', '1', '121', NULL, '2018-02-15 17:44:21', '2018-02-15 17:44:21', '2782959a-9a45-46f3-997d-30ccc7bbc6e0'),
 ('21', '1', '122', NULL, '2018-02-15 17:44:21', '2018-02-15 17:44:21', '07a9c282-e58f-4159-b1ee-4b390f6938c0'),
 ('22', '1', '123', NULL, '2018-02-15 17:44:21', '2018-02-15 17:44:21', 'bd253176-2c30-4f19-810f-179853fe0b58'),
 ('23', '1', '124', NULL, '2018-02-15 17:44:22', '2018-02-15 17:44:22', 'a456fdb9-8724-48c9-b347-312eddc2231b'),
 ('24', '1', '125', NULL, '2018-02-15 17:44:22', '2018-02-15 17:44:22', '7745629d-d33f-4b6d-abe6-48f70b5a5db2'),
 ('25', '1', '126', NULL, '2018-02-15 17:44:22', '2018-02-15 17:44:22', '30b6ac02-f421-4dc6-be80-8eaf57a9bb64'),
 ('26', '1', '127', NULL, '2018-02-15 17:44:22', '2018-02-15 17:44:22', '57002995-93a4-4aad-868e-57f1d8eac2cd'),
 ('27', '1', '128', NULL, '2018-02-15 17:44:22', '2018-02-15 17:44:22', '334e07d3-ed28-4294-a8bc-030a46cbe7f7'),
 ('28', '1', '129', NULL, '2018-02-15 17:44:22', '2018-02-15 17:44:22', 'cbabcf6c-8e7d-49eb-a018-d512a85c5696'),
 ('29', '1', '130', NULL, '2018-02-15 17:44:22', '2018-02-15 17:44:22', '704b5f73-3189-497e-8e1e-5feb3328f662'),
 ('30', '1', '131', NULL, '2018-02-15 17:44:22', '2018-02-15 17:44:22', '7e6cfbeb-0a1f-494a-bf99-251646b5320a'),
 ('31', '1', '132', NULL, '2018-02-15 17:44:22', '2018-02-15 17:44:22', '254d31e4-41a1-401f-bfe3-6c5461970c9f'),
 ('32', '1', '133', NULL, '2018-02-15 17:44:22', '2018-02-15 17:44:22', '559e564c-9162-4e36-b736-b3e769e079d9'),
 ('33', '1', '134', NULL, '2018-02-15 17:44:22', '2018-02-15 17:44:22', '9c60b8d9-738f-45e1-81ad-5f85e15d763c'),
 ('34', '1', '135', NULL, '2018-02-15 17:44:22', '2018-02-15 17:44:22', '96938d86-6a55-4ea9-aad7-3eb0a2e8aa58'),
 ('35', '1', '136', NULL, '2018-02-15 17:44:22', '2018-02-15 17:44:22', '1b2068b2-2b48-4b6d-af6b-1a943fc08e71'),
 ('36', '1', '137', NULL, '2018-02-15 17:44:23', '2018-02-15 17:44:23', '46c09746-c3c1-4c1e-9e61-0ccb7649bd0f'),
 ('37', '1', '138', NULL, '2018-02-15 17:44:23', '2018-02-15 17:44:23', 'af827790-cb9e-4dfc-894a-2aa63fc3aae3'),
 ('38', '1', '139', NULL, '2018-02-15 17:44:23', '2018-02-15 17:44:23', 'c633147d-a924-4714-9c73-a889e8d874d6'),
 ('39', '1', '140', NULL, '2018-02-15 17:44:23', '2018-02-15 17:44:23', '653449e1-a46b-481e-989b-b9a1cd82802f'),
 ('40', '1', '141', NULL, '2018-02-15 17:44:23', '2018-02-15 17:44:23', '29591631-8abc-49bd-acdd-72c27244c346');



DROP TABLE IF EXISTS `craft_import_history`;


--
-- Schema for table `craft_import_history`
--
CREATE TABLE `craft_import_history` (
  `id` int(11) NOT NULL AUTO_INCREMENT,
  `userId` int(11) DEFAULT NULL,
  `type` varchar(255) COLLATE utf8_unicode_ci DEFAULT NULL,
  `file` varchar(255) COLLATE utf8_unicode_ci DEFAULT NULL,
  `rows` int(10) DEFAULT NULL,
  `behavior` enum('append','replace','delete') COLLATE utf8_unicode_ci DEFAULT NULL,
  `status` enum('started','finished','reverted') COLLATE utf8_unicode_ci DEFAULT NULL,
  `dateCreated` datetime NOT NULL,
  `dateUpdated` datetime NOT NULL,
  `uid` char(36) COLLATE utf8_unicode_ci NOT NULL DEFAULT '0',
  PRIMARY KEY (`id`),
  KEY `craft_import_history_userId_fk` (`userId`)
) ENGINE=InnoDB AUTO_INCREMENT=3 DEFAULT CHARSET=utf8 COLLATE=utf8_unicode_ci;

--
-- Data for table `craft_import_history`
--

INSERT INTO `craft_import_history` (`id`, `userId`, `type`, `file`, `rows`, `behavior`, `status`, `dateCreated`, `dateUpdated`, `uid`) VALUES
 ('1', '1', 'Entry', '101', '40', 'append', 'finished', '2018-02-15 17:44:19', '2018-02-15 17:44:23', '8e2844d7-1467-4ddf-ad82-8a70821b3f2a'),
 ('2', '1', 'Entry', '142', '26', 'append', 'started', '2018-02-15 17:45:28', '2018-02-15 17:45:28', 'ff2453f7-7425-42d4-acf1-8c4f4c1d6bad');



DROP TABLE IF EXISTS `craft_import_log`;


--
-- Schema for table `craft_import_log`
--
CREATE TABLE `craft_import_log` (
  `id` int(11) NOT NULL AUTO_INCREMENT,
  `historyId` int(11) DEFAULT NULL,
  `line` int(10) DEFAULT NULL,
  `errors` text COLLATE utf8_unicode_ci,
  `dateCreated` datetime NOT NULL,
  `dateUpdated` datetime NOT NULL,
  `uid` char(36) COLLATE utf8_unicode_ci NOT NULL DEFAULT '0',
  PRIMARY KEY (`id`),
  KEY `craft_import_log_historyId_fk` (`historyId`)
) ENGINE=InnoDB DEFAULT CHARSET=utf8 COLLATE=utf8_unicode_ci;

DROP TABLE IF EXISTS `craft_info`;


--
-- Schema for table `craft_info`
--
CREATE TABLE `craft_info` (
  `id` int(11) NOT NULL AUTO_INCREMENT,
  `version` varchar(50) COLLATE utf8_unicode_ci NOT NULL,
  `schemaVersion` varchar(15) COLLATE utf8_unicode_ci NOT NULL,
  `edition` tinyint(1) unsigned NOT NULL DEFAULT '0',
  `siteName` varchar(100) COLLATE utf8_unicode_ci NOT NULL,
  `siteUrl` varchar(255) COLLATE utf8_unicode_ci NOT NULL,
  `timezone` varchar(30) COLLATE utf8_unicode_ci DEFAULT NULL,
  `on` tinyint(1) unsigned NOT NULL DEFAULT '0',
  `maintenance` tinyint(1) unsigned NOT NULL DEFAULT '0',
  `dateCreated` datetime NOT NULL,
  `dateUpdated` datetime NOT NULL,
  `uid` char(36) COLLATE utf8_unicode_ci NOT NULL DEFAULT '0',
  PRIMARY KEY (`id`)
) ENGINE=InnoDB AUTO_INCREMENT=2 DEFAULT CHARSET=utf8 COLLATE=utf8_unicode_ci;

--
-- Data for table `craft_info`
--

INSERT INTO `craft_info` (`id`, `version`, `schemaVersion`, `edition`, `siteName`, `siteUrl`, `timezone`, `on`, `maintenance`, `dateCreated`, `dateUpdated`, `uid`) VALUES
 ('1', '2.6.3005', '2.6.13', '2', 'Sonica', 'http://localhost:8888/459001-Sonica/', 'UTC', '1', '0', '2017-10-13 11:04:14', '2018-02-15 17:13:06', 'd4513535-75d0-40be-bef2-f02904d20a2d');



DROP TABLE IF EXISTS `craft_locales`;


--
-- Schema for table `craft_locales`
--
CREATE TABLE `craft_locales` (
  `locale` char(12) COLLATE utf8_unicode_ci NOT NULL,
  `sortOrder` smallint(6) unsigned DEFAULT NULL,
  `dateCreated` datetime NOT NULL,
  `dateUpdated` datetime NOT NULL,
  `uid` char(36) COLLATE utf8_unicode_ci NOT NULL DEFAULT '0',
  PRIMARY KEY (`locale`),
  KEY `craft_locales_sortOrder_idx` (`sortOrder`)
) ENGINE=InnoDB DEFAULT CHARSET=utf8 COLLATE=utf8_unicode_ci;

--
-- Data for table `craft_locales`
--

INSERT INTO `craft_locales` (`locale`, `sortOrder`, `dateCreated`, `dateUpdated`, `uid`) VALUES
 ('en_ie', '1', '2017-10-13 11:04:14', '2017-10-13 11:04:14', 'e58ad645-71d5-4ff5-97c8-11c3e51e0a17');



DROP TABLE IF EXISTS `craft_matrixblocks`;


--
-- Schema for table `craft_matrixblocks`
--
CREATE TABLE `craft_matrixblocks` (
  `id` int(11) NOT NULL,
  `ownerId` int(11) NOT NULL,
  `fieldId` int(11) NOT NULL,
  `typeId` int(11) DEFAULT NULL,
  `sortOrder` smallint(6) unsigned DEFAULT NULL,
  `ownerLocale` char(12) COLLATE utf8_unicode_ci DEFAULT NULL,
  `dateCreated` datetime NOT NULL,
  `dateUpdated` datetime NOT NULL,
  `uid` char(36) COLLATE utf8_unicode_ci NOT NULL DEFAULT '0',
  PRIMARY KEY (`id`),
  KEY `craft_matrixblocks_ownerId_idx` (`ownerId`),
  KEY `craft_matrixblocks_fieldId_idx` (`fieldId`),
  KEY `craft_matrixblocks_typeId_idx` (`typeId`),
  KEY `craft_matrixblocks_sortOrder_idx` (`sortOrder`),
  KEY `craft_matrixblocks_ownerLocale_fk` (`ownerLocale`)
) ENGINE=InnoDB DEFAULT CHARSET=utf8 COLLATE=utf8_unicode_ci;

DROP TABLE IF EXISTS `craft_matrixblocktypes`;


--
-- Schema for table `craft_matrixblocktypes`
--
CREATE TABLE `craft_matrixblocktypes` (
  `id` int(11) NOT NULL AUTO_INCREMENT,
  `fieldId` int(11) NOT NULL,
  `fieldLayoutId` int(11) DEFAULT NULL,
  `name` varchar(255) COLLATE utf8_unicode_ci NOT NULL,
  `handle` varchar(255) COLLATE utf8_unicode_ci NOT NULL,
  `sortOrder` smallint(6) unsigned DEFAULT NULL,
  `dateCreated` datetime NOT NULL,
  `dateUpdated` datetime NOT NULL,
  `uid` char(36) COLLATE utf8_unicode_ci NOT NULL DEFAULT '0',
  PRIMARY KEY (`id`),
  UNIQUE KEY `craft_matrixblocktypes_name_fieldId_unq_idx` (`name`,`fieldId`),
  UNIQUE KEY `craft_matrixblocktypes_handle_fieldId_unq_idx` (`handle`,`fieldId`),
  KEY `craft_matrixblocktypes_fieldId_fk` (`fieldId`),
  KEY `craft_matrixblocktypes_fieldLayoutId_fk` (`fieldLayoutId`)
) ENGINE=InnoDB DEFAULT CHARSET=utf8 COLLATE=utf8_unicode_ci;

DROP TABLE IF EXISTS `craft_migrations`;


--
-- Schema for table `craft_migrations`
--
CREATE TABLE `craft_migrations` (
  `id` int(11) NOT NULL AUTO_INCREMENT,
  `pluginId` int(11) DEFAULT NULL,
  `version` varchar(255) COLLATE utf8_unicode_ci NOT NULL,
  `applyTime` datetime NOT NULL,
  `dateCreated` datetime NOT NULL,
  `dateUpdated` datetime NOT NULL,
  `uid` char(36) COLLATE utf8_unicode_ci NOT NULL DEFAULT '0',
  PRIMARY KEY (`id`),
  UNIQUE KEY `craft_migrations_version_unq_idx` (`version`),
  KEY `craft_migrations_pluginId_fk` (`pluginId`)
) ENGINE=InnoDB AUTO_INCREMENT=84 DEFAULT CHARSET=utf8 COLLATE=utf8_unicode_ci;

--
-- Data for table `craft_migrations`
--

INSERT INTO `craft_migrations` (`id`, `pluginId`, `version`, `applyTime`, `dateCreated`, `dateUpdated`, `uid`) VALUES
 ('1', NULL, 'm000000_000000_base', '2017-10-13 11:04:14', '2017-10-13 11:04:14', '2017-10-13 11:04:14', 'aa4d696f-c849-4cab-8589-1e7b0b9ea314'),
 ('2', NULL, 'm140730_000001_add_filename_and_format_to_transformindex', '2017-10-13 11:04:14', '2017-10-13 11:04:14', '2017-10-13 11:04:14', '81b0507e-e282-4432-8528-6cfc05d3bb27'),
 ('3', NULL, 'm140815_000001_add_format_to_transforms', '2017-10-13 11:04:14', '2017-10-13 11:04:14', '2017-10-13 11:04:14', 'e8651b7d-1b3f-4fc8-8051-bc66a4baeae0'),
 ('4', NULL, 'm140822_000001_allow_more_than_128_items_per_field', '2017-10-13 11:04:14', '2017-10-13 11:04:14', '2017-10-13 11:04:14', '4940b509-2370-469c-bf8a-5f95959da5d7'),
 ('5', NULL, 'm140829_000001_single_title_formats', '2017-10-13 11:04:14', '2017-10-13 11:04:14', '2017-10-13 11:04:14', '08a57243-40a9-487f-8c08-be02e5a60a15'),
 ('6', NULL, 'm140831_000001_extended_cache_keys', '2017-10-13 11:04:14', '2017-10-13 11:04:14', '2017-10-13 11:04:14', '4337d03e-02ce-4301-8c74-fd73826d4a53'),
 ('7', NULL, 'm140922_000001_delete_orphaned_matrix_blocks', '2017-10-13 11:04:14', '2017-10-13 11:04:14', '2017-10-13 11:04:14', 'b7ff6334-3d34-4a54-a73d-26d9e3d34da5'),
 ('8', NULL, 'm141008_000001_elements_index_tune', '2017-10-13 11:04:14', '2017-10-13 11:04:14', '2017-10-13 11:04:14', 'd40548b1-b5aa-4b65-89e0-a83342a5bb01'),
 ('9', NULL, 'm141009_000001_assets_source_handle', '2017-10-13 11:04:14', '2017-10-13 11:04:14', '2017-10-13 11:04:14', '46c2c75b-91c4-4222-a796-ae2d2226ddac'),
 ('10', NULL, 'm141024_000001_field_layout_tabs', '2017-10-13 11:04:14', '2017-10-13 11:04:14', '2017-10-13 11:04:14', '7c3cc157-a889-48d6-950d-ebafc3d59fb3'),
 ('11', NULL, 'm141030_000000_plugin_schema_versions', '2017-10-13 11:04:14', '2017-10-13 11:04:14', '2017-10-13 11:04:14', '0278bdc5-a005-446a-a55f-4de18d0a22e1'),
 ('12', NULL, 'm141030_000001_drop_structure_move_permission', '2017-10-13 11:04:14', '2017-10-13 11:04:14', '2017-10-13 11:04:14', 'c020c4d8-534a-4066-aa1f-bdbe411865aa'),
 ('13', NULL, 'm141103_000001_tag_titles', '2017-10-13 11:04:14', '2017-10-13 11:04:14', '2017-10-13 11:04:14', 'dd50ebcd-d2d2-4233-aa88-61ac99c7455a'),
 ('14', NULL, 'm141109_000001_user_status_shuffle', '2017-10-13 11:04:14', '2017-10-13 11:04:14', '2017-10-13 11:04:14', '0e2ef9d3-de72-42b7-ab0b-bcdabef2af26'),
 ('15', NULL, 'm141126_000001_user_week_start_day', '2017-10-13 11:04:14', '2017-10-13 11:04:14', '2017-10-13 11:04:14', '2f13171d-1c18-4a17-8717-3798be2051e3'),
 ('16', NULL, 'm150210_000001_adjust_user_photo_size', '2017-10-13 11:04:14', '2017-10-13 11:04:14', '2017-10-13 11:04:14', 'ed7d247f-6d71-4c39-861b-24194cc53f11'),
 ('17', NULL, 'm150724_000001_adjust_quality_settings', '2017-10-13 11:04:14', '2017-10-13 11:04:14', '2017-10-13 11:04:14', 'ba863447-7ffc-4f77-8e0c-ce2ef8078bc0'),
 ('18', NULL, 'm150827_000000_element_index_settings', '2017-10-13 11:04:14', '2017-10-13 11:04:14', '2017-10-13 11:04:14', '88b755fc-3af4-43db-8e5c-535c059edec6'),
 ('19', NULL, 'm150918_000001_add_colspan_to_widgets', '2017-10-13 11:04:14', '2017-10-13 11:04:14', '2017-10-13 11:04:14', 'c80b8dc2-e83b-4a71-9d78-0b6de7325fdc'),
 ('20', NULL, 'm151007_000000_clear_asset_caches', '2017-10-13 11:04:14', '2017-10-13 11:04:14', '2017-10-13 11:04:14', 'db8b464a-c3fc-42e3-93f3-c34456c389bd'),
 ('21', NULL, 'm151109_000000_text_url_formats', '2017-10-13 11:04:14', '2017-10-13 11:04:14', '2017-10-13 11:04:14', 'd2f20107-3736-4030-a639-4a0f9b3c332f'),
 ('22', NULL, 'm151110_000000_move_logo', '2017-10-13 11:04:14', '2017-10-13 11:04:14', '2017-10-13 11:04:14', '963c3715-4734-4289-8196-310e900059ba'),
 ('23', NULL, 'm151117_000000_adjust_image_widthheight', '2017-10-13 11:04:14', '2017-10-13 11:04:14', '2017-10-13 11:04:14', '2da0f216-37d0-4407-a8c1-6e156ed9db2d'),
 ('24', NULL, 'm151127_000000_clear_license_key_status', '2017-10-13 11:04:14', '2017-10-13 11:04:14', '2017-10-13 11:04:14', 'ca0877f1-01dc-48a2-b67c-6213d7158bcd'),
 ('25', NULL, 'm151127_000000_plugin_license_keys', '2017-10-13 11:04:14', '2017-10-13 11:04:14', '2017-10-13 11:04:14', 'daa5cca6-d403-40f5-b9fb-fa05845973ef'),
 ('26', NULL, 'm151130_000000_update_pt_widget_feeds', '2017-10-13 11:04:14', '2017-10-13 11:04:14', '2017-10-13 11:04:14', 'b6232690-b861-4888-93a6-68332000e6f5'),
 ('27', NULL, 'm160114_000000_asset_sources_public_url_default_true', '2017-10-13 11:04:14', '2017-10-13 11:04:14', '2017-10-13 11:04:14', '63228c77-351a-46ff-9a78-5523a64cf976'),
 ('28', NULL, 'm160223_000000_sortorder_to_smallint', '2017-10-13 11:04:14', '2017-10-13 11:04:14', '2017-10-13 11:04:14', 'ca24444e-980a-4a4a-b4d4-01a79102dd29'),
 ('29', NULL, 'm160229_000000_set_default_entry_statuses', '2017-10-13 11:04:14', '2017-10-13 11:04:14', '2017-10-13 11:04:14', 'f1a1be63-1f45-4138-8042-590ec137da32'),
 ('30', NULL, 'm160304_000000_client_permissions', '2017-10-13 11:04:14', '2017-10-13 11:04:14', '2017-10-13 11:04:14', 'ab53107d-e463-47f0-9ffb-c297c9f2d22d'),
 ('31', NULL, 'm160322_000000_asset_filesize', '2017-10-13 11:04:14', '2017-10-13 11:04:14', '2017-10-13 11:04:14', 'a9cc5adb-89c6-40bb-b9a4-c6d659e2dc17'),
 ('32', NULL, 'm160503_000000_orphaned_fieldlayouts', '2017-10-13 11:04:14', '2017-10-13 11:04:14', '2017-10-13 11:04:14', 'a1d277b6-baaf-40ee-924f-1d22bbb3ed0f'),
 ('33', NULL, 'm160510_000000_tasksettings', '2017-10-13 11:04:14', '2017-10-13 11:04:14', '2017-10-13 11:04:14', '3b68c5c9-5c62-4da8-a435-1c12dacc7d8a'),
 ('34', NULL, 'm160829_000000_pending_user_content_cleanup', '2017-10-13 11:04:14', '2017-10-13 11:04:14', '2017-10-13 11:04:14', 'e91cc56f-fdfc-4b7e-9c0b-5fbd9a295d11'),
 ('35', NULL, 'm160830_000000_asset_index_uri_increase', '2017-10-13 11:04:14', '2017-10-13 11:04:14', '2017-10-13 11:04:14', 'ae4fd9c5-bcde-4243-82bf-553e1281e179'),
 ('36', NULL, 'm160919_000000_usergroup_handle_title_unique', '2017-10-13 11:04:14', '2017-10-13 11:04:14', '2017-10-13 11:04:14', '1ef5cdb2-e46d-45e0-ad78-2e316567eb6b'),
 ('37', NULL, 'm161108_000000_new_version_format', '2017-10-13 11:04:14', '2017-10-13 11:04:14', '2017-10-13 11:04:14', '259d2ea9-cb86-465b-a6aa-530f371712d3'),
 ('38', NULL, 'm161109_000000_index_shuffle', '2017-10-13 11:04:14', '2017-10-13 11:04:14', '2017-10-13 11:04:14', '4aa2f890-fa3f-43aa-bde3-f78bb1616c0d'),
 ('39', NULL, 'm170612_000000_route_index_shuffle', '2017-10-13 11:04:14', '2017-10-13 11:04:14', '2017-10-13 11:04:14', '95f92c55-f66f-46ce-8af8-feec7ba90d4a'),
 ('40', '4', 'm151225_000000_seomatic_addHumansField', '2017-10-13 13:41:25', '2017-10-13 13:41:25', '2017-10-13 13:41:25', '505bc2f8-39cb-40f2-9b2d-b968520079d9'),
 ('41', '4', 'm151226_000000_seomatic_addTwitterFacebookFields', '2017-10-13 13:41:25', '2017-10-13 13:41:25', '2017-10-13 13:41:25', 'b64a6793-f242-4669-91cf-14f067c682b8'),
 ('42', '4', 'm160101_000000_seomatic_addRobotsFields', '2017-10-13 13:41:25', '2017-10-13 13:41:25', '2017-10-13 13:41:25', '96f9b340-8ee8-4787-a2a1-17627e69f3c1'),
 ('43', '4', 'm160111_000000_seomatic_addTitleFields', '2017-10-13 13:41:25', '2017-10-13 13:41:25', '2017-10-13 13:41:25', '13ea9a9c-ce3e-49bc-848e-7152f8dbd1d3'),
 ('44', '4', 'm160122_000000_seomatic_addTypeFields', '2017-10-13 13:41:25', '2017-10-13 13:41:25', '2017-10-13 13:41:25', '9568d9fb-219a-4ee0-baab-d5d966ea692d'),
 ('45', '4', 'm160123_000000_seomatic_addOpeningHours', '2017-10-13 13:41:25', '2017-10-13 13:41:25', '2017-10-13 13:41:25', 'c6341774-47f0-47e9-9025-111c3fe2b3fb'),
 ('46', '4', 'm160202_000000_seomatic_addSocialHandles', '2017-10-13 13:41:25', '2017-10-13 13:41:25', '2017-10-13 13:41:25', '282b4ee9-a189-41ee-8a1d-103f170879bf'),
 ('47', '4', 'm160204_000000_seomatic_addGoogleAnalytics', '2017-10-13 13:41:25', '2017-10-13 13:41:25', '2017-10-13 13:41:25', '1df5ba0f-8352-49fc-a1e0-e5dff6429352'),
 ('48', '4', 'm160205_000000_seomatic_addResturantMenu', '2017-10-13 13:41:25', '2017-10-13 13:41:25', '2017-10-13 13:41:25', 'bbc7893b-5b7a-410d-bd0c-4e3e809c8987'),
 ('49', '4', 'm160206_000000_seomatic_addGoogleAnalyticsPlugins', '2017-10-13 13:41:25', '2017-10-13 13:41:25', '2017-10-13 13:41:25', 'f20fff59-7a9c-4b38-a719-367749402aba'),
 ('50', '4', 'm160206_000000_seomatic_addGoogleAnalyticsSendPageView', '2017-10-13 13:41:25', '2017-10-13 13:41:25', '2017-10-13 13:41:25', 'f4080984-3691-4b1a-a8fd-94c76f53e29b'),
 ('51', '4', 'm160209_000000_seomatic_alterDescriptionsColumns', '2017-10-13 13:41:25', '2017-10-13 13:41:25', '2017-10-13 13:41:25', 'ccf7a4a5-2238-43d9-b8cf-6ceca45515f3'),
 ('52', '4', 'm160209_000001_seomatic_addRobotsTxt', '2017-10-13 13:41:25', '2017-10-13 13:41:25', '2017-10-13 13:41:25', 'cd726356-d338-462e-8d0d-b2c813010720'),
 ('53', '4', 'm160227_000000_seomatic_addFacebookAppId', '2017-10-13 13:41:25', '2017-10-13 13:41:25', '2017-10-13 13:41:25', '275674a5-9d51-4161-83eb-f0b3ca5f39d7'),
 ('54', '4', 'm160416_000000_seomatic_addContactPoints', '2017-10-13 13:41:25', '2017-10-13 13:41:25', '2017-10-13 13:41:25', 'a1bf5aff-45b7-430e-ac69-8fbfddb3467e'),
 ('55', '4', 'm160509_000000_seomatic_addSiteLinksBing', '2017-10-13 13:41:25', '2017-10-13 13:41:25', '2017-10-13 13:41:25', '4a749642-2713-4db6-b516-f5c4183d7c9f'),
 ('56', '4', 'm160707_000000_seomatic_addGoogleTagManager', '2017-10-13 13:41:25', '2017-10-13 13:41:25', '2017-10-13 13:41:25', '4c3c1670-6d7f-4d98-836b-ce360f02b7ef'),
 ('57', '4', 'm160715_000000_seomatic_addSeoImageTransforms', '2017-10-13 13:41:25', '2017-10-13 13:41:25', '2017-10-13 13:41:25', '56455967-a63c-4059-a55b-b2ed3d90432c'),
 ('58', '4', 'm160723_000000_seomatic_addSeoMainEntityOfPage', '2017-10-13 13:41:25', '2017-10-13 13:41:25', '2017-10-13 13:41:25', '8514c045-56f8-40eb-ad03-e64ce8e8ce4b'),
 ('59', '4', 'm160724_000000_seomatic_addSeoMainEntityCategory', '2017-10-13 13:41:25', '2017-10-13 13:41:25', '2017-10-13 13:41:25', '7601a207-aee6-4f05-a25a-5b16022fe95b'),
 ('60', '4', 'm160811_000000_seomatic_addVimeo', '2017-10-13 13:41:25', '2017-10-13 13:41:25', '2017-10-13 13:41:25', '07e2fc63-1953-4f0d-a93f-7a7ebde8e5f1'),
 ('61', '4', 'm160904_000000_seomatic_addTwitterFacebookImages', '2017-10-13 13:41:25', '2017-10-13 13:41:25', '2017-10-13 13:41:25', '8703849b-7656-4857-8711-cdd956c18fb8'),
 ('62', '4', 'm161220_000000_seomatic_addPriceRange', '2017-10-13 13:41:25', '2017-10-13 13:41:25', '2017-10-13 13:41:25', '67450f45-2e13-43d0-b133-9734659807a4'),
 ('63', '4', 'm170212_000000_seomatic_addGoogleAnalyticsAnonymizeIp', '2017-10-13 13:41:25', '2017-10-13 13:41:25', '2017-10-13 13:41:25', 'ea6fa33a-0a30-400e-a594-ee586498d242'),
 ('64', '4', 'm170212_000000_seomatic_addWikipedia', '2017-10-13 13:41:25', '2017-10-13 13:41:25', '2017-10-13 13:41:25', '7beed305-359c-4c23-bfac-ed25f0c19b82'),
 ('65', '5', 'm170216_100000_vzurl_to_text_column', '2017-10-13 14:25:32', '2017-10-13 14:25:32', '2017-10-13 14:25:32', '5b559a19-8542-40da-9429-d9b4d53d909b'),
 ('67', NULL, 'm171107_000000_assign_group_permissions', '2017-12-04 20:52:05', '2017-12-04 20:52:05', '2017-12-04 20:52:05', '54b38d60-d3df-40ea-8cae-51ef4afa9780'),
 ('68', NULL, 'm171117_000001_templatecache_index_tune', '2017-12-04 20:52:05', '2017-12-04 20:52:05', '2017-12-04 20:52:05', '23ebd018-877a-4b6c-8fbc-1e76c309b85b'),
 ('69', NULL, 'm171204_000001_templatecache_index_tune_deux', '2018-01-22 16:54:06', '2018-01-22 16:54:06', '2018-01-22 16:54:06', 'd0a51498-fec0-4d95-a3b7-0087bf788cff'),
 ('70', '10', 'm150901_144609_superTable_fixForContentTables', '2018-01-25 15:10:26', '2018-01-25 15:10:26', '2018-01-25 15:10:26', '03e0fe43-4687-4947-94ac-e2d34e85dc2b'),
 ('81', '13', 'm140430_122214_import_ImportHistory', '2018-02-15 17:39:19', '2018-02-15 17:39:19', '2018-02-15 17:39:19', 'b61d132d-7467-47c5-8a68-a4e3896e28a2'),
 ('82', '13', 'm140616_080724_import_saveEntryIdAndVersion', '2018-02-15 17:39:19', '2018-02-15 17:39:19', '2018-02-15 17:39:19', '6a452bea-6038-485f-8527-3d1eebe2e8e6'),
 ('83', '13', 'm140903_075432_import_ImportElements', '2018-02-15 17:39:19', '2018-02-15 17:39:19', '2018-02-15 17:39:19', '12b741fd-1c3b-4617-b014-10e13718a6cf');



DROP TABLE IF EXISTS `craft_plugins`;


--
-- Schema for table `craft_plugins`
--
CREATE TABLE `craft_plugins` (
  `id` int(11) NOT NULL AUTO_INCREMENT,
  `class` varchar(150) COLLATE utf8_unicode_ci NOT NULL,
  `version` varchar(15) COLLATE utf8_unicode_ci NOT NULL,
  `schemaVersion` varchar(15) COLLATE utf8_unicode_ci DEFAULT NULL,
  `licenseKey` char(24) COLLATE utf8_unicode_ci DEFAULT NULL,
  `licenseKeyStatus` enum('valid','invalid','mismatched','unknown') COLLATE utf8_unicode_ci NOT NULL DEFAULT 'unknown',
  `enabled` tinyint(1) unsigned NOT NULL DEFAULT '0',
  `settings` text COLLATE utf8_unicode_ci,
  `installDate` datetime NOT NULL,
  `dateCreated` datetime NOT NULL,
  `dateUpdated` datetime NOT NULL,
  `uid` char(36) COLLATE utf8_unicode_ci NOT NULL DEFAULT '0',
  PRIMARY KEY (`id`)
) ENGINE=InnoDB AUTO_INCREMENT=14 DEFAULT CHARSET=utf8 COLLATE=utf8_unicode_ci;

--
-- Data for table `craft_plugins`
--

INSERT INTO `craft_plugins` (`id`, `class`, `version`, `schemaVersion`, `licenseKey`, `licenseKeyStatus`, `enabled`, `settings`, `installDate`, `dateCreated`, `dateUpdated`, `uid`) VALUES
 ('2', 'Imager', '1.6.4', '1.0.0', NULL, 'unknown', '1', NULL, '2017-10-13 13:41:21', '2017-10-13 13:41:21', '2018-01-25 23:20:57', '2e881bcd-f48d-46e6-83a9-95d91e3622a8'),
 ('3', 'RedactorTweaks', '1.0.0', NULL, NULL, 'unknown', '1', NULL, '2017-10-13 13:41:23', '2017-10-13 13:41:23', '2018-01-25 23:20:57', '56c9eb2a-71a4-4ac0-9778-23f4ed0a1b41'),
 ('4', 'Seomatic', '1.1.56', '1.1.25', NULL, 'unknown', '1', '{\"pluginNameOverride\":\"Meta\"}', '2017-10-13 13:41:25', '2017-10-13 13:41:25', '2018-01-25 23:20:57', '0c85d958-9437-482e-bdc4-725b3677e03f'),
 ('5', 'VzUrl', '1.1.1', '1.2', NULL, 'unknown', '1', NULL, '2017-10-13 14:25:32', '2017-10-13 14:25:32', '2018-01-25 23:20:57', '619805e5-3228-42cb-9a42-3556b2de3047'),
 ('6', 'Relabel', '0.1.3', '1.0.0', NULL, 'unknown', '1', NULL, '2017-10-13 15:13:39', '2017-10-13 15:13:39', '2018-01-25 23:20:57', '5db9f054-ec51-4ef7-9969-6417a2d1c157'),
 ('9', 'Inlin', '1.1', NULL, NULL, 'unknown', '1', NULL, '2017-11-21 23:26:27', '2017-11-21 23:26:27', '2018-01-25 23:20:57', '5dd75bb9-22e5-409b-8614-7211b1de9ca7'),
 ('10', 'SuperTable', '1.0.6', '1.0.0', NULL, 'unknown', '1', NULL, '2018-01-25 15:10:26', '2018-01-25 15:10:26', '2018-01-25 23:20:57', '485f8ecf-13d1-4c21-bcf4-b8004fde36b7'),
 ('11', 'WidontExtension', '1.0', NULL, NULL, 'unknown', '1', NULL, '2018-01-25 23:22:15', '2018-01-25 23:22:15', '2018-01-25 23:22:15', '6d007839-58d2-4677-8144-91e796fa775b'),
 ('13', 'Import', '0.8.34', NULL, NULL, 'unknown', '1', NULL, '2018-02-15 17:39:19', '2018-02-15 17:39:19', '2018-02-15 17:39:19', '615dd4dc-070b-4190-a384-0917a758447d');



DROP TABLE IF EXISTS `craft_rackspaceaccess`;


--
-- Schema for table `craft_rackspaceaccess`
--
CREATE TABLE `craft_rackspaceaccess` (
  `id` int(11) NOT NULL AUTO_INCREMENT,
  `connectionKey` varchar(255) COLLATE utf8_unicode_ci NOT NULL,
  `token` varchar(255) COLLATE utf8_unicode_ci NOT NULL,
  `storageUrl` varchar(255) COLLATE utf8_unicode_ci NOT NULL,
  `cdnUrl` varchar(255) COLLATE utf8_unicode_ci NOT NULL,
  `dateCreated` datetime NOT NULL,
  `dateUpdated` datetime NOT NULL,
  `uid` char(36) COLLATE utf8_unicode_ci NOT NULL DEFAULT '0',
  PRIMARY KEY (`id`),
  UNIQUE KEY `craft_rackspaceaccess_connectionKey_unq_idx` (`connectionKey`)
) ENGINE=InnoDB DEFAULT CHARSET=utf8 COLLATE=utf8_unicode_ci;

DROP TABLE IF EXISTS `craft_relabel`;


--
-- Schema for table `craft_relabel`
--
CREATE TABLE `craft_relabel` (
  `id` int(11) NOT NULL AUTO_INCREMENT,
  `fieldId` int(11) DEFAULT NULL,
  `fieldLayoutId` int(11) DEFAULT NULL,
  `name` varchar(255) COLLATE utf8_unicode_ci DEFAULT NULL,
  `instructions` varchar(255) COLLATE utf8_unicode_ci DEFAULT NULL,
  `dateCreated` datetime NOT NULL,
  `dateUpdated` datetime NOT NULL,
  `uid` char(36) COLLATE utf8_unicode_ci NOT NULL DEFAULT '0',
  PRIMARY KEY (`id`),
  KEY `craft_relabel_fieldId_fk` (`fieldId`),
  KEY `craft_relabel_fieldLayoutId_fk` (`fieldLayoutId`)
) ENGINE=InnoDB AUTO_INCREMENT=27 DEFAULT CHARSET=utf8 COLLATE=utf8_unicode_ci;

DROP TABLE IF EXISTS `craft_relations`;


--
-- Schema for table `craft_relations`
--
CREATE TABLE `craft_relations` (
  `id` int(11) NOT NULL AUTO_INCREMENT,
  `fieldId` int(11) NOT NULL,
  `sourceId` int(11) NOT NULL,
  `sourceLocale` char(12) COLLATE utf8_unicode_ci DEFAULT NULL,
  `targetId` int(11) NOT NULL,
  `sortOrder` smallint(6) DEFAULT NULL,
  `dateCreated` datetime NOT NULL,
  `dateUpdated` datetime NOT NULL,
  `uid` char(36) COLLATE utf8_unicode_ci NOT NULL DEFAULT '0',
  PRIMARY KEY (`id`),
  UNIQUE KEY `craft_relations_fieldId_sourceId_sourceLocale_targetId_unq_idx` (`fieldId`,`sourceId`,`sourceLocale`,`targetId`),
  KEY `craft_relations_sourceId_fk` (`sourceId`),
  KEY `craft_relations_sourceLocale_fk` (`sourceLocale`),
  KEY `craft_relations_targetId_fk` (`targetId`)
) ENGINE=InnoDB AUTO_INCREMENT=75 DEFAULT CHARSET=utf8 COLLATE=utf8_unicode_ci;

DROP TABLE IF EXISTS `craft_routes`;


--
-- Schema for table `craft_routes`
--
CREATE TABLE `craft_routes` (
  `id` int(11) NOT NULL AUTO_INCREMENT,
  `locale` char(12) COLLATE utf8_unicode_ci DEFAULT NULL,
  `urlParts` varchar(255) COLLATE utf8_unicode_ci NOT NULL,
  `urlPattern` varchar(255) COLLATE utf8_unicode_ci NOT NULL,
  `template` varchar(255) COLLATE utf8_unicode_ci NOT NULL,
  `sortOrder` smallint(6) unsigned DEFAULT NULL,
  `dateCreated` datetime NOT NULL,
  `dateUpdated` datetime NOT NULL,
  `uid` char(36) COLLATE utf8_unicode_ci NOT NULL DEFAULT '0',
  PRIMARY KEY (`id`),
  KEY `craft_routes_locale_idx` (`locale`),
  KEY `craft_routes_urlPattern_idx` (`urlPattern`)
) ENGINE=InnoDB DEFAULT CHARSET=utf8 COLLATE=utf8_unicode_ci;

DROP TABLE IF EXISTS `craft_searchindex`;


--
-- Schema for table `craft_searchindex`
--
CREATE TABLE `craft_searchindex` (
  `elementId` int(11) NOT NULL,
  `attribute` varchar(25) COLLATE utf8_unicode_ci NOT NULL,
  `fieldId` int(11) NOT NULL,
  `locale` char(12) COLLATE utf8_unicode_ci NOT NULL,
  `keywords` text COLLATE utf8_unicode_ci NOT NULL,
  PRIMARY KEY (`elementId`,`attribute`,`fieldId`,`locale`),
  FULLTEXT KEY `craft_searchindex_keywords_idx` (`keywords`)
) ENGINE=MyISAM DEFAULT CHARSET=utf8 COLLATE=utf8_unicode_ci;

--
-- Data for table `craft_searchindex`
--

INSERT INTO `craft_searchindex` (`elementId`, `attribute`, `fieldId`, `locale`, `keywords`) VALUES
 ('1', 'username', '0', 'en_ie', ' workgroup '),
 ('1', 'firstname', '0', 'en_ie', ''),
 ('1', 'lastname', '0', 'en_ie', ''),
 ('1', 'fullname', '0', 'en_ie', ''),
 ('1', 'email', '0', 'en_ie', ' david workgroup ie '),
 ('1', 'slug', '0', 'en_ie', ''),
 ('104', 'field', '64', 'en_ie', ''),
 ('104', 'field', '61', 'en_ie', ' i just want take a breath to let you know how happy we ve been so far with how the build is being managed by your team and with the quality of the work that is being done harry doug and ray have been a pleasure to work with throughout these past 14 weeks what could have been a very stressful experience for us has turned out to be an education in how a professional renovation should run thanks to you and your team for this '),
 ('100', 'filename', '0', 'en_ie', ' case csv '),
 ('100', 'extension', '0', 'en_ie', ' csv '),
 ('100', 'kind', '0', 'en_ie', ' unknown '),
 ('100', 'slug', '0', 'en_ie', ' case '),
 ('100', 'title', '0', 'en_ie', ' case '),
 ('101', 'filename', '0', 'en_ie', ' case csv '),
 ('101', 'extension', '0', 'en_ie', ' csv '),
 ('101', 'kind', '0', 'en_ie', ' unknown '),
 ('101', 'slug', '0', 'en_ie', ' case '),
 ('101', 'title', '0', 'en_ie', ' case '),
 ('102', 'field', '57', 'en_ie', ' rohan holdings is a leader in the complex business of developing prestige offices high quality business parks and industrial premises with over 40 years experience in land acquisition design planning construction and tenant fit out rohan holdings have a respected proven track record of delivering projects on time within budget and to their clients satisfaction working in the shell of the newly completed 21 charlemont place office block our brief was to take the grey box finish to full landlord cat a standard to leed gold and a3 ber rating set against an aggressive time line driven by a signed single tenancy lease for the whole building works included complete raised floor installation soft floor finishes partitions and ceilings joinery and decorations our brief also extended the the complete m e installations to include a c lighting protective services basement and roof plant louvres screening with full testing and commissioning '),
 ('9', 'slug', '0', 'en_ie', ''),
 ('9', 'field', '9', 'en_ie', ''),
 ('9', 'field', '10', 'en_ie', ''),
 ('9', 'field', '11', 'en_ie', ' 353 1 663 8704 '),
 ('9', 'field', '12', 'en_ie', ''),
 ('9', 'field', '13', 'en_ie', ''),
 ('9', 'field', '14', 'en_ie', ''),
 ('9', 'field', '15', 'en_ie', ' https www google ie maps search finlay mulligan accountants 53 297235 6 140327 5328m data= 3m1 4b1 source=embed hl=en dg=dbrw newdg=1 '),
 ('102', 'field', '60', 'en_ie', ' cat a office fitout extensive green roof leed gold certification and a3 ber balconies and feature roof terrace '),
 ('106', 'field', '63', 'en_ie', ''),
 ('106', 'field', '56', 'en_ie', ' dublin 2 '),
 ('106', 'field', '64', 'en_ie', ''),
 ('105', 'field', '60', 'en_ie', ' sonica pm full design realisation and co ordination with international design team landlord approval and grant of licence to alter local design team appointment management as lead consultant complete project financial control package management client direct vendor engagement and management staff migration move management '),
 ('82', 'title', '0', 'en_ie', ' photo1 '),
 ('82', 'slug', '0', 'en_ie', ' photo1 '),
 ('82', 'kind', '0', 'en_ie', ' image '),
 ('82', 'extension', '0', 'en_ie', ' jpg '),
 ('82', 'filename', '0', 'en_ie', ' photo1 jpg '),
 ('81', 'title', '0', 'en_ie', ' photo '),
 ('81', 'slug', '0', 'en_ie', ' photo '),
 ('81', 'kind', '0', 'en_ie', ' image '),
 ('81', 'extension', '0', 'en_ie', ' jpg '),
 ('81', 'filename', '0', 'en_ie', ' photo jpg '),
 ('104', 'field', '58', 'en_ie', ' 1 800m2 '),
 ('104', 'field', '59', 'en_ie', ' 4 week pre construction 14 weeks on site '),
 ('104', 'slug', '0', 'en_ie', ' demonware '),
 ('104', 'title', '0', 'en_ie', ' demonware '),
 ('105', 'field', '57', 'en_ie', ' we had the tremendous fortune to meet with and work alongside our friends in hubspot when our md pm d their very first dublin office for just 8 people five short years ago since then we ve had the distinct honour to be part of their expansion year on year as the sonica team continued to service their ever increasing head count and office space requirements their growth in dublin has been simply astounding it is therefore with great pride and shared enthusiasm for their continued future successes that we announce the completion and launch of their new emea hq in dublin which was opened in march 2016 with substantial and well deserved fanfare across the irish media we look forward to working with hubspot as their pm of choice here in dublin and wish them every good fortune in their fabulous new home hubspotdigsdublin '),
 ('104', 'field', '62', 'en_ie', ' amy smith business services manager demonware '),
 ('103', 'field', '63', 'en_ie', ''),
 ('103', 'field', '56', 'en_ie', ' dublin 4 '),
 ('103', 'field', '64', 'en_ie', ''),
 ('103', 'field', '61', 'en_ie', ''),
 ('103', 'field', '62', 'en_ie', ''),
 ('103', 'field', '58', 'en_ie', ' 1 500m2 '),
 ('103', 'field', '59', 'en_ie', ' 1 week pre construction 7 weeks on site '),
 ('103', 'slug', '0', 'en_ie', ' private client '),
 ('103', 'title', '0', 'en_ie', ' private client '),
 ('104', 'field', '57', 'en_ie', ' demonware are an irish software development company specialising in creating networking software and services for computer game development most notably for the call of duty on line game franchise the company were acquired by us game publisher activision blizzard in 2007 and have offices in dublin vancouver and shanghai due to the complexity of the works and the fact that the offices would remain live through the refurbishment the project was bid on a 2 stage basis with an open tender process to identify two preferred bidders followed by a post tender interview process to select their final fitout partner a large part of the client team s decision making process also centered on input and commentary from the contractor into the initial scheme design with recommendations on buildability and value engineering we were suitably delighted to win out at interview stage and be appointed as demonware s contractor of choice with us on board planning for their new european hq officially kicked off led by international architects urban agency the scope of works included segregation of the existing floor plate into live under construction areas the complete strip of the demised floor areas full m e it and a v installation a bespoke fabricated solution for meeting rooms made from curved glass pods and team huddle rooms machined birch faced plywood full soft hard flooring extensive graphics package and the management supervision of the client s furniture vendors of further note was the fact that the project was completed with the client in full occupation on the 5th floor of a multi tenanted building the finished project is a fabulous addition to our portfolio of works and is a job that we are very proud to have been involved with '),
 ('103', 'field', '60', 'en_ie', ' design and ve development to suit budget parameters international collaboration with multiple project stakeholders co ordination with local team on relocation deliverables comms room commissioned and complete 2 weeks before handover to allow client it access live building environment full m e data vc co ordination '),
 ('102', 'field', '63', 'en_ie', ''),
 ('102', 'field', '56', 'en_ie', ' dublin 2 '),
 ('102', 'field', '64', 'en_ie', ''),
 ('102', 'field', '61', 'en_ie', ''),
 ('102', 'field', '62', 'en_ie', ''),
 ('102', 'field', '58', 'en_ie', ' 3 420m2 '),
 ('102', 'field', '59', 'en_ie', ' 2 week pre construction 10 weeks on site '),
 ('102', 'slug', '0', 'en_ie', ' 21 charlemont '),
 ('102', 'title', '0', 'en_ie', ' 21 charlemont '),
 ('103', 'field', '57', 'en_ie', ' we are delighted to showcase the successful completion of a new 15k sq ft corporate hq office in dublin s city centre for a private sonica client the results of which are absolutely stunning our brief took the project from an existing landlord cat a finish which was fully stripped out to their fitted out corporate hq in 8 weeks from commencement works were undertaken in a multi tenanted office development with continual intensive daily co ordination with the sitting building management team added to the time sensitive nature of the project was the client s not to exceed occupation date which was a key consideration in our aggressive construction programme due to the high degree of cellularisation to form the various offices meeting spaces and executive boardrooms the mechanical scope required considerable addition to the primary landlord ventilation provisions via intensive upgrades modelling and building control integration the project scope also included a large specialist joinery component extensive meeting spaces with feature exposed ceilings and feature lighting throughout bespoke reception area feature hard and soft floorings substantial active it solution a fully redundant it backbone install to main comms room high end corporate level access control and security install a v delivery and a full furniture installation across the complete floor plate '),
 ('104', 'field', '56', 'en_ie', ' parnell street dublin1 '),
 ('104', 'field', '63', 'en_ie', ''),
 ('104', 'field', '60', 'en_ie', ' sonica pm full design realisation and co ordination with international design team staff migration move management full m e and it installations turnkey furniture package curved glass huddle rooms birch faced plywood huddle pods exposed building structure ceiling corporate signage brand identity '),
 ('105', 'slug', '0', 'en_ie', ' hubspot '),
 ('105', 'title', '0', 'en_ie', ' hubspot '),
 ('106', 'field', '57', 'en_ie', ' our brief was to strip and refit the old anglo irish bank space over two floors in st stephen s green house and transform it into an expansive sophisticated tech savvy office for our client s expanded new hq in ireland works were executed on a 10 week programme within a fully engaged heavily trafficked multi tenanted building with it s location in the heart of dublin s shopping district on the iconic st stephen s green the delivery of the finished project on an accelerated timeline formed a hugely important part of our project execution plan where the delivery collection logistics overall traffic management dcc liaison out of hours works scheduling and compliance with strict building noise restrictions all required in depth consideration the architectural design included a substantial joinery package multiple floor finishes open grid exposed ceilings extensive client direct vend supervision and migration management other packages included substantial upgrades to the mechanical electrical it and av installations with all service works demanding a high level of co ordinated attention to guarantee that the vision for the completed space was realised '),
 ('105', 'field', '58', 'en_ie', ' 2 750m2 '),
 ('105', 'field', '59', 'en_ie', ' 12 weeks design co ordination contract formulation lease management 10 weeks build management on site '),
 ('105', 'field', '62', 'en_ie', ' ken papa facilities director hubspot inc '),
 ('105', 'field', '63', 'en_ie', ''),
 ('105', 'field', '56', 'en_ie', ' dublin 1 '),
 ('105', 'field', '64', 'en_ie', ''),
 ('105', 'field', '61', 'en_ie', ' sonica has been a phenomenal partner to hubspot they always keep our interests front and centre and are beyond timely and thorough if you wanted a partner that can do it all and give the attention these complex fitout projects command it is sonica fitout they simply get it and get results '),
 ('106', 'field', '60', 'en_ie', ' large open plan spaces with extensive perimeter cellularisation extensive m e it package with open grid m e ceiling services engagement of specialist contractors to facilitate works in a time restricted programme co ordination with local teams and stakeholders on relocation deliverables cost and ve development to suit strict budget parameters '),
 ('107', 'field', '63', 'en_ie', ''),
 ('107', 'field', '56', 'en_ie', ' citywest business campus '),
 ('107', 'field', '60', 'en_ie', ' design and ve development to suit strict budget parameters comms room commissioned and complete 3 weeks before handover to allow client it access liaison and management of client direct vendors project acceleration to ensure no client down time and smooth quick turn around on staff migrations co ordination with local team on relocation deliverables m e and it upgrades throughout turnkey furniture package '),
 ('107', 'field', '57', 'en_ie', ' designed by rkd interiors our brief took the assignment from an existing landlord cat a area over 2 separate tenancies both of which were then fully stripped back to basic shell and core structure as part of our works to become udg healthcare s corporate hq within a 10 week period from commencement on site works were performed unobtrusively within a fully engaged highly trafficked multi tenanted building with close overlap to campus management client stakeholders and neighbouring tenants packages encompassed a sizeable stylish joinery element and complex mechanical electrical it upgrades to service the open plan work space areas and segmental modular offices meeting rooms the main reception features an inviting design element luring to a quirky breakout area canteen with feature brick internal facades critall glazed screens floating wooden acoustic ceilings and matchless tiled flooring due to the nature and scale of the sharp trapezoidal shaped walls and ceilings paired with the diverging display of flooring and wall colours the detailing in the architectural packages required a sonica level of attention to guarantee that the architects vision for the completed space was realised '),
 ('106', 'field', '59', 'en_ie', ' 1 week pre construction 10 weeks on site '),
 ('106', 'slug', '0', 'en_ie', ' private client '),
 ('106', 'title', '0', 'en_ie', ' private client '),
 ('106', 'field', '58', 'en_ie', ' 3 000m2 '),
 ('106', 'field', '62', 'en_ie', ''),
 ('106', 'field', '61', 'en_ie', ''),
 ('77', 'filename', '0', 'en_ie', ' dw about jpg '),
 ('77', 'extension', '0', 'en_ie', ' jpg '),
 ('77', 'kind', '0', 'en_ie', ' image '),
 ('77', 'slug', '0', 'en_ie', ' dw about '),
 ('77', 'title', '0', 'en_ie', ' dw about '),
 ('78', 'filename', '0', 'en_ie', ' dw careers jpg '),
 ('78', 'extension', '0', 'en_ie', ' jpg ');
INSERT INTO `craft_searchindex` (`elementId`, `attribute`, `fieldId`, `locale`, `keywords`) VALUES
 ('78', 'kind', '0', 'en_ie', ' image '),
 ('78', 'slug', '0', 'en_ie', ' dw careers '),
 ('78', 'title', '0', 'en_ie', ' dw careers '),
 ('79', 'filename', '0', 'en_ie', ' dw careers alt jpg '),
 ('79', 'extension', '0', 'en_ie', ' jpg '),
 ('79', 'kind', '0', 'en_ie', ' image '),
 ('79', 'slug', '0', 'en_ie', ' dw careers alt '),
 ('79', 'title', '0', 'en_ie', ' dw careers alt '),
 ('80', 'filename', '0', 'en_ie', ' home bg jpg '),
 ('80', 'extension', '0', 'en_ie', ' jpg '),
 ('80', 'kind', '0', 'en_ie', ' image '),
 ('80', 'slug', '0', 'en_ie', ' home bg '),
 ('80', 'title', '0', 'en_ie', ' home bg '),
 ('86', 'filename', '0', 'en_ie', ' dw services data png '),
 ('86', 'extension', '0', 'en_ie', ' png '),
 ('86', 'kind', '0', 'en_ie', ' image '),
 ('86', 'slug', '0', 'en_ie', ' dw services data '),
 ('86', 'title', '0', 'en_ie', ' dw services data '),
 ('87', 'filename', '0', 'en_ie', ' dw services identity png '),
 ('87', 'extension', '0', 'en_ie', ' png '),
 ('87', 'kind', '0', 'en_ie', ' image '),
 ('87', 'slug', '0', 'en_ie', ' dw services identity '),
 ('87', 'title', '0', 'en_ie', ' dw services identity '),
 ('88', 'filename', '0', 'en_ie', ' dw services leaderboards png '),
 ('88', 'extension', '0', 'en_ie', ' png '),
 ('88', 'kind', '0', 'en_ie', ' image '),
 ('88', 'slug', '0', 'en_ie', ' dw services leaderboards '),
 ('88', 'title', '0', 'en_ie', ' dw services leaderboards '),
 ('89', 'filename', '0', 'en_ie', ' dw services matchmaking png '),
 ('89', 'extension', '0', 'en_ie', ' png '),
 ('89', 'kind', '0', 'en_ie', ' image '),
 ('89', 'slug', '0', 'en_ie', ' dw services matchmaking '),
 ('89', 'title', '0', 'en_ie', ' dw services matchmaking '),
 ('90', 'filename', '0', 'en_ie', ' dw services microtransactions png '),
 ('90', 'extension', '0', 'en_ie', ' png '),
 ('90', 'kind', '0', 'en_ie', ' image '),
 ('90', 'slug', '0', 'en_ie', ' dw services microtransactions '),
 ('90', 'title', '0', 'en_ie', ' dw services microtransactions '),
 ('91', 'filename', '0', 'en_ie', ' dw loc 01 jpg '),
 ('91', 'extension', '0', 'en_ie', ' jpg '),
 ('91', 'kind', '0', 'en_ie', ' image '),
 ('91', 'slug', '0', 'en_ie', ' dw loc 01 '),
 ('91', 'title', '0', 'en_ie', ' dw loc 01 '),
 ('92', 'filename', '0', 'en_ie', ' dw loc 02 jpg '),
 ('92', 'extension', '0', 'en_ie', ' jpg '),
 ('92', 'kind', '0', 'en_ie', ' image '),
 ('92', 'slug', '0', 'en_ie', ' dw loc 02 '),
 ('92', 'title', '0', 'en_ie', ' dw loc 02 '),
 ('93', 'filename', '0', 'en_ie', ' dw loc 03 jpg '),
 ('93', 'extension', '0', 'en_ie', ' jpg '),
 ('93', 'kind', '0', 'en_ie', ' image '),
 ('93', 'slug', '0', 'en_ie', ' dw loc 03 '),
 ('93', 'title', '0', 'en_ie', ' dw loc 03 '),
 ('94', 'filename', '0', 'en_ie', ' team brendan jpg '),
 ('94', 'extension', '0', 'en_ie', ' jpg '),
 ('94', 'kind', '0', 'en_ie', ' image '),
 ('94', 'slug', '0', 'en_ie', ' team brendan '),
 ('94', 'title', '0', 'en_ie', ' team brendan '),
 ('95', 'filename', '0', 'en_ie', ' team colin jpg '),
 ('95', 'extension', '0', 'en_ie', ' jpg '),
 ('95', 'kind', '0', 'en_ie', ' image '),
 ('95', 'slug', '0', 'en_ie', ' team colin '),
 ('95', 'title', '0', 'en_ie', ' team colin '),
 ('96', 'filename', '0', 'en_ie', ' team mike jpg '),
 ('96', 'extension', '0', 'en_ie', ' jpg '),
 ('96', 'kind', '0', 'en_ie', ' image '),
 ('96', 'slug', '0', 'en_ie', ' team mike '),
 ('96', 'title', '0', 'en_ie', ' team mike '),
 ('97', 'filename', '0', 'en_ie', ' team nadia jpg '),
 ('97', 'extension', '0', 'en_ie', ' jpg '),
 ('97', 'kind', '0', 'en_ie', ' image '),
 ('97', 'slug', '0', 'en_ie', ' team nadia '),
 ('97', 'title', '0', 'en_ie', ' team nadia '),
 ('98', 'filename', '0', 'en_ie', ' team suzanne jpg '),
 ('98', 'extension', '0', 'en_ie', ' jpg '),
 ('98', 'kind', '0', 'en_ie', ' image '),
 ('98', 'slug', '0', 'en_ie', ' team suzanne '),
 ('98', 'title', '0', 'en_ie', ' team suzanne '),
 ('99', 'filename', '0', 'en_ie', ' team tendayi jpg '),
 ('99', 'extension', '0', 'en_ie', ' jpg '),
 ('99', 'kind', '0', 'en_ie', ' image '),
 ('99', 'slug', '0', 'en_ie', ' team tendayi '),
 ('99', 'title', '0', 'en_ie', ' team tendayi '),
 ('107', 'field', '64', 'en_ie', ''),
 ('107', 'field', '61', 'en_ie', ' it was great to work with hugh ward and his team at sonica fitout on our new hq in riverwalk citywest we were very impressed with the level of professionalism and attention to detail on every aspect of this project which produced a high standard of finish sonica fitouts commitment to this project ensured that it came in on programme and within budget everyone is delighted with the final result '),
 ('107', 'field', '62', 'en_ie', ' donal burke head of procurement '),
 ('107', 'field', '58', 'en_ie', ' 1 250m2 '),
 ('107', 'field', '59', 'en_ie', ' 1 week pre con 10 weeks on site '),
 ('107', 'slug', '0', 'en_ie', ' udg healthcare '),
 ('107', 'title', '0', 'en_ie', ' udg healthcare '),
 ('108', 'field', '57', 'en_ie', ' full d b project from receipt of client outline brief to final delivery and handover development of a central defined theme to roll out across the complete rebrand project was the key deliverable 1672 individual ceiling suspended cities in the 4th floor bar over 2 400 individually controlled led lights per city and that s just one area on one floor 3m dia oculus video back projected onto vip ceiling video specifically commissioned for the kaleidoscope bar fitout fully programmable knx lighting system with user defined colour and dimming set points depending on event and scene setting requirements this linked back to main venue dali system for central control by venue management fully interactive twitter feed linked to feature floating megalopolis to allow visitors tweet their venue experiences directly into the bars in real time '),
 ('108', 'field', '60', 'en_ie', ' conceptual development and full project design gmp contract sum intricate project programming live venue interaction co ordination '),
 ('108', 'field', '63', 'en_ie', ''),
 ('108', 'field', '56', 'en_ie', ' north wall quay dublin 1 '),
 ('108', 'field', '64', 'en_ie', ''),
 ('108', 'field', '61', 'en_ie', ' have to say it looks absolutely incredible proud to have worked on such a prestigious project for such a prestigious company as sonica fitout from all at devlin in design congratulations to sonica '),
 ('108', 'field', '62', 'en_ie', ' enda devlin devlin in design '),
 ('108', 'field', '58', 'en_ie', ' 4000m2 overall venue area works spread across three separate project sites running concurrently '),
 ('108', 'field', '59', 'en_ie', ' 8 weeks on site '),
 ('108', 'slug', '0', 'en_ie', ' 3 arena ');
INSERT INTO `craft_searchindex` (`elementId`, `attribute`, `fieldId`, `locale`, `keywords`) VALUES
 ('108', 'title', '0', 'en_ie', ' 3 arena '),
 ('109', 'field', '57', 'en_ie', ' salesforce is the world s leading crm software and enterprise cloud ecosystem their customer success platform helps businesses grow into a more streamlined effective and efficient organisations across sales service marketing and more the sonica ops team has had the pleasure of being part of sfdc s expansion by servicing their ever increasing head count and office space requirements for the past 3 years it is therefore with great pride that we showcase the latest sfdc office completion a 15 000 sq ft floor plate in central park works involved the demolition and strip out of the previous tenant s existing fitted offices to cater for the new salesforce remodelled floor plate layout the office design placed emphasis on increased team collaboration with all new open plan workstations meeting rooms offices boardrooms flexible spaces staff kitchens canteen areas breakout areas and a number of bespoke techforce bars all part of the required brief they have since been voted ireland s best workplace the company was ranked no 1 on the list of the best large places to work a ranking based on employees own assessments of their experiences '),
 ('109', 'field', '60', 'en_ie', ' full gmp build delivery extensive feature joinery package procurement complete staff auditorium with extensive a v client direct vendor engagement and management staff migration move management '),
 ('109', 'field', '63', 'en_ie', ''),
 ('109', 'field', '56', 'en_ie', ' central park dublin 18 '),
 ('109', 'field', '64', 'en_ie', ''),
 ('109', 'field', '61', 'en_ie', ' just a little note to say a big thank you to you and all the sonica team it was a real pleasure working with you all thanks for your guidance assistance and patience fingers crossed for the next one '),
 ('109', 'field', '62', 'en_ie', ' cathy mooney senior office manager '),
 ('109', 'field', '58', 'en_ie', ' 1500m2 '),
 ('109', 'field', '59', 'en_ie', ' 10 weeks design co ordination procurement gmp formulation 12 weeks build management on site '),
 ('109', 'slug', '0', 'en_ie', ' salesforce '),
 ('109', 'title', '0', 'en_ie', ' salesforce '),
 ('110', 'field', '57', 'en_ie', ' since entering the irish market in 2015 wipro have gone from strength to strength securing substantial projects for their ever increasing client base this success has been met with a rapid increase in head count and exponential office space requirement having already completed over 50k sq ft of office space in dublin for wipro since 2015 we were delighted to build upon and advance the great working relationship we had developed with both their international and local teams when they appointed us again as their turnkey d b fitout specialist for their new expansion offices in ballsbridge works were undertaken in a multi tenanted office development with continual intensive daily co ordination with the sitting campus management team added to the time sensitive nature of the project was the client s not to exceed occupation date which was a key consideration in our aggressive construction programme due to the high degree of cellularisation to form the various offices meeting spaces vc rooms executive boardrooms the mechanical scope required considerable addition to the primary landlord ventilation provisions via intensive upgrades modelling and building control integration the project scope also included a large specialist joinery component exposed ceilings and feature lighting throughout feature hard and soft floorings substantial active it solution a fully redundant it backbone install with ups back up to main comms room high end corporate level access control and security install a v delivery and a full furniture installation across the complete floor plate '),
 ('110', 'field', '60', 'en_ie', ' sonica pm full design realisation and co ordination with international design team landlord approval and grant of licence to alter local design team appointment management as lead consultant complete project financial control package management client direct vendor engagement and management staff migration move management '),
 ('110', 'field', '63', 'en_ie', ''),
 ('110', 'field', '56', 'en_ie', ' ballsbridge '),
 ('110', 'field', '64', 'en_ie', ''),
 ('110', 'field', '61', 'en_ie', ''),
 ('110', 'field', '62', 'en_ie', ''),
 ('110', 'field', '58', 'en_ie', ' 1000m2 '),
 ('110', 'field', '59', 'en_ie', ' 1 week pre construction 8 weeks on site '),
 ('110', 'slug', '0', 'en_ie', ' wipro '),
 ('110', 'title', '0', 'en_ie', ' wipro '),
 ('111', 'field', '57', 'en_ie', ' sonica fitout were contracted to completely refurbish the ground floor lobby of the headquarters of one of ireland s leading providers of wealth management and financial advisory services clients of this prestigious private client are used to a meticulous attention to detail and as such this was reflected in the design and level of finish expected the intent was to provide enclosed private areas throughout the space with which to hold impromptu private meetings while maintaining a bright open and modern feel throughout combined with the extremely well appointed joinery package the overall feel of the space was one of practical opulence and luxury the scope of works was a complete refurbishment with curved recessed bulkheads all led backlit stone tiling throughout new security gates and curved glazed meeting rooms all surrounding the walnut clad lift core that integrated seamlessly with an oversized reception desk in addition new bathroom and kitchen facilities were completed as well as all new air conditioning throughout the floor following a week s pre construction this project was delivered in 5 weeks over multiple phases keeping live access available to staff members 24 hours a day 7 days a week with minimal disruption '),
 ('111', 'field', '60', 'en_ie', ' natural stone floor bespoke walnut wall cladding curved glazed partitions throughout oversized feature reception desk backlit feature ceilings throughout new staff speedlanes new facilities completely revamped ac system '),
 ('111', 'field', '63', 'en_ie', ''),
 ('111', 'field', '56', 'en_ie', ' dublin 2 '),
 ('111', 'field', '64', 'en_ie', ''),
 ('111', 'field', '61', 'en_ie', ''),
 ('111', 'field', '62', 'en_ie', ''),
 ('111', 'field', '58', 'en_ie', ' reception areas '),
 ('111', 'field', '59', 'en_ie', ' 1 week pre con 5 weeks on site '),
 ('111', 'slug', '0', 'en_ie', ' private client '),
 ('111', 'title', '0', 'en_ie', ' private client '),
 ('112', 'field', '57', 'en_ie', ' sas is a global market leader in business analytics software and services and is listed as being in the top 100 best companies to work for worldwide we were delighted to complete their prestigious new 1 300m2 hq office in dublin s ifsc complex works were undertaken in a multi tenanted fully occupied building with extensive noise restriction in place to avoid disruption to other businesses on site the scope included complete demolitions of the existing floor plate with subsequent re fit of partitions glazing managers offices corporate meeting rooms multiple floor finishes decorations and a bespoke branding and graphics package the brief also extended to the supply installation of all new operator workstations cellular office stations and boardroom furniture with completion of all m e it and a v services the completed project truly reflects sas s strong corporate identity through the entire space and we were delighted to hand over the finished article to the client s exacting standards and expectations '),
 ('112', 'field', '60', 'en_ie', ' fully occupied building environment management of client direct vend packages complete m e it and a v service installations corporate brand package co ordination implementation extensive corporate office cellularisation '),
 ('112', 'field', '63', 'en_ie', ''),
 ('112', 'field', '56', 'en_ie', ' la touche house ifsc dublin 1 '),
 ('112', 'field', '64', 'en_ie', ''),
 ('112', 'field', '61', 'en_ie', ' i can highly recommend sonica fit out their professionalism and flexible approach in challenging circumstances resulted in a smooth and timely delivery of sas project the entire team were a pleasure to work with '),
 ('112', 'field', '62', 'en_ie', ' karen chisman head of corporate services at sas '),
 ('112', 'field', '58', 'en_ie', ' 1 300m2 '),
 ('112', 'field', '59', 'en_ie', ' 1 week pre construction 8 weeks on site '),
 ('112', 'slug', '0', 'en_ie', ' sas '),
 ('112', 'title', '0', 'en_ie', ' sas '),
 ('113', 'field', '57', 'en_ie', ' calvin klein is one of the leading fashion design and marketing studios in the world they are a global lifestyle brand that exemplifies bold progressive ideals and a seductive and often minimal aesthetic after nearly 50 years of trading calvin klein continues to be a cultural catalyst across the globe today we were delighted to be selected by calvin klein to carry out the complete relocation and fitout of their new flagship stores ck jeans ck underwear in irelands premier shopping destination kildare village our brief was to create a completed space that combines the retail experience with the architectural aesthetic of this refined fashion collection works were undertaken concurrently in both stores and included the full strip out of the existing premises with subsequent re installation of new partitions and floor finishes complete m e it rework co ordination of a bespoke high end joinery package and management of the internal and external ck signage install in addition the relocation to a temporary go live space while our refurbishment works were progressing as well as relocation back to stores upon completion also formed part of our project brief the finished product succeeds in promoting the calvin klein identity within kildare village and provides a top of the range retail experience for shoppers within both stores '),
 ('113', 'field', '60', 'en_ie', ' extensive feature joinery package bespoke feature lighting installation full move management extensive floor finishes pos selection install and commisisoning construction of all fixed merchandise and sales displays '),
 ('113', 'field', '63', 'en_ie', ''),
 ('113', 'field', '56', 'en_ie', ' kildare village '),
 ('113', 'field', '64', 'en_ie', ''),
 ('113', 'field', '61', 'en_ie', ' our goal is always to create a space that combines the retail experience with the architectural aesthetic our fashion collection represents we had the tremendous pleasure to collaborate with sonica fitout to accomplish this in our new kildare village stores the finished results speak entirely for themselves '),
 ('113', 'field', '62', 'en_ie', ' antonios krantidis ck project manager '),
 ('113', 'field', '58', 'en_ie', ' 400m2 '),
 ('113', 'field', '59', 'en_ie', ' 1 week pre construction 5 weeks on site '),
 ('113', 'slug', '0', 'en_ie', ' calvin klein '),
 ('113', 'title', '0', 'en_ie', ' calvin klein '),
 ('114', 'field', '57', 'en_ie', ' 100 st stephen s green a red brick georgian located in the iconic south west corner of the green was originally sub divided into six dated apartments sonica were engaged by property owners davy to develop the building into a prestigious single tenancy office above a 1 bedroom apartment in the basement the nature of the premises and it s status as a listed building meant the project had to be handled with the utmost care working hand in hand with neasa donnellan architects and dublin city council each element of the build was scrutinised for compliance of fsc dac heritage protection and quality the work scope included full glazing replacement with all new sliding sash windows with slimlite double glazed panels in keeping with the original full facade restoration and re pointing roof replacement extensive structural works removal of the existing basement slab and replacement with complete tanking system and new drainage and fire protection to existing staircore as per current regulations internally the high end office interiors include full power and data cabling and floor boxes throughout bespoke joinery and panelling in every space restored original georgian features on all floors newly landscaped rear yard high quality floor finishes and a luxury own door 1 bed 2 bath self contained apartment in the basement '),
 ('114', 'field', '60', 'en_ie', ' protected georgian structure hardwood sash windows with slimlite glazing facade and roof restoration full internal strip out data cabling throughout to central rack location new gas fired rad heating system hand made crown mouldings from sample of original period correct feature joinery throughout protection and restoration of existing georgian features luxury floor finishes self contained apartment '),
 ('114', 'field', '63', 'en_ie', ''),
 ('114', 'field', '56', 'en_ie', ' dublin 2 '),
 ('114', 'field', '64', 'en_ie', ''),
 ('114', 'field', '61', 'en_ie', ' with sonica at the helm the project ran seamlessly on site any unforeseen events were dealt with quickly and programme was never compromised we were very impressed with the quality of their finishes and found the whole company to be very well organised and efficient we would be very happy to work with them again '),
 ('114', 'field', '62', 'en_ie', ' neasa donnellan project architect '),
 ('114', 'field', '58', 'en_ie', ' 350m2 '),
 ('114', 'field', '59', 'en_ie', ' 1 week pre construction 18 weeks on site '),
 ('114', 'slug', '0', 'en_ie', ' 100 stephens green '),
 ('114', 'title', '0', 'en_ie', ' 100 stephen s green '),
 ('115', 'field', '57', 'en_ie', ' the city north hotel conference centre is a prestigious 4 star hotel located 30 mins north of dublin city center which offers luxury accommodation and an exquisite ballroom for conferences events and weddings as part of the hotel s recent redevelopment we were appointed to manage the extensive restructure of all of their main front of house client facing spaces comprising of a new warm and welcoming reception area a fully refitted hotel bar and lounge area a restaurant and an exclusive new conference ballroom facility works were carried out in a live working environment the hotel remained fully functional during the refit and was divided into multiple phases to ensure minimal restriction disruption to guests during construction all phases included substantial demolition works full m e installations new partitions and feature ceilings bespoke lighting with textured high end joinery and exquisite segmented hardwood flooring due to the nature of the works the project required extensive management of multiple on site trades and was completed against an aggressive programme to coincide with media published announcements on the rebrand and official launch date '),
 ('115', 'field', '60', 'en_ie', ' high end joinery package exquisite segmented flooring management of multiple trades project multi phasing full m e installation '),
 ('115', 'field', '63', 'en_ie', ''),
 ('115', 'field', '56', 'en_ie', ' m1 corridor north co dublin '),
 ('115', 'field', '64', 'en_ie', ''),
 ('115', 'field', '61', 'en_ie', ''),
 ('115', 'field', '62', 'en_ie', ''),
 ('115', 'field', '58', 'en_ie', ' 1 500m2 '),
 ('115', 'field', '59', 'en_ie', ' 1 week pre construction 12 weeks on site '),
 ('115', 'slug', '0', 'en_ie', ' city north hotel '),
 ('115', 'title', '0', 'en_ie', ' city north hotel '),
 ('116', 'field', '57', 'en_ie', ' rkd interiors is a market leading interior architecture firm based in dublin the team led by justin treacy consists of the very best in creative architects and interior designers who work collaboratively with the in house support team of designers technicians cad bim coordinators and the wider resource and expertise of rkd architects at the core of their philosophy is a practical and pragmatic approach to delivering the best environments for the most appropriate capital outlay having worked with rkd interiors on numerous occasions in the past we were aware of the exacting standards that were expected from the outset on this collaboration the project was pitched as a real shop window fitout to showcase rkd s standard and design capability to prospective visiting rkd clients and we approached the project like any other to deliver best in market product with zero defects at handover covering 6 000 sq ft over 3 floors the work scope comprised of inspirational studios to the 1st and 2nd floors with areas designated for collaboration and huddle meetings allowing the designers to get creative with a bespoke staff cafe meeting rooms and social spaces based on the ground floor the overall brief was to produce a comfortable modern and above all functional workspace with a professional design that exceeds expectations even in an area such as baggot st where high end eateries and businesses are the norm one of the key features as part of rkd interiors on going commitment to a greener work environment was to provide ample secure bike storage for staff not only has this been achieved but it has also become a real design focal point which upon entry sets a modern and progressive tone other features include the herringbone flooring which seamlessly combines durability with design the increasingly popular crittal glazing and bespoke joinery throughout in addition you will find numerous design touches as you would expect of an rkd interiors design such as the exposed swag cabling to the lights in the cafe to give the illusion of extra height the plywood routered rkd logo at entry with integrated shelving and the comfortable lounge located midway through the ground floor the project was delivered in 5 weeks following a 1 week pre construction and mobilisation period '),
 ('116', 'field', '60', 'en_ie', ' bespoke feature joinery and glazed partition packages numerous floor finishes running seamlessly throughout staff cafe internal secure bike park 2 floors of bright modern studio space m e and it upgrades throughout turnkey furniture package '),
 ('116', 'field', '63', 'en_ie', ''),
 ('116', 'field', '56', 'en_ie', ' ballsbridge dublin 4 '),
 ('116', 'field', '64', 'en_ie', ''),
 ('116', 'field', '61', 'en_ie', ' working with sonica was a great experience we would like to thank the team for delivering for such demanding taskmasters for working with us to realise and achieve our design in a very tight timeframe and for making the whole delivery process a thoroughly enjoyable and fun experience for us all '),
 ('116', 'field', '62', 'en_ie', ' liat greenhot rkd interiors '),
 ('116', 'field', '58', 'en_ie', ' 600m2 over 3 floors '),
 ('116', 'field', '59', 'en_ie', ' 1 week pre construction 5 weeks on site '),
 ('116', 'slug', '0', 'en_ie', ' rkd interiors '),
 ('116', 'title', '0', 'en_ie', ' rkd interiors '),
 ('117', 'field', '57', 'en_ie', ' established only 3 years ago fitter faster stronger ffs is now one of the leading specialist facilities in dublin providing personal one on one or group training across a range of classes and exercise types from total body strength to full metabolic conditioning having successfully completed ffs s original gym refurbishment in 2016 and due to their phenomenal expansion and growth we were delighted to be appointed by the management team in ffs to develop and complete their 2nd bespoke premises inside of 18 months working with courtney mcdonnell design we were delighted to take on the brief of creating a new space which motivates engages and pushes personal goals to the highest level whilst also realising the strong branding the ffs model carries the space is divided into three main parts the gym utility space and break members areas works included the strip out demolitions of the entire old premises followed by full m e installation to include a dmx programmable lighting system defined by gym instructors to suit mood or event bespoke feature flooring across different surfaces extensive landscaping works at the rear gardens to become an outdoor training area complete joinery co ordination of utility space and members area and a personalised graphics package to enhance the members workouts and provide guidance through the whole space '),
 ('117', 'field', '60', 'en_ie', ' complete strip out of all incumbent areas full m e installation with programmable dmx ambiance lighting bespoke feature flooring extensive landscaping works to external gym area d b joinery upholstery package graphics co ord and installation '),
 ('117', 'field', '63', 'en_ie', ''),
 ('117', 'field', '56', 'en_ie', ' leeson street '),
 ('117', 'field', '64', 'en_ie', ''),
 ('117', 'field', '61', 'en_ie', ' the level of professionalism and proficiency on the first project we carried out with sonica fitout really impressed us hence the reason why we went back to them for our 2nd premises the entire fitout was completed on an aggressive timeline with multiple moving parts but the team here at ffs are once again delighted with the finished product that was achieved it looks awesome '),
 ('117', 'field', '62', 'en_ie', ' rory mcinerney managing director ffs '),
 ('117', 'field', '58', 'en_ie', ' complete basement to georgian building lesson st '),
 ('117', 'field', '59', 'en_ie', ' 1 week pre construction 6 weeks on site '),
 ('117', 'slug', '0', 'en_ie', ' fitter faster stronger '),
 ('117', 'title', '0', 'en_ie', ' fitter faster stronger ');
INSERT INTO `craft_searchindex` (`elementId`, `attribute`, `fieldId`, `locale`, `keywords`) VALUES
 ('118', 'field', '57', 'en_ie', ' sonica fitout was appointed by cbre to act as main contractor for the refurbishment and upgrade of this 5th floor corporate office space located at east point business park in dublin the client s fitout requirements were driven by an internal review to develop new ways of working the challenge was to take these findings and ideas and bring them into a layout scheme that realised all their requirements whilst also increasing headcount within the floor space our project brief then consisted of the demolition and re build of the existing layouts installation of new branded specialist joinery items throughout the floor a vibrant colour theming and graphics package co ordination installation of new glazed partitions including folding walls with modifications to the existing data infrastructure and the mechanical and electrical services of the space the completed office space now promotes the client s identity and provides a new fresh working space for staff '),
 ('118', 'field', '60', 'en_ie', ' extensive feature joinery package data infrastructure installation m e services modification numerous floor finishes running seamlessly throughout corporate signage brand identity '),
 ('118', 'field', '63', 'en_ie', ''),
 ('118', 'field', '56', 'en_ie', ' east point business park dublin 3 '),
 ('118', 'field', '64', 'en_ie', ''),
 ('118', 'field', '61', 'en_ie', ''),
 ('118', 'field', '62', 'en_ie', ''),
 ('118', 'field', '58', 'en_ie', ' 1 500m2 '),
 ('118', 'field', '59', 'en_ie', ' 2 week pre construction 5 weeks build management on site '),
 ('118', 'slug', '0', 'en_ie', ' private client '),
 ('118', 'title', '0', 'en_ie', ' private client '),
 ('119', 'field', '57', 'en_ie', ' m s simply food are an off shoot of the famous high street british multinational specialising on high quality grab and go ready meal ranges and every day food selections this project consisted of the fitout from shell and core of the new m s simply food outlet in dublin s heuston train station works revolved around the installation of new m e services flooring internal partitions decorations pos counters feature joinery product refrigeration the co ordination of client direct vendors and the installation of internal and external corporate graphics a carefully considered site management works execution plan was key to the success of the project with close co ordination with station management while works progressed in the busy station '),
 ('119', 'field', '60', 'en_ie', ' new m e services installation feature joinery package m s corporate graphics install exposed ceilings throughout live station working environment client direct vendor management '),
 ('119', 'field', '63', 'en_ie', ''),
 ('119', 'field', '56', 'en_ie', ' dublin 8 '),
 ('119', 'field', '64', 'en_ie', ''),
 ('119', 'field', '61', 'en_ie', ' just a quick note to compliment and acknowledge the efforts of your team on the heuston station m s project these types of projects are not simple particularly from a co ordination view point but your team demonstrated professionalism and proactive thinking in dealing with any issue that arose and delivered the project on programme it has been great working with you right through the project and we look forward to working with sonica again in the future '),
 ('119', 'field', '62', 'en_ie', ' stephen crean linesight pm '),
 ('119', 'field', '58', 'en_ie', ' 200m2 '),
 ('119', 'field', '59', 'en_ie', ' 1 week pre construction 5 weeks on site '),
 ('119', 'slug', '0', 'en_ie', ' m s simply food '),
 ('119', 'title', '0', 'en_ie', ' m s simply food '),
 ('120', 'field', '57', 'en_ie', ' since entering the irish market in 2015 wipro have gone from strength to strength securing substantial projects for their ever increasing client base this success has been met with a rapid increase in head count and exponential office space requirement having just completed their initial 30k sq ft office in dublin s elm park in 2015 we were delighted to build upon and advance the great working relationship we had developed with both their international and local teams when they appointed us again as their turnkey d b fitout specialist for their new expansion offices in ballsbridge the brief was to capture the look and feel of what we had been previously delivered for them on the elm park project but to take that blue print and move it on to the next level again no easy task if you were to look at the completed space in elm park at 20k sq ft and running concurrently over two floors works were undertaken in a multi tenanted office development with continual intensive daily co ordination with the sitting campus management team added to the time sensitive nature of the project was the client s not to exceed occupation date which was a key consideration in our aggressive construction programme due to the high degree of cellularisation to form the various offices meeting spaces vc rooms executive boardrooms the mechanical scope required considerable addition to the primary landlord ventilation provisions via intensive upgrades modelling and building control integration the project scope also included a large specialist joinery component an extensive canteen space with exposed ceilings and feature lighting throughout bespoke reception area feature hard and soft floorings substantial active it solution a fully redundant it backbone install with ups back up to main comms room high end corporate level access control and security install a v delivery and a full furniture installation across the complete dual floor plate we wish wipro continued success in their newest home and look forward to representing them again in their next round of expansions '),
 ('120', 'field', '60', 'en_ie', ' sonica pm full design realisation and co ordination with international design team landlord approval and grant of licence to alter local design team appointment management as lead consultant complete project financial control package management client direct vendor engagement and management staff migration move management '),
 ('120', 'field', '63', 'en_ie', ''),
 ('120', 'field', '56', 'en_ie', ' ballsbridge '),
 ('120', 'field', '64', 'en_ie', ''),
 ('120', 'field', '61', 'en_ie', ' the bittersweet time has come to say thank you and farewell albeit for now to the formidable fantastic team that is sonica we can t thank you enough for your dedication enthusiasm and flexibility over the last year we have worked together through different time zones deadlines and at times style preferences to ultimately create two unique office environments which epitomise the spirit of wipro thanks for sharing your vision with us and for the friendship that we ve formed '),
 ('120', 'field', '62', 'en_ie', ' trish buckley admin manager wipro europe '),
 ('120', 'field', '58', 'en_ie', ' 2 000m2 '),
 ('120', 'field', '59', 'en_ie', ' 6 weeks design 4 weeks pre con 10 weeks on site '),
 ('120', 'slug', '0', 'en_ie', ' wipro '),
 ('120', 'title', '0', 'en_ie', ' wipro '),
 ('121', 'field', '57', 'en_ie', ' founded in 1987 anya hindmarch has grown into a global brand with more than 45 stores including flagship outlets in new york london tokyo and la known for blending wit and creativity with the finest craftsmanship and innovative leatherwork techniques they are stocked in many of the world s best retail stores from barney s in new york to boontheshop in korea following receipt of our outline brief we were appointed to create a unique bespoke new store for the brand in kildare village coupled with the strip out surrender and relocation of the existing store within the campus the new store was a complete turn key fitout from grey box to open for business the works comprised of new flooring details changing room marketing and sales displays and complete joinery coordination as well as mechanical and electrical installation the completed project reflects anya hindmarch s extraordinary identity with strong emphasis on minimalistic detail and a high level of finishes throughout '),
 ('121', 'field', '60', 'en_ie', ' extensive feature joinery package stunning solid oak herringbone flooring bespoke glazed partition solution m e and it upgrades throughout live building working environment turnkey furniture package and client migration '),
 ('121', 'field', '63', 'en_ie', ''),
 ('121', 'field', '56', 'en_ie', ' kildare village '),
 ('121', 'field', '64', 'en_ie', ''),
 ('121', 'field', '61', 'en_ie', ''),
 ('121', 'field', '62', 'en_ie', ''),
 ('121', 'field', '58', 'en_ie', ' 100m2 '),
 ('121', 'field', '59', 'en_ie', ' 1 week pre construction 8 weeks on site '),
 ('121', 'slug', '0', 'en_ie', ' anya hindmarch '),
 ('121', 'title', '0', 'en_ie', ' anya hindmarch '),
 ('122', 'field', '57', 'en_ie', ' we are delighted to showcase the successful completion of a new 30k sq ft corporate hq office in dublin s citywest business campus for a private sonica client the results of which are absolutely stunning our brief took the project from an existing landlord cat a finish which was fully stripped out to their fitted out corporate hq in 14 weeks from appointment works were undertaken in a multi tenanted office development with continual intensive daily co ordination with the sitting campus management team added to the time sensitive nature of the project was the client s not to exceed occupation date which was a key consideration in our aggressive construction programme due to the high degree of cellularisation to form the various offices meeting spaces and executive boardrooms the mechanical scope required considerable addition to the primary landlord ventilation provisions via intensive upgrades modelling and building control integration the project scope also included a large specialist joinery component an extensive town hall meeting space with feature exposed ceilings and feature lighting throughout bespoke reception area feature hard and soft floorings substantial active it solution a fully redundant it backbone install with ups back up to main comms room gymnasium installation high end corporate level access control and security install a v delivery and a full furniture installation across the complete floor plate '),
 ('122', 'field', '60', 'en_ie', ' design and ve development to suit budget parameters international collaboration with multiple project stakeholders co ordination with local team on relocation deliverables comms room commissioned and complete 2 weeks before handover to allow client it access '),
 ('122', 'field', '63', 'en_ie', ''),
 ('122', 'field', '56', 'en_ie', ' citywest '),
 ('122', 'field', '64', 'en_ie', ''),
 ('122', 'field', '61', 'en_ie', ''),
 ('122', 'field', '62', 'en_ie', ''),
 ('122', 'field', '58', 'en_ie', ' 3 000m2 '),
 ('122', 'field', '59', 'en_ie', ' 4 weeks pre construction 10 weeks on site '),
 ('122', 'slug', '0', 'en_ie', ' private client '),
 ('122', 'title', '0', 'en_ie', ' private client '),
 ('123', 'field', '57', 'en_ie', ' aig europe limited is a provider of innovative products and services including car property travel health and identity theft insurance products to more than half of the country s top 100 companies as well as many public and private sector organisations and tens of thousands of individuals they are also the proud main sponsor of the dublin gaa team backingeverystep working in their irish hq offices in the ifsc our brief comprised of the removal and replacement of the complete existing building ventilation system followed by retro install of a new ac system with associated architectural and electrical works the brief also included a full upgrade of all wcs throughout the building installation of new mechanical chilling plant at roof level a fixed line system for roof access landlord common area refurbishment and a complete re design and fitout of the 3rd floor office space all works were conducted within a live fully occupied building environment the new office design placed emphasis on increased team collaboration with all new open plan workstations meeting rooms offices boardrooms flexible spaces staff kitchens canteen areas breakout areas and a number of bespoke tech bars all part of the required brief effective use of space was an issue in the previous office so the new office was designed with ample storage capabilities to reduce clutter the overall look and feel of the completed offices are fresh professional and welcoming with spectacular views across dublin city the whole project was completed within the agreed tender time frame of 22 weeks '),
 ('123', 'field', '60', 'en_ie', ' variety of work settings and collaboration spaces extensive m e remodel upgrade high quality joinery works in fully occupied building over 5 floor plates management of client direct vendors into master programme of works '),
 ('123', 'field', '63', 'en_ie', ''),
 ('123', 'field', '56', 'en_ie', ' ifsc dublin '),
 ('123', 'field', '64', 'en_ie', ''),
 ('123', 'field', '61', 'en_ie', ' on behalf of the pm team i would like to convey our thanks to the sonica team for a job well done a special word of thanks to your construction manager ray mccaul for his 100% commitment in achieving pc this was a challenging project on a number of fronts and this achievement is not to be underestimated '),
 ('123', 'field', '62', 'en_ie', ' allan murphy director scott murphy client pm '),
 ('123', 'field', '58', 'en_ie', ' 8 000m2 '),
 ('123', 'field', '59', 'en_ie', ' 22 weeks on site '),
 ('123', 'slug', '0', 'en_ie', ' aig '),
 ('123', 'title', '0', 'en_ie', ' aig '),
 ('124', 'field', '57', 'en_ie', ' we are delighted to showcase the completion of our new head office in kingram place at the heart of fitzwilliam square in dublin city center works commenced in january 2016 and were completed in a hugely impressive 5 week programme led by our d b cm colin kirwan calling on our most trusted of trade contract partners we have succeeded in creating what we feel is an office that s truly worthy of the people that occupy it it is everything we are as a company unique unconventional unexpected refreshingly modern and forward thinking the fitout is nothing short of breath taking justin treacy and liat greenhot of rkd interiors have taken the vibrancy and energy of the sonica brand and brought it to life with a myriad of individual features and wonderful ideas from the floor to ceiling trapezoidal wall panelled boardroom to a 10m long 3 d snake bench with over 300 individually milled vertical components in the ops area there is simply nothing like it in the city we can t wait to show you around what is a great place to work and even better place to visit '),
 ('124', 'field', '60', 'en_ie', ' unique custom made trapezoidal boardroom wall panelling completely bespoke joinery throughout the entire office feature operator workstation desking storage units wifi controlled lighting control system for user defined mood and colour settings extensive graphics and artwork package custom laid vinyl plank flooring to feature guest reception complete a v solution to boardroom breakouts and reception '),
 ('124', 'field', '63', 'en_ie', ''),
 ('124', 'field', '56', 'en_ie', ' kingram place dublin 2 '),
 ('124', 'field', '64', 'en_ie', ''),
 ('124', 'field', '61', 'en_ie', ' this office is our showroom our statement of hey look what we can do and it does that all in spades we love seeing peoples reactions when they visit because they are just simply blown away with the ideas and concepts the intricacies of the work and the overall finished product in almost 20 years of fitout i m happy to say there is simply nothing like it anywhere else which is what we at sonica are all about '),
 ('124', 'field', '62', 'en_ie', ' donnacha neary managing director '),
 ('124', 'field', '58', 'en_ie', ' 350m2 '),
 ('124', 'field', '59', 'en_ie', ' 5 weeks on site '),
 ('124', 'slug', '0', 'en_ie', ' sonica fitout '),
 ('124', 'title', '0', 'en_ie', ' sonica fitout '),
 ('125', 'field', '57', 'en_ie', ' ellucian provide the software services and analytics needed to manage campus businesses faster easier and more effectively serving 2 400 institutions in 40 countries across the globe they selected sonica fitout as their partner for the fitout of their new irish hq in dublin the project commenced with the demolition and strip out of existing finishes and m e services on one of the upper floors of this multi tenanted fully occupied live building the pre planning and logistical management of this significant operation ran hand in hand with the simultaneous upfront procurement of specialist packages required for the fitout the intricate design of the space encompassed features on all flat surfaces from the multi layered flooring finishes to the varied hard and soft textures on partitions and walls throughout the open plan desking has privacy screens and operator chairs matched with selected fabrics to accentuate the colour scheme of the company s brand ceilings were a blend of exposed concrete slabs interspersed with raft formed lay in grids to pick out areas below a full m e it and a v brief fell under our remit with sonica also co ordinating the client furniture delivery load out and installation the completed space gives staff the use of finished huddle rooms spacious canteens and tea stations open collaboration areas v con rooms exec boardrooms and quiet cellular offices the project was delivered on programme and within the agreed contract sum more importantly it was a hugely enjoyable experience for us thanks to a fantastic client that empowered their design team to go big with their imagination and trusted us to realise their vision for the completed work space the end product is truly spectacular one that we are hugely proud of and delighted to show case '),
 ('125', 'field', '60', 'en_ie', ' substantial feature joinery package acoustically rated glazed partition solution with bespoke manifestations complete m e refit with data active it rewire part of brief multiple floor finishes hard and soft co ordination with sitting tennants and landlord teams all through construction snag free hand back '),
 ('125', 'field', '63', 'en_ie', ''),
 ('125', 'field', '56', 'en_ie', ' marine house dublin 2 '),
 ('125', 'field', '64', 'en_ie', ''),
 ('125', 'field', '61', 'en_ie', ' a very detailed piece of work taken on and delivered against an aggressive programme driven by our client s not to be missed occupational requirements you guys made it all look easy '),
 ('125', 'field', '62', 'en_ie', ' neil mcgovern project manager client rep jones lang lasalle '),
 ('125', 'field', '58', 'en_ie', ' 1000m2 floor plate '),
 ('125', 'field', '59', 'en_ie', ' 7 weeks on site from start to full client occupation '),
 ('125', 'slug', '0', 'en_ie', ' ellucian '),
 ('125', 'title', '0', 'en_ie', ' ellucian '),
 ('126', 'field', '57', 'en_ie', ' ticketmaster is the world s largest ticket distribution company providing event tickets for more than 10 000 promotors whose productions range from professional wrestling matches and rock concerts to broadway shows and operas our brief was to deliver a vibrant and invigorating work space for the company s employees at the new ticketmaster ireland hq the works entailed the fit out to an existing unit which involved strip out and demolitions of the previously occupied space the installation of all new wall partitions floor finishes internal decoration m e service installations and a complete office furniture solution the design of the working environment is predominantly open plan to allow for collaborative interaction and employee connectivity but strategically placed workstations and cellular meeting spaces ensure that teams retain their structure within the overall environment features of the design include a spacious staff kitchen and breakout area a specialised digital meeting training room boardroom numerous meeting rooms a secure ticket print store room and a reception area with bolon wall and bespoke desk in keeping with ticketmasters corporate brand identity large scale graphics fill the walls at every vantage point reinforcing the culture of the company and adding energy and colour to the space the project was delivered in 6 weeks following an accelerated pre construction and mobilisation period to meet the clients set in stone move in date '),
 ('126', 'field', '60', 'en_ie', ' bespoke specialised joinery with numerous unique finishes and materials international collaboration with ticket master s overseas steering group corporate signage brand identity management of client direct vend packages '),
 ('126', 'field', '63', 'en_ie', ''),
 ('126', 'field', '56', 'en_ie', ' grafton house grafton street '),
 ('126', 'field', '64', 'en_ie', ''),
 ('126', 'field', '61', 'en_ie', ''),
 ('126', 'field', '62', 'en_ie', ''),
 ('126', 'field', '58', 'en_ie', ' 600m2 '),
 ('126', 'field', '59', 'en_ie', ' 2 weeks pre con 6 weeks on site '),
 ('126', 'slug', '0', 'en_ie', ' ticket master '),
 ('126', 'title', '0', 'en_ie', ' ticket master '),
 ('127', 'field', '57', 'en_ie', ' wipro ltd is a global information technology consulting and outsourcing company with 158 217 employees serving clients in 175 cities across 6 continents the company posted revenues of $7 5 billion for the financial year ended mar 31 2015 following their announcement to move into the irish market they selected sonica as their turn key d b contractor for the design and fitout of their new 240 seater office in the spectacular elm park oba in dublin our design and build brief took the project from initial space planning for lease negotiation to landlord consent phase through to detailed design costing planning constructing and overall hand back the complete project life cycle managed from start to finish by sonica works were undertaken in the top 3 floors of the oba building with management of logistics and daily co ordination with the sitting building management team a key consideration in the development of our aggressive construction programme a high degree of cellularisation in forming the various manager offices meeting spaces huddle rooms and executive boardrooms required considerable addition to the landlords naturally conditioned eco building ventilation strategy via intensive modelling and bms integration the project scope also included a large specialist joinery component stone flooring substantial active it solution a fully redundant it backbone install comms room ups digital monitoring building security a v delivery and a complete furniture installation across 3 floor plates the project was run with fully transparent financials with the client retaining all expenditure authorisation throughout the build process via their internationally issued po s the completed works were delivered below the original approved budget tabled at design completion stage ');
INSERT INTO `craft_searchindex` (`elementId`, `attribute`, `fieldId`, `locale`, `keywords`) VALUES
 ('127', 'field', '60', 'en_ie', ' international collaboration at design phase to achieve client design goals open plan financials with project delivered on time and below budget comms room commissioned and complete 3 weeks before handover to allow client it access client direct vendors were managed into our overall programme to ensure complete co ordination of overall project completion '),
 ('127', 'field', '63', 'en_ie', ''),
 ('127', 'field', '56', 'en_ie', ' elm park dublin '),
 ('127', 'field', '64', 'en_ie', ''),
 ('127', 'field', '61', 'en_ie', ' every member of their project delivery team remained a hugely visible resource to us all through the complete project life cycle and the final results speak for themselves we cannot speak highly enough of the manner in which they completed this project '),
 ('127', 'field', '62', 'en_ie', ' paul quinn bkd architects '),
 ('127', 'field', '58', 'en_ie', ' 3 000m2 '),
 ('127', 'field', '59', 'en_ie', ' 6 weeks design 8 weeks on site '),
 ('127', 'slug', '0', 'en_ie', ' wipro '),
 ('127', 'title', '0', 'en_ie', ' wipro '),
 ('128', 'field', '57', 'en_ie', ' blackrock is trusted to manage more money than any other investment firm with over 135 teams in 30 countries sharing their best thinking to seek better returns for their clients as the worlds largest investor they currently manage in excess of 7 700 portfolios comprising $4 72t of assets following the expansion of their irish team they selected sonica as main contractor for their office relocation project as they transferred their dublin operation from barrow st to larger offices in ballsbridge our brief took the project from an empty grey box to their fully fitted out corporate hq in 14 weeks from appointment works were undertaken in a multi tenanted fully occupied building with continual intensive daily co ordination with the sitting building management team and other tenants a key consideration in the development of our aggressive construction programme due to the high degree of cellularisation to form the various manager offices meeting spaces and executive boardrooms the mechanical scope required considerable addition to the primary landlord ventilation provisions via intensive upgrades modelling and bms integration the project scope also included a large specialist joinery component a bespoke reception area feature hard and soft floorings substantial active it solution a fully redundant it backbone install comms room ups downflow a c programmable scada digital monitoring high end corporate level access control and security install a v delivery and a full furniture installation across the complete floor plate all works were completed on time against an aggressive delivery programme and within the agreed budget parameters '),
 ('128', 'field', '60', 'en_ie', ' international collaboration with uk led design team co ordination with sitting tenants and landlord teams throughout the construction period comms room commissioned and complete 2 weeks before handover to allow client it access client direct vendors were managed into our overall programme to ensure complete co ordination of the overall project completion '),
 ('128', 'field', '63', 'en_ie', ''),
 ('128', 'field', '56', 'en_ie', ' ballsbridge '),
 ('128', 'field', '64', 'en_ie', ''),
 ('128', 'field', '61', 'en_ie', ''),
 ('128', 'field', '62', 'en_ie', ''),
 ('128', 'field', '58', 'en_ie', ' 1 000m2 '),
 ('128', 'field', '59', 'en_ie', ' 4 weeks pre con 10 weeks on site '),
 ('128', 'slug', '0', 'en_ie', ' blackrock investments '),
 ('128', 'title', '0', 'en_ie', ' blackrock investments '),
 ('129', 'field', '57', 'en_ie', ' nissan has been at the forefront of the irish motor industry since their arrival into ireland in 1977 a feat that is achieved by a potent combination of aggressive sales and marketing strategies coupled with an extremely strong customer service philosophy as part of their continual commitment to maintaining top end customer experiences in their network of dealer garages the company embarked on a programme of refurbishment on four of their flag ship premises in deansgrange liffey valley airside swords and tallaght we were delighted to be selected by nissan and their extended professional team to carry out this exciting multi location works programme the works centred on the strip out and replacement of key features and finishes in the existing garages to raise their already impressive profiles this was achieved by the introduction of a new bespoke a v installation a feature lighting overhaul addition of glazed meeting rooms for customer interaction a total hard flooring uplift and replacement new joinery soft furnishings and a full redecoration to create a completely new look and feel the biggest challenge was to carry out these works against 4 separate and standalone aggressive installation programmes whilst the garages remained open for business during the refurbishment process it is a testament to the on site management from the sonica operations team that the projects were not only all completed on time but the positive impact achieved through the high quality of the finished works exceeded nissan s initial expectations for these flag ship finished garages '),
 ('129', 'field', '60', 'en_ie', ' full strip out of existing finishes carried out inside live working garages substantial out of hours working to facilitate sales operations co ordination of client direct international suppliers phased programming to allow staggered completion of garages '),
 ('129', 'field', '63', 'en_ie', ''),
 ('129', 'field', '56', 'en_ie', ' dublin '),
 ('129', 'field', '64', 'en_ie', ''),
 ('129', 'field', '61', 'en_ie', ' we developed a very good relationship with sonica during the course of our recent multi location refurbishments we felt that the lines of communication were always open their team were very responsive to our various queries whilst remaining extremely flexible but most importantly they shared our passion and commitment for the project at hand we are simply delighted with the final product '),
 ('129', 'field', '62', 'en_ie', ' ian moran group financial accountant '),
 ('129', 'field', '58', 'en_ie', ' 4 no garages of 1500m2 each '),
 ('129', 'field', '59', 'en_ie', ' 4 weeks per garage 16 week overall programme '),
 ('129', 'slug', '0', 'en_ie', ' nissan '),
 ('129', 'title', '0', 'en_ie', ' nissan '),
 ('130', 'field', '57', 'en_ie', ' our client is one of ireland s leading providers of advanced information technology products services and business consulting expertise they are dedicated to helping their clients innovate and succeed through the end to end transformation of their business models and the application of innovative technology and business solutions our brief comprised of the creation of a new customer experience room at their main operations facility in dublin works were undertaken within this heavily occupied building with continual intensive daily co ordination with the on site building management team the existing space was previously used as a games area the new fit out required strip out of all existing finishes to provide a significant av installation to the room together with extensive modifications to the street circulation and access areas an associated av room and store room was also constructed the finished product is a sleek modern fitout and the use of corporate colours throughout the design is a bold injection into what was previosuly a neutral space some highly technical features on the project included a bespoke free standing feature wall that was constructed with a steel frame and wrapped in toughened back painted glass to act as a divider in the room to separate the space a custom built curved glass ramp was also provided and hanging feature oval lights are an uplifting addition the project was completed within the agreed tender time frame of 5 weeks '),
 ('130', 'field', '60', 'en_ie', ' bespoke free standing feature wall specialist feature lighting hi tech av interactive and communications systems curved glass access ramp '),
 ('130', 'field', '63', 'en_ie', ''),
 ('130', 'field', '56', 'en_ie', ' dublin '),
 ('130', 'field', '64', 'en_ie', ''),
 ('130', 'field', '61', 'en_ie', ''),
 ('130', 'field', '62', 'en_ie', ''),
 ('130', 'field', '58', 'en_ie', ' 150m2 '),
 ('130', 'field', '59', 'en_ie', ' 5 weeks on site '),
 ('130', 'slug', '0', 'en_ie', ' private client '),
 ('130', 'title', '0', 'en_ie', ' private client '),
 ('131', 'field', '57', 'en_ie', ' spread over 4 floors works ran concurrently in ireland s no 1 tourist attraction a building with 5 000 visitors daily individual work areas were the visitor experience center group orientation area arthur guinness room business center refurbishment project taste experience arrol bar refurbishment red jacket retail fitout ground floor signature st james s gate replica and a full mezzanine retail area re fit project taste included conceptual scent oscillator columns developed and designed specifically for the new taste experience exhibition the main ingredients used to brew guinness were vaporized to enhance the overall visitor sensory experience in tasting the beer interactive a v screens in the arthur guinness room that speak to visitors as they pass screen chassis s concealed within feature wall paneling and triggered from ceiling disguised presence detectors a full size replica of the iconic st james s gate was installed in the main ground floor visitor reception area restoration of historic guinness photography for scanning and printing onto full size extended wall murals installed in the group reception area millwork fabricated from reclaimed sources to preserve the antique feel of several feature joinery pieces '),
 ('131', 'field', '60', 'en_ie', ' multi trade interaction and co ordination management of incumbent contractors within main fitout programme extensive ooh works to accommodate visitor traffic concept design development interaction with several design teams across concurrent projects '),
 ('131', 'field', '63', 'en_ie', ''),
 ('131', 'field', '56', 'en_ie', ' st james s gate dublin 8 '),
 ('131', 'field', '64', 'en_ie', ''),
 ('131', 'field', '61', 'en_ie', ' we wanted this scheme to become the best place to taste guiness worldwide the outcome conceived and developed by your installation team is simply outstanding it has exceeded all my expectations i love taste but more importantly our visitors love it '),
 ('131', 'field', '62', 'en_ie', ' paul carthy managing director guinness storehouse '),
 ('131', 'field', '58', 'en_ie', ' multiple individual work areas spread over 4 separate floors '),
 ('131', 'field', '59', 'en_ie', ' 22 weeks on site '),
 ('131', 'slug', '0', 'en_ie', ' guinness storehouse '),
 ('131', 'title', '0', 'en_ie', ' guinness storehouse '),
 ('132', 'field', '57', 'en_ie', ' having only formed in 2013 fitter faster stronger ffs is now widely regarded as the pre eminent strength metabolic conditioning and functional training facility in the capital founded by rory mcinerney and ciaran ruddock they have already cultivated a unique brand a large twitter following and a dedicated membership that has christened their training facility the home of hard work as part of their expansion and continual brand development we were hugely enthusiastic to be engaged for their gym refurbishment project on leeson st with three of the senior sonica management staff already dedicated members of the gym we were delighted to be able to offer some of our expertise back in return for the countless hours of training and coaching we had received from the ffs team the brief was to draw heavily from the already established branding and colouring of the ffs logo and transfer that strength of identity into the various training areas of the gym the results are clean sharp surfaces throughout with extensive motivational branding calls to action '),
 ('132', 'field', '60', 'en_ie', ' concept development design and off site fabrication extensive branding and signage bespoke branded cabinetry and joinery feature gym flooring '),
 ('132', 'field', '63', 'en_ie', ''),
 ('132', 'field', '56', 'en_ie', ' leeson street '),
 ('132', 'field', '64', 'en_ie', ''),
 ('132', 'field', '61', 'en_ie', ' the level of professionalism and proficiency astounded us on this project the entire revamp was completed on an aggressive timeline a 36 hour period in order to minimise downtime for our clients the team at ffs are all delighted with a gym that is now more functional but also looks awesome '),
 ('132', 'field', '62', 'en_ie', ' rory mcinerney managing director ffs '),
 ('132', 'field', '58', 'en_ie', ' basement area city centre location '),
 ('132', 'field', '59', 'en_ie', ' the project was fully designed and off site fabricated assembly occurred on site over a single out of hours weekend to accommodate the extensive gym class schedule '),
 ('132', 'slug', '0', 'en_ie', ' fitter faster stronger '),
 ('132', 'title', '0', 'en_ie', ' fitter faster stronger '),
 ('133', 'field', '57', 'en_ie', ' landlord refurbishment project to recondition the building atrium and main reception all lift cores common areas bathrooms and staircores spread over 6 floors in a live occupied working environment works also extended to the complete demolition and refitting of the ground floor open plan offices to act as the building marketing suite formation of ground floor meeting rooms for anchor tenant specifically designed for maximum privacy with increased acoustic properties reflooring complete atrium with new stone tiling all works carried out by nights to minimize disruption to existing tenants installation of new enlarged multi operator reception desk double height feature atrium wall paneling and glazing building fabric surveying and development of repair and maintenance programme installation of new security speed lanes with supply of access control systems tailored to multitenant multi card operation complete m e brief to include all services associated with bathroom and shower upgrades a c to open plan offices and power upgrades to suit new tenancy requirements '),
 ('133', 'field', '60', 'en_ie', ' landlord tennant liaison in programme development large proportion of works undertaken out of hours feature package design development with architect to align with budget provisions interfacing with multiple stake holders '),
 ('133', 'field', '63', 'en_ie', ''),
 ('133', 'field', '56', 'en_ie', ' sweepstakes building dublin 4 '),
 ('133', 'field', '64', 'en_ie', ''),
 ('133', 'field', '61', 'en_ie', ' we were very impressed by the manner in which you undertook the project and advanced your works nothing was ever an issue no was never an answer '),
 ('133', 'field', '62', 'en_ie', ' frank doyle studio 3 architects '),
 ('133', 'field', '58', 'en_ie', ' multiple individual work areas spread over 6 separate floors '),
 ('133', 'field', '59', 'en_ie', ' 14 weeks on site '),
 ('133', 'slug', '0', 'en_ie', ' ballsbridge park '),
 ('133', 'title', '0', 'en_ie', ' ballsbridge park '),
 ('134', 'field', '57', 'en_ie', ' design and build project from initial space planning for lease negotiation to landlord consent phase through to detailed design costing planning constructing and overall hand back the complete project life cycle managed from start to finish by sonica open plan spaces were developed off the client s international office templates with the expressed requirement to improve existing flow and promote productivity our designers took the starting point from a dubai based plan and streamlined it into an improved dublin model to achieve these goals works were undertaken inside a 12 storey multi tenanted building management of logistics and daily co ordination with the sitting building management team was a key consideration in the development of our aggressive construction programme which was led by client early occupational requirements a high degree of cellularisation in the offices required considerable addition to the landlord provided a c and lighting control systems these a c lighting upgrades were carried out to provide local dedicated user defined control and were simultaneously linked back to the head end bms system for landlord energy monitoring the project was run as an open book management contract with the client retaining all expenditure authorization throughout the build process the completed works were delivered below the original approved budget tabled at design completion stage '),
 ('134', 'field', '60', 'en_ie', ' international collaboration at design phase to achieve client design goals open plan financials with project delivered on time and below budget comms room commissioned and complete 3 weeks before handover to allow client it access client direct vendors were managed into our overall programme to ensure complete co ordination of overall project completion '),
 ('134', 'field', '63', 'en_ie', ''),
 ('134', 'field', '56', 'en_ie', ' custom house quay dublin 2 '),
 ('134', 'field', '64', 'en_ie', ''),
 ('134', 'field', '61', 'en_ie', ' from initial meeting to final handback we knew that in sonica fitout we had a design build contractor that could translate the multi faceted requirements of our business needs into a single co ordinated and stream lined project action plan they listened they advised and they delivered a space that has gone way beyoned all of our expectations '),
 ('134', 'field', '62', 'en_ie', ' elisha o keeffe aspen pharma ireland '),
 ('134', 'field', '58', 'en_ie', ' 750m2 '),
 ('134', 'field', '59', 'en_ie', ' 8 weeks on site '),
 ('134', 'slug', '0', 'en_ie', ' aspen pharma '),
 ('134', 'title', '0', 'en_ie', ' aspen pharma '),
 ('135', 'field', '57', 'en_ie', ' the brief was to capture the vibrancy and energy of the sonica fitout brand while showcasing our talent for design and fitout the completed office had to deliver a working area that would encourage open collaboration between departments and provide an environment where staff could discuss fresh ideas and develop new systems the company branding and instantly recognisable sonica rainbow colouring were used as the central theme in the fitout with graphics and murals developed specifically to enhance the fabrics wall and floor colorings used throughout staff client individuality was celebrated with offices and meeting rooms designed with personality the canteen has a catch phrase wall dedicated to valued company friend the sauna styled collab room succeeds in forming the central hub a place we gravitate to for both informal internal meetings and tgi friday beers the strong room is a do not disturb zone where we can go to crash out a tender or just think in peace and quiet our client s love it too we ve lost track of the amount of people that have called in to us just to hang out and to make sure they get their names onto the sonica tube map '),
 ('135', 'field', '60', 'en_ie', ' sauna style collab area extensive bespoke murals and wall art feature wall tiling and lighting throughout executive boardroom with full a v strong room phone free zone for thinking '),
 ('135', 'field', '63', 'en_ie', ''),
 ('135', 'field', '56', 'en_ie', ' 10 12 hogan place dublin 2 '),
 ('135', 'field', '64', 'en_ie', ''),
 ('135', 'field', '61', 'en_ie', ' it s a really nice space an office we all feel comfortable in a place we love to work in our home away from home '),
 ('135', 'field', '62', 'en_ie', ' donnacha neary md sonica fitout '),
 ('135', 'field', '58', 'en_ie', ' 300m2 '),
 ('135', 'field', '59', 'en_ie', ' 3 weeks on site '),
 ('135', 'slug', '0', 'en_ie', ' sonica hq '),
 ('135', 'title', '0', 'en_ie', ' sonica hq '),
 ('136', 'field', '57', 'en_ie', ' over 11 000 companies worldwide rely on axway for their b2b software solutions axway relied on just one sonica fitout for their new dublin hq office fitout sonica appointed the architectural and m e design teams and also acted as traditional main contractor for the fitout with responsibility for overall design verification and certification of the m e systems works involved the full strip out of the existing floor plate in preparation for the formation of open plan offices manager cellular offices boardroom facilities with full a v capability new staff canteen comms room bathrooms staff shower rooms sonica also engaged a graphic design company to develop wall art and murals throughout the office space that reflected the company s vision and message works were conducted on the 1st floor of investment house in dublin a multi tenanted fully occupied live office block with all logistics for these operations managed by the sonica site team '),
 ('136', 'field', '60', 'en_ie', ' full bathroom and shower room installations extensive graphics and wall art design lead role in design verification and certification aggressive programme delivered in a fully occupied multi tennanted environment ');
INSERT INTO `craft_searchindex` (`elementId`, `attribute`, `fieldId`, `locale`, `keywords`) VALUES
 ('136', 'field', '63', 'en_ie', ''),
 ('136', 'field', '56', 'en_ie', ' pembroke street upper dublin '),
 ('136', 'field', '64', 'en_ie', ''),
 ('136', 'field', '61', 'en_ie', ' to invest our time best in on our role as client representatives we need a contractor that makes the successful completion of the project their main and only focus we get that every time we work with sonica it makes the whole process a pleasure for all concerned '),
 ('136', 'field', '62', 'en_ie', ' andrew mccracken director jones lang lasalle '),
 ('136', 'field', '58', 'en_ie', ' 1200m2 '),
 ('136', 'field', '59', 'en_ie', ' 8 weeks on site '),
 ('136', 'slug', '0', 'en_ie', ' axway '),
 ('136', 'title', '0', 'en_ie', ' axway '),
 ('137', 'field', '57', 'en_ie', ' since their formation in 2001 allied world have built a reputation as a strong supplier of insurance and reinsurance solutions globally with a worldwide network of offices and a nyse listing appointed as main contractor sonica s brief was to modernize allied s existing dublin office while they remained in situ during the course of the works the phased approach to the process involved meticulous planning with allied s appointed management team so that the overall programme could be broken down into daily milestones the scope involved increasing the level of open plan allowances in the space via removal of existing cellular offices m e augmentations to supplement the additional head count new canteen facilities meeting facilities floor finishes and a complete workstation package renewal the bulk of the works were conducted outside of normal office hours to minimize the impact to the client s day to day operations with the sonica site team delivering against every milestone in the process from start to finish '),
 ('137', 'field', '60', 'en_ie', ' in depth planning for substantial out of hours workscope upgraded m e for increased staff head count re cellularisation of manager offices and meeting rooms full new staff canteen facilities '),
 ('137', 'field', '63', 'en_ie', ''),
 ('137', 'field', '56', 'en_ie', ' custom house quay dublin 2 '),
 ('137', 'field', '64', 'en_ie', ''),
 ('137', 'field', '61', 'en_ie', ' you kept us informed through the whole process we knew what was happening when it was happening what task was next in the chain and when it was successfully completed we always felt like we were in good hands '),
 ('137', 'field', '62', 'en_ie', ' aideen quinn vp for hr europe asia allied world '),
 ('137', 'field', '58', 'en_ie', ' 800m2 '),
 ('137', 'field', '59', 'en_ie', ' 8 weeks on site '),
 ('137', 'slug', '0', 'en_ie', ' allied world '),
 ('137', 'title', '0', 'en_ie', ' allied world '),
 ('138', 'field', '57', 'en_ie', ' sonica acted as traditional main contractor for the fitout of sca ireland s new offices with responsibility for design and certification of the m e systems forming part of the overall brief taken from landlord cat a condition works involved formation of open plan offices manager cellular offices boardroom facilities with full a v capability new staff canteen post room store rooms we also had responsibility for securing landlord consent for the m e alterations involved in supplementing and modifying the a c and lighting control systems to suit our finalized layouts '),
 ('138', 'field', '60', 'en_ie', ' buzzifelt feature acoustic attenuation feature graphics and wall murals m e design and build management of client direct furniture vendor landlord consent applications '),
 ('138', 'field', '63', 'en_ie', ''),
 ('138', 'field', '56', 'en_ie', ' blanchardstown corporate park 2 dublin 15 '),
 ('138', 'field', '64', 'en_ie', ''),
 ('138', 'field', '61', 'en_ie', ' we have been very impressed with your company s overall professionalism from the cleanliness of the site management of contractors general can do attitude and most importantly the ahead of schedule completion of the job the new office looks fantastic and the whole team are looking forward to moving into their new home '),
 ('138', 'field', '62', 'en_ie', ' simon pickering sca tork '),
 ('138', 'field', '58', 'en_ie', ' 400m2 '),
 ('138', 'field', '59', 'en_ie', ' 4 weeks on site '),
 ('138', 'slug', '0', 'en_ie', ' sca '),
 ('138', 'title', '0', 'en_ie', ' sca '),
 ('139', 'field', '57', 'en_ie', ' cartrawler provides travel related retailers with a fully managed gateway to over 800 car rental agents at 30 000 locations in 174 different countries sonica completed the fitout of their new offices in dublin comprising cellular offices meeting rooms staff canteens an all hands town hall meeting area chill out room and open plan workspace to accommodate up to 235 staff m e works were carried out under a domestic sub contract with sonica offering a turn key project developed from initial tender drawings and specifications works involved supplementing the landlord a c systems a full data installation to a central comms room electrical power distribution to desk mounted furniture solution and full lighting augmentation to include scene setting in selected areas '),
 ('139', 'field', '60', 'en_ie', ''),
 ('139', 'field', '63', 'en_ie', ''),
 ('139', 'field', '56', 'en_ie', ' dundrum business park dublin 14 '),
 ('139', 'field', '64', 'en_ie', ''),
 ('139', 'field', '61', 'en_ie', ' you took the stress out of the whole process for us the fitout was handed over as we wanted it when we wanted it '),
 ('139', 'field', '62', 'en_ie', ' lynsey egan cartrawler '),
 ('139', 'field', '58', 'en_ie', ' 1 200m2 '),
 ('139', 'field', '59', 'en_ie', ' 8 weeks on site '),
 ('139', 'slug', '0', 'en_ie', ' cartrawler '),
 ('139', 'title', '0', 'en_ie', ' cartrawler '),
 ('140', 'field', '57', 'en_ie', ' when relocating from their home of c 20 years on dublin s st stephen s green lisney appointed sonica to act as their main contractor and partner to deliver their modern new office space over two floors on earlsfort terrace works involved the strip out of 2 existing floors in the building in preparation for the new office layouts the first floor was fitted out as the corporate reception and meeting space a place for lisney to receive their clients hold large meetings and conduct auctions the second floor comprised the open plan office space internal meeting space staff canteen facilities file storage and desking for 80 staff members works were conducted on the upper floors of st stephens green house a multi tenanted office block with all logistics and day to day site issues managed by the on site sonica operations team '),
 ('140', 'field', '60', 'en_ie', ' high end corporate reception area stone flooring and bespoke branded joinery management of client direct furniture and a v vendors aggressive programme delivered in multi tenanted building '),
 ('140', 'field', '63', 'en_ie', ''),
 ('140', 'field', '56', 'en_ie', ' earlsford terrance dublin 4 '),
 ('140', 'field', '64', 'en_ie', ''),
 ('140', 'field', '61', 'en_ie', ' your staff were exceptionally courteous to all our sitting building tenants through the whole fitout process we hardly noticed you were even here '),
 ('140', 'field', '62', 'en_ie', ' david hogan ssg building manager '),
 ('140', 'field', '58', 'en_ie', ' 1200m2 '),
 ('140', 'field', '59', 'en_ie', ' 8 weeks onsite '),
 ('140', 'slug', '0', 'en_ie', ' lisney '),
 ('140', 'title', '0', 'en_ie', ' lisney '),
 ('141', 'field', '57', 'en_ie', ' founded in 2002 apollo aviation group is a multi strategy alternative investment firm specializing in commercial aviation investing creating and extracting value by investing in mid life and mature commercial aircraft and engines sonica were appointed as traditional main contractor for the fitout which was carried out on the top floor of connaught house the exclusive multi tenanted corporate hq building off mespil road in dublin 2 with stunning views over dublin the works involved the complete strip out of the existing finishes in preparation for the new apollo layouts several key building features were identified to be retained and incorporated within the completed office works all others were promptly cleared in the opening days on site the completed offices comprise open plan work areas cellular offices and meeting rooms a bespoke client reception area staff canteen break out area full data rewire back to a new comms room complete a v vc installation and a thorough m e upgrade to accommodate the new layouts working on the top floor of one of the most prestigious buildings in dublin presented it s own challenges but through the daily co ordination and management of works by the sitting sonica site team the project ran smoothly for start to finish the completed office is considered by the professional team as one of the finest small office fitout examples conducted in dublin in recent years '),
 ('141', 'field', '60', 'en_ie', ' bespoke joinery installations to client reception area corporate meeting space identification retention and re use of core building fabrics to augment the fitout complete m e overhaul to suit new office layouts intense co ordination with sitting building management through the fitout process '),
 ('141', 'field', '63', 'en_ie', ''),
 ('141', 'field', '56', 'en_ie', ' connaught house burlington road dublin 4 '),
 ('141', 'field', '64', 'en_ie', ''),
 ('141', 'field', '61', 'en_ie', ' very easy to work with and extremely professional from start to finish completed the job to a very high quality on time and within budget couldn t ask for any more '),
 ('141', 'field', '62', 'en_ie', ' marcus miller vp dublin operations apollo aviation '),
 ('141', 'field', '58', 'en_ie', ' 1000m2 '),
 ('141', 'field', '59', 'en_ie', ' 8 weeks on site '),
 ('141', 'slug', '0', 'en_ie', ' apollo aviation '),
 ('141', 'title', '0', 'en_ie', ' apollo aviation '),
 ('142', 'filename', '0', 'en_ie', ' team csv '),
 ('142', 'extension', '0', 'en_ie', ' csv '),
 ('142', 'kind', '0', 'en_ie', ' unknown '),
 ('142', 'slug', '0', 'en_ie', ' team '),
 ('142', 'title', '0', 'en_ie', ' team ');



DROP TABLE IF EXISTS `craft_sections`;


--
-- Schema for table `craft_sections`
--
CREATE TABLE `craft_sections` (
  `id` int(11) NOT NULL AUTO_INCREMENT,
  `structureId` int(11) DEFAULT NULL,
  `name` varchar(255) COLLATE utf8_unicode_ci NOT NULL,
  `handle` varchar(255) COLLATE utf8_unicode_ci NOT NULL,
  `type` enum('single','channel','structure') COLLATE utf8_unicode_ci NOT NULL DEFAULT 'channel',
  `hasUrls` tinyint(1) unsigned NOT NULL DEFAULT '1',
  `template` varchar(500) COLLATE utf8_unicode_ci DEFAULT NULL,
  `enableVersioning` tinyint(1) unsigned NOT NULL DEFAULT '0',
  `dateCreated` datetime NOT NULL,
  `dateUpdated` datetime NOT NULL,
  `uid` char(36) COLLATE utf8_unicode_ci NOT NULL DEFAULT '0',
  PRIMARY KEY (`id`),
  UNIQUE KEY `craft_sections_name_unq_idx` (`name`),
  UNIQUE KEY `craft_sections_handle_unq_idx` (`handle`),
  KEY `craft_sections_structureId_fk` (`structureId`)
) ENGINE=InnoDB AUTO_INCREMENT=18 DEFAULT CHARSET=utf8 COLLATE=utf8_unicode_ci;

--
-- Data for table `craft_sections`
--

INSERT INTO `craft_sections` (`id`, `structureId`, `name`, `handle`, `type`, `hasUrls`, `template`, `enableVersioning`, `dateCreated`, `dateUpdated`, `uid`) VALUES
 ('16', '9', 'Case Studies', 'caseStudies', 'structure', '1', 'case-studies/_entry', '1', '2018-02-15 17:36:14', '2018-02-15 17:36:14', '08b805f2-5b25-4caf-8507-18ca143c6fb4'),
 ('17', '10', 'Team', 'team', 'structure', '1', 'team/_entry', '1', '2018-02-15 17:36:26', '2018-02-15 17:36:26', 'f57118ca-9dc3-4568-89a5-a9b1e59dbaab');



DROP TABLE IF EXISTS `craft_sections_i18n`;


--
-- Schema for table `craft_sections_i18n`
--
CREATE TABLE `craft_sections_i18n` (
  `id` int(11) NOT NULL AUTO_INCREMENT,
  `sectionId` int(11) NOT NULL,
  `locale` char(12) COLLATE utf8_unicode_ci NOT NULL,
  `enabledByDefault` tinyint(1) unsigned NOT NULL DEFAULT '1',
  `urlFormat` text COLLATE utf8_unicode_ci,
  `nestedUrlFormat` text COLLATE utf8_unicode_ci,
  `dateCreated` datetime NOT NULL,
  `dateUpdated` datetime NOT NULL,
  `uid` char(36) COLLATE utf8_unicode_ci NOT NULL DEFAULT '0',
  PRIMARY KEY (`id`),
  UNIQUE KEY `craft_sections_i18n_sectionId_locale_unq_idx` (`sectionId`,`locale`),
  KEY `craft_sections_i18n_locale_fk` (`locale`)
) ENGINE=InnoDB AUTO_INCREMENT=18 DEFAULT CHARSET=utf8 COLLATE=utf8_unicode_ci;

--
-- Data for table `craft_sections_i18n`
--

INSERT INTO `craft_sections_i18n` (`id`, `sectionId`, `locale`, `enabledByDefault`, `urlFormat`, `nestedUrlFormat`, `dateCreated`, `dateUpdated`, `uid`) VALUES
 ('16', '16', 'en_ie', '1', 'case-studies/{slug}', '{parent.uri}/{slug}', '2018-02-15 17:36:14', '2018-02-15 17:36:14', '8fdbcc3b-655b-404b-8157-3b142c0fc02a'),
 ('17', '17', 'en_ie', '1', 'team/{slug}', '{parent.uri}/{slug}', '2018-02-15 17:36:26', '2018-02-15 17:36:26', 'f3dcf3ee-76c6-4001-9ad5-01fdcb641156');



DROP TABLE IF EXISTS `craft_seomatic_meta`;


--
-- Schema for table `craft_seomatic_meta`
--
CREATE TABLE `craft_seomatic_meta` (
  `id` int(11) NOT NULL,
  `seoImageId` int(11) DEFAULT NULL,
  `seoTwitterImageId` int(11) DEFAULT NULL,
  `seoFacebookImageId` int(11) DEFAULT NULL,
  `locale` varchar(255) COLLATE utf8_unicode_ci DEFAULT 'en_ie',
  `elementId` int(10) DEFAULT '0',
  `metaType` enum('default','template') COLLATE utf8_unicode_ci DEFAULT 'template',
  `metaPath` varchar(255) COLLATE utf8_unicode_ci DEFAULT '',
  `seoMainEntityCategory` varchar(255) COLLATE utf8_unicode_ci DEFAULT '',
  `seoMainEntityOfPage` varchar(255) COLLATE utf8_unicode_ci DEFAULT '',
  `seoTitle` varchar(255) COLLATE utf8_unicode_ci DEFAULT '',
  `seoDescription` varchar(255) COLLATE utf8_unicode_ci DEFAULT '',
  `seoKeywords` varchar(255) COLLATE utf8_unicode_ci DEFAULT '',
  `seoImageTransform` varchar(255) COLLATE utf8_unicode_ci DEFAULT '',
  `seoFacebookImageTransform` varchar(255) COLLATE utf8_unicode_ci DEFAULT '',
  `seoTwitterImageTransform` varchar(255) COLLATE utf8_unicode_ci DEFAULT '',
  `twitterCardType` varchar(255) COLLATE utf8_unicode_ci DEFAULT 'summary',
  `openGraphType` varchar(255) COLLATE utf8_unicode_ci DEFAULT 'website',
  `robots` varchar(255) COLLATE utf8_unicode_ci DEFAULT '',
  `dateCreated` datetime NOT NULL,
  `dateUpdated` datetime NOT NULL,
  `uid` char(36) COLLATE utf8_unicode_ci NOT NULL DEFAULT '0',
  PRIMARY KEY (`id`),
  KEY `craft_seomatic_meta_seoImageId_fk` (`seoImageId`),
  KEY `craft_seomatic_meta_seoTwitterImageId_fk` (`seoTwitterImageId`),
  KEY `craft_seomatic_meta_seoFacebookImageId_fk` (`seoFacebookImageId`)
) ENGINE=InnoDB DEFAULT CHARSET=utf8 COLLATE=utf8_unicode_ci;

DROP TABLE IF EXISTS `craft_seomatic_settings`;


--
-- Schema for table `craft_seomatic_settings`
--
CREATE TABLE `craft_seomatic_settings` (
  `id` int(11) NOT NULL AUTO_INCREMENT,
  `siteSeoImageId` int(11) DEFAULT NULL,
  `siteSeoTwitterImageId` int(11) DEFAULT NULL,
  `siteSeoFacebookImageId` int(11) DEFAULT NULL,
  `genericOwnerImageId` int(11) DEFAULT NULL,
  `genericCreatorImageId` int(11) DEFAULT NULL,
  `locale` varchar(255) COLLATE utf8_unicode_ci DEFAULT '',
  `siteSeoName` varchar(255) COLLATE utf8_unicode_ci DEFAULT '',
  `siteSeoTitle` varchar(255) COLLATE utf8_unicode_ci DEFAULT '',
  `siteSeoTitleSeparator` varchar(10) COLLATE utf8_unicode_ci DEFAULT '|',
  `siteSeoTitlePlacement` enum('before','after','none') COLLATE utf8_unicode_ci DEFAULT 'after',
  `siteSeoDescription` varchar(255) COLLATE utf8_unicode_ci DEFAULT '',
  `siteSeoKeywords` varchar(255) COLLATE utf8_unicode_ci DEFAULT '',
  `siteSeoImageTransform` varchar(100) COLLATE utf8_unicode_ci DEFAULT '',
  `siteSeoFacebookImageTransform` varchar(100) COLLATE utf8_unicode_ci DEFAULT '',
  `siteSeoTwitterImageTransform` varchar(100) COLLATE utf8_unicode_ci DEFAULT '',
  `siteTwitterCardType` varchar(50) COLLATE utf8_unicode_ci DEFAULT '',
  `siteOpenGraphType` varchar(50) COLLATE utf8_unicode_ci DEFAULT '',
  `siteRobots` varchar(50) COLLATE utf8_unicode_ci DEFAULT '',
  `siteRobotsTxt` text COLLATE utf8_unicode_ci,
  `siteLinksSearchTargets` text COLLATE utf8_unicode_ci,
  `siteLinksQueryInput` varchar(50) COLLATE utf8_unicode_ci DEFAULT '',
  `googleSiteVerification` varchar(100) COLLATE utf8_unicode_ci DEFAULT '',
  `bingSiteVerification` varchar(100) COLLATE utf8_unicode_ci DEFAULT '',
  `googleAnalyticsUID` varchar(50) COLLATE utf8_unicode_ci DEFAULT '',
  `googleTagManagerID` varchar(50) COLLATE utf8_unicode_ci DEFAULT '',
  `googleAnalyticsSendPageview` tinyint(1) unsigned NOT NULL DEFAULT '1',
  `googleAnalyticsAdvertising` tinyint(1) unsigned NOT NULL DEFAULT '0',
  `googleAnalyticsEcommerce` tinyint(1) unsigned NOT NULL DEFAULT '0',
  `googleAnalyticsEEcommerce` tinyint(1) unsigned NOT NULL DEFAULT '0',
  `googleAnalyticsLinkAttribution` tinyint(1) unsigned NOT NULL DEFAULT '0',
  `googleAnalyticsLinker` tinyint(1) unsigned NOT NULL DEFAULT '0',
  `googleAnalyticsAnonymizeIp` tinyint(1) unsigned NOT NULL DEFAULT '0',
  `siteOwnerType` varchar(50) COLLATE utf8_unicode_ci DEFAULT '',
  `siteOwnerSubType` varchar(50) COLLATE utf8_unicode_ci DEFAULT '',
  `siteOwnerSpecificType` varchar(50) COLLATE utf8_unicode_ci DEFAULT '',
  `genericOwnerName` varchar(255) COLLATE utf8_unicode_ci DEFAULT '',
  `genericOwnerAlternateName` varchar(255) COLLATE utf8_unicode_ci DEFAULT '',
  `genericOwnerDescription` varchar(1024) COLLATE utf8_unicode_ci DEFAULT '',
  `genericOwnerUrl` varchar(255) COLLATE utf8_unicode_ci DEFAULT '',
  `genericOwnerTelephone` varchar(255) COLLATE utf8_unicode_ci DEFAULT '',
  `genericOwnerEmail` varchar(255) COLLATE utf8_unicode_ci DEFAULT '',
  `genericOwnerStreetAddress` varchar(255) COLLATE utf8_unicode_ci DEFAULT '',
  `genericOwnerAddressLocality` varchar(255) COLLATE utf8_unicode_ci DEFAULT '',
  `genericOwnerAddressRegion` varchar(255) COLLATE utf8_unicode_ci DEFAULT '',
  `genericOwnerPostalCode` varchar(255) COLLATE utf8_unicode_ci DEFAULT '',
  `genericOwnerAddressCountry` varchar(255) COLLATE utf8_unicode_ci DEFAULT '',
  `genericOwnerGeoLatitude` varchar(255) COLLATE utf8_unicode_ci DEFAULT '',
  `genericOwnerGeoLongitude` varchar(255) COLLATE utf8_unicode_ci DEFAULT '',
  `organizationOwnerDuns` varchar(255) COLLATE utf8_unicode_ci DEFAULT '',
  `organizationOwnerFounder` varchar(255) COLLATE utf8_unicode_ci DEFAULT '',
  `organizationOwnerFoundingDate` varchar(255) COLLATE utf8_unicode_ci DEFAULT '',
  `organizationOwnerFoundingLocation` varchar(255) COLLATE utf8_unicode_ci DEFAULT '',
  `organizationOwnerContactPoints` text COLLATE utf8_unicode_ci,
  `localBusinessPriceRange` varchar(10) COLLATE utf8_unicode_ci DEFAULT '$$$',
  `localBusinessOwnerOpeningHours` text COLLATE utf8_unicode_ci,
  `corporationOwnerTickerSymbol` varchar(255) COLLATE utf8_unicode_ci DEFAULT '',
  `restaurantOwnerServesCuisine` varchar(255) COLLATE utf8_unicode_ci DEFAULT '',
  `restaurantOwnerMenuUrl` varchar(255) COLLATE utf8_unicode_ci DEFAULT '',
  `restaurantOwnerReservationsUrl` varchar(255) COLLATE utf8_unicode_ci DEFAULT '',
  `personOwnerGender` varchar(255) COLLATE utf8_unicode_ci DEFAULT '',
  `personOwnerBirthPlace` varchar(255) COLLATE utf8_unicode_ci DEFAULT '',
  `twitterHandle` varchar(50) COLLATE utf8_unicode_ci DEFAULT '',
  `facebookHandle` varchar(50) COLLATE utf8_unicode_ci DEFAULT '',
  `facebookProfileId` varchar(50) COLLATE utf8_unicode_ci DEFAULT '',
  `facebookAppId` varchar(50) COLLATE utf8_unicode_ci DEFAULT '',
  `linkedInHandle` varchar(50) COLLATE utf8_unicode_ci DEFAULT '',
  `googlePlusHandle` varchar(50) COLLATE utf8_unicode_ci DEFAULT '',
  `youtubeHandle` varchar(50) COLLATE utf8_unicode_ci DEFAULT '',
  `youtubeChannelHandle` varchar(50) COLLATE utf8_unicode_ci DEFAULT '',
  `instagramHandle` varchar(50) COLLATE utf8_unicode_ci DEFAULT '',
  `pinterestHandle` varchar(50) COLLATE utf8_unicode_ci DEFAULT '',
  `githubHandle` varchar(50) COLLATE utf8_unicode_ci DEFAULT '',
  `vimeoHandle` varchar(50) COLLATE utf8_unicode_ci DEFAULT '',
  `wikipediaUrl` varchar(100) COLLATE utf8_unicode_ci DEFAULT '',
  `siteCreatorType` varchar(255) COLLATE utf8_unicode_ci DEFAULT '',
  `siteCreatorSubType` varchar(255) COLLATE utf8_unicode_ci DEFAULT '',
  `siteCreatorSpecificType` varchar(255) COLLATE utf8_unicode_ci DEFAULT '',
  `genericCreatorName` varchar(255) COLLATE utf8_unicode_ci DEFAULT '',
  `genericCreatorAlternateName` varchar(255) COLLATE utf8_unicode_ci DEFAULT '',
  `genericCreatorDescription` varchar(1024) COLLATE utf8_unicode_ci DEFAULT '',
  `genericCreatorUrl` varchar(255) COLLATE utf8_unicode_ci DEFAULT '',
  `genericCreatorTelephone` varchar(255) COLLATE utf8_unicode_ci DEFAULT '',
  `genericCreatorEmail` varchar(255) COLLATE utf8_unicode_ci DEFAULT '',
  `genericCreatorStreetAddress` varchar(255) COLLATE utf8_unicode_ci DEFAULT '',
  `genericCreatorAddressLocality` varchar(255) COLLATE utf8_unicode_ci DEFAULT '',
  `genericCreatorAddressRegion` varchar(255) COLLATE utf8_unicode_ci DEFAULT '',
  `genericCreatorPostalCode` varchar(255) COLLATE utf8_unicode_ci DEFAULT '',
  `genericCreatorAddressCountry` varchar(255) COLLATE utf8_unicode_ci DEFAULT '',
  `genericCreatorGeoLatitude` varchar(255) COLLATE utf8_unicode_ci DEFAULT '',
  `genericCreatorGeoLongitude` varchar(255) COLLATE utf8_unicode_ci DEFAULT '',
  `organizationCreatorDuns` varchar(255) COLLATE utf8_unicode_ci DEFAULT '',
  `organizationCreatorFounder` varchar(255) COLLATE utf8_unicode_ci DEFAULT '',
  `organizationCreatorFoundingDate` varchar(255) COLLATE utf8_unicode_ci DEFAULT '',
  `organizationCreatorFoundingLocation` varchar(255) COLLATE utf8_unicode_ci DEFAULT '',
  `organizationCreatorContactPoints` text COLLATE utf8_unicode_ci,
  `localBusinessCreatorOpeningHours` text COLLATE utf8_unicode_ci,
  `corporationCreatorTickerSymbol` varchar(255) COLLATE utf8_unicode_ci DEFAULT '',
  `restaurantCreatorServesCuisine` varchar(255) COLLATE utf8_unicode_ci DEFAULT '',
  `restaurantCreatorMenuUrl` varchar(255) COLLATE utf8_unicode_ci DEFAULT '',
  `restaurantCreatorReservationsUrl` varchar(255) COLLATE utf8_unicode_ci DEFAULT '',
  `personCreatorGender` varchar(255) COLLATE utf8_unicode_ci DEFAULT '',
  `personCreatorBirthPlace` varchar(255) COLLATE utf8_unicode_ci DEFAULT '',
  `genericCreatorHumansTxt` text COLLATE utf8_unicode_ci,
  `dateCreated` datetime NOT NULL,
  `dateUpdated` datetime NOT NULL,
  `uid` char(36) COLLATE utf8_unicode_ci NOT NULL DEFAULT '0',
  PRIMARY KEY (`id`),
  KEY `craft_seomatic_settings_siteSeoImageId_fk` (`siteSeoImageId`),
  KEY `craft_seomatic_settings_siteSeoTwitterImageId_fk` (`siteSeoTwitterImageId`),
  KEY `craft_seomatic_settings_siteSeoFacebookImageId_fk` (`siteSeoFacebookImageId`),
  KEY `craft_seomatic_settings_genericOwnerImageId_fk` (`genericOwnerImageId`),
  KEY `craft_seomatic_settings_genericCreatorImageId_fk` (`genericCreatorImageId`)
) ENGINE=InnoDB AUTO_INCREMENT=2 DEFAULT CHARSET=utf8 COLLATE=utf8_unicode_ci;

--
-- Data for table `craft_seomatic_settings`
--

INSERT INTO `craft_seomatic_settings` (`id`, `siteSeoImageId`, `siteSeoTwitterImageId`, `siteSeoFacebookImageId`, `genericOwnerImageId`, `genericCreatorImageId`, `locale`, `siteSeoName`, `siteSeoTitle`, `siteSeoTitleSeparator`, `siteSeoTitlePlacement`, `siteSeoDescription`, `siteSeoKeywords`, `siteSeoImageTransform`, `siteSeoFacebookImageTransform`, `siteSeoTwitterImageTransform`, `siteTwitterCardType`, `siteOpenGraphType`, `siteRobots`, `siteRobotsTxt`, `siteLinksSearchTargets`, `siteLinksQueryInput`, `googleSiteVerification`, `bingSiteVerification`, `googleAnalyticsUID`, `googleTagManagerID`, `googleAnalyticsSendPageview`, `googleAnalyticsAdvertising`, `googleAnalyticsEcommerce`, `googleAnalyticsEEcommerce`, `googleAnalyticsLinkAttribution`, `googleAnalyticsLinker`, `googleAnalyticsAnonymizeIp`, `siteOwnerType`, `siteOwnerSubType`, `siteOwnerSpecificType`, `genericOwnerName`, `genericOwnerAlternateName`, `genericOwnerDescription`, `genericOwnerUrl`, `genericOwnerTelephone`, `genericOwnerEmail`, `genericOwnerStreetAddress`, `genericOwnerAddressLocality`, `genericOwnerAddressRegion`, `genericOwnerPostalCode`, `genericOwnerAddressCountry`, `genericOwnerGeoLatitude`, `genericOwnerGeoLongitude`, `organizationOwnerDuns`, `organizationOwnerFounder`, `organizationOwnerFoundingDate`, `organizationOwnerFoundingLocation`, `organizationOwnerContactPoints`, `localBusinessPriceRange`, `localBusinessOwnerOpeningHours`, `corporationOwnerTickerSymbol`, `restaurantOwnerServesCuisine`, `restaurantOwnerMenuUrl`, `restaurantOwnerReservationsUrl`, `personOwnerGender`, `personOwnerBirthPlace`, `twitterHandle`, `facebookHandle`, `facebookProfileId`, `facebookAppId`, `linkedInHandle`, `googlePlusHandle`, `youtubeHandle`, `youtubeChannelHandle`, `instagramHandle`, `pinterestHandle`, `githubHandle`, `vimeoHandle`, `wikipediaUrl`, `siteCreatorType`, `siteCreatorSubType`, `siteCreatorSpecificType`, `genericCreatorName`, `genericCreatorAlternateName`, `genericCreatorDescription`, `genericCreatorUrl`, `genericCreatorTelephone`, `genericCreatorEmail`, `genericCreatorStreetAddress`, `genericCreatorAddressLocality`, `genericCreatorAddressRegion`, `genericCreatorPostalCode`, `genericCreatorAddressCountry`, `genericCreatorGeoLatitude`, `genericCreatorGeoLongitude`, `organizationCreatorDuns`, `organizationCreatorFounder`, `organizationCreatorFoundingDate`, `organizationCreatorFoundingLocation`, `organizationCreatorContactPoints`, `localBusinessCreatorOpeningHours`, `corporationCreatorTickerSymbol`, `restaurantCreatorServesCuisine`, `restaurantCreatorMenuUrl`, `restaurantCreatorReservationsUrl`, `personCreatorGender`, `personCreatorBirthPlace`, `genericCreatorHumansTxt`, `dateCreated`, `dateUpdated`, `uid`) VALUES
 ('1', NULL, NULL, NULL, NULL, NULL, 'en_ie', 'Sonica', 'Expect More', '·', 'after', '', '', '', '', '', 'summary', 'website', '', '# robots.txt for {{ siteUrl }}\r\n# For a multi-environment setup, see: https://nystudio107.com/blog/prevent-google-from-indexing-staging-sites\r\n\r\nSitemap: {{ siteUrl |trim(\'/\') }}/sitemap.xml\r\n\r\n{% if craft.config.devMode %}\r\n# devMode - disallow all\r\n\r\nUser-agent: *\r\nDisallow: /\r\n{% else %}\r\n# Live - Don\'t allow web crawlers to index Craft\r\n\r\nUser-agent: *\r\nDisallow: /craft/\r\n{% endif %}', '[]', '', '', '', '', '', '1', '0', '0', '0', '0', '0', '0', 'Organization', 'Corporation', '', '', '', '', '', '', '', '', '', '', '', '', '', '', '', '', '', '', '[]', '$$$', '[{\"open\":\"\",\"close\":\"\"},{\"open\":\"\",\"close\":\"\"},{\"open\":\"\",\"close\":\"\"},{\"open\":\"\",\"close\":\"\"},{\"open\":\"\",\"close\":\"\"},{\"open\":\"\",\"close\":\"\"},{\"open\":\"\",\"close\":\"\"}]', '', '', '', '', 'Male', '', '', '', '', '', '', '', '', '', '', '', '', '', '', 'Organization', 'Corporation', '', '', '', '', '', '', '', '', '', '', '', '', '', '', '', '', '', '', '', '', '', '', '', '', '', '', '/* TEAM */\n\n{% if seomaticCreator.name is defined and seomaticCreator.name %}\nCreator: {{ seomaticCreator.name }}\n{% endif %}\n{% if seomaticCreator.url is defined and seomaticCreator.url %}\nURL: {{ seomaticCreator.url }}\n{% endif %}\n{% if seomaticCreator.description is defined and seomaticCreator.description %}\nDescription: {{ seomaticCreator.description }}\n{% endif %}\n\n/* THANKS */\n\nPixel & Tonic - https://pixelandtonic.com\n\n/* SITE */\n\nStandards: HTML5, CSS3\nComponents: Craft CMS, Yii, PHP, Javascript, SEOmatic', '2017-10-13 13:41:30', '2018-02-15 17:13:50', '2e88e946-54cb-40d9-9d6f-f87570cd8334');



DROP TABLE IF EXISTS `craft_sessions`;


--
-- Schema for table `craft_sessions`
--
CREATE TABLE `craft_sessions` (
  `id` int(11) NOT NULL AUTO_INCREMENT,
  `userId` int(11) NOT NULL,
  `token` char(100) COLLATE utf8_unicode_ci NOT NULL,
  `dateCreated` datetime NOT NULL,
  `dateUpdated` datetime NOT NULL,
  `uid` char(36) COLLATE utf8_unicode_ci NOT NULL DEFAULT '0',
  PRIMARY KEY (`id`),
  KEY `craft_sessions_uid_idx` (`uid`),
  KEY `craft_sessions_token_idx` (`token`),
  KEY `craft_sessions_dateUpdated_idx` (`dateUpdated`),
  KEY `craft_sessions_userId_fk` (`userId`)
) ENGINE=InnoDB AUTO_INCREMENT=3 DEFAULT CHARSET=utf8 COLLATE=utf8_unicode_ci;

DROP TABLE IF EXISTS `craft_shunnedmessages`;


--
-- Schema for table `craft_shunnedmessages`
--
CREATE TABLE `craft_shunnedmessages` (
  `id` int(11) NOT NULL AUTO_INCREMENT,
  `userId` int(11) NOT NULL,
  `message` varchar(255) COLLATE utf8_unicode_ci NOT NULL,
  `expiryDate` datetime DEFAULT NULL,
  `dateCreated` datetime NOT NULL,
  `dateUpdated` datetime NOT NULL,
  `uid` char(36) COLLATE utf8_unicode_ci NOT NULL DEFAULT '0',
  PRIMARY KEY (`id`),
  UNIQUE KEY `craft_shunnedmessages_userId_message_unq_idx` (`userId`,`message`)
) ENGINE=InnoDB DEFAULT CHARSET=utf8 COLLATE=utf8_unicode_ci;

DROP TABLE IF EXISTS `craft_structureelements`;


--
-- Schema for table `craft_structureelements`
--
CREATE TABLE `craft_structureelements` (
  `id` int(11) NOT NULL AUTO_INCREMENT,
  `structureId` int(11) NOT NULL,
  `elementId` int(11) DEFAULT NULL,
  `root` int(11) unsigned DEFAULT NULL,
  `lft` int(11) unsigned NOT NULL,
  `rgt` int(11) unsigned NOT NULL,
  `level` smallint(6) unsigned NOT NULL,
  `dateCreated` datetime NOT NULL,
  `dateUpdated` datetime NOT NULL,
  `uid` char(36) COLLATE utf8_unicode_ci NOT NULL DEFAULT '0',
  PRIMARY KEY (`id`),
  UNIQUE KEY `craft_structureelements_structureId_elementId_unq_idx` (`structureId`,`elementId`),
  KEY `craft_structureelements_root_idx` (`root`),
  KEY `craft_structureelements_lft_idx` (`lft`),
  KEY `craft_structureelements_rgt_idx` (`rgt`),
  KEY `craft_structureelements_level_idx` (`level`),
  KEY `craft_structureelements_elementId_fk` (`elementId`)
) ENGINE=InnoDB AUTO_INCREMENT=84 DEFAULT CHARSET=utf8 COLLATE=utf8_unicode_ci;

--
-- Data for table `craft_structureelements`
--

INSERT INTO `craft_structureelements` (`id`, `structureId`, `elementId`, `root`, `lft`, `rgt`, `level`, `dateCreated`, `dateUpdated`, `uid`) VALUES
 ('43', '9', NULL, '43', '1', '82', '0', '2018-02-15 17:44:20', '2018-02-15 17:44:20', 'ac1e1ef7-ada0-4b6c-8884-d184b422c1e7'),
 ('44', '9', '102', '43', '2', '3', '1', '2018-02-15 17:44:20', '2018-02-15 17:44:20', '4df2b2e4-f022-4027-8462-19474c174a2d'),
 ('45', '9', '103', '43', '4', '5', '1', '2018-02-15 17:44:20', '2018-02-15 17:44:20', 'e3ce32b7-01e0-4102-9dd2-aba2092e6124'),
 ('46', '9', '104', '43', '6', '7', '1', '2018-02-15 17:44:20', '2018-02-15 17:44:20', '98e601dc-bb01-4c9f-8264-74d8ec33ffc8'),
 ('47', '9', '105', '43', '8', '9', '1', '2018-02-15 17:44:20', '2018-02-15 17:44:20', '29f11e24-1260-4b8c-97f5-d7f614b76747'),
 ('48', '9', '106', '43', '10', '11', '1', '2018-02-15 17:44:20', '2018-02-15 17:44:20', 'e17d1ba0-b9ee-4ea3-bdee-3be0ac2f576d'),
 ('49', '9', '107', '43', '12', '13', '1', '2018-02-15 17:44:20', '2018-02-15 17:44:20', '16bfb4f8-4846-4a9b-8a02-d6b797b1b913'),
 ('50', '9', '108', '43', '14', '15', '1', '2018-02-15 17:44:20', '2018-02-15 17:44:20', 'b78706cd-f467-4787-ac98-e9bf1c83a78e'),
 ('51', '9', '109', '43', '16', '17', '1', '2018-02-15 17:44:20', '2018-02-15 17:44:20', 'a00ffa39-55ef-403f-a38e-d16053246dec'),
 ('52', '9', '110', '43', '18', '19', '1', '2018-02-15 17:44:21', '2018-02-15 17:44:21', 'bb1b1e51-6208-436a-8258-64b0310f2dbf'),
 ('53', '9', '111', '43', '20', '21', '1', '2018-02-15 17:44:21', '2018-02-15 17:44:21', '81e02ca6-7a83-4a6e-b149-47e60dfdf851'),
 ('54', '9', '112', '43', '22', '23', '1', '2018-02-15 17:44:21', '2018-02-15 17:44:21', '613eeb99-3e3f-4b4b-b137-0770d01412a0'),
 ('55', '9', '113', '43', '24', '25', '1', '2018-02-15 17:44:21', '2018-02-15 17:44:21', '82c41660-760e-4dd2-afde-7e1e73dbcdfe'),
 ('56', '9', '114', '43', '26', '27', '1', '2018-02-15 17:44:21', '2018-02-15 17:44:21', 'ce71bced-3d47-4997-b5b0-76a778bf81ef'),
 ('57', '9', '115', '43', '28', '29', '1', '2018-02-15 17:44:21', '2018-02-15 17:44:21', '7116374f-92d2-4b39-9a9b-5f780e1110f8'),
 ('58', '9', '116', '43', '30', '31', '1', '2018-02-15 17:44:21', '2018-02-15 17:44:21', '7d7c7b9f-fde0-4315-8e48-67de7c59cac7'),
 ('59', '9', '117', '43', '32', '33', '1', '2018-02-15 17:44:21', '2018-02-15 17:44:21', 'bd5363c9-6671-4b41-bc3f-1831e8dc849d'),
 ('60', '9', '118', '43', '34', '35', '1', '2018-02-15 17:44:21', '2018-02-15 17:44:21', '68d533e7-160a-4385-961a-c8a99b962e4d'),
 ('61', '9', '119', '43', '36', '37', '1', '2018-02-15 17:44:21', '2018-02-15 17:44:21', 'afda6e7a-1248-4060-aeba-9fcbc652dda0'),
 ('62', '9', '120', '43', '38', '39', '1', '2018-02-15 17:44:21', '2018-02-15 17:44:21', 'ef2a989c-51d9-438f-934e-40809f8e5bc0'),
 ('63', '9', '121', '43', '40', '41', '1', '2018-02-15 17:44:21', '2018-02-15 17:44:21', '6fb80fc4-7b70-4bcb-a099-d92e2f2dd3a6'),
 ('64', '9', '122', '43', '42', '43', '1', '2018-02-15 17:44:21', '2018-02-15 17:44:21', 'c74adc7a-ed9d-4db8-86ea-9b1570817e18'),
 ('65', '9', '123', '43', '44', '45', '1', '2018-02-15 17:44:21', '2018-02-15 17:44:21', 'aaa79e57-b054-43a3-a168-4cb01cf38dad'),
 ('66', '9', '124', '43', '46', '47', '1', '2018-02-15 17:44:22', '2018-02-15 17:44:22', '58020f87-4a52-472a-9eb2-25398ccfc1ef'),
 ('67', '9', '125', '43', '48', '49', '1', '2018-02-15 17:44:22', '2018-02-15 17:44:22', '24defaaf-e115-4ab4-9fa1-c4dd209e941b'),
 ('68', '9', '126', '43', '50', '51', '1', '2018-02-15 17:44:22', '2018-02-15 17:44:22', '7ebb0ea6-6ef8-45bd-9be9-9dd95cee24e5'),
 ('69', '9', '127', '43', '52', '53', '1', '2018-02-15 17:44:22', '2018-02-15 17:44:22', 'dcaa33e5-e7e6-4c87-9753-38085d831475'),
 ('70', '9', '128', '43', '54', '55', '1', '2018-02-15 17:44:22', '2018-02-15 17:44:22', '60380528-124a-4306-bac8-f1512201e874'),
 ('71', '9', '129', '43', '56', '57', '1', '2018-02-15 17:44:22', '2018-02-15 17:44:22', '33ad455c-3d07-4bea-80ff-8b0fc5b3a9d2'),
 ('72', '9', '130', '43', '58', '59', '1', '2018-02-15 17:44:22', '2018-02-15 17:44:22', '7c4a2405-4ab1-467c-a2e7-b06b74dadaa1'),
 ('73', '9', '131', '43', '60', '61', '1', '2018-02-15 17:44:22', '2018-02-15 17:44:22', '9aa77d3a-7669-4622-9333-7460796cfe90'),
 ('74', '9', '132', '43', '62', '63', '1', '2018-02-15 17:44:22', '2018-02-15 17:44:22', 'b9c1e90e-028e-479d-8d1f-a0ff1fd7b727'),
 ('75', '9', '133', '43', '64', '65', '1', '2018-02-15 17:44:22', '2018-02-15 17:44:22', 'acc83c45-ced1-4ee3-a5e6-74169e63536e'),
 ('76', '9', '134', '43', '66', '67', '1', '2018-02-15 17:44:22', '2018-02-15 17:44:22', '691d1608-f855-4a62-a0a4-6080848d12a8'),
 ('77', '9', '135', '43', '68', '69', '1', '2018-02-15 17:44:22', '2018-02-15 17:44:22', '8149429d-9b86-4a88-b461-3879f3c67998'),
 ('78', '9', '136', '43', '70', '71', '1', '2018-02-15 17:44:22', '2018-02-15 17:44:22', '1d73593d-cf0d-4204-9f22-bc469c04dc9a'),
 ('79', '9', '137', '43', '72', '73', '1', '2018-02-15 17:44:23', '2018-02-15 17:44:23', '19b53799-b062-4fe5-bbea-956ab75455f6'),
 ('80', '9', '138', '43', '74', '75', '1', '2018-02-15 17:44:23', '2018-02-15 17:44:23', '9c8a2400-3c9b-474a-89b7-cb5e14f9fc5c'),
 ('81', '9', '139', '43', '76', '77', '1', '2018-02-15 17:44:23', '2018-02-15 17:44:23', '30d4dc72-ef84-488f-97b8-403e615099d5'),
 ('82', '9', '140', '43', '78', '79', '1', '2018-02-15 17:44:23', '2018-02-15 17:44:23', '3708d20a-be62-4ca7-a9e0-14d12d55d57b'),
 ('83', '9', '141', '43', '80', '81', '1', '2018-02-15 17:44:23', '2018-02-15 17:44:23', '4626d93a-c7e6-4177-af0e-0e75f2e206a3');



DROP TABLE IF EXISTS `craft_structures`;


--
-- Schema for table `craft_structures`
--
CREATE TABLE `craft_structures` (
  `id` int(11) NOT NULL AUTO_INCREMENT,
  `maxLevels` smallint(6) unsigned DEFAULT NULL,
  `dateCreated` datetime NOT NULL,
  `dateUpdated` datetime NOT NULL,
  `uid` char(36) COLLATE utf8_unicode_ci NOT NULL DEFAULT '0',
  PRIMARY KEY (`id`)
) ENGINE=InnoDB AUTO_INCREMENT=11 DEFAULT CHARSET=utf8 COLLATE=utf8_unicode_ci;

--
-- Data for table `craft_structures`
--

INSERT INTO `craft_structures` (`id`, `maxLevels`, `dateCreated`, `dateUpdated`, `uid`) VALUES
 ('9', NULL, '2018-02-15 17:36:14', '2018-02-15 17:36:14', '35e63f8f-9dff-4688-ba3e-56bfa1ff97b1'),
 ('10', NULL, '2018-02-15 17:36:26', '2018-02-15 17:36:26', 'fab82810-e0a5-4196-a3cf-795e36e5f9fe');



DROP TABLE IF EXISTS `craft_supertableblocks`;


--
-- Schema for table `craft_supertableblocks`
--
CREATE TABLE `craft_supertableblocks` (
  `id` int(11) NOT NULL,
  `ownerId` int(11) NOT NULL,
  `fieldId` int(11) NOT NULL,
  `typeId` int(11) DEFAULT NULL,
  `sortOrder` smallint(6) unsigned DEFAULT NULL,
  `ownerLocale` char(12) COLLATE utf8_unicode_ci DEFAULT NULL,
  `dateCreated` datetime NOT NULL,
  `dateUpdated` datetime NOT NULL,
  `uid` char(36) COLLATE utf8_unicode_ci NOT NULL DEFAULT '0',
  PRIMARY KEY (`id`),
  KEY `craft_supertableblocks_ownerId_idx` (`ownerId`),
  KEY `craft_supertableblocks_fieldId_idx` (`fieldId`),
  KEY `craft_supertableblocks_typeId_idx` (`typeId`),
  KEY `craft_supertableblocks_sortOrder_idx` (`sortOrder`),
  KEY `craft_supertableblocks_ownerLocale_fk` (`ownerLocale`)
) ENGINE=InnoDB DEFAULT CHARSET=utf8 COLLATE=utf8_unicode_ci;

DROP TABLE IF EXISTS `craft_supertableblocktypes`;


--
-- Schema for table `craft_supertableblocktypes`
--
CREATE TABLE `craft_supertableblocktypes` (
  `id` int(11) NOT NULL AUTO_INCREMENT,
  `fieldId` int(11) NOT NULL,
  `fieldLayoutId` int(11) DEFAULT NULL,
  `dateCreated` datetime NOT NULL,
  `dateUpdated` datetime NOT NULL,
  `uid` char(36) COLLATE utf8_unicode_ci NOT NULL DEFAULT '0',
  PRIMARY KEY (`id`),
  KEY `craft_supertableblocktypes_fieldId_fk` (`fieldId`),
  KEY `craft_supertableblocktypes_fieldLayoutId_fk` (`fieldLayoutId`)
) ENGINE=InnoDB AUTO_INCREMENT=2 DEFAULT CHARSET=utf8 COLLATE=utf8_unicode_ci;

DROP TABLE IF EXISTS `craft_systemsettings`;


--
-- Schema for table `craft_systemsettings`
--
CREATE TABLE `craft_systemsettings` (
  `id` int(11) NOT NULL AUTO_INCREMENT,
  `category` varchar(15) COLLATE utf8_unicode_ci NOT NULL,
  `settings` text COLLATE utf8_unicode_ci,
  `dateCreated` datetime NOT NULL,
  `dateUpdated` datetime NOT NULL,
  `uid` char(36) COLLATE utf8_unicode_ci NOT NULL DEFAULT '0',
  PRIMARY KEY (`id`),
  UNIQUE KEY `craft_systemsettings_category_unq_idx` (`category`)
) ENGINE=InnoDB AUTO_INCREMENT=2 DEFAULT CHARSET=utf8 COLLATE=utf8_unicode_ci;

--
-- Data for table `craft_systemsettings`
--

INSERT INTO `craft_systemsettings` (`id`, `category`, `settings`, `dateCreated`, `dateUpdated`, `uid`) VALUES
 ('1', 'email', '{\"protocol\":\"php\",\"emailAddress\":\"david@workgroup.ie\",\"senderName\":\"FMco\"}', '2017-10-13 11:04:19', '2017-10-13 11:04:19', '9b3557b3-05de-488e-a643-c40449ad3929');



DROP TABLE IF EXISTS `craft_taggroups`;


--
-- Schema for table `craft_taggroups`
--
CREATE TABLE `craft_taggroups` (
  `id` int(11) NOT NULL AUTO_INCREMENT,
  `name` varchar(255) COLLATE utf8_unicode_ci NOT NULL,
  `handle` varchar(255) COLLATE utf8_unicode_ci NOT NULL,
  `fieldLayoutId` int(10) DEFAULT NULL,
  `dateCreated` datetime NOT NULL,
  `dateUpdated` datetime NOT NULL,
  `uid` char(36) COLLATE utf8_unicode_ci NOT NULL DEFAULT '0',
  PRIMARY KEY (`id`),
  UNIQUE KEY `craft_taggroups_name_unq_idx` (`name`),
  UNIQUE KEY `craft_taggroups_handle_unq_idx` (`handle`),
  KEY `craft_taggroups_fieldLayoutId_fk` (`fieldLayoutId`)
) ENGINE=InnoDB AUTO_INCREMENT=2 DEFAULT CHARSET=utf8 COLLATE=utf8_unicode_ci;

--
-- Data for table `craft_taggroups`
--

INSERT INTO `craft_taggroups` (`id`, `name`, `handle`, `fieldLayoutId`, `dateCreated`, `dateUpdated`, `uid`) VALUES
 ('1', 'Default', 'default', '1', '2017-10-13 11:04:19', '2017-10-13 11:04:19', 'b59c4689-c9f1-4b8d-94c5-0d9985416d2c');



DROP TABLE IF EXISTS `craft_tags`;


--
-- Schema for table `craft_tags`
--
CREATE TABLE `craft_tags` (
  `id` int(11) NOT NULL,
  `groupId` int(11) NOT NULL,
  `dateCreated` datetime NOT NULL,
  `dateUpdated` datetime NOT NULL,
  `uid` char(36) COLLATE utf8_unicode_ci NOT NULL DEFAULT '0',
  PRIMARY KEY (`id`),
  KEY `craft_tags_groupId_fk` (`groupId`)
) ENGINE=InnoDB DEFAULT CHARSET=utf8 COLLATE=utf8_unicode_ci;

DROP TABLE IF EXISTS `craft_tasks`;


--
-- Schema for table `craft_tasks`
--
CREATE TABLE `craft_tasks` (
  `id` int(11) NOT NULL AUTO_INCREMENT,
  `root` int(11) unsigned DEFAULT NULL,
  `lft` int(11) unsigned NOT NULL,
  `rgt` int(11) unsigned NOT NULL,
  `level` smallint(6) unsigned NOT NULL,
  `currentStep` int(11) unsigned DEFAULT NULL,
  `totalSteps` int(11) unsigned DEFAULT NULL,
  `status` enum('pending','error','running') COLLATE utf8_unicode_ci DEFAULT NULL,
  `type` varchar(150) COLLATE utf8_unicode_ci NOT NULL,
  `description` varchar(255) COLLATE utf8_unicode_ci DEFAULT NULL,
  `settings` mediumtext COLLATE utf8_unicode_ci,
  `dateCreated` datetime NOT NULL,
  `dateUpdated` datetime NOT NULL,
  `uid` char(36) COLLATE utf8_unicode_ci NOT NULL DEFAULT '0',
  PRIMARY KEY (`id`),
  KEY `craft_tasks_root_idx` (`root`),
  KEY `craft_tasks_lft_idx` (`lft`),
  KEY `craft_tasks_rgt_idx` (`rgt`),
  KEY `craft_tasks_level_idx` (`level`)
) ENGINE=InnoDB AUTO_INCREMENT=46 DEFAULT CHARSET=utf8 COLLATE=utf8_unicode_ci;

--
-- Data for table `craft_tasks`
--

INSERT INTO `craft_tasks` (`id`, `root`, `lft`, `rgt`, `level`, `currentStep`, `totalSteps`, `status`, `type`, `description`, `settings`, `dateCreated`, `dateUpdated`, `uid`) VALUES
 ('45', '45', '1', '2', '0', '1', '26', 'running', 'Import', 'Importing team.csv', '{\"user\":\"1\",\"file\":\"142\",\"rows\":26,\"map\":{\"Title\":\"title\",\"Role\":\"role\",\"My Job\":\"myJob\",\"Why Sonica?\":\"whySonica\",\"What I Love Doing\":\"whatILoveDoing\",\"Email\":\"email\",\"0\":\"dont\",\"1\":\"dont\"},\"unique\":[\"\"],\"type\":\"Entry\",\"behavior\":\"append\",\"assetsource\":\"5\",\"email\":\"1\",\"backup\":\"1\",\"elementvars\":{\"section\":\"17\",\"entrytype\":\"17\"},\"history\":\"2\"}', '2018-02-15 17:45:28', '2018-02-15 17:45:28', '2b0069e9-f34e-4273-b7f4-ec44cc322ca9');



DROP TABLE IF EXISTS `craft_templatecachecriteria`;


--
-- Schema for table `craft_templatecachecriteria`
--
CREATE TABLE `craft_templatecachecriteria` (
  `id` int(11) NOT NULL AUTO_INCREMENT,
  `cacheId` int(11) NOT NULL,
  `type` varchar(150) COLLATE utf8_unicode_ci NOT NULL,
  `criteria` text COLLATE utf8_unicode_ci NOT NULL,
  PRIMARY KEY (`id`),
  KEY `craft_templatecachecriteria_cacheId_fk` (`cacheId`),
  KEY `craft_templatecachecriteria_type_idx` (`type`)
) ENGINE=InnoDB DEFAULT CHARSET=utf8 COLLATE=utf8_unicode_ci;

DROP TABLE IF EXISTS `craft_templatecacheelements`;


--
-- Schema for table `craft_templatecacheelements`
--
CREATE TABLE `craft_templatecacheelements` (
  `cacheId` int(11) NOT NULL,
  `elementId` int(11) NOT NULL,
  KEY `craft_templatecacheelements_cacheId_fk` (`cacheId`),
  KEY `craft_templatecacheelements_elementId_fk` (`elementId`)
) ENGINE=InnoDB DEFAULT CHARSET=utf8 COLLATE=utf8_unicode_ci;

DROP TABLE IF EXISTS `craft_templatecaches`;


--
-- Schema for table `craft_templatecaches`
--
CREATE TABLE `craft_templatecaches` (
  `id` int(11) NOT NULL AUTO_INCREMENT,
  `cacheKey` varchar(255) COLLATE utf8_unicode_ci NOT NULL,
  `locale` char(12) COLLATE utf8_unicode_ci NOT NULL,
  `path` varchar(255) COLLATE utf8_unicode_ci DEFAULT NULL,
  `expiryDate` datetime NOT NULL,
  `body` mediumtext COLLATE utf8_unicode_ci NOT NULL,
  PRIMARY KEY (`id`),
  KEY `craft_templatecaches_locale_fk` (`locale`),
  KEY `craft_templatecaches_cacheKey_locale_expiryDate_idx` (`cacheKey`,`locale`,`expiryDate`),
  KEY `craft_templatecaches_cacheKey_locale_expiryDate_path_idx` (`cacheKey`,`locale`,`expiryDate`,`path`)
) ENGINE=InnoDB DEFAULT CHARSET=utf8 COLLATE=utf8_unicode_ci;

DROP TABLE IF EXISTS `craft_tokens`;


--
-- Schema for table `craft_tokens`
--
CREATE TABLE `craft_tokens` (
  `id` int(11) NOT NULL AUTO_INCREMENT,
  `token` char(32) COLLATE utf8_unicode_ci NOT NULL,
  `route` text COLLATE utf8_unicode_ci,
  `usageLimit` tinyint(3) unsigned DEFAULT NULL,
  `usageCount` tinyint(3) unsigned DEFAULT NULL,
  `expiryDate` datetime NOT NULL,
  `dateCreated` datetime NOT NULL,
  `dateUpdated` datetime NOT NULL,
  `uid` char(36) COLLATE utf8_unicode_ci NOT NULL DEFAULT '0',
  PRIMARY KEY (`id`),
  UNIQUE KEY `craft_tokens_token_unq_idx` (`token`),
  KEY `craft_tokens_expiryDate_idx` (`expiryDate`)
) ENGINE=InnoDB DEFAULT CHARSET=utf8 COLLATE=utf8_unicode_ci;

DROP TABLE IF EXISTS `craft_usergroups`;


--
-- Schema for table `craft_usergroups`
--
CREATE TABLE `craft_usergroups` (
  `id` int(11) NOT NULL AUTO_INCREMENT,
  `name` varchar(255) COLLATE utf8_unicode_ci NOT NULL,
  `handle` varchar(255) COLLATE utf8_unicode_ci NOT NULL,
  `dateCreated` datetime NOT NULL,
  `dateUpdated` datetime NOT NULL,
  `uid` char(36) COLLATE utf8_unicode_ci NOT NULL DEFAULT '0',
  PRIMARY KEY (`id`),
  UNIQUE KEY `craft_usergroups_name_unq_idx` (`name`),
  UNIQUE KEY `craft_usergroups_handle_unq_idx` (`handle`)
) ENGINE=InnoDB DEFAULT CHARSET=utf8 COLLATE=utf8_unicode_ci;

DROP TABLE IF EXISTS `craft_usergroups_users`;


--
-- Schema for table `craft_usergroups_users`
--
CREATE TABLE `craft_usergroups_users` (
  `id` int(11) NOT NULL AUTO_INCREMENT,
  `groupId` int(11) NOT NULL,
  `userId` int(11) NOT NULL,
  `dateCreated` datetime NOT NULL,
  `dateUpdated` datetime NOT NULL,
  `uid` char(36) COLLATE utf8_unicode_ci NOT NULL DEFAULT '0',
  PRIMARY KEY (`id`),
  UNIQUE KEY `craft_usergroups_users_groupId_userId_unq_idx` (`groupId`,`userId`),
  KEY `craft_usergroups_users_userId_fk` (`userId`)
) ENGINE=InnoDB DEFAULT CHARSET=utf8 COLLATE=utf8_unicode_ci;

DROP TABLE IF EXISTS `craft_userpermissions`;


--
-- Schema for table `craft_userpermissions`
--
CREATE TABLE `craft_userpermissions` (
  `id` int(11) NOT NULL AUTO_INCREMENT,
  `name` varchar(255) COLLATE utf8_unicode_ci NOT NULL,
  `dateCreated` datetime NOT NULL,
  `dateUpdated` datetime NOT NULL,
  `uid` char(36) COLLATE utf8_unicode_ci NOT NULL DEFAULT '0',
  PRIMARY KEY (`id`),
  UNIQUE KEY `craft_userpermissions_name_unq_idx` (`name`)
) ENGINE=InnoDB DEFAULT CHARSET=utf8 COLLATE=utf8_unicode_ci;

DROP TABLE IF EXISTS `craft_userpermissions_usergroups`;


--
-- Schema for table `craft_userpermissions_usergroups`
--
CREATE TABLE `craft_userpermissions_usergroups` (
  `id` int(11) NOT NULL AUTO_INCREMENT,
  `permissionId` int(11) NOT NULL,
  `groupId` int(11) NOT NULL,
  `dateCreated` datetime NOT NULL,
  `dateUpdated` datetime NOT NULL,
  `uid` char(36) COLLATE utf8_unicode_ci NOT NULL DEFAULT '0',
  PRIMARY KEY (`id`),
  UNIQUE KEY `craft_userpermissions_usergroups_permissionId_groupId_unq_idx` (`permissionId`,`groupId`),
  KEY `craft_userpermissions_usergroups_groupId_fk` (`groupId`)
) ENGINE=InnoDB DEFAULT CHARSET=utf8 COLLATE=utf8_unicode_ci;

DROP TABLE IF EXISTS `craft_userpermissions_users`;


--
-- Schema for table `craft_userpermissions_users`
--
CREATE TABLE `craft_userpermissions_users` (
  `id` int(11) NOT NULL AUTO_INCREMENT,
  `permissionId` int(11) NOT NULL,
  `userId` int(11) NOT NULL,
  `dateCreated` datetime NOT NULL,
  `dateUpdated` datetime NOT NULL,
  `uid` char(36) COLLATE utf8_unicode_ci NOT NULL DEFAULT '0',
  PRIMARY KEY (`id`),
  UNIQUE KEY `craft_userpermissions_users_permissionId_userId_unq_idx` (`permissionId`,`userId`),
  KEY `craft_userpermissions_users_userId_fk` (`userId`)
) ENGINE=InnoDB DEFAULT CHARSET=utf8 COLLATE=utf8_unicode_ci;

DROP TABLE IF EXISTS `craft_users`;


--
-- Schema for table `craft_users`
--
CREATE TABLE `craft_users` (
  `id` int(11) NOT NULL,
  `username` varchar(100) COLLATE utf8_unicode_ci NOT NULL,
  `photo` varchar(100) COLLATE utf8_unicode_ci DEFAULT NULL,
  `firstName` varchar(100) COLLATE utf8_unicode_ci DEFAULT NULL,
  `lastName` varchar(100) COLLATE utf8_unicode_ci DEFAULT NULL,
  `email` varchar(255) COLLATE utf8_unicode_ci NOT NULL,
  `password` char(255) COLLATE utf8_unicode_ci DEFAULT NULL,
  `preferredLocale` char(12) COLLATE utf8_unicode_ci DEFAULT NULL,
  `weekStartDay` tinyint(1) unsigned NOT NULL DEFAULT '0',
  `admin` tinyint(1) unsigned NOT NULL DEFAULT '0',
  `client` tinyint(1) unsigned NOT NULL DEFAULT '0',
  `locked` tinyint(1) unsigned NOT NULL DEFAULT '0',
  `suspended` tinyint(1) unsigned NOT NULL DEFAULT '0',
  `pending` tinyint(1) unsigned NOT NULL DEFAULT '0',
  `archived` tinyint(1) unsigned NOT NULL DEFAULT '0',
  `lastLoginDate` datetime DEFAULT NULL,
  `lastLoginAttemptIPAddress` varchar(45) COLLATE utf8_unicode_ci DEFAULT NULL,
  `invalidLoginWindowStart` datetime DEFAULT NULL,
  `invalidLoginCount` tinyint(4) unsigned DEFAULT NULL,
  `lastInvalidLoginDate` datetime DEFAULT NULL,
  `lockoutDate` datetime DEFAULT NULL,
  `verificationCode` char(100) COLLATE utf8_unicode_ci DEFAULT NULL,
  `verificationCodeIssuedDate` datetime DEFAULT NULL,
  `unverifiedEmail` varchar(255) COLLATE utf8_unicode_ci DEFAULT NULL,
  `passwordResetRequired` tinyint(1) unsigned NOT NULL DEFAULT '0',
  `lastPasswordChangeDate` datetime DEFAULT NULL,
  `dateCreated` datetime NOT NULL,
  `dateUpdated` datetime NOT NULL,
  `uid` char(36) COLLATE utf8_unicode_ci NOT NULL DEFAULT '0',
  PRIMARY KEY (`id`),
  UNIQUE KEY `craft_users_username_unq_idx` (`username`),
  UNIQUE KEY `craft_users_email_unq_idx` (`email`),
  KEY `craft_users_verificationCode_idx` (`verificationCode`),
  KEY `craft_users_uid_idx` (`uid`),
  KEY `craft_users_preferredLocale_fk` (`preferredLocale`)
) ENGINE=InnoDB DEFAULT CHARSET=utf8 COLLATE=utf8_unicode_ci;

--
-- Data for table `craft_users`
--

INSERT INTO `craft_users` (`id`, `username`, `photo`, `firstName`, `lastName`, `email`, `password`, `preferredLocale`, `weekStartDay`, `admin`, `client`, `locked`, `suspended`, `pending`, `archived`, `lastLoginDate`, `lastLoginAttemptIPAddress`, `invalidLoginWindowStart`, `invalidLoginCount`, `lastInvalidLoginDate`, `lockoutDate`, `verificationCode`, `verificationCodeIssuedDate`, `unverifiedEmail`, `passwordResetRequired`, `lastPasswordChangeDate`, `dateCreated`, `dateUpdated`, `uid`) VALUES
 ('1', 'workgroup', NULL, '', '', 'david@workgroup.ie', '$2y$13$tSiisU.Xzu4ord4xq.50z.99xo5cf76rq.5a30Xc6ju6YQRDNDERy', NULL, '0', '1', '0', '0', '0', '0', '0', '2018-02-15 17:12:51', '::1', NULL, NULL, '2017-12-04 22:55:46', NULL, NULL, NULL, NULL, '0', '2017-10-13 11:05:55', '2017-10-13 11:04:16', '2018-02-15 17:12:51', '2a0b00d9-d0ac-447a-bb68-def4f63c6943');



DROP TABLE IF EXISTS `craft_widgets`;


--
-- Schema for table `craft_widgets`
--
CREATE TABLE `craft_widgets` (
  `id` int(11) NOT NULL AUTO_INCREMENT,
  `userId` int(11) NOT NULL,
  `type` varchar(150) COLLATE utf8_unicode_ci NOT NULL,
  `sortOrder` smallint(6) unsigned DEFAULT NULL,
  `colspan` tinyint(4) unsigned DEFAULT NULL,
  `settings` text COLLATE utf8_unicode_ci,
  `enabled` tinyint(1) unsigned NOT NULL DEFAULT '1',
  `dateCreated` datetime NOT NULL,
  `dateUpdated` datetime NOT NULL,
  `uid` char(36) COLLATE utf8_unicode_ci NOT NULL DEFAULT '0',
  PRIMARY KEY (`id`),
  KEY `craft_widgets_userId_fk` (`userId`)
) ENGINE=InnoDB AUTO_INCREMENT=5 DEFAULT CHARSET=utf8 COLLATE=utf8_unicode_ci;

--
-- Data for table `craft_widgets`
--

INSERT INTO `craft_widgets` (`id`, `userId`, `type`, `sortOrder`, `colspan`, `settings`, `enabled`, `dateCreated`, `dateUpdated`, `uid`) VALUES
 ('1', '1', 'RecentEntries', '1', NULL, NULL, '1', '2017-10-13 11:04:21', '2017-10-13 11:04:21', '8c595330-16a5-4a7a-920f-9ecabc6ab7ce'),
 ('2', '1', 'GetHelp', '2', NULL, NULL, '0', '2017-10-13 11:04:21', '2017-10-13 14:16:38', '58030859-7527-425e-a6b8-b39ea257a7a2'),
 ('3', '1', 'Updates', '3', NULL, NULL, '0', '2017-10-13 11:04:21', '2017-10-13 14:16:35', '4555e804-d83b-4e66-90c1-7724a4ba3447'),
 ('4', '1', 'Feed', '4', NULL, '{\"url\":\"https:\\/\\/craftcms.com\\/news.rss\",\"title\":\"Craft News\"}', '0', '2017-10-13 11:04:21', '2017-10-13 14:16:33', '9430b934-64b4-4422-8520-912487835846');


--
-- Constraints for tables
--


--
-- Constraints for table `craft_assetfiles`
--
ALTER TABLE `craft_assetfiles`
	ADD CONSTRAINT `craft_assetfiles_folderId_fk` FOREIGN KEY (`folderId`) REFERENCES `craft_assetfolders` (`id`) ON DELETE CASCADE,
	ADD CONSTRAINT `craft_assetfiles_id_fk` FOREIGN KEY (`id`) REFERENCES `craft_elements` (`id`) ON DELETE CASCADE,
	ADD CONSTRAINT `craft_assetfiles_sourceId_fk` FOREIGN KEY (`sourceId`) REFERENCES `craft_assetsources` (`id`) ON DELETE CASCADE;

--
-- Constraints for table `craft_assetfolders`
--
ALTER TABLE `craft_assetfolders`
	ADD CONSTRAINT `craft_assetfolders_parentId_fk` FOREIGN KEY (`parentId`) REFERENCES `craft_assetfolders` (`id`) ON DELETE CASCADE,
	ADD CONSTRAINT `craft_assetfolders_sourceId_fk` FOREIGN KEY (`sourceId`) REFERENCES `craft_assetsources` (`id`) ON DELETE CASCADE;

--
-- Constraints for table `craft_assetindexdata`
--
ALTER TABLE `craft_assetindexdata`
	ADD CONSTRAINT `craft_assetindexdata_sourceId_fk` FOREIGN KEY (`sourceId`) REFERENCES `craft_assetsources` (`id`) ON DELETE CASCADE;

--
-- Constraints for table `craft_assetsources`
--
ALTER TABLE `craft_assetsources`
	ADD CONSTRAINT `craft_assetsources_fieldLayoutId_fk` FOREIGN KEY (`fieldLayoutId`) REFERENCES `craft_fieldlayouts` (`id`) ON DELETE SET NULL;

--
-- Constraints for table `craft_categories`
--
ALTER TABLE `craft_categories`
	ADD CONSTRAINT `craft_categories_groupId_fk` FOREIGN KEY (`groupId`) REFERENCES `craft_categorygroups` (`id`) ON DELETE CASCADE,
	ADD CONSTRAINT `craft_categories_id_fk` FOREIGN KEY (`id`) REFERENCES `craft_elements` (`id`) ON DELETE CASCADE;

--
-- Constraints for table `craft_categorygroups`
--
ALTER TABLE `craft_categorygroups`
	ADD CONSTRAINT `craft_categorygroups_fieldLayoutId_fk` FOREIGN KEY (`fieldLayoutId`) REFERENCES `craft_fieldlayouts` (`id`) ON DELETE SET NULL,
	ADD CONSTRAINT `craft_categorygroups_structureId_fk` FOREIGN KEY (`structureId`) REFERENCES `craft_structures` (`id`) ON DELETE CASCADE;

--
-- Constraints for table `craft_categorygroups_i18n`
--
ALTER TABLE `craft_categorygroups_i18n`
	ADD CONSTRAINT `craft_categorygroups_i18n_groupId_fk` FOREIGN KEY (`groupId`) REFERENCES `craft_categorygroups` (`id`) ON DELETE CASCADE,
	ADD CONSTRAINT `craft_categorygroups_i18n_locale_fk` FOREIGN KEY (`locale`) REFERENCES `craft_locales` (`locale`) ON DELETE CASCADE ON UPDATE CASCADE;

--
-- Constraints for table `craft_content`
--
ALTER TABLE `craft_content`
	ADD CONSTRAINT `craft_content_elementId_fk` FOREIGN KEY (`elementId`) REFERENCES `craft_elements` (`id`) ON DELETE CASCADE,
	ADD CONSTRAINT `craft_content_locale_fk` FOREIGN KEY (`locale`) REFERENCES `craft_locales` (`locale`) ON DELETE CASCADE ON UPDATE CASCADE;

--
-- Constraints for table `craft_elements_i18n`
--
ALTER TABLE `craft_elements_i18n`
	ADD CONSTRAINT `craft_elements_i18n_elementId_fk` FOREIGN KEY (`elementId`) REFERENCES `craft_elements` (`id`) ON DELETE CASCADE,
	ADD CONSTRAINT `craft_elements_i18n_locale_fk` FOREIGN KEY (`locale`) REFERENCES `craft_locales` (`locale`) ON DELETE CASCADE ON UPDATE CASCADE;

--
-- Constraints for table `craft_emailmessages`
--
ALTER TABLE `craft_emailmessages`
	ADD CONSTRAINT `craft_emailmessages_locale_fk` FOREIGN KEY (`locale`) REFERENCES `craft_locales` (`locale`) ON DELETE CASCADE ON UPDATE CASCADE;

--
-- Constraints for table `craft_entries`
--
ALTER TABLE `craft_entries`
	ADD CONSTRAINT `craft_entries_authorId_fk` FOREIGN KEY (`authorId`) REFERENCES `craft_users` (`id`) ON DELETE CASCADE,
	ADD CONSTRAINT `craft_entries_id_fk` FOREIGN KEY (`id`) REFERENCES `craft_elements` (`id`) ON DELETE CASCADE,
	ADD CONSTRAINT `craft_entries_sectionId_fk` FOREIGN KEY (`sectionId`) REFERENCES `craft_sections` (`id`) ON DELETE CASCADE,
	ADD CONSTRAINT `craft_entries_typeId_fk` FOREIGN KEY (`typeId`) REFERENCES `craft_entrytypes` (`id`) ON DELETE CASCADE;

--
-- Constraints for table `craft_entrydrafts`
--
ALTER TABLE `craft_entrydrafts`
	ADD CONSTRAINT `craft_entrydrafts_creatorId_fk` FOREIGN KEY (`creatorId`) REFERENCES `craft_users` (`id`) ON DELETE CASCADE,
	ADD CONSTRAINT `craft_entrydrafts_entryId_fk` FOREIGN KEY (`entryId`) REFERENCES `craft_entries` (`id`) ON DELETE CASCADE,
	ADD CONSTRAINT `craft_entrydrafts_locale_fk` FOREIGN KEY (`locale`) REFERENCES `craft_locales` (`locale`) ON DELETE CASCADE ON UPDATE CASCADE,
	ADD CONSTRAINT `craft_entrydrafts_sectionId_fk` FOREIGN KEY (`sectionId`) REFERENCES `craft_sections` (`id`) ON DELETE CASCADE;

--
-- Constraints for table `craft_entrytypes`
--
ALTER TABLE `craft_entrytypes`
	ADD CONSTRAINT `craft_entrytypes_fieldLayoutId_fk` FOREIGN KEY (`fieldLayoutId`) REFERENCES `craft_fieldlayouts` (`id`) ON DELETE SET NULL,
	ADD CONSTRAINT `craft_entrytypes_sectionId_fk` FOREIGN KEY (`sectionId`) REFERENCES `craft_sections` (`id`) ON DELETE CASCADE;

--
-- Constraints for table `craft_entryversions`
--
ALTER TABLE `craft_entryversions`
	ADD CONSTRAINT `craft_entryversions_creatorId_fk` FOREIGN KEY (`creatorId`) REFERENCES `craft_users` (`id`) ON DELETE SET NULL,
	ADD CONSTRAINT `craft_entryversions_entryId_fk` FOREIGN KEY (`entryId`) REFERENCES `craft_entries` (`id`) ON DELETE CASCADE,
	ADD CONSTRAINT `craft_entryversions_locale_fk` FOREIGN KEY (`locale`) REFERENCES `craft_locales` (`locale`) ON DELETE CASCADE ON UPDATE CASCADE,
	ADD CONSTRAINT `craft_entryversions_sectionId_fk` FOREIGN KEY (`sectionId`) REFERENCES `craft_sections` (`id`) ON DELETE CASCADE;

--
-- Constraints for table `craft_fieldlayoutfields`
--
ALTER TABLE `craft_fieldlayoutfields`
	ADD CONSTRAINT `craft_fieldlayoutfields_fieldId_fk` FOREIGN KEY (`fieldId`) REFERENCES `craft_fields` (`id`) ON DELETE CASCADE,
	ADD CONSTRAINT `craft_fieldlayoutfields_layoutId_fk` FOREIGN KEY (`layoutId`) REFERENCES `craft_fieldlayouts` (`id`) ON DELETE CASCADE,
	ADD CONSTRAINT `craft_fieldlayoutfields_tabId_fk` FOREIGN KEY (`tabId`) REFERENCES `craft_fieldlayouttabs` (`id`) ON DELETE CASCADE;

--
-- Constraints for table `craft_fieldlayouttabs`
--
ALTER TABLE `craft_fieldlayouttabs`
	ADD CONSTRAINT `craft_fieldlayouttabs_layoutId_fk` FOREIGN KEY (`layoutId`) REFERENCES `craft_fieldlayouts` (`id`) ON DELETE CASCADE;

--
-- Constraints for table `craft_fields`
--
ALTER TABLE `craft_fields`
	ADD CONSTRAINT `craft_fields_groupId_fk` FOREIGN KEY (`groupId`) REFERENCES `craft_fieldgroups` (`id`) ON DELETE CASCADE;

--
-- Constraints for table `craft_globalsets`
--
ALTER TABLE `craft_globalsets`
	ADD CONSTRAINT `craft_globalsets_fieldLayoutId_fk` FOREIGN KEY (`fieldLayoutId`) REFERENCES `craft_fieldlayouts` (`id`) ON DELETE SET NULL,
	ADD CONSTRAINT `craft_globalsets_id_fk` FOREIGN KEY (`id`) REFERENCES `craft_elements` (`id`) ON DELETE CASCADE;

--
-- Constraints for table `craft_import_entries`
--
ALTER TABLE `craft_import_entries`
	ADD CONSTRAINT `craft_import_entries_versionId_fk` FOREIGN KEY (`versionId`) REFERENCES `craft_entryversions` (`id`) ON DELETE CASCADE,
	ADD CONSTRAINT `craft_import_entries_entryId_fk` FOREIGN KEY (`entryId`) REFERENCES `craft_entries` (`id`) ON DELETE CASCADE,
	ADD CONSTRAINT `craft_import_entries_historyId_fk` FOREIGN KEY (`historyId`) REFERENCES `craft_import_history` (`id`) ON DELETE SET NULL;

--
-- Constraints for table `craft_import_history`
--
ALTER TABLE `craft_import_history`
	ADD CONSTRAINT `craft_import_history_userId_fk` FOREIGN KEY (`userId`) REFERENCES `craft_users` (`id`) ON DELETE CASCADE;

--
-- Constraints for table `craft_import_log`
--
ALTER TABLE `craft_import_log`
	ADD CONSTRAINT `craft_import_log_historyId_fk` FOREIGN KEY (`historyId`) REFERENCES `craft_import_history` (`id`) ON DELETE SET NULL;

--
-- Constraints for table `craft_matrixblocks`
--
ALTER TABLE `craft_matrixblocks`
	ADD CONSTRAINT `craft_matrixblocks_fieldId_fk` FOREIGN KEY (`fieldId`) REFERENCES `craft_fields` (`id`) ON DELETE CASCADE,
	ADD CONSTRAINT `craft_matrixblocks_id_fk` FOREIGN KEY (`id`) REFERENCES `craft_elements` (`id`) ON DELETE CASCADE,
	ADD CONSTRAINT `craft_matrixblocks_ownerId_fk` FOREIGN KEY (`ownerId`) REFERENCES `craft_elements` (`id`) ON DELETE CASCADE,
	ADD CONSTRAINT `craft_matrixblocks_ownerLocale_fk` FOREIGN KEY (`ownerLocale`) REFERENCES `craft_locales` (`locale`) ON DELETE CASCADE ON UPDATE CASCADE,
	ADD CONSTRAINT `craft_matrixblocks_typeId_fk` FOREIGN KEY (`typeId`) REFERENCES `craft_matrixblocktypes` (`id`) ON DELETE CASCADE;

--
-- Constraints for table `craft_matrixblocktypes`
--
ALTER TABLE `craft_matrixblocktypes`
	ADD CONSTRAINT `craft_matrixblocktypes_fieldId_fk` FOREIGN KEY (`fieldId`) REFERENCES `craft_fields` (`id`) ON DELETE CASCADE,
	ADD CONSTRAINT `craft_matrixblocktypes_fieldLayoutId_fk` FOREIGN KEY (`fieldLayoutId`) REFERENCES `craft_fieldlayouts` (`id`) ON DELETE SET NULL;

--
-- Constraints for table `craft_migrations`
--
ALTER TABLE `craft_migrations`
	ADD CONSTRAINT `craft_migrations_pluginId_fk` FOREIGN KEY (`pluginId`) REFERENCES `craft_plugins` (`id`) ON DELETE CASCADE;

--
-- Constraints for table `craft_relabel`
--
ALTER TABLE `craft_relabel`
	ADD CONSTRAINT `craft_relabel_fieldId_fk` FOREIGN KEY (`fieldId`) REFERENCES `craft_fields` (`id`) ON DELETE CASCADE,
	ADD CONSTRAINT `craft_relabel_fieldLayoutId_fk` FOREIGN KEY (`fieldLayoutId`) REFERENCES `craft_fieldlayouts` (`id`) ON DELETE CASCADE;

--
-- Constraints for table `craft_relations`
--
ALTER TABLE `craft_relations`
	ADD CONSTRAINT `craft_relations_fieldId_fk` FOREIGN KEY (`fieldId`) REFERENCES `craft_fields` (`id`) ON DELETE CASCADE,
	ADD CONSTRAINT `craft_relations_sourceId_fk` FOREIGN KEY (`sourceId`) REFERENCES `craft_elements` (`id`) ON DELETE CASCADE,
	ADD CONSTRAINT `craft_relations_sourceLocale_fk` FOREIGN KEY (`sourceLocale`) REFERENCES `craft_locales` (`locale`) ON DELETE CASCADE ON UPDATE CASCADE,
	ADD CONSTRAINT `craft_relations_targetId_fk` FOREIGN KEY (`targetId`) REFERENCES `craft_elements` (`id`) ON DELETE CASCADE;

--
-- Constraints for table `craft_routes`
--
ALTER TABLE `craft_routes`
	ADD CONSTRAINT `craft_routes_locale_fk` FOREIGN KEY (`locale`) REFERENCES `craft_locales` (`locale`) ON DELETE CASCADE ON UPDATE CASCADE;

--
-- Constraints for table `craft_sections`
--
ALTER TABLE `craft_sections`
	ADD CONSTRAINT `craft_sections_structureId_fk` FOREIGN KEY (`structureId`) REFERENCES `craft_structures` (`id`) ON DELETE SET NULL;

--
-- Constraints for table `craft_sections_i18n`
--
ALTER TABLE `craft_sections_i18n`
	ADD CONSTRAINT `craft_sections_i18n_locale_fk` FOREIGN KEY (`locale`) REFERENCES `craft_locales` (`locale`) ON DELETE CASCADE ON UPDATE CASCADE,
	ADD CONSTRAINT `craft_sections_i18n_sectionId_fk` FOREIGN KEY (`sectionId`) REFERENCES `craft_sections` (`id`) ON DELETE CASCADE;

--
-- Constraints for table `craft_seomatic_meta`
--
ALTER TABLE `craft_seomatic_meta`
	ADD CONSTRAINT `craft_seomatic_meta_id_fk` FOREIGN KEY (`id`) REFERENCES `craft_elements` (`id`) ON DELETE CASCADE,
	ADD CONSTRAINT `craft_seomatic_meta_seoFacebookImageId_fk` FOREIGN KEY (`seoFacebookImageId`) REFERENCES `craft_assetfiles` (`id`) ON DELETE SET NULL,
	ADD CONSTRAINT `craft_seomatic_meta_seoImageId_fk` FOREIGN KEY (`seoImageId`) REFERENCES `craft_assetfiles` (`id`) ON DELETE SET NULL,
	ADD CONSTRAINT `craft_seomatic_meta_seoTwitterImageId_fk` FOREIGN KEY (`seoTwitterImageId`) REFERENCES `craft_assetfiles` (`id`) ON DELETE SET NULL;

--
-- Constraints for table `craft_seomatic_settings`
--
ALTER TABLE `craft_seomatic_settings`
	ADD CONSTRAINT `craft_seomatic_settings_genericCreatorImageId_fk` FOREIGN KEY (`genericCreatorImageId`) REFERENCES `craft_assetfiles` (`id`) ON DELETE SET NULL,
	ADD CONSTRAINT `craft_seomatic_settings_genericOwnerImageId_fk` FOREIGN KEY (`genericOwnerImageId`) REFERENCES `craft_assetfiles` (`id`) ON DELETE SET NULL,
	ADD CONSTRAINT `craft_seomatic_settings_siteSeoFacebookImageId_fk` FOREIGN KEY (`siteSeoFacebookImageId`) REFERENCES `craft_assetfiles` (`id`) ON DELETE SET NULL,
	ADD CONSTRAINT `craft_seomatic_settings_siteSeoImageId_fk` FOREIGN KEY (`siteSeoImageId`) REFERENCES `craft_assetfiles` (`id`) ON DELETE SET NULL,
	ADD CONSTRAINT `craft_seomatic_settings_siteSeoTwitterImageId_fk` FOREIGN KEY (`siteSeoTwitterImageId`) REFERENCES `craft_assetfiles` (`id`) ON DELETE SET NULL;

--
-- Constraints for table `craft_sessions`
--
ALTER TABLE `craft_sessions`
	ADD CONSTRAINT `craft_sessions_userId_fk` FOREIGN KEY (`userId`) REFERENCES `craft_users` (`id`) ON DELETE CASCADE;

--
-- Constraints for table `craft_shunnedmessages`
--
ALTER TABLE `craft_shunnedmessages`
	ADD CONSTRAINT `craft_shunnedmessages_userId_fk` FOREIGN KEY (`userId`) REFERENCES `craft_users` (`id`) ON DELETE CASCADE;

--
-- Constraints for table `craft_structureelements`
--
ALTER TABLE `craft_structureelements`
	ADD CONSTRAINT `craft_structureelements_elementId_fk` FOREIGN KEY (`elementId`) REFERENCES `craft_elements` (`id`) ON DELETE CASCADE,
	ADD CONSTRAINT `craft_structureelements_structureId_fk` FOREIGN KEY (`structureId`) REFERENCES `craft_structures` (`id`) ON DELETE CASCADE;

--
-- Constraints for table `craft_supertableblocks`
--
ALTER TABLE `craft_supertableblocks`
	ADD CONSTRAINT `craft_supertableblocks_fieldId_fk` FOREIGN KEY (`fieldId`) REFERENCES `craft_fields` (`id`) ON DELETE CASCADE,
	ADD CONSTRAINT `craft_supertableblocks_id_fk` FOREIGN KEY (`id`) REFERENCES `craft_elements` (`id`) ON DELETE CASCADE,
	ADD CONSTRAINT `craft_supertableblocks_ownerId_fk` FOREIGN KEY (`ownerId`) REFERENCES `craft_elements` (`id`) ON DELETE CASCADE,
	ADD CONSTRAINT `craft_supertableblocks_ownerLocale_fk` FOREIGN KEY (`ownerLocale`) REFERENCES `craft_locales` (`locale`) ON DELETE CASCADE ON UPDATE CASCADE,
	ADD CONSTRAINT `craft_supertableblocks_typeId_fk` FOREIGN KEY (`typeId`) REFERENCES `craft_supertableblocktypes` (`id`) ON DELETE CASCADE;

--
-- Constraints for table `craft_supertableblocktypes`
--
ALTER TABLE `craft_supertableblocktypes`
	ADD CONSTRAINT `craft_supertableblocktypes_fieldId_fk` FOREIGN KEY (`fieldId`) REFERENCES `craft_fields` (`id`) ON DELETE CASCADE,
	ADD CONSTRAINT `craft_supertableblocktypes_fieldLayoutId_fk` FOREIGN KEY (`fieldLayoutId`) REFERENCES `craft_fieldlayouts` (`id`) ON DELETE SET NULL;

--
-- Constraints for table `craft_taggroups`
--
ALTER TABLE `craft_taggroups`
	ADD CONSTRAINT `craft_taggroups_fieldLayoutId_fk` FOREIGN KEY (`fieldLayoutId`) REFERENCES `craft_fieldlayouts` (`id`) ON DELETE SET NULL;

--
-- Constraints for table `craft_tags`
--
ALTER TABLE `craft_tags`
	ADD CONSTRAINT `craft_tags_groupId_fk` FOREIGN KEY (`groupId`) REFERENCES `craft_taggroups` (`id`) ON DELETE CASCADE,
	ADD CONSTRAINT `craft_tags_id_fk` FOREIGN KEY (`id`) REFERENCES `craft_elements` (`id`) ON DELETE CASCADE;

--
-- Constraints for table `craft_templatecachecriteria`
--
ALTER TABLE `craft_templatecachecriteria`
	ADD CONSTRAINT `craft_templatecachecriteria_cacheId_fk` FOREIGN KEY (`cacheId`) REFERENCES `craft_templatecaches` (`id`) ON DELETE CASCADE;

--
-- Constraints for table `craft_templatecacheelements`
--
ALTER TABLE `craft_templatecacheelements`
	ADD CONSTRAINT `craft_templatecacheelements_cacheId_fk` FOREIGN KEY (`cacheId`) REFERENCES `craft_templatecaches` (`id`) ON DELETE CASCADE,
	ADD CONSTRAINT `craft_templatecacheelements_elementId_fk` FOREIGN KEY (`elementId`) REFERENCES `craft_elements` (`id`) ON DELETE CASCADE;

--
-- Constraints for table `craft_templatecaches`
--
ALTER TABLE `craft_templatecaches`
	ADD CONSTRAINT `craft_templatecaches_locale_fk` FOREIGN KEY (`locale`) REFERENCES `craft_locales` (`locale`) ON DELETE CASCADE ON UPDATE CASCADE;

--
-- Constraints for table `craft_usergroups_users`
--
ALTER TABLE `craft_usergroups_users`
	ADD CONSTRAINT `craft_usergroups_users_groupId_fk` FOREIGN KEY (`groupId`) REFERENCES `craft_usergroups` (`id`) ON DELETE CASCADE,
	ADD CONSTRAINT `craft_usergroups_users_userId_fk` FOREIGN KEY (`userId`) REFERENCES `craft_users` (`id`) ON DELETE CASCADE;

--
-- Constraints for table `craft_userpermissions_usergroups`
--
ALTER TABLE `craft_userpermissions_usergroups`
	ADD CONSTRAINT `craft_userpermissions_usergroups_groupId_fk` FOREIGN KEY (`groupId`) REFERENCES `craft_usergroups` (`id`) ON DELETE CASCADE,
	ADD CONSTRAINT `craft_userpermissions_usergroups_permissionId_fk` FOREIGN KEY (`permissionId`) REFERENCES `craft_userpermissions` (`id`) ON DELETE CASCADE;

--
-- Constraints for table `craft_userpermissions_users`
--
ALTER TABLE `craft_userpermissions_users`
	ADD CONSTRAINT `craft_userpermissions_users_permissionId_fk` FOREIGN KEY (`permissionId`) REFERENCES `craft_userpermissions` (`id`) ON DELETE CASCADE,
	ADD CONSTRAINT `craft_userpermissions_users_userId_fk` FOREIGN KEY (`userId`) REFERENCES `craft_users` (`id`) ON DELETE CASCADE;

--
-- Constraints for table `craft_users`
--
ALTER TABLE `craft_users`
	ADD CONSTRAINT `craft_users_id_fk` FOREIGN KEY (`id`) REFERENCES `craft_elements` (`id`) ON DELETE CASCADE,
	ADD CONSTRAINT `craft_users_preferredLocale_fk` FOREIGN KEY (`preferredLocale`) REFERENCES `craft_locales` (`locale`) ON DELETE SET NULL ON UPDATE CASCADE;

--
-- Constraints for table `craft_widgets`
--
ALTER TABLE `craft_widgets`
	ADD CONSTRAINT `craft_widgets_userId_fk` FOREIGN KEY (`userId`) REFERENCES `craft_users` (`id`) ON DELETE CASCADE;

SET FOREIGN_KEY_CHECKS = 1;
